{
  "config": {
    "n_steps": 100,
    "cost_lambda": 0.001,
    "epochs": 150,
    "objectives": [
      [
        "es",
        {
          "alpha": 0.5
        }
      ],
      [
        "es",
        {
          "alpha": 0.9
        }
      ],
      [
        "es",
        {
          "alpha": 0.95
        }
      ],
      [
        "es",
        {
          "alpha": 0.99
        }
      ],
      [
        "mse",
        {}
      ]
    ],
    "n_train": 60000,
    "n_val": 10000,
    "n_test": 30000,
    "H": 0.07,
    "eta": 1.9,
    "rho": -0.7,
    "xi0": 0.055224999999999996
  },
  "bs": {
    "metrics": {
      "mean_pnl": -0.20117634534835815,
      "std_pnl": 3.9536027908325195,
      "var_95": 6.7457499504089355,
      "es_95": 11.527425765991211,
      "es_99": 20.507579803466797,
      "entropic_1": 49.780967712402344,
      "max_loss": 60.074989318847656,
      "min_pnl": -60.074989318847656,
      "skewness": -2.442196846008301,
      "kurtosis": 18.245071411132812
    },
    "mean_turnover": 2.7132841154678657
  },
  "es_a0.50": {
    "objective": "es",
    "objective_kwargs": {
      "alpha": 0.5
    },
    "metrics": {
      "mean_pnl": -0.14389193058013916,
      "std_pnl": 3.9367034435272217,
      "var_95": 7.13069486618042,
      "es_95": 12.011750221252441,
      "es_99": 21.199501037597656,
      "entropic_1": 48.84204864501953,
      "max_loss": 59.13390350341797,
      "min_pnl": -59.13390350341797,
      "skewness": -2.742999792098999,
      "kurtosis": 19.61825180053711
    },
    "mean_turnover": 2.033817815493769,
    "train_time_s": 329.5838978290558,
    "best_epoch": 30
  },
  "es_a0.90": {
    "objective": "es",
    "objective_kwargs": {
      "alpha": 0.9
    },
    "metrics": {
      "mean_pnl": -0.11140827089548111,
      "std_pnl": 3.9321517944335938,
      "var_95": 6.403524875640869,
      "es_95": 10.352975845336914,
      "es_99": 17.89449691772461,
      "entropic_1": 41.31279373168945,
      "max_loss": 51.43709182739258,
      "min_pnl": -51.43709182739258,
      "skewness": -1.5857129096984863,
      "kurtosis": 11.738325119018555
    },
    "mean_turnover": 1.8088506349380555,
    "train_time_s": 556.6970238685608,
    "best_epoch": 73
  },
  "es_a0.95": {
    "objective": "es",
    "objective_kwargs": {
      "alpha": 0.95
    },
    "metrics": {
      "mean_pnl": -0.09587081521749496,
      "std_pnl": 4.154904365539551,
      "var_95": 6.886648654937744,
      "es_95": 10.319574356079102,
      "es_99": 17.072681427001953,
      "entropic_1": 36.114627838134766,
      "max_loss": 45.76191711425781,
      "min_pnl": -45.76191711425781,
      "skewness": -1.1735605001449585,
      "kurtosis": 7.981419563293457
    },
    "mean_turnover": 1.6765299023425788,
    "train_time_s": 367.7695279121399,
    "best_epoch": 38
  },
  "es_a0.99": {
    "objective": "es",
    "objective_kwargs": {
      "alpha": 0.99
    },
    "metrics": {
      "mean_pnl": -0.08830756694078445,
      "std_pnl": 4.646165370941162,
      "var_95": 8.520981788635254,
      "es_95": 11.31247615814209,
      "es_99": 16.696094512939453,
      "entropic_1": 33.367149353027344,
      "max_loss": 43.02399826049805,
      "min_pnl": -43.02399826049805,
      "skewness": -0.9734405875205994,
      "kurtosis": 5.061898708343506
    },
    "mean_turnover": 1.5891420454599585,
    "train_time_s": 183.82189893722534,
    "best_epoch": 4
  },
  "mse": {
    "objective": "mse",
    "objective_kwargs": {},
    "metrics": {
      "mean_pnl": -0.1442430019378662,
      "std_pnl": 3.8065073490142822,
      "var_95": 6.622053623199463,
      "es_95": 10.85457706451416,
      "es_99": 18.83216094970703,
      "entropic_1": 40.4405632019043,
      "max_loss": 50.37015151977539,
      "min_pnl": -50.37015151977539,
      "skewness": -2.1083881855010986,
      "kurtosis": 14.510228157043457
    },
    "mean_turnover": 2.056002773893687,
    "train_time_s": 406.73850107192993,
    "best_epoch": 45
  }
}