{
  "bs": {
    "50": {
      "0.0": {
        "metrics": {
          "mean_pnl": -0.07372502237558365,
          "std_pnl": 4.405956745147705,
          "var_95": 7.112622261047363,
          "es_95": 12.751303672790527,
          "es_99": 23.9547176361084,
          "entropic_1": 85.24264526367188,
          "max_loss": 95.55159759521484,
          "min_pnl": -95.55159759521484,
          "skewness": -3.4711859226226807,
          "kurtosis": 36.35780334472656
        },
        "mean_turnover": 2.1007471868498433
      },
      "0.001": {
        "metrics": {
          "mean_pnl": -0.282809317111969,
          "std_pnl": 4.43053674697876,
          "var_95": 7.399724006652832,
          "es_95": 13.055920600891113,
          "es_99": 24.305410385131836,
          "entropic_1": 85.62728118896484,
          "max_loss": 95.93623352050781,
          "min_pnl": -95.93623352050781,
          "skewness": -3.4632890224456787,
          "kurtosis": 36.04393005371094
        },
        "mean_turnover": 2.1007471868498433
      },
      "0.002": {
        "metrics": {
          "mean_pnl": -0.4918936789035797,
          "std_pnl": 4.455898761749268,
          "var_95": 7.67046594619751,
          "es_95": 13.362273216247559,
          "es_99": 24.658143997192383,
          "entropic_1": 86.01191711425781,
          "max_loss": 96.32086944580078,
          "min_pnl": -96.32086944580078,
          "skewness": -3.4543769359588623,
          "kurtosis": 35.716373443603516
        },
        "mean_turnover": 2.1007471868498433
      }
    },
    "100": {
      "0.0": {
        "metrics": {
          "mean_pnl": 0.02185172028839588,
          "std_pnl": 3.928107738494873,
          "var_95": 6.532651901245117,
          "es_95": 11.081090927124023,
          "es_99": 19.76066780090332,
          "entropic_1": 61.059288024902344,
          "max_loss": 71.36822509765625,
          "min_pnl": -71.36822509765625,
          "skewness": -2.5803518295288086,
          "kurtosis": 22.400524139404297
        },
        "mean_turnover": 2.717754672275429
      },
      "0.001": {
        "metrics": {
          "mean_pnl": -0.2484273761510849,
          "std_pnl": 3.9624619483947754,
          "var_95": 6.873756408691406,
          "es_95": 11.491324424743652,
          "es_99": 20.23349380493164,
          "entropic_1": 61.59283447265625,
          "max_loss": 71.90177154541016,
          "min_pnl": -71.90177154541016,
          "skewness": -2.583359956741333,
          "kurtosis": 22.21324920654297
        },
        "mean_turnover": 2.717754672275429
      },
      "0.002": {
        "metrics": {
          "mean_pnl": -0.5187065005302429,
          "std_pnl": 3.9986085891723633,
          "var_95": 7.236545562744141,
          "es_95": 11.905057907104492,
          "es_99": 20.710485458374023,
          "entropic_1": 62.12638854980469,
          "max_loss": 72.4353256225586,
          "min_pnl": -72.4353256225586,
          "skewness": -2.5844242572784424,
          "kurtosis": 22.003589630126953
        },
        "mean_turnover": 2.717754672275429
      }
    },
    "200": {
      "0.0": {
        "metrics": {
          "mean_pnl": 0.022983906790614128,
          "std_pnl": 3.810854434967041,
          "var_95": 6.015016078948975,
          "es_95": 10.524543762207031,
          "es_99": 19.29652214050293,
          "entropic_1": 114.8270492553711,
          "max_loss": 125.13600158691406,
          "min_pnl": -125.13600158691406,
          "skewness": -3.697597026824951,
          "kurtosis": 62.19557189941406
        },
        "mean_turnover": 3.5907617141816552
      },
      "0.001": {
        "metrics": {
          "mean_pnl": -0.3338574171066284,
          "std_pnl": 3.865705728530884,
          "var_95": 6.508209228515625,
          "es_95": 11.107704162597656,
          "es_99": 20.0031795501709,
          "entropic_1": 115.9062271118164,
          "max_loss": 126.21517944335938,
          "min_pnl": -126.21517944335938,
          "skewness": -3.685041666030884,
          "kurtosis": 60.74885559082031
        },
        "mean_turnover": 3.5907617141816552
      },
      "0.002": {
        "metrics": {
          "mean_pnl": -0.6906987428665161,
          "std_pnl": 3.924201488494873,
          "var_95": 6.9992756843566895,
          "es_95": 11.696752548217773,
          "es_99": 20.716753005981445,
          "entropic_1": 116.98540496826172,
          "max_loss": 127.29435729980469,
          "min_pnl": -127.29435729980469,
          "skewness": -3.6659364700317383,
          "kurtosis": 59.1785888671875
        },
        "mean_turnover": 3.5907617141816552
      }
    }
  },
  "deep": {
    "50": {
      "0.0": {
        "metrics": {
          "mean_pnl": -0.06545781344175339,
          "std_pnl": 4.495396614074707,
          "var_95": 7.354493618011475,
          "es_95": 11.617959022521973,
          "es_99": 20.099445343017578,
          "entropic_1": 70.08159637451172,
          "max_loss": 80.39053344726562,
          "min_pnl": -80.39053344726562,
          "skewness": -1.9505903720855713,
          "kurtosis": 17.599803924560547
        },
        "mean_turnover": 1.3570551140255294,
        "train_time_s": 275.9188528060913,
        "best_epoch": 96
      },
      "0.001": {
        "metrics": {
          "mean_pnl": -0.20033688843250275,
          "std_pnl": 4.585197925567627,
          "var_95": 7.711205005645752,
          "es_95": 11.846292495727539,
          "es_99": 20.15452003479004,
          "entropic_1": 67.37840270996094,
          "max_loss": 77.68677520751953,
          "min_pnl": -77.68677520751953,
          "skewness": -1.7960244417190552,
          "kurtosis": 15.476357460021973
        },
        "mean_turnover": 1.3893382318706873,
        "train_time_s": 126.24481511116028,
        "best_epoch": 17
      },
      "0.002": {
        "metrics": {
          "mean_pnl": -0.33734381198883057,
          "std_pnl": 4.570643424987793,
          "var_95": 7.811195373535156,
          "es_95": 12.015545845031738,
          "es_99": 20.457916259765625,
          "entropic_1": 68.15091705322266,
          "max_loss": 78.45628356933594,
          "min_pnl": -78.45628356933594,
          "skewness": -1.8591504096984863,
          "kurtosis": 16.247682571411133
        },
        "mean_turnover": 1.375532010969085,
        "train_time_s": 117.91922998428345,
        "best_epoch": 14
      }
    },
    "100": {
      "0.0": {
        "metrics": {
          "mean_pnl": 0.02203654870390892,
          "std_pnl": 4.0663042068481445,
          "var_95": 6.621635913848877,
          "es_95": 10.086823463439941,
          "es_99": 16.9329776763916,
          "entropic_1": 52.86288833618164,
          "max_loss": 63.17179489135742,
          "min_pnl": -63.17179489135742,
          "skewness": -1.458928108215332,
          "kurtosis": 11.971899032592773
        },
        "mean_turnover": 1.8251862431919,
        "train_time_s": 435.60273694992065,
        "best_epoch": 52
      },
      "0.001": {
        "metrics": {
          "mean_pnl": -0.15904419124126434,
          "std_pnl": 4.062095642089844,
          "var_95": 6.7571187019348145,
          "es_95": 10.411221504211426,
          "es_99": 17.46407127380371,
          "entropic_1": 53.43136215209961,
          "max_loss": 63.740238189697266,
          "min_pnl": -63.740238189697266,
          "skewness": -1.5246981382369995,
          "kurtosis": 12.719364166259766
        },
        "mean_turnover": 1.8046984766609657,
        "train_time_s": 184.7567219734192,
        "best_epoch": 4
      },
      "0.002": {
        "metrics": {
          "mean_pnl": -0.31014201045036316,
          "std_pnl": 4.155357360839844,
          "var_95": 7.07711935043335,
          "es_95": 10.586742401123047,
          "es_99": 17.43170928955078,
          "entropic_1": 53.182838439941406,
          "max_loss": 63.49165725708008,
          "min_pnl": -63.49165725708008,
          "skewness": -1.377052664756775,