{
  "0.0": {
    "BS Delta": {
      "mean_pnl": 0.05141826346516609,
      "std_pnl": 4.019497394561768,
      "var_95": 6.441171646118164,
      "es_95": 11.354560852050781,
      "es_99": 21.024885177612305,
      "entropic_1": 93.79194641113281,
      "max_loss": 104.61172485351562,
      "min_pnl": -104.61172485351562,
      "skewness": -2.9608659744262695,
      "kurtosis": 30.535316467285156
    },
    "Heston Delta": {
      "mean_pnl": 0.0331231988966465,
      "std_pnl": 5.067012310028076,
      "var_95": 9.634017944335938,
      "es_95": 15.349831581115723,
      "es_99": 24.87306022644043,
      "entropic_1": 54.81507110595703,
      "max_loss": 65.63484954833984,
      "min_pnl": -65.63484954833984,
      "skewness": -2.2061147689819336,
      "kurtosis": 11.661067008972168
    },
    "Deep Hedger": {
      "mean_pnl": 0.044049493968486786,
      "std_pnl": 4.150553226470947,
      "var_95": 6.562906742095947,
      "es_95": 10.16219425201416,
      "es_99": 17.61003303527832,
      "entropic_1": 88.79714965820312,
      "max_loss": 99.61692810058594,
      "min_pnl": -99.61692810058594,
      "skewness": -1.6261314153671265,
      "kurtosis": 16.806650161743164
    }
  },
  "0.001": {
    "BS Delta": {
      "mean_pnl": -0.21795886754989624,
      "std_pnl": 4.0550408363342285,
      "var_95": 6.8165202140808105,
      "es_95": 11.768974304199219,
      "es_99": 21.505294799804688,
      "entropic_1": 94.12577819824219,
      "max_loss": 104.945556640625,
      "min_pnl": -104.945556640625,
      "skewness": -2.9567971229553223,
      "kurtosis": 30.095504760742188
    },
    "Heston Delta": {
      "mean_pnl": -0.8278926014900208,
      "std_pnl": 5.028875350952148,
      "var_95": 10.401805877685547,
      "es_95": 16.060089111328125,
      "es_99": 25.518930435180664,
      "entropic_1": 55.47119140625,
      "max_loss": 66.29096984863281,
      "min_pnl": -66.29096984863281,
      "skewness": -2.1960999965667725,
      "kurtosis": 11.649273872375488
    },
    "Deep Hedger": {
      "mean_pnl": -0.09840764850378036,
      "std_pnl": 4.10797643661499,
      "var_95": 6.587282657623291,
      "es_95": 10.378412246704102,
      "es_99": 18.128259658813477,
      "entropic_1": 86.46379089355469,
      "max_loss": 97.2835693359375,
      "min_pnl": -97.2835693359375,
      "skewness": -1.7257007360458374,
      "kurtosis": 17.478200912475586
    }
  }
}