{
  "config": {
    "theta_0": {
      "H": 0.07,
      "eta": 1.9,
      "rho": -0.7,
      "xi0": 0.055224999999999996
    },
    "sigma_scales": {
      "H": 0.1,
      "eta": 1.0,
      "rho": 0.3
    },
    "radii": [
      0.2,
      0.5,
      1.0,
      2.0
    ],
    "pgd_steps": 50,
    "pgd_lr": 0.02,
    "n_paths_attack": 10000,
    "n_paths_eval": 30000,
    "alpha": 0.95
  },
  "p0_calibration": 8.102341250648738,
  "by_radius": {
    "0.2": {
      "eps_bs": {
        "strategy": "bs",
        "radius": 0.2,
        "eps_best": {
          "H": -0.00707567670637469,
          "eta": 0.18194548605312286,
          "rho": 0.013039892705162844
        },
        "theta_perturbed": {
          "H": 0.06292432329362532,
          "eta": 2.081945486053123,
          "rho": -0.6869601072948371
        },
        "es95_baseline": 11.511687278747559,
        "es95_worst_case": 12.957724571228027,
        "degradation": 1.4460372924804688,
        "relative_degradation": 0.1256147128970475,
        "es95_best_attack_set": 13.902659716377935,
        "iter_es_history": [
          11.353330874331217,
          13.56178387078513,
          12.395112762303853,
          13.424162157162966,
          13.0797428740734,
          13.21395867023914,
          12.90988576614094,
          13.2544441909223,
          13.320808289822821,
          12.57470665752525,
          13.246264556942021,
          13.812032124432323,
          13.413497625578012,
          13.558501539579392,
          13.156876983322814,
          12.87892450111141,
          12.861802661770875,
          12.934500579568457,
          13.019721670560838,
          12.940640366339272,
          13.491966550241887,
          13.023717213795168,
          11.981347337628414,
          12.125943998667031,
          12.943095141001736,
          12.63087756534561,
          12.672356037982635,
          13.144774936228014,
          12.54094051989096,
          13.676754875218037,
          13.66819416290112,
          13.231102309774307,
          13.430721440300218,
          12.940053062868493,
          12.404942270015793,
          12.985871065725368,
          12.741559810103187,
          12.57494398334061,
          13.003911291225345,
          13.056556197752707,
          12.683102892504074,
          12.714637013412359,
          12.828213547809197,
          12.570574582331322,
          13.111024652425485,
          13.902659716377935,
          12.207347623933398,
          12.938562895254854,
          12.473213079410025,
          12.975624348590822
        ]
      },
      "eps_dh": {
        "strategy": "deep",
        "radius": 0.2,
        "eps_best": {
          "H": -0.00715292574654713,
          "eta": 0.1819423057924963,
          "rho": 0.012659014260254585
        },
        "theta_perturbed": {
          "H": 0.06284707425345287,
          "eta": 2.0819423057924964,
          "rho": -0.6873409857397453
        },
        "es95_baseline": 10.727167129516602,
        "es95_worst_case": 12.251956939697266,
        "degradation": 1.524789810180664,
        "relative_degradation": 0.14214282221678928,
        "es95_best_attack_set": 13.067697876461635,
        "iter_es_history": [
          10.701376241709326,
          12.853055857756363,
          11.614144847618759,
          12.780454630908887,
          12.277693182854508,
          12.568649297663454,
          11.983836087316565,
          12.410375513382858,
          12.606248401702615,
          11.862219373579919,
          12.46201490196063,
          12.96583128666795,
          12.702096220231875,
          12.854676645864572,
          12.339565209475264,
          12.172245221827549,
          12.063063333576643,
          12.27470715640808,
          12.236978183794102,
          12.339217954669628,
          12.862148938862303,
          12.208923519355498,
          11.483499095105056,
          11.467187768162711,
          12.133953113206285,
          11.909192817411128,
          11.812810138135065,
          12.302750392490783,
          11.989444854031214,
          12.900196442394881,
          13.063105575807372,
          12.309782390166212,
          12.64971055758609,
          12.262108936376483,
          11.61331803358123,
          12.26590549773533,
          12.097485160770987,
          11.742640724355722,
          12.195591234774861,
          12.259936666748745,
          11.823527677559381,
          11.942439269707831,
          11.976622066672174,
          11.867035573661093,
          12.217303271519691,
          13.067697876461635,
          11.599509725713748,
          12.207666409252626,
          11.71050093973112,
          12.181253364717838
        ]
      },
      "cross": {
        "BS_at_eps_BS": 13.24964714050293,
        "BS_at_eps_DH": 12.843368530273438,
        "DH_at_eps_BS": 11.952899932861328,
        "DH_at_eps_DH": 12.135628700256348
      }
    },
    "0.5": {
      "eps_bs": {
        "strategy": "bs",
        "radius": 0.5,
        "eps_best": {
          "H": -0.020452234537074496,
          "eta": 0.4427982567914607,
          "rho": 0.03300042821516706
        },
        "theta_perturbed": {
          "H": 0.04954776546292551,
          "eta": 2.3427982567914607,
          "rho": -0.6669995717848329
        },
        "es95_baseline": 11.511687278747559,
        "es95_worst_case": 15.507087707519531,
        "degradation": 3.9954004287719727,
        "relative_degradation": 0.347073398714377,
        "es95_best_attack_set": 16.749355449709096,
        "iter_es_history": [
          12.011093501672553,
          14.427103519165572,
          14.767134577330497,
          16.410851923972732,
          15.89335583423399,
          15.99081121961577,
          15.310356532095652,
          16.02276100002044,
          15.736610493411904,
          15.00730650131202,
          16.188380873887066,
          16.749355449709096,
          16.27738442116773,
          16.249529508703638,
          15.871145696564618,
          15.429833284868383,
          15.062105550148452,
          15.572786234445623,
          15.617318975728246,
          16.00844830241922,
          16.15241428795692,
          15.833496138563277,
          14.476388315467975,
          14.429743991418599,
          15.38794212674223,
          15.331148749827896,
          15.745529715105329,
          15.657591973285335,
          14.751092295591313,
          16.73270066734076,
          16.162167595600636,
          15.650054381228895,
          15.969884353235592,
          15.465122901889941,
          14.860771021844855,
          15.313904125356464,
          15.515186992773785,
          14.539441403370015,
          16.12353083739279,
          15.705980093034826,
          15.23334250311912,
          15.271780160572801,
          15.275715634023676,
          15.103350406002082,
          15.734078501051195,
          16.50445928750705,
          14.822834826218234,
          15.326863981164312,
          14.69865056182461,
          15.612120991989112
        ]
      },
      "eps_dh": {
        "strategy": "deep",
        "radius": 0.5,
        "eps_best": {
          "H": -0.020136097905570072,
          "eta": 0.4489716509333989,
          "rho": 0.026627789045809012
        },
        "theta_perturbed": {
          "H": 0.04986390209442994,
          "eta": 2.348971650933399,
          "rho": -0.673372210954191
        },
        "es95_baseline": 10.727167129516602,
        "es95_worst_case": 14.851240158081055,
        "degradation": 4.124073028564453,
        "relative_degradation": 0.3844512701975863,
        "es95_best_attack_set": 15.992606070555532,