scenario_id,run_id,status,created_at_utc,seed,campaign_id,campaign_role,run_mode,is_benchmark_eligible,training_regime,bs_method,deep_hedge_method,robust_sigmas,feature_set,objective_name,sigma_true,sigma_bar,lambda_cost,benchmark_run_dir,root_run_dir,config_hash,git_commit,reproduce_command
train=oracle|feat=B|obj=cvar|sigtrue=0.2|sigbar=0.15|lam=0|robust=none,seed_0000__train_oracle__feat_b__obj_cvar_a0.95__sigtrue_0.2__sigbar_0.15__lam_0,completed,2026-04-02T01:17:43Z,0,main_benchmark,main,benchmark,True,oracle,bs_delta,deep_hedge_oracle,,B,cvar,0.2,0.15,0.0,results/gbm_deephedge/benchmark_6_2/runs/seed_0000__train_oracle__feat_b__obj_cvar_a0.95__sigtrue_0.2__sigbar_0.15__lam_0,results/gbm_deephedge,dda3c258922f525597bec47d8dfc9e28621c0b6def306c17ff67e65ad55ff7d8,76e694c21e709359f62f03a0ba5a97ba6db86a88,GBM_CFG=results/gbm_deephedge/benchmark_6_2/runs/seed_0000__train_oracle__feat_b__obj_cvar_a0.95__sigtrue_0.2__sigbar_0.15__lam_0/run_cfg.json python -m src.train_deephedge_gbm
train=oracle|feat=B|obj=cvar|sigtrue=0.2|sigbar=0.15|lam=0.0001|robust=none,seed_0000__train_oracle__feat_b__obj_cvar_a0.95__sigtrue_0.2__sigbar_0.15__lam_0.0001,completed,2026-04-02T01:18:08Z,0,main_benchmark,main,benchmark,True,oracle,bs_delta,deep_hedge_oracle,,B,cvar,0.2,0.15,0.0001,results/gbm_deephedge/benchmark_6_2/runs/seed_0000__train_oracle__feat_b__obj_cvar_a0.95__sigtrue_0.2__sigbar_0.15__lam_0.0001,results/gbm_deephedge,ce4876e5a83bbdbfbf781038923c6db0fb117faa6751c21a12c603f75f523a60,76e694c21e709359f62f03a0ba5a97ba6db86a88,GBM_CFG=results/gbm_deephedge/benchmark_6_2/runs/seed_0000__train_oracle__feat_b__obj_cvar_a0.95__sigtrue_0.2__sigbar_0.15__lam_0.0001/run_cfg.json python -m src.train_deephedge_gbm
train=oracle|feat=B|obj=cvar|sigtrue=0.2|sigbar=0.15|lam=0.0005|robust=none,seed_0000__train_oracle__feat_b__obj_cvar_a0.95__sigtrue_0.2__sigbar_0.15__lam_0.0005,completed,2026-04-02T01:18:32Z,0,main_benchmark,main,benchmark,True,oracle,bs_delta,deep_hedge_oracle,,B,cvar,0.2,0.15,0.0005,results/gbm_deephedge/benchmark_6_2/runs/seed_0000__train_oracle__feat_b__obj_cvar_a0.95__sigtrue_0.2__sigbar_0.15__lam_0.0005,results/gbm_deephedge,1ff956b799f9c9fd40e053733588e3cfc9e501a453ef447992e8cc559f5093bd,76e694c21e709359f62f03a0ba5a97ba6db86a88,GBM_CFG=results/gbm_deephedge/benchmark_6_2/runs/seed_0000__train_oracle__feat_b__obj_cvar_a0.95__sigtrue_0.2__sigbar_0.15__lam_0.0005/run_cfg.json python -m src.train_deephedge_gbm
train=oracle|feat=B|obj=cvar|sigtrue=0.2|sigbar=0.15|lam=0.001|robust=none,seed_0000__train_oracle__feat_b__obj_cvar_a0.95__sigtrue_0.2__sigbar_0.15__lam_0.001,completed,2026-04-02T01:18:57Z,0,main_benchmark,main,benchmark,True,oracle,bs_delta,deep_hedge_oracle,,B,cvar,0.2,0.15,0.001,results/gbm_deephedge/benchmark_6_2/runs/seed_0000__train_oracle__feat_b__obj_cvar_a0.95__sigtrue_0.2__sigbar_0.15__lam_0.001,results/gbm_deephedge,b95ab1bf709c231eda83e38ef966aa1aab01ab518dd19edcc9e3e11d98f42ab1,76e694c21e709359f62f03a0ba5a97ba6db86a88,GBM_CFG=results/gbm_deephedge/benchmark_6_2/runs/seed_0000__train_oracle__feat_b__obj_cvar_a0.95__sigtrue_0.2__sigbar_0.15__lam_0.001/run_cfg.json python -m src.train_deephedge_gbm
train=oracle|feat=B|obj=cvar|sigtrue=0.2|sigbar=0.1|lam=0|robust=none,seed_0000__train_oracle__feat_b__obj_cvar_a0.95__sigtrue_0.2__sigbar_0.1__lam_0,completed,2026-04-02T01:17:40Z,0,main_benchmark,main,benchmark,True,oracle,bs_delta,deep_hedge_oracle,,B,cvar,0.2,0.1,0.0,results/gbm_deephedge/benchmark_6_2/runs/seed_0000__train_oracle__feat_b__obj_cvar_a0.95__sigtrue_0.2__sigbar_0.1__lam_0,results/gbm_deephedge,af4794883b48a2250ff4a7012d329ce587137a028fa3ac9ddeb3ee9b8aa24591,76e694c21e709359f62f03a0ba5a97ba6db86a88,GBM_CFG=results/gbm_deephedge/benchmark_6_2/runs/seed_0000__train_oracle__feat_b__obj_cvar_a0.95__sigtrue_0.2__sigbar_0.1__lam_0/run_cfg.json python -m src.train_deephedge_gbm
train=oracle|feat=B|obj=cvar|sigtrue=0.2|sigbar=0.1|lam=0.0001|robust=none,seed_0000__train_oracle__feat_b__obj_cvar_a0.95__sigtrue_0.2__sigbar_0.1__lam_0.0001,completed,2026-04-02T01:18:05Z,0,main_benchmark,main,benchmark,True,oracle,bs_delta,deep_hedge_oracle,,B,cvar,0.2,0.1,0.0001,results/gbm_deephedge/benchmark_6_2/runs/seed_0000__train_oracle__feat_b__obj_cvar_a0.95__sigtrue_0.2__sigbar_0.1__lam_0.0001,results/gbm_deephedge,5c6b71dbdcf699221689662c80e8bae1ecbad74c78faddae7c4b3d6d2eb783ed,76e694c21e709359f62f03a0ba5a97ba6db86a88,GBM_CFG=results/gbm_deephedge/benchmark_6_2/runs/seed_0000__train_oracle__feat_b__obj_cvar_a0.95__sigtrue_0.2__sigbar_0.1__lam_0.0001/run_cfg.json python -m src.train_deephedge_gbm
train=oracle|feat=B|obj=cvar|sigtrue=0.2|sigbar=0.1|lam=0.0005|robust=none,seed_0000__train_oracle__feat_b__obj_cvar_a0.95__sigtrue_0.2__sigbar_0.1__lam_0.0005,completed,2026-04-02T01:18:29Z,0,main_benchmark,main,benchmark,True,oracle,bs_delta,deep_hedge_oracle,,B,cvar,0.2,0.1,0.0005,results/gbm_deephedge/benchmark_6_2/runs/seed_0000__train_oracle__feat_b__obj_cvar_a0.95__sigtrue_0.2__sigbar_0.1__lam_0.0005,results/gbm_deephedge,6f47c5788bb65aaf8e2f7654a5b56b4200f078c08446b7cc88889fc5dd0cfce8,76e694c21e709359f62f03a0ba5a97ba6db86a88,GBM_CFG=results/gbm_deephedge/benchmark_6_2/runs/seed_0000__train_oracle__feat_b__obj_cvar_a0.95__sigtrue_0.2__sigbar_0.1__lam_0.0005/run_cfg.json python -m src.train_deephedge_gbm
train=oracle|feat=B|obj=cvar|sigtrue=0.2|sigbar=0.1|lam=0.001|robust=none,seed_0000__train_oracle__feat_b__obj_cvar_a0.95__sigtrue_0.2__sigbar_0.1__lam_0.001,completed,2026-04-02T01:18:54Z,0,main_benchmark,main,benchmark,True,oracle,bs_delta,deep_hedge_oracle,,B,cvar,0.2,0.1,0.001,results/gbm_deephedge/benchmark_6_2/runs/seed_0000__train_oracle__feat_b__obj_cvar_a0.95__sigtrue_0.2__sigbar_0.1__lam_0.001,results/gbm_deephedge,21233867419d9ea3e67bb7fbf49891bd00c1a7e1a8683fcc1b1ba4240f3b3c11,76e694c21e709359f62f03a0ba5a97ba6db86a88,GBM_CFG=results/gbm_deephedge/benchmark_6_2/runs/seed_0000__train_oracle__feat_b__obj_cvar_a0.95__sigtrue_0.2__sigbar_0.1__lam_0.001/run_cfg.json python -m src.train_deephedge_gbm
train=oracle|feat=B|obj=cvar|sigtrue=0.2|sigbar=0.25|lam=0|robust=none,seed_0000__train_oracle__feat_b__obj_cvar_a0.95__sigtrue_0.2__sigbar_0.25__lam_0,completed,2026-04-02T01:17:46Z,0,main_benchmark,main,benchmark,True,oracle,bs_delta,deep_hedge_oracle,,B,cvar,0.2,0.25,0.0,results/gbm_deephedge/benchmark_6_2/runs/seed_0000__train_oracle__feat_b__obj_cvar_a0.95__sigtrue_0.2__sigbar_0.25__lam_0,results/gbm_deephedge,099daea73099bf917fd642f1803b7eefb2a588af0dfe2bf0eab8258efea22826,76e694c21e709359f62f03a0ba5a97ba6db86a88,GBM_CFG=results/gbm_deephedge/benchmark_6_2/runs/seed_0000__train_oracle__feat_b__obj_cvar_a0.95__sigtrue_0.2__sigbar_0.25__lam_0/run_cfg.json python -m src.train_deephedge_gbm
train=oracle|feat=B|obj=cvar|sigtrue=0.2|sigbar=0.25|lam=0.0001|robust=none,seed_0000__train_oracle__feat_b__obj_cvar_a0.95__sigtrue_0.2__sigbar_0.25__lam_0.0001,completed,2026-04-02T01:18:11Z,0,main_benchmark,main,benchmark,True,oracle,bs_delta,deep_hedge_oracle,,B,cvar,0.2,0.25,0.0001,results/gbm_deephedge/benchmark_6_2/runs/seed_0000__train_oracle__feat_b__obj_cvar_a0.95__sigtrue_0.2__sigbar_0.25__lam_0.0001,results/gbm_deephedge,33335954658d4320da72a02ae3d9ca43c4804df20791723f9e6a47c946c7cf93,76e694c21e709359f62f03a0ba5a97ba6db86a88,GBM_CFG=results/gbm_deephedge/benchmark_6_2/runs/seed_0000__train_oracle__feat_b__obj_cvar_a0.95__sigtrue_0.2__sigbar_0.25__lam_0.0001/run_cfg.json python -m src.train_deephedge_gbm
train=oracle|feat=B|obj=cvar|sigtrue=0.2|sigbar=0.25|lam=0.0005|robust=none,seed_0000__train_oracle__feat_b__obj_cvar_a0.95__sigtrue_0.2__sigbar_0.25__lam_0.0005,completed,2026-04-02T01:18:35Z,0,main_benchmark,main,benchmark,True,oracle,bs_delta,deep_hedge_oracle,,B,cvar,0.2,0.25,0.0005,results/gbm_deephedge/benchmark_6_2/runs/seed_0000__train_oracle__feat_b__obj_cvar_a0.95__sigtrue_0.2__sigbar_0.25__lam_0.0005,results/gbm_deephedge,341eb71c197367af8c9b529c6eaeff632cf53c1b92ade82241f563c2aa6077a9,76e694c21e709359f62f03a0ba5a97ba6db86a88,GBM_CFG=results/gbm_deephedge/benchmark_6_2/runs/seed_0000__train_oracle__feat_b__obj_cvar_a0.95__sigtrue_0.2__sigbar_0.25__lam_0.0005/run_cfg.json python -m src.train_deephedge_gbm
train=oracle|feat=B|obj=cvar|sigtrue=0.2|sigbar=0.25|lam=0.001|robust=none,seed_0000__train_oracle__feat_b__obj_cvar_a0.95__sigtrue_0.2__sigbar_0.25__lam_0.001,completed,2026-04-02T01:19:00Z,0,main_benchmark,main,benchmark,True,oracle,bs_delta,deep_hedge_oracle,,B,cvar,0.2,0.25,0.001,results/gbm_deephedge/benchmark_6_2/runs/seed_0000__train_oracle__feat_b__obj_cvar_a0.95__sigtrue_0.2__sigbar_0.25__lam_0.001,results/gbm_deephedge,5fc348c8a84dd2d68d472affb2ca1568583beb65b4f48640a8daa3942348ccb6,76e694c21e709359f62f03a0ba5a97ba6db86a88,GBM_CFG=results/gbm_deephedge/benchmark_6_2/runs/seed_0000__train_oracle__feat_b__obj_cvar_a0.95__sigtrue_0.2__sigbar_0.25__lam_0.001/run_cfg.json python -m src.train_deephedge_gbm
train=oracle|feat=B|obj=cvar|sigtrue=0.2|sigbar=0.2|lam=0|robust=none,seed_0000__train_oracle__feat_b__obj_cvar_a0.95__sigtrue_0.2__sigbar_0.2__lam_0,completed,2026-04-01T21:51:59Z,0,main_benchmark,main,benchmark,True,oracle,bs_delta,deep_hedge_oracle,,B,cvar,0.2,0.2,0.0,results/gbm_deephedge/benchmark_6_2/runs/seed_0000__train_oracle__feat_b__obj_cvar_a0.95__sigtrue_0.2__sigbar_0.2__lam_0,results/gbm_deephedge,d70bc56a5aad4e552287d8b52e185f521e722bf1eb2f9b1cfb0a5900b2216073,76e694c21e709359f62f03a0ba5a97ba6db86a88,GBM_CFG=results/gbm_deephedge/benchmark_6_2/runs/seed_0000__train_oracle__feat_b__obj_cvar_a0.95__sigtrue_0.2__sigbar_0.2__lam_0/run_cfg.json python -m src.train_deephedge_gbm
train=oracle|feat=B|obj=cvar|sigtrue=0.2|sigbar=0.2|lam=0.0001|robust=none,seed_0000__train_oracle__feat_b__obj_cvar_a0.95__sigtrue_0.2__sigbar_0.2__lam_0.0001,completed,2026-04-01T22:32:35Z,0,main_benchmark,main,benchmark,True,oracle,bs_delta,deep_hedge_oracle,,B,cvar,0.2,0.2,0.0001,results/gbm_deephedge/benchmark_6_2/runs/seed_0000__train_oracle__feat_b__obj_cvar_a0.95__sigtrue_0.2__sigbar_0.2__lam_0.0001,results/gbm_deephedge,7cb55852f4f09c8ff082c463ffbd3e5ddc87fd98eb9f167b5f41bb59315678ed,76e694c21e709359f62f03a0ba5a97ba6db86a88,GBM_CFG=results/gbm_deephedge/benchmark_6_2/runs/seed_0000__train_oracle__feat_b__obj_cvar_a0.95__sigtrue_0.2__sigbar_0.2__lam_0.0001/run_cfg.json python -m src.train_deephedge_gbm
train=oracle|feat=B|obj=cvar|sigtrue=0.2|sigbar=0.2|lam=0.0005|robust=none,seed_0000__train_oracle__feat_b__obj_cvar_a0.95__sigtrue_0.2__sigbar_0.2__lam_0.0005,completed,2026-04-01T23:15:10Z,0,main_benchmark,main,benchmark,True,oracle,bs_delta,deep_hedge_oracle,,B,cvar,0.2,0.2,0.0005,results/gbm_deephedge/benchmark_6_2/runs/seed_0000__train_oracle__feat_b__obj_cvar_a0.95__sigtrue_0.2__sigbar_0.2__lam_0.0005,results/gbm_deephedge,d48360e6cf0409986515daa8cfad6482697651cae96395198f8bb3803a229066,76e694c21e709359f62f03a0ba5a97ba6db86a88,GBM_CFG=results/gbm_deephedge/benchmark_6_2/runs/seed_0000__train_oracle__feat_b__obj_cvar_a0.95__sigtrue_0.2__sigbar_0.2__lam_0.0005/run_cfg.json python -m src.train_deephedge_gbm
train=oracle|feat=B|obj=cvar|sigtrue=0.2|sigbar=0.2|lam=0.001|robust=none,seed_0000__train_oracle__feat_b__obj_cvar_a0.95__sigtrue_0.2__sigbar_0.2__lam_0.001,completed,2026-04-02T00:00:48Z,0,main_benchmark,main,benchmark,True,oracle,bs_delta,deep_hedge_oracle,,B,cvar,0.2,0.2,0.001,results/gbm_deephedge/benchmark_6_2/runs/seed_0000__train_oracle__feat_b__obj_cvar_a0.95__sigtrue_0.2__sigbar_0.2__lam_0.001,results/gbm_deephedge,3cb7928b66048576fdc8deff7bf81d2768cca71e08f1bc47edc5356cfaddbde9,76e694c21e709359f62f03a0ba5a97ba6db86a88,GBM_CFG=results/gbm_deephedge/benchmark_6_2/runs/seed_0000__train_oracle__feat_b__obj_cvar_a0.95__sigtrue_0.2__sigbar_0.2__lam_0.001/run_cfg.json python -m src.train_deephedge_gbm
train=oracle|feat=B|obj=cvar|sigtrue=0.2|sigbar=0.3|lam=0|robust=none,seed_0000__train_oracle__feat_b__obj_cvar_a0.95__sigtrue_0.2__sigbar_0.3__lam_0,completed,2026-04-02T01:17:49Z,0,main_benchmark,main,benchmark,True,oracle,bs_delta,deep_hedge_oracle,,B,cvar,0.2,0.3,0.0,results/gbm_deephedge/benchmark_6_2/runs/seed_0000__train_oracle__feat_b__obj_cvar_a0.95__sigtrue_0.2__sigbar_0.3__lam_0,results/gbm_deephedge,80fe09e6defa877e559e4e0585f9fd476eddcda452580955db6fe40dbf838839,76e694c21e709359f62f03a0ba5a97ba6db86a88,GBM_CFG=results/gbm_deephedge/benchmark_6_2/runs/seed_0000__train_oracle__feat_b__obj_cvar_a0.95__sigtrue_0.2__sigbar_0.3__lam_0/run_cfg.json python -m src.train_deephedge_gbm
train=oracle|feat=B|obj=cvar|sigtrue=0.2|sigbar=0.3|lam=0.0001|robust=none,seed_0000__train_oracle__feat_b__obj_cvar_a0.95__sigtrue_0.2__sigbar_0.3__lam_0.0001,completed,2026-04-02T01:18:14Z,0,main_benchmark,main,benchmark,True,oracle,bs_delta,deep_hedge_oracle,,B,cvar,0.2,0.3,0.0001,results/gbm_deephedge/benchmark_6_2/runs/seed_0000__train_oracle__feat_b__obj_cvar_a0.95__sigtrue_0.2__sigbar_0.3__lam_0.0001,results/gbm_deephedge,a5b222be713458fb4174faed243c6f8cfcc8a0e7a0334767902ed61b62d39b64,76e694c21e709359f62f03a0ba5a97ba6db86a88,GBM_CFG=results/gbm_deephedge/benchmark_6_2/runs/seed_0000__train_oracle__feat_b__obj_cvar_a0.95__sigtrue_0.2__sigbar_0.3__lam_0.0001/run_cfg.json python -m src.train_deephedge_gbm
train=oracle|feat=B|obj=cvar|sigtrue=0.2|sigbar=0.3|lam=0.0005|robust=none,seed_0000__train_oracle__feat_b__obj_cvar_a0.95__sigtrue_0.2__sigbar_0.3__lam_0.0005,completed,2026-04-02T01:18:38Z,0,main_benchmark,main,benchmark,True,oracle,bs_delta,deep_hedge_oracle,,B,cvar,0.2,0.3,0.0005,results/gbm_deephedge/benchmark_6_2/runs/seed_0000__train_oracle__feat_b__obj_cvar_a0.95__sigtrue_0.2__sigbar_0.3__lam_0.0005,results/gbm_deephedge,cda3cebafe07bbf96d497b454395867f0e04d45fadb9e1b134ebc32f21408ef4,76e694c21e709359f62f03a0ba5a97ba6db86a88,GBM_CFG=results/gbm_deephedge/benchmark_6_2/runs/seed_0000__train_oracle__feat_b__obj_cvar_a0.95__sigtrue_0.2__sigbar_0.3__lam_0.0005/run_cfg.json python -m src.train_deephedge_gbm
train=oracle|feat=B|obj=cvar|sigtrue=0.2|sigbar=0.3|lam=0.001|robust=none,seed_0000__train_oracle__feat_b__obj_cvar_a0.95__sigtrue_0.2__sigbar_0.3__lam_0.001,completed,2026-04-02T01:19:03Z,0,main_benchmark,main,benchmark,True,oracle,bs_delta,deep_hedge_oracle,,B,cvar,0.2,0.3,0.001,results/gbm_deephedge/benchmark_6_2/runs/seed_0000__train_oracle__feat_b__obj_cvar_a0.95__sigtrue_0.2__sigbar_0.3__lam_0.001,results/gbm_deephedge,dd903e1633ad638a10c5b2310706f6f95dbd3d6baaddb36e0eb4074a9a34b8ea,76e694c21e709359f62f03a0ba5a97ba6db86a88,GBM_CFG=results/gbm_deephedge/benchmark_6_2/runs/seed_0000__train_oracle__feat_b__obj_cvar_a0.95__sigtrue_0.2__sigbar_0.3__lam_0.001/run_cfg.json python -m src.train_deephedge_gbm
"train=robust|feat=B|obj=cvar|sigtrue=0.2|sigbar=0.15|lam=0|robust=0.15,0.2,0.25",seed_0000__train_robust_s0.15-0.2-0.25__feat_b__obj_cvar_a0.95__sigtrue_0.2__sigbar_0.15__lam_0,completed,2026-04-02T01:17:56Z,0,main_benchmark,main,benchmark,True,robust,bs_delta,deep_hedge_robust,0.15|0.2|0.25,B,cvar,0.2,0.15,0.0,results/gbm_deephedge/benchmark_6_2/runs/seed_0000__train_robust_s0.15-0.2-0.25__feat_b__obj_cvar_a0.95__sigtrue_0.2__sigbar_0.15__lam_0,results/gbm_deephedge,ff2dc219090102d69d17121864d6a353ebb42b7d198c7c89468536209dba4601,76e694c21e709359f62f03a0ba5a97ba6db86a88,GBM_CFG=results/gbm_deephedge/benchmark_6_2/runs/seed_0000__train_robust_s0.15-0.2-0.25__feat_b__obj_cvar_a0.95__sigtrue_0.2__sigbar_0.15__lam_0/run_cfg.json python -m src.train_deephedge_gbm
"train=robust|feat=B|obj=cvar|sigtrue=0.2|sigbar=0.15|lam=0.0001|robust=0.15,0.2,0.25",seed_0000__train_robust_s0.15-0.2-0.25__feat_b__obj_cvar_a0.95__sigtrue_0.2__sigbar_0.15__lam_0.0001,completed,2026-04-02T01:18:20Z,0,main_benchmark,main,benchmark,True,robust,bs_delta,deep_hedge_robust,0.15|0.2|0.25,B,cvar,0.2,0.15,0.0001,results/gbm_deephedge/benchmark_6_2/runs/seed_0000__train_robust_s0.15-0.2-0.25__feat_b__obj_cvar_a0.95__sigtrue_0.2__sigbar_0.15__lam_0.0001,results/gbm_deephedge,d998dbdebb4e2a796b1958a15a8f93b1980eaee430a7fb0fec5e42c196ed134c,76e694c21e709359f62f03a0ba5a97ba6db86a88,GBM_CFG=results/gbm_deephedge/benchmark_6_2/runs/seed_0000__train_robust_s0.15-0.2-0.25__feat_b__obj_cvar_a0.95__sigtrue_0.2__sigbar_0.15__lam_0.0001/run_cfg.json python -m src.train_deephedge_gbm
"train=robust|feat=B|obj=cvar|sigtrue=0.2|sigbar=0.15|lam=0.0005|robust=0.15,0.2,0.25",seed_0000__train_robust_s0.15-0.2-0.25__feat_b__obj_cvar_a0.95__sigtrue_0.2__sigbar_0.15__lam_0.0005,completed,2026-04-02T01:18:45Z,0,main_benchmark,main,benchmark,True,robust,bs_delta,deep_hedge_robust,0.15|0.2|0.25,B,cvar,0.2,0.15,0.0005,results/gbm_deephedge/benchmark_6_2/runs/seed_0000__train_robust_s0.15-0.2-0.25__feat_b__obj_cvar_a0.95__sigtrue_0.2__sigbar_0.15__lam_0.0005,results/gbm_deephedge,63922757298e1bb5d822642c1011320c3f5405c27ea04195074db19df66b19e9,76e694c21e709359f62f03a0ba5a97ba6db86a88,GBM_CFG=results/gbm_deephedge/benchmark_6_2/runs/seed_0000__train_robust_s0.15-0.2-0.25__feat_b__obj_cvar_a0.95__sigtrue_0.2__sigbar_0.15__lam_0.0005/run_cfg.json python -m src.train_deephedge_gbm
"train=robust|feat=B|obj=cvar|sigtrue=0.2|sigbar=0.15|lam=0.001|robust=0.15,0.2,0.25",seed_0000__train_robust_s0.15-0.2-0.25__feat_b__obj_cvar_a0.95__sigtrue_0.2__sigbar_0.15__lam_0.001,completed,2026-04-02T01:19:10Z,0,main_benchmark,main,benchmark,True,robust,bs_delta,deep_hedge_robust,0.15|0.2|0.25,B,cvar,0.2,0.15,0.001,results/gbm_deephedge/benchmark_6_2/runs/seed_0000__train_robust_s0.15-0.2-0.25__feat_b__obj_cvar_a0.95__sigtrue_0.2__sigbar_0.15__lam_0.001,results/gbm_deephedge,d53890fb452dcb7f2d46ae25e0a177f41ba78e8de6aa5be7a2bcff8ccfbda4dc,76e694c21e709359f62f03a0ba5a97ba6db86a88,GBM_CFG=results/gbm_deephedge/benchmark_6_2/runs/seed_0000__train_robust_s0.15-0.2-0.25__feat_b__obj_cvar_a0.95__sigtrue_0.2__sigbar_0.15__lam_0.001/run_cfg.json python -m src.train_deephedge_gbm
"train=robust|feat=B|obj=cvar|sigtrue=0.2|sigbar=0.1|lam=0|robust=0.15,0.2,0.25",seed_0000__train_robust_s0.15-0.2-0.25__feat_b__obj_cvar_a0.95__sigtrue_0.2__sigbar_0.1__lam_0,completed,2026-04-02T01:17:53Z,0,main_benchmark,main,benchmark,True,robust,bs_delta,deep_hedge_robust,0.15|0.2|0.25,B,cvar,0.2,0.1,0.0,results/gbm_deephedge/benchmark_6_2/runs/seed_0000__train_robust_s0.15-0.2-0.25__feat_b__obj_cvar_a0.95__sigtrue_0.2__sigbar_0.1__lam_0,results/gbm_deephedge,5c70a6761de932091ebc9ecb0849048bb5df8b93ba74a9a2284254e4588cb4b5,76e694c21e709359f62f03a0ba5a97ba6db86a88,GBM_CFG=results/gbm_deephedge/benchmark_6_2/runs/seed_0000__train_robust_s0.15-0.2-0.25__feat_b__obj_cvar_a0.95__sigtrue_0.2__sigbar_0.1__lam_0/run_cfg.json python -m src.train_deephedge_gbm
"train=robust|feat=B|obj=cvar|sigtrue=0.2|sigbar=0.1|lam=0.0001|robust=0.15,0.2,0.25",seed_0000__train_robust_s0.15-0.2-0.25__feat_b__obj_cvar_a0.95__sigtrue_0.2__sigbar_0.1__lam_0.0001,completed,2026-04-02T01:18:17Z,0,main_benchmark,main,benchmark,True,robust,bs_delta,deep_hedge_robust,0.15|0.2|0.25,B,cvar,0.2,0.1,0.0001,results/gbm_deephedge/benchmark_6_2/runs/seed_0000__train_robust_s0.15-0.2-0.25__feat_b__obj_cvar_a0.95__sigtrue_0.2__sigbar_0.1__lam_0.0001,results/gbm_deephedge,fcd7ebfe10bd5a3637c37668068eeb589a407b948508d35fc7a8cd8e2538a3ca,76e694c21e709359f62f03a0ba5a97ba6db86a88,GBM_CFG=results/gbm_deephedge/benchmark_6_2/runs/seed_0000__train_robust_s0.15-0.2-0.25__feat_b__obj_cvar_a0.95__sigtrue_0.2__sigbar_0.1__lam_0.0001/run_cfg.json python -m src.train_deephedge_gbm
"train=robust|feat=B|obj=cvar|sigtrue=0.2|sigbar=0.1|lam=0.0005|robust=0.15,0.2,0.25",seed_0000__train_robust_s0.15-0.2-0.25__feat_b__obj_cvar_a0.95__sigtrue_0.2__sigbar_0.1__lam_0.0005,completed,2026-04-02T01:18:42Z,0,main_benchmark,main,benchmark,True,robust,bs_delta,deep_hedge_robust,0.15|0.2|0.25,B,cvar,0.2,0.1,0.0005,results/gbm_deephedge/benchmark_6_2/runs/seed_0000__train_robust_s0.15-0.2-0.25__feat_b__obj_cvar_a0.95__sigtrue_0.2__sigbar_0.1__lam_0.0005,results/gbm_deephedge,406759c13fa1143fe69697a3221f25ddf6f9e19668b41ab567ef36e620ce13b4,76e694c21e709359f62f03a0ba5a97ba6db86a88,GBM_CFG=results/gbm_deephedge/benchmark_6_2/runs/seed_0000__train_robust_s0.15-0.2-0.25__feat_b__obj_cvar_a0.95__sigtrue_0.2__sigbar_0.1__lam_0.0005/run_cfg.json python -m src.train_deephedge_gbm
"train=robust|feat=B|obj=cvar|sigtrue=0.2|sigbar=0.1|lam=0.001|robust=0.15,0.2,0.25",seed_0000__train_robust_s0.15-0.2-0.25__feat_b__obj_cvar_a0.95__sigtrue_0.2__sigbar_0.1__lam_0.001,completed,2026-04-02T01:19:06Z,0,main_benchmark,main,benchmark,True,robust,bs_delta,deep_hedge_robust,0.15|0.2|0.25,B,cvar,0.2,0.1,0.001,results/gbm_deephedge/benchmark_6_2/runs/seed_0000__train_robust_s0.15-0.2-0.25__feat_b__obj_cvar_a0.95__sigtrue_0.2__sigbar_0.1__lam_0.001,results/gbm_deephedge,ba706b9ec21e720337ccd12dd511837f94801714a3b139d741f601575338055e,76e694c21e709359f62f03a0ba5a97ba6db86a88,GBM_CFG=results/gbm_deephedge/benchmark_6_2/runs/seed_0000__train_robust_s0.15-0.2-0.25__feat_b__obj_cvar_a0.95__sigtrue_0.2__sigbar_0.1__lam_0.001/run_cfg.json python -m src.train_deephedge_gbm
"train=robust|feat=B|obj=cvar|sigtrue=0.2|sigbar=0.25|lam=0|robust=0.15,0.2,0.25",seed_0000__train_robust_s0.15-0.2-0.25__feat_b__obj_cvar_a0.95__sigtrue_0.2__sigbar_0.25__lam_0,completed,2026-04-02T01:17:59Z,0,main_benchmark,main,benchmark,True,robust,bs_delta,deep_hedge_robust,0.15|0.2|0.25,B,cvar,0.2,0.25,0.0,results/gbm_deephedge/benchmark_6_2/runs/seed_0000__train_robust_s0.15-0.2-0.25__feat_b__obj_cvar_a0.95__sigtrue_0.2__sigbar_0.25__lam_0,results/gbm_deephedge,cfdda1892827fbf61e0c8f6fb9bf5d41529d9c8be72b9b67e95079231a78bc7f,76e694c21e709359f62f03a0ba5a97ba6db86a88,GBM_CFG=results/gbm_deephedge/benchmark_6_2/runs/seed_0000__train_robust_s0.15-0.2-0.25__feat_b__obj_cvar_a0.95__sigtrue_0.2__sigbar_0.25__lam_0/run_cfg.json python -m src.train_deephedge_gbm
"train=robust|feat=B|obj=cvar|sigtrue=0.2|sigbar=0.25|lam=0.0001|robust=0.15,0.2,0.25",seed_0000__train_robust_s0.15-0.2-0.25__feat_b__obj_cvar_a0.95__sigtrue_0.2__sigbar_0.25__lam_0.0001,completed,2026-04-02T01:18:23Z,0,main_benchmark,main,benchmark,True,robust,bs_delta,deep_hedge_robust,0.15|0.2|0.25,B,cvar,0.2,0.25,0.0001,results/gbm_deephedge/benchmark_6_2/runs/seed_0000__train_robust_s0.15-0.2-0.25__feat_b__obj_cvar_a0.95__sigtrue_0.2__sigbar_0.25__lam_0.0001,results/gbm_deephedge,36cd052ea45e7f3d4612e605faae43d6de0bc167fdc920f567e6441480e8c563,76e694c21e709359f62f03a0ba5a97ba6db86a88,GBM_CFG=results/gbm_deephedge/benchmark_6_2/runs/seed_0000__train_robust_s0.15-0.2-0.25__feat_b__obj_cvar_a0.95__sigtrue_0.2__sigbar_0.25__lam_0.0001/run_cfg.json python -m src.train_deephedge_gbm
"train=robust|feat=B|obj=cvar|sigtrue=0.2|sigbar=0.25|lam=0.0005|robust=0.15,0.2,0.25",seed_0000__train_robust_s0.15-0.2-0.25__feat_b__obj_cvar_a0.95__sigtrue_0.2__sigbar_0.25__lam_0.0005,completed,2026-04-02T01:18:48Z,0,main_benchmark,main,benchmark,True,robust,bs_delta,deep_hedge_robust,0.15|0.2|0.25,B,cvar,0.2,0.25,0.0005,results/gbm_deephedge/benchmark_6_2/runs/seed_0000__train_robust_s0.15-0.2-0.25__feat_b__obj_cvar_a0.95__sigtrue_0.2__sigbar_0.25__lam_0.0005,results/gbm_deephedge,adf2cccc2722532c747c54f8e386766c6b1707f3a27135c08ac0478955fa8142,76e694c21e709359f62f03a0ba5a97ba6db86a88,GBM_CFG=results/gbm_deephedge/benchmark_6_2/runs/seed_0000__train_robust_s0.15-0.2-0.25__feat_b__obj_cvar_a0.95__sigtrue_0.2__sigbar_0.25__lam_0.0005/run_cfg.json python -m src.train_deephedge_gbm
"train=robust|feat=B|obj=cvar|sigtrue=0.2|sigbar=0.25|lam=0.001|robust=0.15,0.2,0.25",seed_0000__train_robust_s0.15-0.2-0.25__feat_b__obj_cvar_a0.95__sigtrue_0.2__sigbar_0.25__lam_0.001,completed,2026-04-02T01:19:13Z,0,main_benchmark,main,benchmark,True,robust,bs_delta,deep_hedge_robust,0.15|0.2|0.25,B,cvar,0.2,0.25,0.001,results/gbm_deephedge/benchmark_6_2/runs/seed_0000__train_robust_s0.15-0.2-0.25__feat_b__obj_cvar_a0.95__sigtrue_0.2__sigbar_0.25__lam_0.001,results/gbm_deephedge,713c1106946da3d893ba50533fff758c7ce3f64192611e71ff59df6d63701baa,76e694c21e709359f62f03a0ba5a97ba6db86a88,GBM_CFG=results/gbm_deephedge/benchmark_6_2/runs/seed_0000__train_robust_s0.15-0.2-0.25__feat_b__obj_cvar_a0.95__sigtrue_0.2__sigbar_0.25__lam_0.001/run_cfg.json python -m src.train_deephedge_gbm
"train=robust|feat=B|obj=cvar|sigtrue=0.2|sigbar=0.2|lam=0|robust=0.15,0.2,0.25",seed_0000__train_robust_s0.15-0.2-0.25__feat_b__obj_cvar_a0.95__sigtrue_0.2__sigbar_0.2__lam_0,completed,2026-04-01T21:54:15Z,0,main_benchmark,main,benchmark,True,robust,bs_delta,deep_hedge_robust,0.15|0.2|0.25,B,cvar,0.2,0.2,0.0,results/gbm_deephedge/benchmark_6_2/runs/seed_0000__train_robust_s0.15-0.2-0.25__feat_b__obj_cvar_a0.95__sigtrue_0.2__sigbar_0.2__lam_0,results/gbm_deephedge,6f63cedd46988b0fcb26792481956777d75c1aaff1a3f207357ddac403256629,76e694c21e709359f62f03a0ba5a97ba6db86a88,GBM_CFG=results/gbm_deephedge/benchmark_6_2/runs/seed_0000__train_robust_s0.15-0.2-0.25__feat_b__obj_cvar_a0.95__sigtrue_0.2__sigbar_0.2__lam_0/run_cfg.json python -m src.train_deephedge_gbm
"train=robust|feat=B|obj=cvar|sigtrue=0.2|sigbar=0.2|lam=0.0001|robust=0.15,0.2,0.25",seed_0000__train_robust_s0.15-0.2-0.25__feat_b__obj_cvar_a0.95__sigtrue_0.2__sigbar_0.2__lam_0.0001,completed,2026-04-01T22:34:46Z,0,main_benchmark,main,benchmark,True,robust,bs_delta,deep_hedge_robust,0.15|0.2|0.25,B,cvar,0.2,0.2,0.0001,results/gbm_deephedge/benchmark_6_2/runs/seed_0000__train_robust_s0.15-0.2-0.25__feat_b__obj_cvar_a0.95__sigtrue_0.2__sigbar_0.2__lam_0.0001,results/gbm_deephedge,b94638a9fb3da58c143d3a7ae2f086dd399da4821fa4a7536d749c5e42153d38,76e694c21e709359f62f03a0ba5a97ba6db86a88,GBM_CFG=results/gbm_deephedge/benchmark_6_2/runs/seed_0000__train_robust_s0.15-0.2-0.25__feat_b__obj_cvar_a0.95__sigtrue_0.2__sigbar_0.2__lam_0.0001/run_cfg.json python -m src.train_deephedge_gbm
"train=robust|feat=B|obj=cvar|sigtrue=0.2|sigbar=0.2|lam=0.0005|robust=0.15,0.2,0.25",seed_0000__train_robust_s0.15-0.2-0.25__feat_b__obj_cvar_a0.95__sigtrue_0.2__sigbar_0.2__lam_0.0005,completed,2026-04-01T23:16:44Z,0,main_benchmark,main,benchmark,True,robust,bs_delta,deep_hedge_robust,0.15|0.2|0.25,B,cvar,0.2,0.2,0.0005,results/gbm_deephedge/benchmark_6_2/runs/seed_0000__train_robust_s0.15-0.2-0.25__feat_b__obj_cvar_a0.95__sigtrue_0.2__sigbar_0.2__lam_0.0005,results/gbm_deephedge,620b4231de717cf0eba80575fc604ef7bdfa3d8ad21a6eae92503c26216fb8ff,76e694c21e709359f62f03a0ba5a97ba6db86a88,GBM_CFG=results/gbm_deephedge/benchmark_6_2/runs/seed_0000__train_robust_s0.15-0.2-0.25__feat_b__obj_cvar_a0.95__sigtrue_0.2__sigbar_0.2__lam_0.0005/run_cfg.json python -m src.train_deephedge_gbm
"train=robust|feat=B|obj=cvar|sigtrue=0.2|sigbar=0.2|lam=0.001|robust=0.15,0.2,0.25",seed_0000__train_robust_s0.15-0.2-0.25__feat_b__obj_cvar_a0.95__sigtrue_0.2__sigbar_0.2__lam_0.001,completed,2026-04-02T00:02:47Z,0,main_benchmark,main,benchmark,True,robust,bs_delta,deep_hedge_robust,0.15|0.2|0.25,B,cvar,0.2,0.2,0.001,results/gbm_deephedge/benchmark_6_2/runs/seed_0000__train_robust_s0.15-0.2-0.25__feat_b__obj_cvar_a0.95__sigtrue_0.2__sigbar_0.2__lam_0.001,results/gbm_deephedge,3b64ff4b7179e0a264d35dbe15a680819ebcfb2eb542e2d6248270a50d277541,76e694c21e709359f62f03a0ba5a97ba6db86a88,GBM_CFG=results/gbm_deephedge/benchmark_6_2/runs/seed_0000__train_robust_s0.15-0.2-0.25__feat_b__obj_cvar_a0.95__sigtrue_0.2__sigbar_0.2__lam_0.001/run_cfg.json python -m src.train_deephedge_gbm
"train=robust|feat=B|obj=cvar|sigtrue=0.2|sigbar=0.3|lam=0|robust=0.15,0.2,0.25",seed_0000__train_robust_s0.15-0.2-0.25__feat_b__obj_cvar_a0.95__sigtrue_0.2__sigbar_0.3__lam_0,completed,2026-04-02T01:18:02Z,0,main_benchmark,main,benchmark,True,robust,bs_delta,deep_hedge_robust,0.15|0.2|0.25,B,cvar,0.2,0.3,0.0,results/gbm_deephedge/benchmark_6_2/runs/seed_0000__train_robust_s0.15-0.2-0.25__feat_b__obj_cvar_a0.95__sigtrue_0.2__sigbar_0.3__lam_0,results/gbm_deephedge,a678719f84398aeff5aa04a876e3a7685953f76d564fed39995a6c064ea6645c,76e694c21e709359f62f03a0ba5a97ba6db86a88,GBM_CFG=results/gbm_deephedge/benchmark_6_2/runs/seed_0000__train_robust_s0.15-0.2-0.25__feat_b__obj_cvar_a0.95__sigtrue_0.2__sigbar_0.3__lam_0/run_cfg.json python -m src.train_deephedge_gbm
"train=robust|feat=B|obj=cvar|sigtrue=0.2|sigbar=0.3|lam=0.0001|robust=0.15,0.2,0.25",seed_0000__train_robust_s0.15-0.2-0.25__feat_b__obj_cvar_a0.95__sigtrue_0.2__sigbar_0.3__lam_0.0001,completed,2026-04-02T01:18:26Z,0,main_benchmark,main,benchmark,True,robust,bs_delta,deep_hedge_robust,0.15|0.2|0.25,B,cvar,0.2,0.3,0.0001,results/gbm_deephedge/benchmark_6_2/runs/seed_0000__train_robust_s0.15-0.2-0.25__feat_b__obj_cvar_a0.95__sigtrue_0.2__sigbar_0.3__lam_0.0001,results/gbm_deephedge,4f82fa0eea1df98efaa4780e18a80ec87415a5cd73a5b31d4c927f8cbee9b018,76e694c21e709359f62f03a0ba5a97ba6db86a88,GBM_CFG=results/gbm_deephedge/benchmark_6_2/runs/seed_0000__train_robust_s0.15-0.2-0.25__feat_b__obj_cvar_a0.95__sigtrue_0.2__sigbar_0.3__lam_0.0001/run_cfg.json python -m src.train_deephedge_gbm
"train=robust|feat=B|obj=cvar|sigtrue=0.2|sigbar=0.3|lam=0.0005|robust=0.15,0.2,0.25",seed_0000__train_robust_s0.15-0.2-0.25__feat_b__obj_cvar_a0.95__sigtrue_0.2__sigbar_0.3__lam_0.0005,completed,2026-04-02T01:18:52Z,0,main_benchmark,main,benchmark,True,robust,bs_delta,deep_hedge_robust,0.15|0.2|0.25,B,cvar,0.2,0.3,0.0005,results/gbm_deephedge/benchmark_6_2/runs/seed_0000__train_robust_s0.15-0.2-0.25__feat_b__obj_cvar_a0.95__sigtrue_0.2__sigbar_0.3__lam_0.0005,results/gbm_deephedge,12900afb5f5ba09fb2821009a8e8cbe9119ad46afd213b284648bc72583dfc97,76e694c21e709359f62f03a0ba5a97ba6db86a88,GBM_CFG=results/gbm_deephedge/benchmark_6_2/runs/seed_0000__train_robust_s0.15-0.2-0.25__feat_b__obj_cvar_a0.95__sigtrue_0.2__sigbar_0.3__lam_0.0005/run_cfg.json python -m src.train_deephedge_gbm
"train=robust|feat=B|obj=cvar|sigtrue=0.2|sigbar=0.3|lam=0.001|robust=0.15,0.2,0.25",seed_0000__train_robust_s0.15-0.2-0.25__feat_b__obj_cvar_a0.95__sigtrue_0.2__sigbar_0.3__lam_0.001,completed,2026-04-02T01:19:16Z,0,main_benchmark,main,benchmark,True,robust,bs_delta,deep_hedge_robust,0.15|0.2|0.25,B,cvar,0.2,0.3,0.001,results/gbm_deephedge/benchmark_6_2/runs/seed_0000__train_robust_s0.15-0.2-0.25__feat_b__obj_cvar_a0.95__sigtrue_0.2__sigbar_0.3__lam_0.001,results/gbm_deephedge,665d7893de2bd5e01323989ff266df23594d0093f1eb01a073e990777fe54692,76e694c21e709359f62f03a0ba5a97ba6db86a88,GBM_CFG=results/gbm_deephedge/benchmark_6_2/runs/seed_0000__train_robust_s0.15-0.2-0.25__feat_b__obj_cvar_a0.95__sigtrue_0.2__sigbar_0.3__lam_0.001/run_cfg.json python -m src.train_deephedge_gbm
train=oracle|feat=B|obj=cvar|sigtrue=0.2|sigbar=0.15|lam=0|robust=none,seed_0001__train_oracle__feat_b__obj_cvar_a0.95__sigtrue_0.2__sigbar_0.15__lam_0,completed,2026-04-02T01:19:22Z,1,main_benchmark,main,benchmark,True,oracle,bs_delta,deep_hedge_oracle,,B,cvar,0.2,0.15,0.0,results/gbm_deephedge/benchmark_6_2/runs/seed_0001__train_oracle__feat_b__obj_cvar_a0.95__sigtrue_0.2__sigbar_0.15__lam_0,results/gbm_deephedge,8ff46234443d814308b574e77e95b7600e4956ba482612d8ee44a127f8fb1a44,76e694c21e709359f62f03a0ba5a97ba6db86a88,GBM_CFG=results/gbm_deephedge/benchmark_6_2/runs/seed_0001__train_oracle__feat_b__obj_cvar_a0.95__sigtrue_0.2__sigbar_0.15__lam_0/run_cfg.json python -m src.train_deephedge_gbm
train=oracle|feat=B|obj=cvar|sigtrue=0.2|sigbar=0.15|lam=0.0001|robust=none,seed_0001__train_oracle__feat_b__obj_cvar_a0.95__sigtrue_0.2__sigbar_0.15__lam_0.0001,completed,2026-04-02T01:19:47Z,1,main_benchmark,main,benchmark,True,oracle,bs_delta,deep_hedge_oracle,,B,cvar,0.2,0.15,0.0001,results/gbm_deephedge/benchmark_6_2/runs/seed_0001__train_oracle__feat_b__obj_cvar_a0.95__sigtrue_0.2__sigbar_0.15__lam_0.0001,results/gbm_deephedge,745954b57d22891b7d68c6e91d9753bc2a2de1b79709e86ddae25c803494111f,76e694c21e709359f62f03a0ba5a97ba6db86a88,GBM_CFG=results/gbm_deephedge/benchmark_6_2/runs/seed_0001__train_oracle__feat_b__obj_cvar_a0.95__sigtrue_0.2__sigbar_0.15__lam_0.0001/run_cfg.json python -m src.train_deephedge_gbm
train=oracle|feat=B|obj=cvar|sigtrue=0.2|sigbar=0.15|lam=0.0005|robust=none,seed_0001__train_oracle__feat_b__obj_cvar_a0.95__sigtrue_0.2__sigbar_0.15__lam_0.0005,completed,2026-04-02T01:20:12Z,1,main_benchmark,main,benchmark,True,oracle,bs_delta,deep_hedge_oracle,,B,cvar,0.2,0.15,0.0005,results/gbm_deephedge/benchmark_6_2/runs/seed_0001__train_oracle__feat_b__obj_cvar_a0.95__sigtrue_0.2__sigbar_0.15__lam_0.0005,results/gbm_deephedge,bd6ca05ef883e65d4a6317b2042874b1051fa633d849dd5f19ee595cf607271f,76e694c21e709359f62f03a0ba5a97ba6db86a88,GBM_CFG=results/gbm_deephedge/benchmark_6_2/runs/seed_0001__train_oracle__feat_b__obj_cvar_a0.95__sigtrue_0.2__sigbar_0.15__lam_0.0005/run_cfg.json python -m src.train_deephedge_gbm
train=oracle|feat=B|obj=cvar|sigtrue=0.2|sigbar=0.15|lam=0.001|robust=none,seed_0001__train_oracle__feat_b__obj_cvar_a0.95__sigtrue_0.2__sigbar_0.15__lam_0.001,completed,2026-04-02T01:20:39Z,1,main_benchmark,main,benchmark,True,oracle,bs_delta,deep_hedge_oracle,,B,cvar,0.2,0.15,0.001,results/gbm_deephedge/benchmark_6_2/runs/seed_0001__train_oracle__feat_b__obj_cvar_a0.95__sigtrue_0.2__sigbar_0.15__lam_0.001,results/gbm_deephedge,eb9d0ca8ac4c06cd9804048e9481b2861cbca7cf2757366a026e3a90e603dd54,76e694c21e709359f62f03a0ba5a97ba6db86a88,GBM_CFG=results/gbm_deephedge/benchmark_6_2/runs/seed_0001__train_oracle__feat_b__obj_cvar_a0.95__sigtrue_0.2__sigbar_0.15__lam_0.001/run_cfg.json python -m src.train_deephedge_gbm
train=oracle|feat=B|obj=cvar|sigtrue=0.2|sigbar=0.1|lam=0|robust=none,seed_0001__train_oracle__feat_b__obj_cvar_a0.95__sigtrue_0.2__sigbar_0.1__lam_0,completed,2026-04-02T01:19:19Z,1,main_benchmark,main,benchmark,True,oracle,bs_delta,deep_hedge_oracle,,B,cvar,0.2,0.1,0.0,results/gbm_deephedge/benchmark_6_2/runs/seed_0001__train_oracle__feat_b__obj_cvar_a0.95__sigtrue_0.2__sigbar_0.1__lam_0,results/gbm_deephedge,0a046dd9f86998b75a5b99e0b7e09678cc190028c954ea7a0347547eec1aa35e,76e694c21e709359f62f03a0ba5a97ba6db86a88,GBM_CFG=results/gbm_deephedge/benchmark_6_2/runs/seed_0001__train_oracle__feat_b__obj_cvar_a0.95__sigtrue_0.2__sigbar_0.1__lam_0/run_cfg.json python -m src.train_deephedge_gbm
train=oracle|feat=B|obj=cvar|sigtrue=0.2|sigbar=0.1|lam=0.0001|robust=none,seed_0001__train_oracle__feat_b__obj_cvar_a0.95__sigtrue_0.2__sigbar_0.1__lam_0.0001,completed,2026-04-02T01:19:44Z,1,main_benchmark,main,benchmark,True,oracle,bs_delta,deep_hedge_oracle,,B,cvar,0.2,0.1,0.0001,results/gbm_deephedge/benchmark_6_2/runs/seed_0001__train_oracle__feat_b__obj_cvar_a0.95__sigtrue_0.2__sigbar_0.1__lam_0.0001,results/gbm_deephedge,1c8691f9775c87ae949f39892cfe76719aa3cdf753494af1929e8e9093a78748,76e694c21e709359f62f03a0ba5a97ba6db86a88,GBM_CFG=results/gbm_deephedge/benchmark_6_2/runs/seed_0001__train_oracle__feat_b__obj_cvar_a0.95__sigtrue_0.2__sigbar_0.1__lam_0.0001/run_cfg.json python -m src.train_deephedge_gbm
train=oracle|feat=B|obj=cvar|sigtrue=0.2|sigbar=0.1|lam=0.0005|robust=none,seed_0001__train_oracle__feat_b__obj_cvar_a0.95__sigtrue_0.2__sigbar_0.1__lam_0.0005,completed,2026-04-02T01:20:09Z,1,main_benchmark,main,benchmark,True,oracle,bs_delta,deep_hedge_oracle,,B,cvar,0.2,0.1,0.0005,results/gbm_deephedge/benchmark_6_2/runs/seed_0001__train_oracle__feat_b__obj_cvar_a0.95__sigtrue_0.2__sigbar_0.1__lam_0.0005,results/gbm_deephedge,ac37d1c237c59e8f35774f9d480ae7cea745d8f4bc31226014da8f7888866d19,76e694c21e709359f62f03a0ba5a97ba6db86a88,GBM_CFG=results/gbm_deephedge/benchmark_6_2/runs/seed_0001__train_oracle__feat_b__obj_cvar_a0.95__sigtrue_0.2__sigbar_0.1__lam_0.0005/run_cfg.json python -m src.train_deephedge_gbm
train=oracle|feat=B|obj=cvar|sigtrue=0.2|sigbar=0.1|lam=0.001|robust=none,seed_0001__train_oracle__feat_b__obj_cvar_a0.95__sigtrue_0.2__sigbar_0.1__lam_0.001,completed,2026-04-02T01:20:36Z,1,main_benchmark,main,benchmark,True,oracle,bs_delta,deep_hedge_oracle,,B,cvar,0.2,0.1,0.001,results/gbm_deephedge/benchmark_6_2/runs/seed_0001__train_oracle__feat_b__obj_cvar_a0.95__sigtrue_0.2__sigbar_0.1__lam_0.001,results/gbm_deephedge,3053723920290ba06a186ce91bd37578ca64424720618761535b53c2a307e5d0,76e694c21e709359f62f03a0ba5a97ba6db86a88,GBM_CFG=results/gbm_deephedge/benchmark_6_2/runs/seed_0001__train_oracle__feat_b__obj_cvar_a0.95__sigtrue_0.2__sigbar_0.1__lam_0.001/run_cfg.json python -m src.train_deephedge_gbm
train=oracle|feat=B|obj=cvar|sigtrue=0.2|sigbar=0.25|lam=0|robust=none,seed_0001__train_oracle__feat_b__obj_cvar_a0.95__sigtrue_0.2__sigbar_0.25__lam_0,completed,2026-04-02T01:19:25Z,1,main_benchmark,main,benchmark,True,oracle,bs_delta,deep_hedge_oracle,,B,cvar,0.2,0.25,0.0,results/gbm_deephedge/benchmark_6_2/runs/seed_0001__train_oracle__feat_b__obj_cvar_a0.95__sigtrue_0.2__sigbar_0.25__lam_0,results/gbm_deephedge,11a20c1b200877778ad2b9e2ff3baf6403d28b3d153b6e84058c10c6f75aa45c,76e694c21e709359f62f03a0ba5a97ba6db86a88,GBM_CFG=results/gbm_deephedge/benchmark_6_2/runs/seed_0001__train_oracle__feat_b__obj_cvar_a0.95__sigtrue_0.2__sigbar_0.25__lam_0/run_cfg.json python -m src.train_deephedge_gbm
train=oracle|feat=B|obj=cvar|sigtrue=0.2|sigbar=0.25|lam=0.0001|robust=none,seed_0001__train_oracle__feat_b__obj_cvar_a0.95__sigtrue_0.2__sigbar_0.25__lam_0.0001,completed,2026-04-02T01:19:50Z,1,main_benchmark,main,benchmark,True,oracle,bs_delta,deep_hedge_oracle,,B,cvar,0.2,0.25,0.0001,results/gbm_deephedge/benchmark_6_2/runs/seed_0001__train_oracle__feat_b__obj_cvar_a0.95__sigtrue_0.2__sigbar_0.25__lam_0.0001,results/gbm_deephedge,de505d8dc3359d32af88c4fc259ab36efe5c855dcb10bb7b15e2aec96a2a1ec7,76e694c21e709359f62f03a0ba5a97ba6db86a88,GBM_CFG=results/gbm_deephedge/benchmark_6_2/runs/seed_0001__train_oracle__feat_b__obj_cvar_a0.95__sigtrue_0.2__sigbar_0.25__lam_0.0001/run_cfg.json python -m src.train_deephedge_gbm
train=oracle|feat=B|obj=cvar|sigtrue=0.2|sigbar=0.25|lam=0.0005|robust=none,seed_0001__train_oracle__feat_b__obj_cvar_a0.95__sigtrue_0.2__sigbar_0.25__lam_0.0005,completed,2026-04-02T01:20:15Z,1,main_benchmark,main,benchmark,True,oracle,bs_delta,deep_hedge_oracle,,B,cvar,0.2,0.25,0.0005,results/gbm_deephedge/benchmark_6_2/runs/seed_0001__train_oracle__feat_b__obj_cvar_a0.95__sigtrue_0.2__sigbar_0.25__lam_0.0005,results/gbm_deephedge,475642c8e46b111221c126a9b6be8f1e579488aaf82936777a6bdd39e1b7efef,76e694c21e709359f62f03a0ba5a97ba6db86a88,GBM_CFG=results/gbm_deephedge/benchmark_6_2/runs/seed_0001__train_oracle__feat_b__obj_cvar_a0.95__sigtrue_0.2__sigbar_0.25__lam_0.0005/run_cfg.json python -m src.train_deephedge_gbm
train=oracle|feat=B|obj=cvar|sigtrue=0.2|sigbar=0.25|lam=0.001|robust=none,seed_0001__train_oracle__feat_b__obj_cvar_a0.95__sigtrue_0.2__sigbar_0.25__lam_0.001,completed,2026-04-02T01:20:41Z,1,main_benchmark,main,benchmark,True,oracle,bs_delta,deep_hedge_oracle,,B,cvar,0.2,0.25,0.001,results/gbm_deephedge/benchmark_6_2/runs/seed_0001__train_oracle__feat_b__obj_cvar_a0.95__sigtrue_0.2__sigbar_0.25__lam_0.001,results/gbm_deephedge,0c4b020d79d8cf47412224fc220de5305ae3fe8b904f47b9063790d6711252a3,76e694c21e709359f62f03a0ba5a97ba6db86a88,GBM_CFG=results/gbm_deephedge/benchmark_6_2/runs/seed_0001__train_oracle__feat_b__obj_cvar_a0.95__sigtrue_0.2__sigbar_0.25__lam_0.001/run_cfg.json python -m src.train_deephedge_gbm
train=oracle|feat=B|obj=cvar|sigtrue=0.2|sigbar=0.2|lam=0|robust=none,seed_0001__train_oracle__feat_b__obj_cvar_a0.95__sigtrue_0.2__sigbar_0.2__lam_0,completed,2026-04-01T21:56:28Z,1,main_benchmark,main,benchmark,True,oracle,bs_delta,deep_hedge_oracle,,B,cvar,0.2,0.2,0.0,results/gbm_deephedge/benchmark_6_2/runs/seed_0001__train_oracle__feat_b__obj_cvar_a0.95__sigtrue_0.2__sigbar_0.2__lam_0,results/gbm_deephedge,7b20a319d3c3f23a13931e5542fdbc962db5734c07499929388834ea79851ecb,76e694c21e709359f62f03a0ba5a97ba6db86a88,GBM_CFG=results/gbm_deephedge/benchmark_6_2/runs/seed_0001__train_oracle__feat_b__obj_cvar_a0.95__sigtrue_0.2__sigbar_0.2__lam_0/run_cfg.json python -m src.train_deephedge_gbm
train=oracle|feat=B|obj=cvar|sigtrue=0.2|sigbar=0.2|lam=0.0001|robust=none,seed_0001__train_oracle__feat_b__obj_cvar_a0.95__sigtrue_0.2__sigbar_0.2__lam_0.0001,completed,2026-04-01T22:36:57Z,1,main_benchmark,main,benchmark,True,oracle,bs_delta,deep_hedge_oracle,,B,cvar,0.2,0.2,0.0001,results/gbm_deephedge/benchmark_6_2/runs/seed_0001__train_oracle__feat_b__obj_cvar_a0.95__sigtrue_0.2__sigbar_0.2__lam_0.0001,results/gbm_deephedge,cf3f8e1fd0ff7c2635c589c9936200866c1e9ef1cc2ee35b6068892c215f1cc2,76e694c21e709359f62f03a0ba5a97ba6db86a88,GBM_CFG=results/gbm_deephedge/benchmark_6_2/runs/seed_0001__train_oracle__feat_b__obj_cvar_a0.95__sigtrue_0.2__sigbar_0.2__lam_0.0001/run_cfg.json python -m src.train_deephedge_gbm
train=oracle|feat=B|obj=cvar|sigtrue=0.2|sigbar=0.2|lam=0.0005|robust=none,seed_0001__train_oracle__feat_b__obj_cvar_a0.95__sigtrue_0.2__sigbar_0.2__lam_0.0005,completed,2026-04-01T23:18:55Z,1,main_benchmark,main,benchmark,True,oracle,bs_delta,deep_hedge_oracle,,B,cvar,0.2,0.2,0.0005,results/gbm_deephedge/benchmark_6_2/runs/seed_0001__train_oracle__feat_b__obj_cvar_a0.95__sigtrue_0.2__sigbar_0.2__lam_0.0005,results/gbm_deephedge,7857415d08bff9b822ffc6e1c1bfd122b992b301c23df52db9bdcc14ae9600bc,76e694c21e709359f62f03a0ba5a97ba6db86a88,GBM_CFG=results/gbm_deephedge/benchmark_6_2/runs/seed_0001__train_oracle__feat_b__obj_cvar_a0.95__sigtrue_0.2__sigbar_0.2__lam_0.0005/run_cfg.json python -m src.train_deephedge_gbm
train=oracle|feat=B|obj=cvar|sigtrue=0.2|sigbar=0.2|lam=0.001|robust=none,seed_0001__train_oracle__feat_b__obj_cvar_a0.95__sigtrue_0.2__sigbar_0.2__lam_0.001,completed,2026-04-02T00:04:59Z,1,main_benchmark,main,benchmark,True,oracle,bs_delta,deep_hedge_oracle,,B,cvar,0.2,0.2,0.001,results/gbm_deephedge/benchmark_6_2/runs/seed_0001__train_oracle__feat_b__obj_cvar_a0.95__sigtrue_0.2__sigbar_0.2__lam_0.001,results/gbm_deephedge,55c56142f0c05d9944ec3342e318f4f171d0c896ed263596a2a6c3e7642798b3,76e694c21e709359f62f03a0ba5a97ba6db86a88,GBM_CFG=results/gbm_deephedge/benchmark_6_2/runs/seed_0001__train_oracle__feat_b__obj_cvar_a0.95__sigtrue_0.2__sigbar_0.2__lam_0.001/run_cfg.json python -m src.train_deephedge_gbm
train=oracle|feat=B|obj=cvar|sigtrue=0.2|sigbar=0.3|lam=0|robust=none,seed_0001__train_oracle__feat_b__obj_cvar_a0.95__sigtrue_0.2__sigbar_0.3__lam_0,completed,2026-04-02T01:19:28Z,1,main_benchmark,main,benchmark,True,oracle,bs_delta,deep_hedge_oracle,,B,cvar,0.2,0.3,0.0,results/gbm_deephedge/benchmark_6_2/runs/seed_0001__train_oracle__feat_b__obj_cvar_a0.95__sigtrue_0.2__sigbar_0.3__lam_0,results/gbm_deephedge,b6065988d04f7e62552e989011453caf4b02a8f4cea3a1a4cab10ea5850fd5bc,76e694c21e709359f62f03a0ba5a97ba6db86a88,GBM_CFG=results/gbm_deephedge/benchmark_6_2/runs/seed_0001__train_oracle__feat_b__obj_cvar_a0.95__sigtrue_0.2__sigbar_0.3__lam_0/run_cfg.json python -m src.train_deephedge_gbm
train=oracle|feat=B|obj=cvar|sigtrue=0.2|sigbar=0.3|lam=0.0001|robust=none,seed_0001__train_oracle__feat_b__obj_cvar_a0.95__sigtrue_0.2__sigbar_0.3__lam_0.0001,completed,2026-04-02T01:19:53Z,1,main_benchmark,main,benchmark,True,oracle,bs_delta,deep_hedge_oracle,,B,cvar,0.2,0.3,0.0001,results/gbm_deephedge/benchmark_6_2/runs/seed_0001__train_oracle__feat_b__obj_cvar_a0.95__sigtrue_0.2__sigbar_0.3__lam_0.0001,results/gbm_deephedge,db3266879a27742b4de3aa1e2c51a560cf8302297ee74d2dc9cb0f4cbb9fdec4,76e694c21e709359f62f03a0ba5a97ba6db86a88,GBM_CFG=results/gbm_deephedge/benchmark_6_2/runs/seed_0001__train_oracle__feat_b__obj_cvar_a0.95__sigtrue_0.2__sigbar_0.3__lam_0.0001/run_cfg.json python -m src.train_deephedge_gbm
train=oracle|feat=B|obj=cvar|sigtrue=0.2|sigbar=0.3|lam=0.0005|robust=none,seed_0001__train_oracle__feat_b__obj_cvar_a0.95__sigtrue_0.2__sigbar_0.3__lam_0.0005,completed,2026-04-02T01:20:18Z,1,main_benchmark,main,benchmark,True,oracle,bs_delta,deep_hedge_oracle,,B,cvar,0.2,0.3,0.0005,results/gbm_deephedge/benchmark_6_2/runs/seed_0001__train_oracle__feat_b__obj_cvar_a0.95__sigtrue_0.2__sigbar_0.3__lam_0.0005,results/gbm_deephedge,728c27a68c132a823d178bc37d1f5379276a6df07e4791186f7bea5a74ec0f4a,76e694c21e709359f62f03a0ba5a97ba6db86a88,GBM_CFG=results/gbm_deephedge/benchmark_6_2/runs/seed_0001__train_oracle__feat_b__obj_cvar_a0.95__sigtrue_0.2__sigbar_0.3__lam_0.0005/run_cfg.json python -m src.train_deephedge_gbm
train=oracle|feat=B|obj=cvar|sigtrue=0.2|sigbar=0.3|lam=0.001|robust=none,seed_0001__train_oracle__feat_b__obj_cvar_a0.95__sigtrue_0.2__sigbar_0.3__lam_0.001,completed,2026-04-02T01:20:45Z,1,main_benchmark,main,benchmark,True,oracle,bs_delta,deep_hedge_oracle,,B,cvar,0.2,0.3,0.001,results/gbm_deephedge/benchmark_6_2/runs/seed_0001__train_oracle__feat_b__obj_cvar_a0.95__sigtrue_0.2__sigbar_0.3__lam_0.001,results/gbm_deephedge,91471104d215a0af979660fa78f49c395270cf1728ea2713f15a942025bed5d0,76e694c21e709359f62f03a0ba5a97ba6db86a88,GBM_CFG=results/gbm_deephedge/benchmark_6_2/runs/seed_0001__train_oracle__feat_b__obj_cvar_a0.95__sigtrue_0.2__sigbar_0.3__lam_0.001/run_cfg.json python -m src.train_deephedge_gbm
"train=robust|feat=B|obj=cvar|sigtrue=0.2|sigbar=0.15|lam=0|robust=0.15,0.2,0.25",seed_0001__train_robust_s0.15-0.2-0.25__feat_b__obj_cvar_a0.95__sigtrue_0.2__sigbar_0.15__lam_0,completed,2026-04-02T01:19:34Z,1,main_benchmark,main,benchmark,True,robust,bs_delta,deep_hedge_robust,0.15|0.2|0.25,B,cvar,0.2,0.15,0.0,results/gbm_deephedge/benchmark_6_2/runs/seed_0001__train_robust_s0.15-0.2-0.25__feat_b__obj_cvar_a0.95__sigtrue_0.2__sigbar_0.15__lam_0,results/gbm_deephedge,dcdb7b380196626f4d1acf998be5eb5237d0fc00baa23e14c878ec4d13c93159,76e694c21e709359f62f03a0ba5a97ba6db86a88,GBM_CFG=results/gbm_deephedge/benchmark_6_2/runs/seed_0001__train_robust_s0.15-0.2-0.25__feat_b__obj_cvar_a0.95__sigtrue_0.2__sigbar_0.15__lam_0/run_cfg.json python -m src.train_deephedge_gbm
"train=robust|feat=B|obj=cvar|sigtrue=0.2|sigbar=0.15|lam=0.0001|robust=0.15,0.2,0.25",seed_0001__train_robust_s0.15-0.2-0.25__feat_b__obj_cvar_a0.95__sigtrue_0.2__sigbar_0.15__lam_0.0001,completed,2026-04-02T01:19:59Z,1,main_benchmark,main,benchmark,True,robust,bs_delta,deep_hedge_robust,0.15|0.2|0.25,B,cvar,0.2,0.15,0.0001,results/gbm_deephedge/benchmark_6_2/runs/seed_0001__train_robust_s0.15-0.2-0.25__feat_b__obj_cvar_a0.95__sigtrue_0.2__sigbar_0.15__lam_0.0001,results/gbm_deephedge,b67eba9728e9fd42075acf23db4d077533e48b444dfb7b1cfc3038896305afa3,76e694c21e709359f62f03a0ba5a97ba6db86a88,GBM_CFG=results/gbm_deephedge/benchmark_6_2/runs/seed_0001__train_robust_s0.15-0.2-0.25__feat_b__obj_cvar_a0.95__sigtrue_0.2__sigbar_0.15__lam_0.0001/run_cfg.json python -m src.train_deephedge_gbm
"train=robust|feat=B|obj=cvar|sigtrue=0.2|sigbar=0.15|lam=0.0005|robust=0.15,0.2,0.25",seed_0001__train_robust_s0.15-0.2-0.25__feat_b__obj_cvar_a0.95__sigtrue_0.2__sigbar_0.15__lam_0.0005,completed,2026-04-02T01:20:25Z,1,main_benchmark,main,benchmark,True,robust,bs_delta,deep_hedge_robust,0.15|0.2|0.25,B,cvar,0.2,0.15,0.0005,results/gbm_deephedge/benchmark_6_2/runs/seed_0001__train_robust_s0.15-0.2-0.25__feat_b__obj_cvar_a0.95__sigtrue_0.2__sigbar_0.15__lam_0.0005,results/gbm_deephedge,81a136b2395cdaa0d4ef35cc89d471465d1be9179a1e3c55085afa7ba03e83ea,76e694c21e709359f62f03a0ba5a97ba6db86a88,GBM_CFG=results/gbm_deephedge/benchmark_6_2/runs/seed_0001__train_robust_s0.15-0.2-0.25__feat_b__obj_cvar_a0.95__sigtrue_0.2__sigbar_0.15__lam_0.0005/run_cfg.json python -m src.train_deephedge_gbm
"train=robust|feat=B|obj=cvar|sigtrue=0.2|sigbar=0.15|lam=0.001|robust=0.15,0.2,0.25",seed_0001__train_robust_s0.15-0.2-0.25__feat_b__obj_cvar_a0.95__sigtrue_0.2__sigbar_0.15__lam_0.001,completed,2026-04-02T01:20:51Z,1,main_benchmark,main,benchmark,True,robust,bs_delta,deep_hedge_robust,0.15|0.2|0.25,B,cvar,0.2,0.15,0.001,results/gbm_deephedge/benchmark_6_2/runs/seed_0001__train_robust_s0.15-0.2-0.25__feat_b__obj_cvar_a0.95__sigtrue_0.2__sigbar_0.15__lam_0.001,results/gbm_deephedge,0ec8741174fcca679d2dfbc61f57f5b23ad30823f495323098d8ac63d8f85f4e,76e694c21e709359f62f03a0ba5a97ba6db86a88,GBM_CFG=results/gbm_deephedge/benchmark_6_2/runs/seed_0001__train_robust_s0.15-0.2-0.25__feat_b__obj_cvar_a0.95__sigtrue_0.2__sigbar_0.15__lam_0.001/run_cfg.json python -m src.train_deephedge_gbm
"train=robust|feat=B|obj=cvar|sigtrue=0.2|sigbar=0.1|lam=0|robust=0.15,0.2,0.25",seed_0001__train_robust_s0.15-0.2-0.25__feat_b__obj_cvar_a0.95__sigtrue_0.2__sigbar_0.1__lam_0,completed,2026-04-02T01:19:31Z,1,main_benchmark,main,benchmark,True,robust,bs_delta,deep_hedge_robust,0.15|0.2|0.25,B,cvar,0.2,0.1,0.0,results/gbm_deephedge/benchmark_6_2/runs/seed_0001__train_robust_s0.15-0.2-0.25__feat_b__obj_cvar_a0.95__sigtrue_0.2__sigbar_0.1__lam_0,results/gbm_deephedge,ba5c36aa947865b8a4ee53728ca6b32b4dc407c2784bafcd1efeb2fa9c3c5ee4,76e694c21e709359f62f03a0ba5a97ba6db86a88,GBM_CFG=results/gbm_deephedge/benchmark_6_2/runs/seed_0001__train_robust_s0.15-0.2-0.25__feat_b__obj_cvar_a0.95__sigtrue_0.2__sigbar_0.1__lam_0/run_cfg.json python -m src.train_deephedge_gbm
"train=robust|feat=B|obj=cvar|sigtrue=0.2|sigbar=0.1|lam=0.0001|robust=0.15,0.2,0.25",seed_0001__train_robust_s0.15-0.2-0.25__feat_b__obj_cvar_a0.95__sigtrue_0.2__sigbar_0.1__lam_0.0001,completed,2026-04-02T01:19:56Z,1,main_benchmark,main,benchmark,True,robust,bs_delta,deep_hedge_robust,0.15|0.2|0.25,B,cvar,0.2,0.1,0.0001,results/gbm_deephedge/benchmark_6_2/runs/seed_0001__train_robust_s0.15-0.2-0.25__feat_b__obj_cvar_a0.95__sigtrue_0.2__sigbar_0.1__lam_0.0001,results/gbm_deephedge,7f34a4b0ba8c09f4020b15c7e3250045696bf0981b21e960997db71849f7e4c8,76e694c21e709359f62f03a0ba5a97ba6db86a88,GBM_CFG=results/gbm_deephedge/benchmark_6_2/runs/seed_0001__train_robust_s0.15-0.2-0.25__feat_b__obj_cvar_a0.95__sigtrue_0.2__sigbar_0.1__lam_0.0001/run_cfg.json python -m src.train_deephedge_gbm
"train=robust|feat=B|obj=cvar|sigtrue=0.2|sigbar=0.1|lam=0.0005|robust=0.15,0.2,0.25",seed_0001__train_robust_s0.15-0.2-0.25__feat_b__obj_cvar_a0.95__sigtrue_0.2__sigbar_0.1__lam_0.0005,completed,2026-04-02T01:20:22Z,1,main_benchmark,main,benchmark,True,robust,bs_delta,deep_hedge_robust,0.15|0.2|0.25,B,cvar,0.2,0.1,0.0005,results/gbm_deephedge/benchmark_6_2/runs/seed_0001__train_robust_s0.15-0.2-0.25__feat_b__obj_cvar_a0.95__sigtrue_0.2__sigbar_0.1__lam_0.0005,results/gbm_deephedge,6b9ad338a9f258a1d81081c10629d9a9dfd5424524f5fe31627c1fada630b447,76e694c21e709359f62f03a0ba5a97ba6db86a88,GBM_CFG=results/gbm_deephedge/benchmark_6_2/runs/seed_0001__train_robust_s0.15-0.2-0.25__feat_b__obj_cvar_a0.95__sigtrue_0.2__sigbar_0.1__lam_0.0005/run_cfg.json python -m src.train_deephedge_gbm
"train=robust|feat=B|obj=cvar|sigtrue=0.2|sigbar=0.1|lam=0.001|robust=0.15,0.2,0.25",seed_0001__train_robust_s0.15-0.2-0.25__feat_b__obj_cvar_a0.95__sigtrue_0.2__sigbar_0.1__lam_0.001,completed,2026-04-02T01:20:48Z,1,main_benchmark,main,benchmark,True,robust,bs_delta,deep_hedge_robust,0.15|0.2|0.25,B,cvar,0.2,0.1,0.001,results/gbm_deephedge/benchmark_6_2/runs/seed_0001__train_robust_s0.15-0.2-0.25__feat_b__obj_cvar_a0.95__sigtrue_0.2__sigbar_0.1__lam_0.001,results/gbm_deephedge,ed8bed1a81946a6417ca0946cedabb3e1f66b1f54b3093200d1634902ac4ad98,76e694c21e709359f62f03a0ba5a97ba6db86a88,GBM_CFG=results/gbm_deephedge/benchmark_6_2/runs/seed_0001__train_robust_s0.15-0.2-0.25__feat_b__obj_cvar_a0.95__sigtrue_0.2__sigbar_0.1__lam_0.001/run_cfg.json python -m src.train_deephedge_gbm
"train=robust|feat=B|obj=cvar|sigtrue=0.2|sigbar=0.25|lam=0|robust=0.15,0.2,0.25",seed_0001__train_robust_s0.15-0.2-0.25__feat_b__obj_cvar_a0.95__sigtrue_0.2__sigbar_0.25__lam_0,completed,2026-04-02T01:19:38Z,1,main_benchmark,main,benchmark,True,robust,bs_delta,deep_hedge_robust,0.15|0.2|0.25,B,cvar,0.2,0.25,0.0,results/gbm_deephedge/benchmark_6_2/runs/seed_0001__train_robust_s0.15-0.2-0.25__feat_b__obj_cvar_a0.95__sigtrue_0.2__sigbar_0.25__lam_0,results/gbm_deephedge,d3130231de11fc4126893cf152f0a0e461219b2e19f3c509479e30f05b4943b2,76e694c21e709359f62f03a0ba5a97ba6db86a88,GBM_CFG=results/gbm_deephedge/benchmark_6_2/runs/seed_0001__train_robust_s0.15-0.2-0.25__feat_b__obj_cvar_a0.95__sigtrue_0.2__sigbar_0.25__lam_0/run_cfg.json python -m src.train_deephedge_gbm
"train=robust|feat=B|obj=cvar|sigtrue=0.2|sigbar=0.25|lam=0.0001|robust=0.15,0.2,0.25",seed_0001__train_robust_s0.15-0.2-0.25__feat_b__obj_cvar_a0.95__sigtrue_0.2__sigbar_0.25__lam_0.0001,completed,2026-04-02T01:20:03Z,1,main_benchmark,main,benchmark,True,robust,bs_delta,deep_hedge_robust,0.15|0.2|0.25,B,cvar,0.2,0.25,0.0001,results/gbm_deephedge/benchmark_6_2/runs/seed_0001__train_robust_s0.15-0.2-0.25__feat_b__obj_cvar_a0.95__sigtrue_0.2__sigbar_0.25__lam_0.0001,results/gbm_deephedge,56bbcb0fd09590c4cc98fb0699fde5f3e14dc9c56ecd198597644f42d2ba7a01,76e694c21e709359f62f03a0ba5a97ba6db86a88,GBM_CFG=results/gbm_deephedge/benchmark_6_2/runs/seed_0001__train_robust_s0.15-0.2-0.25__feat_b__obj_cvar_a0.95__sigtrue_0.2__sigbar_0.25__lam_0.0001/run_cfg.json python -m src.train_deephedge_gbm
"train=robust|feat=B|obj=cvar|sigtrue=0.2|sigbar=0.25|lam=0.0005|robust=0.15,0.2,0.25",seed_0001__train_robust_s0.15-0.2-0.25__feat_b__obj_cvar_a0.95__sigtrue_0.2__sigbar_0.25__lam_0.0005,completed,2026-04-02T01:20:29Z,1,main_benchmark,main,benchmark,True,robust,bs_delta,deep_hedge_robust,0.15|0.2|0.25,B,cvar,0.2,0.25,0.0005,results/gbm_deephedge/benchmark_6_2/runs/seed_0001__train_robust_s0.15-0.2-0.25__feat_b__obj_cvar_a0.95__sigtrue_0.2__sigbar_0.25__lam_0.0005,results/gbm_deephedge,5f51afedd1e923359a6e78937b49e112c4f07d96754a4ffdf72ab7af164c15b0,76e694c21e709359f62f03a0ba5a97ba6db86a88,GBM_CFG=results/gbm_deephedge/benchmark_6_2/runs/seed_0001__train_robust_s0.15-0.2-0.25__feat_b__obj_cvar_a0.95__sigtrue_0.2__sigbar_0.25__lam_0.0005/run_cfg.json python -m src.train_deephedge_gbm
"train=robust|feat=B|obj=cvar|sigtrue=0.2|sigbar=0.25|lam=0.001|robust=0.15,0.2,0.25",seed_0001__train_robust_s0.15-0.2-0.25__feat_b__obj_cvar_a0.95__sigtrue_0.2__sigbar_0.25__lam_0.001,completed,2026-04-02T01:20:55Z,1,main_benchmark,main,benchmark,True,robust,bs_delta,deep_hedge_robust,0.15|0.2|0.25,B,cvar,0.2,0.25,0.001,results/gbm_deephedge/benchmark_6_2/runs/seed_0001__train_robust_s0.15-0.2-0.25__feat_b__obj_cvar_a0.95__sigtrue_0.2__sigbar_0.25__lam_0.001,results/gbm_deephedge,571bc1a5a700679219eafce22d851491c380431f112c76aefab62073c92ada85,76e694c21e709359f62f03a0ba5a97ba6db86a88,GBM_CFG=results/gbm_deephedge/benchmark_6_2/runs/seed_0001__train_robust_s0.15-0.2-0.25__feat_b__obj_cvar_a0.95__sigtrue_0.2__sigbar_0.25__lam_0.001/run_cfg.json python -m src.train_deephedge_gbm
"train=robust|feat=B|obj=cvar|sigtrue=0.2|sigbar=0.2|lam=0|robust=0.15,0.2,0.25",seed_0001__train_robust_s0.15-0.2-0.25__feat_b__obj_cvar_a0.95__sigtrue_0.2__sigbar_0.2__lam_0,completed,2026-04-01T21:58:40Z,1,main_benchmark,main,benchmark,True,robust,bs_delta,deep_hedge_robust,0.15|0.2|0.25,B,cvar,0.2,0.2,0.0,results/gbm_deephedge/benchmark_6_2/runs/seed_0001__train_robust_s0.15-0.2-0.25__feat_b__obj_cvar_a0.95__sigtrue_0.2__sigbar_0.2__lam_0,results/gbm_deephedge,1e040de5c0e5f71c0eedbf4f2a0d8a819ada0e2e05a5a2d454ac4a7362373f28,76e694c21e709359f62f03a0ba5a97ba6db86a88,GBM_CFG=results/gbm_deephedge/benchmark_6_2/runs/seed_0001__train_robust_s0.15-0.2-0.25__feat_b__obj_cvar_a0.95__sigtrue_0.2__sigbar_0.2__lam_0/run_cfg.json python -m src.train_deephedge_gbm
"train=robust|feat=B|obj=cvar|sigtrue=0.2|sigbar=0.2|lam=0.0001|robust=0.15,0.2,0.25",seed_0001__train_robust_s0.15-0.2-0.25__feat_b__obj_cvar_a0.95__sigtrue_0.2__sigbar_0.2__lam_0.0001,completed,2026-04-01T22:39:08Z,1,main_benchmark,main,benchmark,True,robust,bs_delta,deep_hedge_robust,0.15|0.2|0.25,B,cvar,0.2,0.2,0.0001,results/gbm_deephedge/benchmark_6_2/runs/seed_0001__train_robust_s0.15-0.2-0.25__feat_b__obj_cvar_a0.95__sigtrue_0.2__sigbar_0.2__lam_0.0001,results/gbm_deephedge,6ec4f69295e2701c1f8125883fdb4039bdeb347523e4b614cecbca5f8ade38fd,76e694c21e709359f62f03a0ba5a97ba6db86a88,GBM_CFG=results/gbm_deephedge/benchmark_6_2/runs/seed_0001__train_robust_s0.15-0.2-0.25__feat_b__obj_cvar_a0.95__sigtrue_0.2__sigbar_0.2__lam_0.0001/run_cfg.json python -m src.train_deephedge_gbm
"train=robust|feat=B|obj=cvar|sigtrue=0.2|sigbar=0.2|lam=0.0005|robust=0.15,0.2,0.25",seed_0001__train_robust_s0.15-0.2-0.25__feat_b__obj_cvar_a0.95__sigtrue_0.2__sigbar_0.2__lam_0.0005,completed,2026-04-01T23:21:07Z,1,main_benchmark,main,benchmark,True,robust,bs_delta,deep_hedge_robust,0.15|0.2|0.25,B,cvar,0.2,0.2,0.0005,results/gbm_deephedge/benchmark_6_2/runs/seed_0001__train_robust_s0.15-0.2-0.25__feat_b__obj_cvar_a0.95__sigtrue_0.2__sigbar_0.2__lam_0.0005,results/gbm_deephedge,cf28db32e78183de1534241fd522d5aa2caf8c9fce1012519a5b68324be6a7a2,76e694c21e709359f62f03a0ba5a97ba6db86a88,GBM_CFG=results/gbm_deephedge/benchmark_6_2/runs/seed_0001__train_robust_s0.15-0.2-0.25__feat_b__obj_cvar_a0.95__sigtrue_0.2__sigbar_0.2__lam_0.0005/run_cfg.json python -m src.train_deephedge_gbm
"train=robust|feat=B|obj=cvar|sigtrue=0.2|sigbar=0.2|lam=0.001|robust=0.15,0.2,0.25",seed_0001__train_robust_s0.15-0.2-0.25__feat_b__obj_cvar_a0.95__sigtrue_0.2__sigbar_0.2__lam_0.001,completed,2026-04-02T00:07:10Z,1,main_benchmark,main,benchmark,True,robust,bs_delta,deep_hedge_robust,0.15|0.2|0.25,B,cvar,0.2,0.2,0.001,results/gbm_deephedge/benchmark_6_2/runs/seed_0001__train_robust_s0.15-0.2-0.25__feat_b__obj_cvar_a0.95__sigtrue_0.2__sigbar_0.2__lam_0.001,results/gbm_deephedge,5ec58839830ab3849d57d2d1257b4423aef3c7b082b42fcc2a248631a523fdb3,76e694c21e709359f62f03a0ba5a97ba6db86a88,GBM_CFG=results/gbm_deephedge/benchmark_6_2/runs/seed_0001__train_robust_s0.15-0.2-0.25__feat_b__obj_cvar_a0.95__sigtrue_0.2__sigbar_0.2__lam_0.001/run_cfg.json python -m src.train_deephedge_gbm
"train=robust|feat=B|obj=cvar|sigtrue=0.2|sigbar=0.3|lam=0|robust=0.15,0.2,0.25",seed_0001__train_robust_s0.15-0.2-0.25__feat_b__obj_cvar_a0.95__sigtrue_0.2__sigbar_0.3__lam_0,completed,2026-04-02T01:19:41Z,1,main_benchmark,main,benchmark,True,robust,bs_delta,deep_hedge_robust,0.15|0.2|0.25,B,cvar,0.2,0.3,0.0,results/gbm_deephedge/benchmark_6_2/runs/seed_0001__train_robust_s0.15-0.2-0.25__feat_b__obj_cvar_a0.95__sigtrue_0.2__sigbar_0.3__lam_0,results/gbm_deephedge,13ab7661a28f498ef0dc2b60591b93dc25922708234036bd45ad5e4602ce3cdd,76e694c21e709359f62f03a0ba5a97ba6db86a88,GBM_CFG=results/gbm_deephedge/benchmark_6_2/runs/seed_0001__train_robust_s0.15-0.2-0.25__feat_b__obj_cvar_a0.95__sigtrue_0.2__sigbar_0.3__lam_0/run_cfg.json python -m src.train_deephedge_gbm
"train=robust|feat=B|obj=cvar|sigtrue=0.2|sigbar=0.3|lam=0.0001|robust=0.15,0.2,0.25",seed_0001__train_robust_s0.15-0.2-0.25__feat_b__obj_cvar_a0.95__sigtrue_0.2__sigbar_0.3__lam_0.0001,completed,2026-04-02T01:20:06Z,1,main_benchmark,main,benchmark,True,robust,bs_delta,deep_hedge_robust,0.15|0.2|0.25,B,cvar,0.2,0.3,0.0001,results/gbm_deephedge/benchmark_6_2/runs/seed_0001__train_robust_s0.15-0.2-0.25__feat_b__obj_cvar_a0.95__sigtrue_0.2__sigbar_0.3__lam_0.0001,results/gbm_deephedge,863c6eb25348db8a23665ffb14e071b11584f8d57fc85e6d12860506ba6c57b5,76e694c21e709359f62f03a0ba5a97ba6db86a88,GBM_CFG=results/gbm_deephedge/benchmark_6_2/runs/seed_0001__train_robust_s0.15-0.2-0.25__feat_b__obj_cvar_a0.95__sigtrue_0.2__sigbar_0.3__lam_0.0001/run_cfg.json python -m src.train_deephedge_gbm
"train=robust|feat=B|obj=cvar|sigtrue=0.2|sigbar=0.3|lam=0.0005|robust=0.15,0.2,0.25",seed_0001__train_robust_s0.15-0.2-0.25__feat_b__obj_cvar_a0.95__sigtrue_0.2__sigbar_0.3__lam_0.0005,completed,2026-04-02T01:20:32Z,1,main_benchmark,main,benchmark,True,robust,bs_delta,deep_hedge_robust,0.15|0.2|0.25,B,cvar,0.2,0.3,0.0005,results/gbm_deephedge/benchmark_6_2/runs/seed_0001__train_robust_s0.15-0.2-0.25__feat_b__obj_cvar_a0.95__sigtrue_0.2__sigbar_0.3__lam_0.0005,results/gbm_deephedge,021db42a4118e55c5f3ba428b31aadd63d3d8d65f389001ef86d96681c201ba2,76e694c21e709359f62f03a0ba5a97ba6db86a88,GBM_CFG=results/gbm_deephedge/benchmark_6_2/runs/seed_0001__train_robust_s0.15-0.2-0.25__feat_b__obj_cvar_a0.95__sigtrue_0.2__sigbar_0.3__lam_0.0005/run_cfg.json python -m src.train_deephedge_gbm
"train=robust|feat=B|obj=cvar|sigtrue=0.2|sigbar=0.3|lam=0.001|robust=0.15,0.2,0.25",seed_0001__train_robust_s0.15-0.2-0.25__feat_b__obj_cvar_a0.95__sigtrue_0.2__sigbar_0.3__lam_0.001,completed,2026-04-02T01:20:58Z,1,main_benchmark,main,benchmark,True,robust,bs_delta,deep_hedge_robust,0.15|0.2|0.25,B,cvar,0.2,0.3,0.001,results/gbm_deephedge/benchmark_6_2/runs/seed_0001__train_robust_s0.15-0.2-0.25__feat_b__obj_cvar_a0.95__sigtrue_0.2__sigbar_0.3__lam_0.001,results/gbm_deephedge,9025216e50eb22bf30466742d977f7601eb56d25f1630ad84259c88ea72ffbc3,76e694c21e709359f62f03a0ba5a97ba6db86a88,GBM_CFG=results/gbm_deephedge/benchmark_6_2/runs/seed_0001__train_robust_s0.15-0.2-0.25__feat_b__obj_cvar_a0.95__sigtrue_0.2__sigbar_0.3__lam_0.001/run_cfg.json python -m src.train_deephedge_gbm
train=oracle|feat=B|obj=cvar|sigtrue=0.2|sigbar=0.15|lam=0|robust=none,seed_0002__train_oracle__feat_b__obj_cvar_a0.95__sigtrue_0.2__sigbar_0.15__lam_0,completed,2026-04-02T01:21:04Z,2,main_benchmark,main,benchmark,True,oracle,bs_delta,deep_hedge_oracle,,B,cvar,0.2,0.15,0.0,results/gbm_deephedge/benchmark_6_2/runs/seed_0002__train_oracle__feat_b__obj_cvar_a0.95__sigtrue_0.2__sigbar_0.15__lam_0,results/gbm_deephedge,6c37de8e36089e223356182dd35471513a0e3bdabcebbe7a297f7dc5a534823d,76e694c21e709359f62f03a0ba5a97ba6db86a88,GBM_CFG=results/gbm_deephedge/benchmark_6_2/runs/seed_0002__train_oracle__feat_b__obj_cvar_a0.95__sigtrue_0.2__sigbar_0.15__lam_0/run_cfg.json python -m src.train_deephedge_gbm
train=oracle|feat=B|obj=cvar|sigtrue=0.2|sigbar=0.15|lam=0.0001|robust=none,seed_0002__train_oracle__feat_b__obj_cvar_a0.95__sigtrue_0.2__sigbar_0.15__lam_0.0001,completed,2026-04-02T01:21:30Z,2,main_benchmark,main,benchmark,True,oracle,bs_delta,deep_hedge_oracle,,B,cvar,0.2,0.15,0.0001,results/gbm_deephedge/benchmark_6_2/runs/seed_0002__train_oracle__feat_b__obj_cvar_a0.95__sigtrue_0.2__sigbar_0.15__lam_0.0001,results/gbm_deephedge,e5015a7651a520c2dd9d8ac2263b3c478192be3759fdc4049a382d3ba24d4707,76e694c21e709359f62f03a0ba5a97ba6db86a88,GBM_CFG=results/gbm_deephedge/benchmark_6_2/runs/seed_0002__train_oracle__feat_b__obj_cvar_a0.95__sigtrue_0.2__sigbar_0.15__lam_0.0001/run_cfg.json python -m src.train_deephedge_gbm
train=oracle|feat=B|obj=cvar|sigtrue=0.2|sigbar=0.15|lam=0.0005|robust=none,seed_0002__train_oracle__feat_b__obj_cvar_a0.95__sigtrue_0.2__sigbar_0.15__lam_0.0005,completed,2026-04-02T01:21:54Z,2,main_benchmark,main,benchmark,True,oracle,bs_delta,deep_hedge_oracle,,B,cvar,0.2,0.15,0.0005,results/gbm_deephedge/benchmark_6_2/runs/seed_0002__train_oracle__feat_b__obj_cvar_a0.95__sigtrue_0.2__sigbar_0.15__lam_0.0005,results/gbm_deephedge,815994e7eb5318a0a2864867569cc9059f8330d0d41f5b2763a7de309e972d74,76e694c21e709359f62f03a0ba5a97ba6db86a88,GBM_CFG=results/gbm_deephedge/benchmark_6_2/runs/seed_0002__train_oracle__feat_b__obj_cvar_a0.95__sigtrue_0.2__sigbar_0.15__lam_0.0005/run_cfg.json python -m src.train_deephedge_gbm
train=oracle|feat=B|obj=cvar|sigtrue=0.2|sigbar=0.15|lam=0.001|robust=none,seed_0002__train_oracle__feat_b__obj_cvar_a0.95__sigtrue_0.2__sigbar_0.15__lam_0.001,completed,2026-04-02T01:22:19Z,2,main_benchmark,main,benchmark,True,oracle,bs_delta,deep_hedge_oracle,,B,cvar,0.2,0.15,0.001,results/gbm_deephedge/benchmark_6_2/runs/seed_0002__train_oracle__feat_b__obj_cvar_a0.95__sigtrue_0.2__sigbar_0.15__lam_0.001,results/gbm_deephedge,6de0c5cb3f2daa3a109ef3738bb6aa1229f80f190b63015abfa6aa5f6a9484b2,76e694c21e709359f62f03a0ba5a97ba6db86a88,GBM_CFG=results/gbm_deephedge/benchmark_6_2/runs/seed_0002__train_oracle__feat_b__obj_cvar_a0.95__sigtrue_0.2__sigbar_0.15__lam_0.001/run_cfg.json python -m src.train_deephedge_gbm
train=oracle|feat=B|obj=cvar|sigtrue=0.2|sigbar=0.1|lam=0|robust=none,seed_0002__train_oracle__feat_b__obj_cvar_a0.95__sigtrue_0.2__sigbar_0.1__lam_0,completed,2026-04-02T01:21:01Z,2,main_benchmark,main,benchmark,True,oracle,bs_delta,deep_hedge_oracle,,B,cvar,0.2,0.1,0.0,results/gbm_deephedge/benchmark_6_2/runs/seed_0002__train_oracle__feat_b__obj_cvar_a0.95__sigtrue_0.2__sigbar_0.1__lam_0,results/gbm_deephedge,d889aa1924b3138a45b5d3a717f71fa31083599603ab5036a5c5a148c3908371,76e694c21e709359f62f03a0ba5a97ba6db86a88,GBM_CFG=results/gbm_deephedge/benchmark_6_2/runs/seed_0002__train_oracle__feat_b__obj_cvar_a0.95__sigtrue_0.2__sigbar_0.1__lam_0/run_cfg.json python -m src.train_deephedge_gbm
train=oracle|feat=B|obj=cvar|sigtrue=0.2|sigbar=0.1|lam=0.0001|robust=none,seed_0002__train_oracle__feat_b__obj_cvar_a0.95__sigtrue_0.2__sigbar_0.1__lam_0.0001,completed,2026-04-02T01:21:27Z,2,main_benchmark,main,benchmark,True,oracle,bs_delta,deep_hedge_oracle,,B,cvar,0.2,0.1,0.0001,results/gbm_deephedge/benchmark_6_2/runs/seed_0002__train_oracle__feat_b__obj_cvar_a0.95__sigtrue_0.2__sigbar_0.1__lam_0.0001,results/gbm_deephedge,ba4ec0830a1e6e91bef86ee311a0c84f00e14906b9ca94aaad94f666b39b0eb9,76e694c21e709359f62f03a0ba5a97ba6db86a88,GBM_CFG=results/gbm_deephedge/benchmark_6_2/runs/seed_0002__train_oracle__feat_b__obj_cvar_a0.95__sigtrue_0.2__sigbar_0.1__lam_0.0001/run_cfg.json python -m src.train_deephedge_gbm
train=oracle|feat=B|obj=cvar|sigtrue=0.2|sigbar=0.1|lam=0.0005|robust=none,seed_0002__train_oracle__feat_b__obj_cvar_a0.95__sigtrue_0.2__sigbar_0.1__lam_0.0005,completed,2026-04-02T01:21:51Z,2,main_benchmark,main,benchmark,True,oracle,bs_delta,deep_hedge_oracle,,B,cvar,0.2,0.1,0.0005,results/gbm_deephedge/benchmark_6_2/runs/seed_0002__train_oracle__feat_b__obj_cvar_a0.95__sigtrue_0.2__sigbar_0.1__lam_0.0005,results/gbm_deephedge,6808c146eb7fe387d99d7216aa7deb38546292fec7d7e01c501bb102a247f2ea,76e694c21e709359f62f03a0ba5a97ba6db86a88,GBM_CFG=results/gbm_deephedge/benchmark_6_2/runs/seed_0002__train_oracle__feat_b__obj_cvar_a0.95__sigtrue_0.2__sigbar_0.1__lam_0.0005/run_cfg.json python -m src.train_deephedge_gbm
train=oracle|feat=B|obj=cvar|sigtrue=0.2|sigbar=0.1|lam=0.001|robust=none,seed_0002__train_oracle__feat_b__obj_cvar_a0.95__sigtrue_0.2__sigbar_0.1__lam_0.001,completed,2026-04-02T01:22:16Z,2,main_benchmark,main,benchmark,True,oracle,bs_delta,deep_hedge_oracle,,B,cvar,0.2,0.1,0.001,results/gbm_deephedge/benchmark_6_2/runs/seed_0002__train_oracle__feat_b__obj_cvar_a0.95__sigtrue_0.2__sigbar_0.1__lam_0.001,results/gbm_deephedge,27780305c1c791774a72e1dd1bdd846e59f3509c869eec5f983167f6245315c6,76e694c21e709359f62f03a0ba5a97ba6db86a88,GBM_CFG=results/gbm_deephedge/benchmark_6_2/runs/seed_0002__train_oracle__feat_b__obj_cvar_a0.95__sigtrue_0.2__sigbar_0.1__lam_0.001/run_cfg.json python -m src.train_deephedge_gbm
train=oracle|feat=B|obj=cvar|sigtrue=0.2|sigbar=0.25|lam=0|robust=none,seed_0002__train_oracle__feat_b__obj_cvar_a0.95__sigtrue_0.2__sigbar_0.25__lam_0,completed,2026-04-02T01:21:07Z,2,main_benchmark,main,benchmark,True,oracle,bs_delta,deep_hedge_oracle,,B,cvar,0.2,0.25,0.0,results/gbm_deephedge/benchmark_6_2/runs/seed_0002__train_oracle__feat_b__obj_cvar_a0.95__sigtrue_0.2__sigbar_0.25__lam_0,results/gbm_deephedge,472f15d33509d45e34bc6805af2db752191701435ed9cfced85449effeb6f701,76e694c21e709359f62f03a0ba5a97ba6db86a88,GBM_CFG=results/gbm_deephedge/benchmark_6_2/runs/seed_0002__train_oracle__feat_b__obj_cvar_a0.95__sigtrue_0.2__sigbar_0.25__lam_0/run_cfg.json python -m src.train_deephedge_gbm
train=oracle|feat=B|obj=cvar|sigtrue=0.2|sigbar=0.25|lam=0.0001|robust=none,seed_0002__train_oracle__feat_b__obj_cvar_a0.95__sigtrue_0.2__sigbar_0.25__lam_0.0001,completed,2026-04-02T01:21:32Z,2,main_benchmark,main,benchmark,True,oracle,bs_delta,deep_hedge_oracle,,B,cvar,0.2,0.25,0.0001,results/gbm_deephedge/benchmark_6_2/runs/seed_0002__train_oracle__feat_b__obj_cvar_a0.95__sigtrue_0.2__sigbar_0.25__lam_0.0001,results/gbm_deephedge,7d0e519d5ec6607d44d5624c756b4924a6e209129de45174f1191fd3534aad4f,76e694c21e709359f62f03a0ba5a97ba6db86a88,GBM_CFG=results/gbm_deephedge/benchmark_6_2/runs/seed_0002__train_oracle__feat_b__obj_cvar_a0.95__sigtrue_0.2__sigbar_0.25__lam_0.0001/run_cfg.json python -m src.train_deephedge_gbm
train=oracle|feat=B|obj=cvar|sigtrue=0.2|sigbar=0.25|lam=0.0005|robust=none,seed_0002__train_oracle__feat_b__obj_cvar_a0.95__sigtrue_0.2__sigbar_0.25__lam_0.0005,completed,2026-04-02T01:21:57Z,2,main_benchmark,main,benchmark,True,oracle,bs_delta,deep_hedge_oracle,,B,cvar,0.2,0.25,0.0005,results/gbm_deephedge/benchmark_6_2/runs/seed_0002__train_oracle__feat_b__obj_cvar_a0.95__sigtrue_0.2__sigbar_0.25__lam_0.0005,results/gbm_deephedge,27657c7e01cbd889320d392d7eb5f44464a9b7580984c79d7e16fd48eed30da4,76e694c21e709359f62f03a0ba5a97ba6db86a88,GBM_CFG=results/gbm_deephedge/benchmark_6_2/runs/seed_0002__train_oracle__feat_b__obj_cvar_a0.95__sigtrue_0.2__sigbar_0.25__lam_0.0005/run_cfg.json python -m src.train_deephedge_gbm
train=oracle|feat=B|obj=cvar|sigtrue=0.2|sigbar=0.25|lam=0.001|robust=none,seed_0002__train_oracle__feat_b__obj_cvar_a0.95__sigtrue_0.2__sigbar_0.25__lam_0.001,completed,2026-04-02T01:22:22Z,2,main_benchmark,main,benchmark,True,oracle,bs_delta,deep_hedge_oracle,,B,cvar,0.2,0.25,0.001,results/gbm_deephedge/benchmark_6_2/runs/seed_0002__train_oracle__feat_b__obj_cvar_a0.95__sigtrue_0.2__sigbar_0.25__lam_0.001,results/gbm_deephedge,5b13240681f2a8fd7773521122b0c535c8ef4cc106e4276a014d84b4480039c4,76e694c21e709359f62f03a0ba5a97ba6db86a88,GBM_CFG=results/gbm_deephedge/benchmark_6_2/runs/seed_0002__train_oracle__feat_b__obj_cvar_a0.95__sigtrue_0.2__sigbar_0.25__lam_0.001/run_cfg.json python -m src.train_deephedge_gbm
train=oracle|feat=B|obj=cvar|sigtrue=0.2|sigbar=0.2|lam=0|robust=none,seed_0002__train_oracle__feat_b__obj_cvar_a0.95__sigtrue_0.2__sigbar_0.2__lam_0,completed,2026-04-01T22:00:37Z,2,main_benchmark,main,benchmark,True,oracle,bs_delta,deep_hedge_oracle,,B,cvar,0.2,0.2,0.0,results/gbm_deephedge/benchmark_6_2/runs/seed_0002__train_oracle__feat_b__obj_cvar_a0.95__sigtrue_0.2__sigbar_0.2__lam_0,results/gbm_deephedge,4a787618e6234aabeeea96167eace6405f04000e406dc30bf8dc8828fefa4427,76e694c21e709359f62f03a0ba5a97ba6db86a88,GBM_CFG=results/gbm_deephedge/benchmark_6_2/runs/seed_0002__train_oracle__feat_b__obj_cvar_a0.95__sigtrue_0.2__sigbar_0.2__lam_0/run_cfg.json python -m src.train_deephedge_gbm
train=oracle|feat=B|obj=cvar|sigtrue=0.2|sigbar=0.2|lam=0.0001|robust=none,seed_0002__train_oracle__feat_b__obj_cvar_a0.95__sigtrue_0.2__sigbar_0.2__lam_0.0001,completed,2026-04-01T22:41:07Z,2,main_benchmark,main,benchmark,True,oracle,bs_delta,deep_hedge_oracle,,B,cvar,0.2,0.2,0.0001,results/gbm_deephedge/benchmark_6_2/runs/seed_0002__train_oracle__feat_b__obj_cvar_a0.95__sigtrue_0.2__sigbar_0.2__lam_0.0001,results/gbm_deephedge,49e9ab48f4231835181393cb97dfa9bcf3e2cb7cf809c13151bca51856013c88,76e694c21e709359f62f03a0ba5a97ba6db86a88,GBM_CFG=results/gbm_deephedge/benchmark_6_2/runs/seed_0002__train_oracle__feat_b__obj_cvar_a0.95__sigtrue_0.2__sigbar_0.2__lam_0.0001/run_cfg.json python -m src.train_deephedge_gbm
train=oracle|feat=B|obj=cvar|sigtrue=0.2|sigbar=0.2|lam=0.0005|robust=none,seed_0002__train_oracle__feat_b__obj_cvar_a0.95__sigtrue_0.2__sigbar_0.2__lam_0.0005,completed,2026-04-01T23:23:20Z,2,main_benchmark,main,benchmark,True,oracle,bs_delta,deep_hedge_oracle,,B,cvar,0.2,0.2,0.0005,results/gbm_deephedge/benchmark_6_2/runs/seed_0002__train_oracle__feat_b__obj_cvar_a0.95__sigtrue_0.2__sigbar_0.2__lam_0.0005,results/gbm_deephedge,2e8a76c0432c8805c768057273ac73af4b7f2ddde4741f2adf621e30b8c6ee61,76e694c21e709359f62f03a0ba5a97ba6db86a88,GBM_CFG=results/gbm_deephedge/benchmark_6_2/runs/seed_0002__train_oracle__feat_b__obj_cvar_a0.95__sigtrue_0.2__sigbar_0.2__lam_0.0005/run_cfg.json python -m src.train_deephedge_gbm
train=oracle|feat=B|obj=cvar|sigtrue=0.2|sigbar=0.2|lam=0.001|robust=none,seed_0002__train_oracle__feat_b__obj_cvar_a0.95__sigtrue_0.2__sigbar_0.2__lam_0.001,completed,2026-04-02T00:09:22Z,2,main_benchmark,main,benchmark,True,oracle,bs_delta,deep_hedge_oracle,,B,cvar,0.2,0.2,0.001,results/gbm_deephedge/benchmark_6_2/runs/seed_0002__train_oracle__feat_b__obj_cvar_a0.95__sigtrue_0.2__sigbar_0.2__lam_0.001,results/gbm_deephedge,0085653e369f4408426d6ee68d53d03d5f0e45eb31164afafe6a7cb55640eabf,76e694c21e709359f62f03a0ba5a97ba6db86a88,GBM_CFG=results/gbm_deephedge/benchmark_6_2/runs/seed_0002__train_oracle__feat_b__obj_cvar_a0.95__sigtrue_0.2__sigbar_0.2__lam_0.001/run_cfg.json python -m src.train_deephedge_gbm
train=oracle|feat=B|obj=cvar|sigtrue=0.2|sigbar=0.3|lam=0|robust=none,seed_0002__train_oracle__feat_b__obj_cvar_a0.95__sigtrue_0.2__sigbar_0.3__lam_0,completed,2026-04-02T01:21:10Z,2,main_benchmark,main,benchmark,True,oracle,bs_delta,deep_hedge_oracle,,B,cvar,0.2,0.3,0.0,results/gbm_deephedge/benchmark_6_2/runs/seed_0002__train_oracle__feat_b__obj_cvar_a0.95__sigtrue_0.2__sigbar_0.3__lam_0,results/gbm_deephedge,116621cb79a31a74be2fc784b9fbe7661fc27f3ea0bbcde7813c0515d2b1e998,76e694c21e709359f62f03a0ba5a97ba6db86a88,GBM_CFG=results/gbm_deephedge/benchmark_6_2/runs/seed_0002__train_oracle__feat_b__obj_cvar_a0.95__sigtrue_0.2__sigbar_0.3__lam_0/run_cfg.json python -m src.train_deephedge_gbm
train=oracle|feat=B|obj=cvar|sigtrue=0.2|sigbar=0.3|lam=0.0001|robust=none,seed_0002__train_oracle__feat_b__obj_cvar_a0.95__sigtrue_0.2__sigbar_0.3__lam_0.0001,completed,2026-04-02T01:21:35Z,2,main_benchmark,main,benchmark,True,oracle,bs_delta,deep_hedge_oracle,,B,cvar,0.2,0.3,0.0001,results/gbm_deephedge/benchmark_6_2/runs/seed_0002__train_oracle__feat_b__obj_cvar_a0.95__sigtrue_0.2__sigbar_0.3__lam_0.0001,results/gbm_deephedge,e6fbf3760bd4352fef3ae9e19ce19268dcee7b25996ac59fe25e0d0e4c518d6a,76e694c21e709359f62f03a0ba5a97ba6db86a88,GBM_CFG=results/gbm_deephedge/benchmark_6_2/runs/seed_0002__train_oracle__feat_b__obj_cvar_a0.95__sigtrue_0.2__sigbar_0.3__lam_0.0001/run_cfg.json python -m src.train_deephedge_gbm
train=oracle|feat=B|obj=cvar|sigtrue=0.2|sigbar=0.3|lam=0.0005|robust=none,seed_0002__train_oracle__feat_b__obj_cvar_a0.95__sigtrue_0.2__sigbar_0.3__lam_0.0005,completed,2026-04-02T01:22:00Z,2,main_benchmark,main,benchmark,True,oracle,bs_delta,deep_hedge_oracle,,B,cvar,0.2,0.3,0.0005,results/gbm_deephedge/benchmark_6_2/runs/seed_0002__train_oracle__feat_b__obj_cvar_a0.95__sigtrue_0.2__sigbar_0.3__lam_0.0005,results/gbm_deephedge,63b63efe49a0ccc82d1d2b0dd6b681e07d323a0e7acc6580336b1ad0a69ae5be,76e694c21e709359f62f03a0ba5a97ba6db86a88,GBM_CFG=results/gbm_deephedge/benchmark_6_2/runs/seed_0002__train_oracle__feat_b__obj_cvar_a0.95__sigtrue_0.2__sigbar_0.3__lam_0.0005/run_cfg.json python -m src.train_deephedge_gbm
train=oracle|feat=B|obj=cvar|sigtrue=0.2|sigbar=0.3|lam=0.001|robust=none,seed_0002__train_oracle__feat_b__obj_cvar_a0.95__sigtrue_0.2__sigbar_0.3__lam_0.001,completed,2026-04-02T01:22:25Z,2,main_benchmark,main,benchmark,True,oracle,bs_delta,deep_hedge_oracle,,B,cvar,0.2,0.3,0.001,results/gbm_deephedge/benchmark_6_2/runs/seed_0002__train_oracle__feat_b__obj_cvar_a0.95__sigtrue_0.2__sigbar_0.3__lam_0.001,results/gbm_deephedge,f1fb300c6b782c1cfca39befadbf95259b243086d971adf5066857382fa2e49b,76e694c21e709359f62f03a0ba5a97ba6db86a88,GBM_CFG=results/gbm_deephedge/benchmark_6_2/runs/seed_0002__train_oracle__feat_b__obj_cvar_a0.95__sigtrue_0.2__sigbar_0.3__lam_0.001/run_cfg.json python -m src.train_deephedge_gbm
"train=robust|feat=B|obj=cvar|sigtrue=0.2|sigbar=0.15|lam=0|robust=0.15,0.2,0.25",seed_0002__train_robust_s0.15-0.2-0.25__feat_b__obj_cvar_a0.95__sigtrue_0.2__sigbar_0.15__lam_0,completed,2026-04-02T01:21:17Z,2,main_benchmark,main,benchmark,True,robust,bs_delta,deep_hedge_robust,0.15|0.2|0.25,B,cvar,0.2,0.15,0.0,results/gbm_deephedge/benchmark_6_2/runs/seed_0002__train_robust_s0.15-0.2-0.25__feat_b__obj_cvar_a0.95__sigtrue_0.2__sigbar_0.15__lam_0,results/gbm_deephedge,358a6319cf04c9fd64275261d17bfa5687e19045a9442069d6cb112a04df3e8a,76e694c21e709359f62f03a0ba5a97ba6db86a88,GBM_CFG=results/gbm_deephedge/benchmark_6_2/runs/seed_0002__train_robust_s0.15-0.2-0.25__feat_b__obj_cvar_a0.95__sigtrue_0.2__sigbar_0.15__lam_0/run_cfg.json python -m src.train_deephedge_gbm
"train=robust|feat=B|obj=cvar|sigtrue=0.2|sigbar=0.15|lam=0.0001|robust=0.15,0.2,0.25",seed_0002__train_robust_s0.15-0.2-0.25__feat_b__obj_cvar_a0.95__sigtrue_0.2__sigbar_0.15__lam_0.0001,completed,2026-04-02T01:21:42Z,2,main_benchmark,main,benchmark,True,robust,bs_delta,deep_hedge_robust,0.15|0.2|0.25,B,cvar,0.2,0.15,0.0001,results/gbm_deephedge/benchmark_6_2/runs/seed_0002__train_robust_s0.15-0.2-0.25__feat_b__obj_cvar_a0.95__sigtrue_0.2__sigbar_0.15__lam_0.0001,results/gbm_deephedge,df426b24ce0cf274b27ab4df55a07b7b8d6efd515c37f28d2b9dcd34abf183c9,76e694c21e709359f62f03a0ba5a97ba6db86a88,GBM_CFG=results/gbm_deephedge/benchmark_6_2/runs/seed_0002__train_robust_s0.15-0.2-0.25__feat_b__obj_cvar_a0.95__sigtrue_0.2__sigbar_0.15__lam_0.0001/run_cfg.json python -m src.train_deephedge_gbm
"train=robust|feat=B|obj=cvar|sigtrue=0.2|sigbar=0.15|lam=0.0005|robust=0.15,0.2,0.25",seed_0002__train_robust_s0.15-0.2-0.25__feat_b__obj_cvar_a0.95__sigtrue_0.2__sigbar_0.15__lam_0.0005,completed,2026-04-02T01:22:07Z,2,main_benchmark,main,benchmark,True,robust,bs_delta,deep_hedge_robust,0.15|0.2|0.25,B,cvar,0.2,0.15,0.0005,results/gbm_deephedge/benchmark_6_2/runs/seed_0002__train_robust_s0.15-0.2-0.25__feat_b__obj_cvar_a0.95__sigtrue_0.2__sigbar_0.15__lam_0.0005,results/gbm_deephedge,072553b6c8ac0241b49af66f8a95273b8642afcc0dc0f37993456e1721f98507,76e694c21e709359f62f03a0ba5a97ba6db86a88,GBM_CFG=results/gbm_deephedge/benchmark_6_2/runs/seed_0002__train_robust_s0.15-0.2-0.25__feat_b__obj_cvar_a0.95__sigtrue_0.2__sigbar_0.15__lam_0.0005/run_cfg.json python -m src.train_deephedge_gbm
"train=robust|feat=B|obj=cvar|sigtrue=0.2|sigbar=0.15|lam=0.001|robust=0.15,0.2,0.25",seed_0002__train_robust_s0.15-0.2-0.25__feat_b__obj_cvar_a0.95__sigtrue_0.2__sigbar_0.15__lam_0.001,completed,2026-04-02T01:22:31Z,2,main_benchmark,main,benchmark,True,robust,bs_delta,deep_hedge_robust,0.15|0.2|0.25,B,cvar,0.2,0.15,0.001,results/gbm_deephedge/benchmark_6_2/runs/seed_0002__train_robust_s0.15-0.2-0.25__feat_b__obj_cvar_a0.95__sigtrue_0.2__sigbar_0.15__lam_0.001,results/gbm_deephedge,da2a321f8269845dd41e41f7cf780cbb00c87abdb4d2901761dab08fa5815302,76e694c21e709359f62f03a0ba5a97ba6db86a88,GBM_CFG=results/gbm_deephedge/benchmark_6_2/runs/seed_0002__train_robust_s0.15-0.2-0.25__feat_b__obj_cvar_a0.95__sigtrue_0.2__sigbar_0.15__lam_0.001/run_cfg.json python -m src.train_deephedge_gbm
"train=robust|feat=B|obj=cvar|sigtrue=0.2|sigbar=0.1|lam=0|robust=0.15,0.2,0.25",seed_0002__train_robust_s0.15-0.2-0.25__feat_b__obj_cvar_a0.95__sigtrue_0.2__sigbar_0.1__lam_0,completed,2026-04-02T01:21:14Z,2,main_benchmark,main,benchmark,True,robust,bs_delta,deep_hedge_robust,0.15|0.2|0.25,B,cvar,0.2,0.1,0.0,results/gbm_deephedge/benchmark_6_2/runs/seed_0002__train_robust_s0.15-0.2-0.25__feat_b__obj_cvar_a0.95__sigtrue_0.2__sigbar_0.1__lam_0,results/gbm_deephedge,1f5249f2c6f6f36ee1a87929b754809f990046a439348471cb7ef22db6f5a676,76e694c21e709359f62f03a0ba5a97ba6db86a88,GBM_CFG=results/gbm_deephedge/benchmark_6_2/runs/seed_0002__train_robust_s0.15-0.2-0.25__feat_b__obj_cvar_a0.95__sigtrue_0.2__sigbar_0.1__lam_0/run_cfg.json python -m src.train_deephedge_gbm
"train=robust|feat=B|obj=cvar|sigtrue=0.2|sigbar=0.1|lam=0.0001|robust=0.15,0.2,0.25",seed_0002__train_robust_s0.15-0.2-0.25__feat_b__obj_cvar_a0.95__sigtrue_0.2__sigbar_0.1__lam_0.0001,completed,2026-04-02T01:21:39Z,2,main_benchmark,main,benchmark,True,robust,bs_delta,deep_hedge_robust,0.15|0.2|0.25,B,cvar,0.2,0.1,0.0001,results/gbm_deephedge/benchmark_6_2/runs/seed_0002__train_robust_s0.15-0.2-0.25__feat_b__obj_cvar_a0.95__sigtrue_0.2__sigbar_0.1__lam_0.0001,results/gbm_deephedge,607df8fa83d5ae8f49c562890e018c1b7f7187049618def5711f653b7120b554,76e694c21e709359f62f03a0ba5a97ba6db86a88,GBM_CFG=results/gbm_deephedge/benchmark_6_2/runs/seed_0002__train_robust_s0.15-0.2-0.25__feat_b__obj_cvar_a0.95__sigtrue_0.2__sigbar_0.1__lam_0.0001/run_cfg.json python -m src.train_deephedge_gbm
"train=robust|feat=B|obj=cvar|sigtrue=0.2|sigbar=0.1|lam=0.0005|robust=0.15,0.2,0.25",seed_0002__train_robust_s0.15-0.2-0.25__feat_b__obj_cvar_a0.95__sigtrue_0.2__sigbar_0.1__lam_0.0005,completed,2026-04-02T01:22:03Z,2,main_benchmark,main,benchmark,True,robust,bs_delta,deep_hedge_robust,0.15|0.2|0.25,B,cvar,0.2,0.1,0.0005,results/gbm_deephedge/benchmark_6_2/runs/seed_0002__train_robust_s0.15-0.2-0.25__feat_b__obj_cvar_a0.95__sigtrue_0.2__sigbar_0.1__lam_0.0005,results/gbm_deephedge,164a151f7ea00b591d7d6157b04b5056d35b9c7cba3241a3279085e36e27e5ee,76e694c21e709359f62f03a0ba5a97ba6db86a88,GBM_CFG=results/gbm_deephedge/benchmark_6_2/runs/seed_0002__train_robust_s0.15-0.2-0.25__feat_b__obj_cvar_a0.95__sigtrue_0.2__sigbar_0.1__lam_0.0005/run_cfg.json python -m src.train_deephedge_gbm
"train=robust|feat=B|obj=cvar|sigtrue=0.2|sigbar=0.1|lam=0.001|robust=0.15,0.2,0.25",seed_0002__train_robust_s0.15-0.2-0.25__feat_b__obj_cvar_a0.95__sigtrue_0.2__sigbar_0.1__lam_0.001,completed,2026-04-02T01:22:28Z,2,main_benchmark,main,benchmark,True,robust,bs_delta,deep_hedge_robust,0.15|0.2|0.25,B,cvar,0.2,0.1,0.001,results/gbm_deephedge/benchmark_6_2/runs/seed_0002__train_robust_s0.15-0.2-0.25__feat_b__obj_cvar_a0.95__sigtrue_0.2__sigbar_0.1__lam_0.001,results/gbm_deephedge,b19ed5229acca011ef4ff41ae2b9792b40755d2fd1a78f55cf8fe1985d14d32e,76e694c21e709359f62f03a0ba5a97ba6db86a88,GBM_CFG=results/gbm_deephedge/benchmark_6_2/runs/seed_0002__train_robust_s0.15-0.2-0.25__feat_b__obj_cvar_a0.95__sigtrue_0.2__sigbar_0.1__lam_0.001/run_cfg.json python -m src.train_deephedge_gbm
"train=robust|feat=B|obj=cvar|sigtrue=0.2|sigbar=0.25|lam=0|robust=0.15,0.2,0.25",seed_0002__train_robust_s0.15-0.2-0.25__feat_b__obj_cvar_a0.95__sigtrue_0.2__sigbar_0.25__lam_0,completed,2026-04-02T01:21:20Z,2,main_benchmark,main,benchmark,True,robust,bs_delta,deep_hedge_robust,0.15|0.2|0.25,B,cvar,0.2,0.25,0.0,results/gbm_deephedge/benchmark_6_2/runs/seed_0002__train_robust_s0.15-0.2-0.25__feat_b__obj_cvar_a0.95__sigtrue_0.2__sigbar_0.25__lam_0,results/gbm_deephedge,268f0b1f0daa59590ecac54efbf4774c8a4644f27011aa1aec89df72210958f0,76e694c21e709359f62f03a0ba5a97ba6db86a88,GBM_CFG=results/gbm_deephedge/benchmark_6_2/runs/seed_0002__train_robust_s0.15-0.2-0.25__feat_b__obj_cvar_a0.95__sigtrue_0.2__sigbar_0.25__lam_0/run_cfg.json python -m src.train_deephedge_gbm
"train=robust|feat=B|obj=cvar|sigtrue=0.2|sigbar=0.25|lam=0.0001|robust=0.15,0.2,0.25",seed_0002__train_robust_s0.15-0.2-0.25__feat_b__obj_cvar_a0.95__sigtrue_0.2__sigbar_0.25__lam_0.0001,completed,2026-04-02T01:21:45Z,2,main_benchmark,main,benchmark,True,robust,bs_delta,deep_hedge_robust,0.15|0.2|0.25,B,cvar,0.2,0.25,0.0001,results/gbm_deephedge/benchmark_6_2/runs/seed_0002__train_robust_s0.15-0.2-0.25__feat_b__obj_cvar_a0.95__sigtrue_0.2__sigbar_0.25__lam_0.0001,results/gbm_deephedge,33d73a7cfe7e7734d7b6a98e05e96d4aef5cadf0caa3927d0a5bf78ac1b00c50,76e694c21e709359f62f03a0ba5a97ba6db86a88,GBM_CFG=results/gbm_deephedge/benchmark_6_2/runs/seed_0002__train_robust_s0.15-0.2-0.25__feat_b__obj_cvar_a0.95__sigtrue_0.2__sigbar_0.25__lam_0.0001/run_cfg.json python -m src.train_deephedge_gbm
"train=robust|feat=B|obj=cvar|sigtrue=0.2|sigbar=0.25|lam=0.0005|robust=0.15,0.2,0.25",seed_0002__train_robust_s0.15-0.2-0.25__feat_b__obj_cvar_a0.95__sigtrue_0.2__sigbar_0.25__lam_0.0005,completed,2026-04-02T01:22:10Z,2,main_benchmark,main,benchmark,True,robust,bs_delta,deep_hedge_robust,0.15|0.2|0.25,B,cvar,0.2,0.25,0.0005,results/gbm_deephedge/benchmark_6_2/runs/seed_0002__train_robust_s0.15-0.2-0.25__feat_b__obj_cvar_a0.95__sigtrue_0.2__sigbar_0.25__lam_0.0005,results/gbm_deephedge,dd02807a72deb86c53a4d5cfe04f77ccc19af14d3f3a1fa063348a88b22fd34f,76e694c21e709359f62f03a0ba5a97ba6db86a88,GBM_CFG=results/gbm_deephedge/benchmark_6_2/runs/seed_0002__train_robust_s0.15-0.2-0.25__feat_b__obj_cvar_a0.95__sigtrue_0.2__sigbar_0.25__lam_0.0005/run_cfg.json python -m src.train_deephedge_gbm
"train=robust|feat=B|obj=cvar|sigtrue=0.2|sigbar=0.25|lam=0.001|robust=0.15,0.2,0.25",seed_0002__train_robust_s0.15-0.2-0.25__feat_b__obj_cvar_a0.95__sigtrue_0.2__sigbar_0.25__lam_0.001,completed,2026-04-02T01:22:34Z,2,main_benchmark,main,benchmark,True,robust,bs_delta,deep_hedge_robust,0.15|0.2|0.25,B,cvar,0.2,0.25,0.001,results/gbm_deephedge/benchmark_6_2/runs/seed_0002__train_robust_s0.15-0.2-0.25__feat_b__obj_cvar_a0.95__sigtrue_0.2__sigbar_0.25__lam_0.001,results/gbm_deephedge,220c26a5f27c3e37a2d038f4faf8620288b9cf64f3b211f07e33e8a0a8f017f4,76e694c21e709359f62f03a0ba5a97ba6db86a88,GBM_CFG=results/gbm_deephedge/benchmark_6_2/runs/seed_0002__train_robust_s0.15-0.2-0.25__feat_b__obj_cvar_a0.95__sigtrue_0.2__sigbar_0.25__lam_0.001/run_cfg.json python -m src.train_deephedge_gbm
"train=robust|feat=B|obj=cvar|sigtrue=0.2|sigbar=0.2|lam=0|robust=0.15,0.2,0.25",seed_0002__train_robust_s0.15-0.2-0.25__feat_b__obj_cvar_a0.95__sigtrue_0.2__sigbar_0.2__lam_0,completed,2026-04-01T22:02:50Z,2,main_benchmark,main,benchmark,True,robust,bs_delta,deep_hedge_robust,0.15|0.2|0.25,B,cvar,0.2,0.2,0.0,results/gbm_deephedge/benchmark_6_2/runs/seed_0002__train_robust_s0.15-0.2-0.25__feat_b__obj_cvar_a0.95__sigtrue_0.2__sigbar_0.2__lam_0,results/gbm_deephedge,ce98ebaf60dae69154a3293ffce184e9f637173862df7ae434a95296ca5464d4,76e694c21e709359f62f03a0ba5a97ba6db86a88,GBM_CFG=results/gbm_deephedge/benchmark_6_2/runs/seed_0002__train_robust_s0.15-0.2-0.25__feat_b__obj_cvar_a0.95__sigtrue_0.2__sigbar_0.2__lam_0/run_cfg.json python -m src.train_deephedge_gbm
"train=robust|feat=B|obj=cvar|sigtrue=0.2|sigbar=0.2|lam=0.0001|robust=0.15,0.2,0.25",seed_0002__train_robust_s0.15-0.2-0.25__feat_b__obj_cvar_a0.95__sigtrue_0.2__sigbar_0.2__lam_0.0001,completed,2026-04-01T22:43:18Z,2,main_benchmark,main,benchmark,True,robust,bs_delta,deep_hedge_robust,0.15|0.2|0.25,B,cvar,0.2,0.2,0.0001,results/gbm_deephedge/benchmark_6_2/runs/seed_0002__train_robust_s0.15-0.2-0.25__feat_b__obj_cvar_a0.95__sigtrue_0.2__sigbar_0.2__lam_0.0001,results/gbm_deephedge,551ac9617861f0c9e7a606a3d094dc4f5b6b43c6622c34783737ba1e90b9dcb0,76e694c21e709359f62f03a0ba5a97ba6db86a88,GBM_CFG=results/gbm_deephedge/benchmark_6_2/runs/seed_0002__train_robust_s0.15-0.2-0.25__feat_b__obj_cvar_a0.95__sigtrue_0.2__sigbar_0.2__lam_0.0001/run_cfg.json python -m src.train_deephedge_gbm
"train=robust|feat=B|obj=cvar|sigtrue=0.2|sigbar=0.2|lam=0.0005|robust=0.15,0.2,0.25",seed_0002__train_robust_s0.15-0.2-0.25__feat_b__obj_cvar_a0.95__sigtrue_0.2__sigbar_0.2__lam_0.0005,completed,2026-04-01T23:25:31Z,2,main_benchmark,main,benchmark,True,robust,bs_delta,deep_hedge_robust,0.15|0.2|0.25,B,cvar,0.2,0.2,0.0005,results/gbm_deephedge/benchmark_6_2/runs/seed_0002__train_robust_s0.15-0.2-0.25__feat_b__obj_cvar_a0.95__sigtrue_0.2__sigbar_0.2__lam_0.0005,results/gbm_deephedge,3bd972af76a04c3e76b7f724386c9f7074b950b6fe1902f6509d3fa98c8b6a96,76e694c21e709359f62f03a0ba5a97ba6db86a88,GBM_CFG=results/gbm_deephedge/benchmark_6_2/runs/seed_0002__train_robust_s0.15-0.2-0.25__feat_b__obj_cvar_a0.95__sigtrue_0.2__sigbar_0.2__lam_0.0005/run_cfg.json python -m src.train_deephedge_gbm
"train=robust|feat=B|obj=cvar|sigtrue=0.2|sigbar=0.2|lam=0.001|robust=0.15,0.2,0.25",seed_0002__train_robust_s0.15-0.2-0.25__feat_b__obj_cvar_a0.95__sigtrue_0.2__sigbar_0.2__lam_0.001,completed,2026-04-02T00:11:33Z,2,main_benchmark,main,benchmark,True,robust,bs_delta,deep_hedge_robust,0.15|0.2|0.25,B,cvar,0.2,0.2,0.001,results/gbm_deephedge/benchmark_6_2/runs/seed_0002__train_robust_s0.15-0.2-0.25__feat_b__obj_cvar_a0.95__sigtrue_0.2__sigbar_0.2__lam_0.001,results/gbm_deephedge,5e6197553f0726863ec63eff4c8fcf439380c2be37abe5b7ebe4bccc9892e6c4,76e694c21e709359f62f03a0ba5a97ba6db86a88,GBM_CFG=results/gbm_deephedge/benchmark_6_2/runs/seed_0002__train_robust_s0.15-0.2-0.25__feat_b__obj_cvar_a0.95__sigtrue_0.2__sigbar_0.2__lam_0.001/run_cfg.json python -m src.train_deephedge_gbm
"train=robust|feat=B|obj=cvar|sigtrue=0.2|sigbar=0.3|lam=0|robust=0.15,0.2,0.25",seed_0002__train_robust_s0.15-0.2-0.25__feat_b__obj_cvar_a0.95__sigtrue_0.2__sigbar_0.3__lam_0,completed,2026-04-02T01:21:24Z,2,main_benchmark,main,benchmark,True,robust,bs_delta,deep_hedge_robust,0.15|0.2|0.25,B,cvar,0.2,0.3,0.0,results/gbm_deephedge/benchmark_6_2/runs/seed_0002__train_robust_s0.15-0.2-0.25__feat_b__obj_cvar_a0.95__sigtrue_0.2__sigbar_0.3__lam_0,results/gbm_deephedge,fa0d7cce46cb8af43901a1204b135d13f58700e26eef70302e96b2903c89ea0f,76e694c21e709359f62f03a0ba5a97ba6db86a88,GBM_CFG=results/gbm_deephedge/benchmark_6_2/runs/seed_0002__train_robust_s0.15-0.2-0.25__feat_b__obj_cvar_a0.95__sigtrue_0.2__sigbar_0.3__lam_0/run_cfg.json python -m src.train_deephedge_gbm
"train=robust|feat=B|obj=cvar|sigtrue=0.2|sigbar=0.3|lam=0.0001|robust=0.15,0.2,0.25",seed_0002__train_robust_s0.15-0.2-0.25__feat_b__obj_cvar_a0.95__sigtrue_0.2__sigbar_0.3__lam_0.0001,completed,2026-04-02T01:21:48Z,2,main_benchmark,main,benchmark,True,robust,bs_delta,deep_hedge_robust,0.15|0.2|0.25,B,cvar,0.2,0.3,0.0001,results/gbm_deephedge/benchmark_6_2/runs/seed_0002__train_robust_s0.15-0.2-0.25__feat_b__obj_cvar_a0.95__sigtrue_0.2__sigbar_0.3__lam_0.0001,results/gbm_deephedge,ba6634805cae7c5f8e537e91f3a1d3fd284a4c0a5bfc8f4d43171a6e02c3baa7,76e694c21e709359f62f03a0ba5a97ba6db86a88,GBM_CFG=results/gbm_deephedge/benchmark_6_2/runs/seed_0002__train_robust_s0.15-0.2-0.25__feat_b__obj_cvar_a0.95__sigtrue_0.2__sigbar_0.3__lam_0.0001/run_cfg.json python -m src.train_deephedge_gbm
"train=robust|feat=B|obj=cvar|sigtrue=0.2|sigbar=0.3|lam=0.0005|robust=0.15,0.2,0.25",seed_0002__train_robust_s0.15-0.2-0.25__feat_b__obj_cvar_a0.95__sigtrue_0.2__sigbar_0.3__lam_0.0005,completed,2026-04-02T01:22:13Z,2,main_benchmark,main,benchmark,True,robust,bs_delta,deep_hedge_robust,0.15|0.2|0.25,B,cvar,0.2,0.3,0.0005,results/gbm_deephedge/benchmark_6_2/runs/seed_0002__train_robust_s0.15-0.2-0.25__feat_b__obj_cvar_a0.95__sigtrue_0.2__sigbar_0.3__lam_0.0005,results/gbm_deephedge,9b55534c02d4a5d4e5b778568a6e39775cc31d8e2994662026067412ab5b80ff,76e694c21e709359f62f03a0ba5a97ba6db86a88,GBM_CFG=results/gbm_deephedge/benchmark_6_2/runs/seed_0002__train_robust_s0.15-0.2-0.25__feat_b__obj_cvar_a0.95__sigtrue_0.2__sigbar_0.3__lam_0.0005/run_cfg.json python -m src.train_deephedge_gbm
"train=robust|feat=B|obj=cvar|sigtrue=0.2|sigbar=0.3|lam=0.001|robust=0.15,0.2,0.25",seed_0002__train_robust_s0.15-0.2-0.25__feat_b__obj_cvar_a0.95__sigtrue_0.2__sigbar_0.3__lam_0.001,completed,2026-04-02T01:22:38Z,2,main_benchmark,main,benchmark,True,robust,bs_delta,deep_hedge_robust,0.15|0.2|0.25,B,cvar,0.2,0.3,0.001,results/gbm_deephedge/benchmark_6_2/runs/seed_0002__train_robust_s0.15-0.2-0.25__feat_b__obj_cvar_a0.95__sigtrue_0.2__sigbar_0.3__lam_0.001,results/gbm_deephedge,edcc31b853148347703a7f87ea23d758fab34137fe5776989012a9f79b20b248,76e694c21e709359f62f03a0ba5a97ba6db86a88,GBM_CFG=results/gbm_deephedge/benchmark_6_2/runs/seed_0002__train_robust_s0.15-0.2-0.25__feat_b__obj_cvar_a0.95__sigtrue_0.2__sigbar_0.3__lam_0.001/run_cfg.json python -m src.train_deephedge_gbm
train=oracle|feat=B|obj=cvar|sigtrue=0.2|sigbar=0.15|lam=0|robust=none,seed_0003__train_oracle__feat_b__obj_cvar_a0.95__sigtrue_0.2__sigbar_0.15__lam_0,completed,2026-04-02T01:22:43Z,3,main_benchmark,main,benchmark,True,oracle,bs_delta,deep_hedge_oracle,,B,cvar,0.2,0.15,0.0,results/gbm_deephedge/benchmark_6_2/runs/seed_0003__train_oracle__feat_b__obj_cvar_a0.95__sigtrue_0.2__sigbar_0.15__lam_0,results/gbm_deephedge,f153e87a50fffbfbeacadd851a107681d546fd7ed198d24bd95879cb74c6cb09,76e694c21e709359f62f03a0ba5a97ba6db86a88,GBM_CFG=results/gbm_deephedge/benchmark_6_2/runs/seed_0003__train_oracle__feat_b__obj_cvar_a0.95__sigtrue_0.2__sigbar_0.15__lam_0/run_cfg.json python -m src.train_deephedge_gbm
train=oracle|feat=B|obj=cvar|sigtrue=0.2|sigbar=0.15|lam=0.0001|robust=none,seed_0003__train_oracle__feat_b__obj_cvar_a0.95__sigtrue_0.2__sigbar_0.15__lam_0.0001,completed,2026-04-02T01:23:08Z,3,main_benchmark,main,benchmark,True,oracle,bs_delta,deep_hedge_oracle,,B,cvar,0.2,0.15,0.0001,results/gbm_deephedge/benchmark_6_2/runs/seed_0003__train_oracle__feat_b__obj_cvar_a0.95__sigtrue_0.2__sigbar_0.15__lam_0.0001,results/gbm_deephedge,4d59c83efcb759be881bb303143e211ac3c0ddfa62994ac19fe8d01bdfde74b2,76e694c21e709359f62f03a0ba5a97ba6db86a88,GBM_CFG=results/gbm_deephedge/benchmark_6_2/runs/seed_0003__train_oracle__feat_b__obj_cvar_a0.95__sigtrue_0.2__sigbar_0.15__lam_0.0001/run_cfg.json python -m src.train_deephedge_gbm
train=oracle|feat=B|obj=cvar|sigtrue=0.2|sigbar=0.15|lam=0.0005|robust=none,seed_0003__train_oracle__feat_b__obj_cvar_a0.95__sigtrue_0.2__sigbar_0.15__lam_0.0005,completed,2026-04-02T01:23:33Z,3,main_benchmark,main,benchmark,True,oracle,bs_delta,deep_hedge_oracle,,B,cvar,0.2,0.15,0.0005,results/gbm_deephedge/benchmark_6_2/runs/seed_0003__train_oracle__feat_b__obj_cvar_a0.95__sigtrue_0.2__sigbar_0.15__lam_0.0005,results/gbm_deephedge,b4ba21471257714213befb49379f1a3e686d2491612e715fcaaa8df0cf9b71eb,76e694c21e709359f62f03a0ba5a97ba6db86a88,GBM_CFG=results/gbm_deephedge/benchmark_6_2/runs/seed_0003__train_oracle__feat_b__obj_cvar_a0.95__sigtrue_0.2__sigbar_0.15__lam_0.0005/run_cfg.json python -m src.train_deephedge_gbm
train=oracle|feat=B|obj=cvar|sigtrue=0.2|sigbar=0.15|lam=0.001|robust=none,seed_0003__train_oracle__feat_b__obj_cvar_a0.95__sigtrue_0.2__sigbar_0.15__lam_0.001,completed,2026-04-02T01:23:57Z,3,main_benchmark,main,benchmark,True,oracle,bs_delta,deep_hedge_oracle,,B,cvar,0.2,0.15,0.001,results/gbm_deephedge/benchmark_6_2/runs/seed_0003__train_oracle__feat_b__obj_cvar_a0.95__sigtrue_0.2__sigbar_0.15__lam_0.001,results/gbm_deephedge,db2322c6b18b0736d182cf3b4b88785fe00d3919d2ea8823bd8d0aacbe46d7ee,76e694c21e709359f62f03a0ba5a97ba6db86a88,GBM_CFG=results/gbm_deephedge/benchmark_6_2/runs/seed_0003__train_oracle__feat_b__obj_cvar_a0.95__sigtrue_0.2__sigbar_0.15__lam_0.001/run_cfg.json python -m src.train_deephedge_gbm
train=oracle|feat=B|obj=cvar|sigtrue=0.2|sigbar=0.1|lam=0|robust=none,seed_0003__train_oracle__feat_b__obj_cvar_a0.95__sigtrue_0.2__sigbar_0.1__lam_0,completed,2026-04-02T01:22:41Z,3,main_benchmark,main,benchmark,True,oracle,bs_delta,deep_hedge_oracle,,B,cvar,0.2,0.1,0.0,results/gbm_deephedge/benchmark_6_2/runs/seed_0003__train_oracle__feat_b__obj_cvar_a0.95__sigtrue_0.2__sigbar_0.1__lam_0,results/gbm_deephedge,858f34769739c1bb6e5780c3e1957e807053473146a41712b21421783dc27f7b,76e694c21e709359f62f03a0ba5a97ba6db86a88,GBM_CFG=results/gbm_deephedge/benchmark_6_2/runs/seed_0003__train_oracle__feat_b__obj_cvar_a0.95__sigtrue_0.2__sigbar_0.1__lam_0/run_cfg.json python -m src.train_deephedge_gbm
train=oracle|feat=B|obj=cvar|sigtrue=0.2|sigbar=0.1|lam=0.0001|robust=none,seed_0003__train_oracle__feat_b__obj_cvar_a0.95__sigtrue_0.2__sigbar_0.1__lam_0.0001,completed,2026-04-02T01:23:05Z,3,main_benchmark,main,benchmark,True,oracle,bs_delta,deep_hedge_oracle,,B,cvar,0.2,0.1,0.0001,results/gbm_deephedge/benchmark_6_2/runs/seed_0003__train_oracle__feat_b__obj_cvar_a0.95__sigtrue_0.2__sigbar_0.1__lam_0.0001,results/gbm_deephedge,9eea36ea1b23d249c0d53a12041c4c6c601dfd1177d0ecb0f992b28bf1ec5e86,76e694c21e709359f62f03a0ba5a97ba6db86a88,GBM_CFG=results/gbm_deephedge/benchmark_6_2/runs/seed_0003__train_oracle__feat_b__obj_cvar_a0.95__sigtrue_0.2__sigbar_0.1__lam_0.0001/run_cfg.json python -m src.train_deephedge_gbm
train=oracle|feat=B|obj=cvar|sigtrue=0.2|sigbar=0.1|lam=0.0005|robust=none,seed_0003__train_oracle__feat_b__obj_cvar_a0.95__sigtrue_0.2__sigbar_0.1__lam_0.0005,completed,2026-04-02T01:23:30Z,3,main_benchmark,main,benchmark,True,oracle,bs_delta,deep_hedge_oracle,,B,cvar,0.2,0.1,0.0005,results/gbm_deephedge/benchmark_6_2/runs/seed_0003__train_oracle__feat_b__obj_cvar_a0.95__sigtrue_0.2__sigbar_0.1__lam_0.0005,results/gbm_deephedge,897392fed4d5da4e09133faf8331f2dfcb5bafa904aedbd2eed829007b7e08dc,76e694c21e709359f62f03a0ba5a97ba6db86a88,GBM_CFG=results/gbm_deephedge/benchmark_6_2/runs/seed_0003__train_oracle__feat_b__obj_cvar_a0.95__sigtrue_0.2__sigbar_0.1__lam_0.0005/run_cfg.json python -m src.train_deephedge_gbm
train=oracle|feat=B|obj=cvar|sigtrue=0.2|sigbar=0.1|lam=0.001|robust=none,seed_0003__train_oracle__feat_b__obj_cvar_a0.95__sigtrue_0.2__sigbar_0.1__lam_0.001,completed,2026-04-02T01:23:55Z,3,main_benchmark,main,benchmark,True,oracle,bs_delta,deep_hedge_oracle,,B,cvar,0.2,0.1,0.001,results/gbm_deephedge/benchmark_6_2/runs/seed_0003__train_oracle__feat_b__obj_cvar_a0.95__sigtrue_0.2__sigbar_0.1__lam_0.001,results/gbm_deephedge,f7a158b886c35dfff451ad82afb8eae5d73681fa29692c81609bf9ee416479ce,76e694c21e709359f62f03a0ba5a97ba6db86a88,GBM_CFG=results/gbm_deephedge/benchmark_6_2/runs/seed_0003__train_oracle__feat_b__obj_cvar_a0.95__sigtrue_0.2__sigbar_0.1__lam_0.001/run_cfg.json python -m src.train_deephedge_gbm
train=oracle|feat=B|obj=cvar|sigtrue=0.2|sigbar=0.25|lam=0|robust=none,seed_0003__train_oracle__feat_b__obj_cvar_a0.95__sigtrue_0.2__sigbar_0.25__lam_0,completed,2026-04-02T01:22:46Z,3,main_benchmark,main,benchmark,True,oracle,bs_delta,deep_hedge_oracle,,B,cvar,0.2,0.25,0.0,results/gbm_deephedge/benchmark_6_2/runs/seed_0003__train_oracle__feat_b__obj_cvar_a0.95__sigtrue_0.2__sigbar_0.25__lam_0,results/gbm_deephedge,da9689d5a399608e4f504eb504007dc97d954866ed2bd832d55b1abd30c7305c,76e694c21e709359f62f03a0ba5a97ba6db86a88,GBM_CFG=results/gbm_deephedge/benchmark_6_2/runs/seed_0003__train_oracle__feat_b__obj_cvar_a0.95__sigtrue_0.2__sigbar_0.25__lam_0/run_cfg.json python -m src.train_deephedge_gbm
train=oracle|feat=B|obj=cvar|sigtrue=0.2|sigbar=0.25|lam=0.0001|robust=none,seed_0003__train_oracle__feat_b__obj_cvar_a0.95__sigtrue_0.2__sigbar_0.25__lam_0.0001,completed,2026-04-02T01:23:11Z,3,main_benchmark,main,benchmark,True,oracle,bs_delta,deep_hedge_oracle,,B,cvar,0.2,0.25,0.0001,results/gbm_deephedge/benchmark_6_2/runs/seed_0003__train_oracle__feat_b__obj_cvar_a0.95__sigtrue_0.2__sigbar_0.25__lam_0.0001,results/gbm_deephedge,e287df272e5e285c07876678aae69f4f19775306b8a45cd9b4e3d8ec69d0d701,76e694c21e709359f62f03a0ba5a97ba6db86a88,GBM_CFG=results/gbm_deephedge/benchmark_6_2/runs/seed_0003__train_oracle__feat_b__obj_cvar_a0.95__sigtrue_0.2__sigbar_0.25__lam_0.0001/run_cfg.json python -m src.train_deephedge_gbm
train=oracle|feat=B|obj=cvar|sigtrue=0.2|sigbar=0.25|lam=0.0005|robust=none,seed_0003__train_oracle__feat_b__obj_cvar_a0.95__sigtrue_0.2__sigbar_0.25__lam_0.0005,completed,2026-04-02T01:23:36Z,3,main_benchmark,main,benchmark,True,oracle,bs_delta,deep_hedge_oracle,,B,cvar,0.2,0.25,0.0005,results/gbm_deephedge/benchmark_6_2/runs/seed_0003__train_oracle__feat_b__obj_cvar_a0.95__sigtrue_0.2__sigbar_0.25__lam_0.0005,results/gbm_deephedge,3ba3b79f0ce47a6aa884f00e2bec379683d0e7bf1a56f0358ab2d9340b92c3e0,76e694c21e709359f62f03a0ba5a97ba6db86a88,GBM_CFG=results/gbm_deephedge/benchmark_6_2/runs/seed_0003__train_oracle__feat_b__obj_cvar_a0.95__sigtrue_0.2__sigbar_0.25__lam_0.0005/run_cfg.json python -m src.train_deephedge_gbm
train=oracle|feat=B|obj=cvar|sigtrue=0.2|sigbar=0.25|lam=0.001|robust=none,seed_0003__train_oracle__feat_b__obj_cvar_a0.95__sigtrue_0.2__sigbar_0.25__lam_0.001,completed,2026-04-02T01:24:00Z,3,main_benchmark,main,benchmark,True,oracle,bs_delta,deep_hedge_oracle,,B,cvar,0.2,0.25,0.001,results/gbm_deephedge/benchmark_6_2/runs/seed_0003__train_oracle__feat_b__obj_cvar_a0.95__sigtrue_0.2__sigbar_0.25__lam_0.001,results/gbm_deephedge,0d1052bc11d72f6eb35437d92d782360c19106ada165579f0434137372cb94bd,76e694c21e709359f62f03a0ba5a97ba6db86a88,GBM_CFG=results/gbm_deephedge/benchmark_6_2/runs/seed_0003__train_oracle__feat_b__obj_cvar_a0.95__sigtrue_0.2__sigbar_0.25__lam_0.001/run_cfg.json python -m src.train_deephedge_gbm
train=oracle|feat=B|obj=cvar|sigtrue=0.2|sigbar=0.2|lam=0|robust=none,seed_0003__train_oracle__feat_b__obj_cvar_a0.95__sigtrue_0.2__sigbar_0.2__lam_0,completed,2026-04-01T22:04:37Z,3,main_benchmark,main,benchmark,True,oracle,bs_delta,deep_hedge_oracle,,B,cvar,0.2,0.2,0.0,results/gbm_deephedge/benchmark_6_2/runs/seed_0003__train_oracle__feat_b__obj_cvar_a0.95__sigtrue_0.2__sigbar_0.2__lam_0,results/gbm_deephedge,d3c67241dc8e8e677fdadc61de4c6666184d71299370fc157a310bdd5082cc43,76e694c21e709359f62f03a0ba5a97ba6db86a88,GBM_CFG=results/gbm_deephedge/benchmark_6_2/runs/seed_0003__train_oracle__feat_b__obj_cvar_a0.95__sigtrue_0.2__sigbar_0.2__lam_0/run_cfg.json python -m src.train_deephedge_gbm
train=oracle|feat=B|obj=cvar|sigtrue=0.2|sigbar=0.2|lam=0.0001|robust=none,seed_0003__train_oracle__feat_b__obj_cvar_a0.95__sigtrue_0.2__sigbar_0.2__lam_0.0001,completed,2026-04-01T22:45:30Z,3,main_benchmark,main,benchmark,True,oracle,bs_delta,deep_hedge_oracle,,B,cvar,0.2,0.2,0.0001,results/gbm_deephedge/benchmark_6_2/runs/seed_0003__train_oracle__feat_b__obj_cvar_a0.95__sigtrue_0.2__sigbar_0.2__lam_0.0001,results/gbm_deephedge,4fef78e8fb3e083c7836e1e2924748d1cb500c03726be303c6c19b026e0d63e3,76e694c21e709359f62f03a0ba5a97ba6db86a88,GBM_CFG=results/gbm_deephedge/benchmark_6_2/runs/seed_0003__train_oracle__feat_b__obj_cvar_a0.95__sigtrue_0.2__sigbar_0.2__lam_0.0001/run_cfg.json python -m src.train_deephedge_gbm
train=oracle|feat=B|obj=cvar|sigtrue=0.2|sigbar=0.2|lam=0.0005|robust=none,seed_0003__train_oracle__feat_b__obj_cvar_a0.95__sigtrue_0.2__sigbar_0.2__lam_0.0005,completed,2026-04-01T23:27:26Z,3,main_benchmark,main,benchmark,True,oracle,bs_delta,deep_hedge_oracle,,B,cvar,0.2,0.2,0.0005,results/gbm_deephedge/benchmark_6_2/runs/seed_0003__train_oracle__feat_b__obj_cvar_a0.95__sigtrue_0.2__sigbar_0.2__lam_0.0005,results/gbm_deephedge,882a002778fbb6fc418c3847514e4eef349b50cdca16d5d79a52e50b8fe73d39,76e694c21e709359f62f03a0ba5a97ba6db86a88,GBM_CFG=results/gbm_deephedge/benchmark_6_2/runs/seed_0003__train_oracle__feat_b__obj_cvar_a0.95__sigtrue_0.2__sigbar_0.2__lam_0.0005/run_cfg.json python -m src.train_deephedge_gbm
train=oracle|feat=B|obj=cvar|sigtrue=0.2|sigbar=0.2|lam=0.001|robust=none,seed_0003__train_oracle__feat_b__obj_cvar_a0.95__sigtrue_0.2__sigbar_0.2__lam_0.001,completed,2026-04-02T00:13:45Z,3,main_benchmark,main,benchmark,True,oracle,bs_delta,deep_hedge_oracle,,B,cvar,0.2,0.2,0.001,results/gbm_deephedge/benchmark_6_2/runs/seed_0003__train_oracle__feat_b__obj_cvar_a0.95__sigtrue_0.2__sigbar_0.2__lam_0.001,results/gbm_deephedge,3d4547a54d95148aeebb56c321e6207c8b037f002ce9ea706d48c7e06f0271d7,76e694c21e709359f62f03a0ba5a97ba6db86a88,GBM_CFG=results/gbm_deephedge/benchmark_6_2/runs/seed_0003__train_oracle__feat_b__obj_cvar_a0.95__sigtrue_0.2__sigbar_0.2__lam_0.001/run_cfg.json python -m src.train_deephedge_gbm
train=oracle|feat=B|obj=cvar|sigtrue=0.2|sigbar=0.3|lam=0|robust=none,seed_0003__train_oracle__feat_b__obj_cvar_a0.95__sigtrue_0.2__sigbar_0.3__lam_0,completed,2026-04-02T01:22:49Z,3,main_benchmark,main,benchmark,True,oracle,bs_delta,deep_hedge_oracle,,B,cvar,0.2,0.3,0.0,results/gbm_deephedge/benchmark_6_2/runs/seed_0003__train_oracle__feat_b__obj_cvar_a0.95__sigtrue_0.2__sigbar_0.3__lam_0,results/gbm_deephedge,ceaeca0caf3232f4a317a8e336d5e88895759c2422aed99de5a393284232056c,76e694c21e709359f62f03a0ba5a97ba6db86a88,GBM_CFG=results/gbm_deephedge/benchmark_6_2/runs/seed_0003__train_oracle__feat_b__obj_cvar_a0.95__sigtrue_0.2__sigbar_0.3__lam_0/run_cfg.json python -m src.train_deephedge_gbm
train=oracle|feat=B|obj=cvar|sigtrue=0.2|sigbar=0.3|lam=0.0001|robust=none,seed_0003__train_oracle__feat_b__obj_cvar_a0.95__sigtrue_0.2__sigbar_0.3__lam_0.0001,completed,2026-04-02T01:23:14Z,3,main_benchmark,main,benchmark,True,oracle,bs_delta,deep_hedge_oracle,,B,cvar,0.2,0.3,0.0001,results/gbm_deephedge/benchmark_6_2/runs/seed_0003__train_oracle__feat_b__obj_cvar_a0.95__sigtrue_0.2__sigbar_0.3__lam_0.0001,results/gbm_deephedge,bf57bfbf3bc0ba001ad8560ae98294e39f17f2228e82b5bdfaec713c958bd9fa,76e694c21e709359f62f03a0ba5a97ba6db86a88,GBM_CFG=results/gbm_deephedge/benchmark_6_2/runs/seed_0003__train_oracle__feat_b__obj_cvar_a0.95__sigtrue_0.2__sigbar_0.3__lam_0.0001/run_cfg.json python -m src.train_deephedge_gbm
train=oracle|feat=B|obj=cvar|sigtrue=0.2|sigbar=0.3|lam=0.0005|robust=none,seed_0003__train_oracle__feat_b__obj_cvar_a0.95__sigtrue_0.2__sigbar_0.3__lam_0.0005,completed,2026-04-02T01:23:39Z,3,main_benchmark,main,benchmark,True,oracle,bs_delta,deep_hedge_oracle,,B,cvar,0.2,0.3,0.0005,results/gbm_deephedge/benchmark_6_2/runs/seed_0003__train_oracle__feat_b__obj_cvar_a0.95__sigtrue_0.2__sigbar_0.3__lam_0.0005,results/gbm_deephedge,fc781e6c0216eea95471739aeda3235d52ab23b7b157c47879fe2bb33d12cec6,76e694c21e709359f62f03a0ba5a97ba6db86a88,GBM_CFG=results/gbm_deephedge/benchmark_6_2/runs/seed_0003__train_oracle__feat_b__obj_cvar_a0.95__sigtrue_0.2__sigbar_0.3__lam_0.0005/run_cfg.json python -m src.train_deephedge_gbm
train=oracle|feat=B|obj=cvar|sigtrue=0.2|sigbar=0.3|lam=0.001|robust=none,seed_0003__train_oracle__feat_b__obj_cvar_a0.95__sigtrue_0.2__sigbar_0.3__lam_0.001,completed,2026-04-02T01:24:03Z,3,main_benchmark,main,benchmark,True,oracle,bs_delta,deep_hedge_oracle,,B,cvar,0.2,0.3,0.001,results/gbm_deephedge/benchmark_6_2/runs/seed_0003__train_oracle__feat_b__obj_cvar_a0.95__sigtrue_0.2__sigbar_0.3__lam_0.001,results/gbm_deephedge,6d98742557c037a2d04fef138f91761c166b0eb9db5bd92c0eb422418f57be90,76e694c21e709359f62f03a0ba5a97ba6db86a88,GBM_CFG=results/gbm_deephedge/benchmark_6_2/runs/seed_0003__train_oracle__feat_b__obj_cvar_a0.95__sigtrue_0.2__sigbar_0.3__lam_0.001/run_cfg.json python -m src.train_deephedge_gbm
"train=robust|feat=B|obj=cvar|sigtrue=0.2|sigbar=0.15|lam=0|robust=0.15,0.2,0.25",seed_0003__train_robust_s0.15-0.2-0.25__feat_b__obj_cvar_a0.95__sigtrue_0.2__sigbar_0.15__lam_0,completed,2026-04-02T01:22:56Z,3,main_benchmark,main,benchmark,True,robust,bs_delta,deep_hedge_robust,0.15|0.2|0.25,B,cvar,0.2,0.15,0.0,results/gbm_deephedge/benchmark_6_2/runs/seed_0003__train_robust_s0.15-0.2-0.25__feat_b__obj_cvar_a0.95__sigtrue_0.2__sigbar_0.15__lam_0,results/gbm_deephedge,0463045189c643feec2ebd8ed4bdb43f160f1582e4d23beb3c166c6a84263c94,76e694c21e709359f62f03a0ba5a97ba6db86a88,GBM_CFG=results/gbm_deephedge/benchmark_6_2/runs/seed_0003__train_robust_s0.15-0.2-0.25__feat_b__obj_cvar_a0.95__sigtrue_0.2__sigbar_0.15__lam_0/run_cfg.json python -m src.train_deephedge_gbm
"train=robust|feat=B|obj=cvar|sigtrue=0.2|sigbar=0.15|lam=0.0001|robust=0.15,0.2,0.25",seed_0003__train_robust_s0.15-0.2-0.25__feat_b__obj_cvar_a0.95__sigtrue_0.2__sigbar_0.15__lam_0.0001,completed,2026-04-02T01:23:21Z,3,main_benchmark,main,benchmark,True,robust,bs_delta,deep_hedge_robust,0.15|0.2|0.25,B,cvar,0.2,0.15,0.0001,results/gbm_deephedge/benchmark_6_2/runs/seed_0003__train_robust_s0.15-0.2-0.25__feat_b__obj_cvar_a0.95__sigtrue_0.2__sigbar_0.15__lam_0.0001,results/gbm_deephedge,eb9cd9193995ab4d80ea92f68f5a24127abed63c5d9b2ca09ca4c5baf564b9e2,76e694c21e709359f62f03a0ba5a97ba6db86a88,GBM_CFG=results/gbm_deephedge/benchmark_6_2/runs/seed_0003__train_robust_s0.15-0.2-0.25__feat_b__obj_cvar_a0.95__sigtrue_0.2__sigbar_0.15__lam_0.0001/run_cfg.json python -m src.train_deephedge_gbm
"train=robust|feat=B|obj=cvar|sigtrue=0.2|sigbar=0.15|lam=0.0005|robust=0.15,0.2,0.25",seed_0003__train_robust_s0.15-0.2-0.25__feat_b__obj_cvar_a0.95__sigtrue_0.2__sigbar_0.15__lam_0.0005,completed,2026-04-02T01:23:45Z,3,main_benchmark,main,benchmark,True,robust,bs_delta,deep_hedge_robust,0.15|0.2|0.25,B,cvar,0.2,0.15,0.0005,results/gbm_deephedge/benchmark_6_2/runs/seed_0003__train_robust_s0.15-0.2-0.25__feat_b__obj_cvar_a0.95__sigtrue_0.2__sigbar_0.15__lam_0.0005,results/gbm_deephedge,549f9f937cd6e6e01ff6b7aeeaa765f643cb10671ac97b8aa6a232cd6d60c09e,76e694c21e709359f62f03a0ba5a97ba6db86a88,GBM_CFG=results/gbm_deephedge/benchmark_6_2/runs/seed_0003__train_robust_s0.15-0.2-0.25__feat_b__obj_cvar_a0.95__sigtrue_0.2__sigbar_0.15__lam_0.0005/run_cfg.json python -m src.train_deephedge_gbm
"train=robust|feat=B|obj=cvar|sigtrue=0.2|sigbar=0.15|lam=0.001|robust=0.15,0.2,0.25",seed_0003__train_robust_s0.15-0.2-0.25__feat_b__obj_cvar_a0.95__sigtrue_0.2__sigbar_0.15__lam_0.001,completed,2026-04-02T01:24:10Z,3,main_benchmark,main,benchmark,True,robust,bs_delta,deep_hedge_robust,0.15|0.2|0.25,B,cvar,0.2,0.15,0.001,results/gbm_deephedge/benchmark_6_2/runs/seed_0003__train_robust_s0.15-0.2-0.25__feat_b__obj_cvar_a0.95__sigtrue_0.2__sigbar_0.15__lam_0.001,results/gbm_deephedge,d8d9cb4509695c5e9a836ef87646e2e7c89a94536dd65606d716c7002e73d890,76e694c21e709359f62f03a0ba5a97ba6db86a88,GBM_CFG=results/gbm_deephedge/benchmark_6_2/runs/seed_0003__train_robust_s0.15-0.2-0.25__feat_b__obj_cvar_a0.95__sigtrue_0.2__sigbar_0.15__lam_0.001/run_cfg.json python -m src.train_deephedge_gbm
"train=robust|feat=B|obj=cvar|sigtrue=0.2|sigbar=0.1|lam=0|robust=0.15,0.2,0.25",seed_0003__train_robust_s0.15-0.2-0.25__feat_b__obj_cvar_a0.95__sigtrue_0.2__sigbar_0.1__lam_0,completed,2026-04-02T01:22:52Z,3,main_benchmark,main,benchmark,True,robust,bs_delta,deep_hedge_robust,0.15|0.2|0.25,B,cvar,0.2,0.1,0.0,results/gbm_deephedge/benchmark_6_2/runs/seed_0003__train_robust_s0.15-0.2-0.25__feat_b__obj_cvar_a0.95__sigtrue_0.2__sigbar_0.1__lam_0,results/gbm_deephedge,d0d6beb79d9fef25aad51bbb2fdb885d8995e995eb250f96f0e6b3cb3d89e76f,76e694c21e709359f62f03a0ba5a97ba6db86a88,GBM_CFG=results/gbm_deephedge/benchmark_6_2/runs/seed_0003__train_robust_s0.15-0.2-0.25__feat_b__obj_cvar_a0.95__sigtrue_0.2__sigbar_0.1__lam_0/run_cfg.json python -m src.train_deephedge_gbm
"train=robust|feat=B|obj=cvar|sigtrue=0.2|sigbar=0.1|lam=0.0001|robust=0.15,0.2,0.25",seed_0003__train_robust_s0.15-0.2-0.25__feat_b__obj_cvar_a0.95__sigtrue_0.2__sigbar_0.1__lam_0.0001,completed,2026-04-02T01:23:18Z,3,main_benchmark,main,benchmark,True,robust,bs_delta,deep_hedge_robust,0.15|0.2|0.25,B,cvar,0.2,0.1,0.0001,results/gbm_deephedge/benchmark_6_2/runs/seed_0003__train_robust_s0.15-0.2-0.25__feat_b__obj_cvar_a0.95__sigtrue_0.2__sigbar_0.1__lam_0.0001,results/gbm_deephedge,483e80f7bead52bb11a8a4d1ba41dd8a55e94814fa387134418a5664a60dcc89,76e694c21e709359f62f03a0ba5a97ba6db86a88,GBM_CFG=results/gbm_deephedge/benchmark_6_2/runs/seed_0003__train_robust_s0.15-0.2-0.25__feat_b__obj_cvar_a0.95__sigtrue_0.2__sigbar_0.1__lam_0.0001/run_cfg.json python -m src.train_deephedge_gbm
"train=robust|feat=B|obj=cvar|sigtrue=0.2|sigbar=0.1|lam=0.0005|robust=0.15,0.2,0.25",seed_0003__train_robust_s0.15-0.2-0.25__feat_b__obj_cvar_a0.95__sigtrue_0.2__sigbar_0.1__lam_0.0005,completed,2026-04-02T01:23:42Z,3,main_benchmark,main,benchmark,True,robust,bs_delta,deep_hedge_robust,0.15|0.2|0.25,B,cvar,0.2,0.1,0.0005,results/gbm_deephedge/benchmark_6_2/runs/seed_0003__train_robust_s0.15-0.2-0.25__feat_b__obj_cvar_a0.95__sigtrue_0.2__sigbar_0.1__lam_0.0005,results/gbm_deephedge,443acdf2705e9344b61e95a03db57e5337eeae74e1b3012aecc46eb5cb9ca17d,76e694c21e709359f62f03a0ba5a97ba6db86a88,GBM_CFG=results/gbm_deephedge/benchmark_6_2/runs/seed_0003__train_robust_s0.15-0.2-0.25__feat_b__obj_cvar_a0.95__sigtrue_0.2__sigbar_0.1__lam_0.0005/run_cfg.json python -m src.train_deephedge_gbm
"train=robust|feat=B|obj=cvar|sigtrue=0.2|sigbar=0.1|lam=0.001|robust=0.15,0.2,0.25",seed_0003__train_robust_s0.15-0.2-0.25__feat_b__obj_cvar_a0.95__sigtrue_0.2__sigbar_0.1__lam_0.001,completed,2026-04-02T01:24:07Z,3,main_benchmark,main,benchmark,True,robust,bs_delta,deep_hedge_robust,0.15|0.2|0.25,B,cvar,0.2,0.1,0.001,results/gbm_deephedge/benchmark_6_2/runs/seed_0003__train_robust_s0.15-0.2-0.25__feat_b__obj_cvar_a0.95__sigtrue_0.2__sigbar_0.1__lam_0.001,results/gbm_deephedge,4d7f4cec8f2d07a78dbc861dc7169a73ef855105c28236300791a1d034ece267,76e694c21e709359f62f03a0ba5a97ba6db86a88,GBM_CFG=results/gbm_deephedge/benchmark_6_2/runs/seed_0003__train_robust_s0.15-0.2-0.25__feat_b__obj_cvar_a0.95__sigtrue_0.2__sigbar_0.1__lam_0.001/run_cfg.json python -m src.train_deephedge_gbm
"train=robust|feat=B|obj=cvar|sigtrue=0.2|sigbar=0.25|lam=0|robust=0.15,0.2,0.25",seed_0003__train_robust_s0.15-0.2-0.25__feat_b__obj_cvar_a0.95__sigtrue_0.2__sigbar_0.25__lam_0,completed,2026-04-02T01:22:59Z,3,main_benchmark,main,benchmark,True,robust,bs_delta,deep_hedge_robust,0.15|0.2|0.25,B,cvar,0.2,0.25,0.0,results/gbm_deephedge/benchmark_6_2/runs/seed_0003__train_robust_s0.15-0.2-0.25__feat_b__obj_cvar_a0.95__sigtrue_0.2__sigbar_0.25__lam_0,results/gbm_deephedge,af572c359dbeae074373c9532a9765d2c2ea8da14440355b58acfd85ff6f6a46,76e694c21e709359f62f03a0ba5a97ba6db86a88,GBM_CFG=results/gbm_deephedge/benchmark_6_2/runs/seed_0003__train_robust_s0.15-0.2-0.25__feat_b__obj_cvar_a0.95__sigtrue_0.2__sigbar_0.25__lam_0/run_cfg.json python -m src.train_deephedge_gbm
"train=robust|feat=B|obj=cvar|sigtrue=0.2|sigbar=0.25|lam=0.0001|robust=0.15,0.2,0.25",seed_0003__train_robust_s0.15-0.2-0.25__feat_b__obj_cvar_a0.95__sigtrue_0.2__sigbar_0.25__lam_0.0001,completed,2026-04-02T01:23:24Z,3,main_benchmark,main,benchmark,True,robust,bs_delta,deep_hedge_robust,0.15|0.2|0.25,B,cvar,0.2,0.25,0.0001,results/gbm_deephedge/benchmark_6_2/runs/seed_0003__train_robust_s0.15-0.2-0.25__feat_b__obj_cvar_a0.95__sigtrue_0.2__sigbar_0.25__lam_0.0001,results/gbm_deephedge,0b6a5ca73cf0847d97c8de00b0cac29812b67f8d08106058d5cb5850b4f9c9a5,76e694c21e709359f62f03a0ba5a97ba6db86a88,GBM_CFG=results/gbm_deephedge/benchmark_6_2/runs/seed_0003__train_robust_s0.15-0.2-0.25__feat_b__obj_cvar_a0.95__sigtrue_0.2__sigbar_0.25__lam_0.0001/run_cfg.json python -m src.train_deephedge_gbm
"train=robust|feat=B|obj=cvar|sigtrue=0.2|sigbar=0.25|lam=0.0005|robust=0.15,0.2,0.25",seed_0003__train_robust_s0.15-0.2-0.25__feat_b__obj_cvar_a0.95__sigtrue_0.2__sigbar_0.25__lam_0.0005,completed,2026-04-02T01:23:48Z,3,main_benchmark,main,benchmark,True,robust,bs_delta,deep_hedge_robust,0.15|0.2|0.25,B,cvar,0.2,0.25,0.0005,results/gbm_deephedge/benchmark_6_2/runs/seed_0003__train_robust_s0.15-0.2-0.25__feat_b__obj_cvar_a0.95__sigtrue_0.2__sigbar_0.25__lam_0.0005,results/gbm_deephedge,a165b6f2baf5f628924a5349d815414b3394c39f0fed47ca2241c373ef6cc371,76e694c21e709359f62f03a0ba5a97ba6db86a88,GBM_CFG=results/gbm_deephedge/benchmark_6_2/runs/seed_0003__train_robust_s0.15-0.2-0.25__feat_b__obj_cvar_a0.95__sigtrue_0.2__sigbar_0.25__lam_0.0005/run_cfg.json python -m src.train_deephedge_gbm
"train=robust|feat=B|obj=cvar|sigtrue=0.2|sigbar=0.25|lam=0.001|robust=0.15,0.2,0.25",seed_0003__train_robust_s0.15-0.2-0.25__feat_b__obj_cvar_a0.95__sigtrue_0.2__sigbar_0.25__lam_0.001,completed,2026-04-02T01:24:13Z,3,main_benchmark,main,benchmark,True,robust,bs_delta,deep_hedge_robust,0.15|0.2|0.25,B,cvar,0.2,0.25,0.001,results/gbm_deephedge/benchmark_6_2/runs/seed_0003__train_robust_s0.15-0.2-0.25__feat_b__obj_cvar_a0.95__sigtrue_0.2__sigbar_0.25__lam_0.001,results/gbm_deephedge,70c3e7ece54e92b3b7c28aeb375e949b6e9bbd1fe95682f3cd691ae7157e3600,76e694c21e709359f62f03a0ba5a97ba6db86a88,GBM_CFG=results/gbm_deephedge/benchmark_6_2/runs/seed_0003__train_robust_s0.15-0.2-0.25__feat_b__obj_cvar_a0.95__sigtrue_0.2__sigbar_0.25__lam_0.001/run_cfg.json python -m src.train_deephedge_gbm
"train=robust|feat=B|obj=cvar|sigtrue=0.2|sigbar=0.2|lam=0|robust=0.15,0.2,0.25",seed_0003__train_robust_s0.15-0.2-0.25__feat_b__obj_cvar_a0.95__sigtrue_0.2__sigbar_0.2__lam_0,completed,2026-04-01T22:06:48Z,3,main_benchmark,main,benchmark,True,robust,bs_delta,deep_hedge_robust,0.15|0.2|0.25,B,cvar,0.2,0.2,0.0,results/gbm_deephedge/benchmark_6_2/runs/seed_0003__train_robust_s0.15-0.2-0.25__feat_b__obj_cvar_a0.95__sigtrue_0.2__sigbar_0.2__lam_0,results/gbm_deephedge,e75eb5e193ac9b48dde3402ec2e145408d8c02951ebf2da64d2121cf7e71dc37,76e694c21e709359f62f03a0ba5a97ba6db86a88,GBM_CFG=results/gbm_deephedge/benchmark_6_2/runs/seed_0003__train_robust_s0.15-0.2-0.25__feat_b__obj_cvar_a0.95__sigtrue_0.2__sigbar_0.2__lam_0/run_cfg.json python -m src.train_deephedge_gbm
"train=robust|feat=B|obj=cvar|sigtrue=0.2|sigbar=0.2|lam=0.0001|robust=0.15,0.2,0.25",seed_0003__train_robust_s0.15-0.2-0.25__feat_b__obj_cvar_a0.95__sigtrue_0.2__sigbar_0.2__lam_0.0001,completed,2026-04-01T22:47:41Z,3,main_benchmark,main,benchmark,True,robust,bs_delta,deep_hedge_robust,0.15|0.2|0.25,B,cvar,0.2,0.2,0.0001,results/gbm_deephedge/benchmark_6_2/runs/seed_0003__train_robust_s0.15-0.2-0.25__feat_b__obj_cvar_a0.95__sigtrue_0.2__sigbar_0.2__lam_0.0001,results/gbm_deephedge,3346fdb98a0a075f2afc4316fa71200c2b525adfc768c771ae83aa1e13fad15e,76e694c21e709359f62f03a0ba5a97ba6db86a88,GBM_CFG=results/gbm_deephedge/benchmark_6_2/runs/seed_0003__train_robust_s0.15-0.2-0.25__feat_b__obj_cvar_a0.95__sigtrue_0.2__sigbar_0.2__lam_0.0001/run_cfg.json python -m src.train_deephedge_gbm
"train=robust|feat=B|obj=cvar|sigtrue=0.2|sigbar=0.2|lam=0.0005|robust=0.15,0.2,0.25",seed_0003__train_robust_s0.15-0.2-0.25__feat_b__obj_cvar_a0.95__sigtrue_0.2__sigbar_0.2__lam_0.0005,completed,2026-04-01T23:29:37Z,3,main_benchmark,main,benchmark,True,robust,bs_delta,deep_hedge_robust,0.15|0.2|0.25,B,cvar,0.2,0.2,0.0005,results/gbm_deephedge/benchmark_6_2/runs/seed_0003__train_robust_s0.15-0.2-0.25__feat_b__obj_cvar_a0.95__sigtrue_0.2__sigbar_0.2__lam_0.0005,results/gbm_deephedge,caa5ad58487689a18505b2db166e2d196f5093eab64af0d63bdacb352c44b593,76e694c21e709359f62f03a0ba5a97ba6db86a88,GBM_CFG=results/gbm_deephedge/benchmark_6_2/runs/seed_0003__train_robust_s0.15-0.2-0.25__feat_b__obj_cvar_a0.95__sigtrue_0.2__sigbar_0.2__lam_0.0005/run_cfg.json python -m src.train_deephedge_gbm
"train=robust|feat=B|obj=cvar|sigtrue=0.2|sigbar=0.2|lam=0.001|robust=0.15,0.2,0.25",seed_0003__train_robust_s0.15-0.2-0.25__feat_b__obj_cvar_a0.95__sigtrue_0.2__sigbar_0.2__lam_0.001,completed,2026-04-02T00:14:52Z,3,main_benchmark,main,benchmark,True,robust,bs_delta,deep_hedge_robust,0.15|0.2|0.25,B,cvar,0.2,0.2,0.001,results/gbm_deephedge/benchmark_6_2/runs/seed_0003__train_robust_s0.15-0.2-0.25__feat_b__obj_cvar_a0.95__sigtrue_0.2__sigbar_0.2__lam_0.001,results/gbm_deephedge,90de30abb486a3d1848a4b5109dcc0f9ba507deb41148248cd533d52d851b220,76e694c21e709359f62f03a0ba5a97ba6db86a88,GBM_CFG=results/gbm_deephedge/benchmark_6_2/runs/seed_0003__train_robust_s0.15-0.2-0.25__feat_b__obj_cvar_a0.95__sigtrue_0.2__sigbar_0.2__lam_0.001/run_cfg.json python -m src.train_deephedge_gbm
"train=robust|feat=B|obj=cvar|sigtrue=0.2|sigbar=0.3|lam=0|robust=0.15,0.2,0.25",seed_0003__train_robust_s0.15-0.2-0.25__feat_b__obj_cvar_a0.95__sigtrue_0.2__sigbar_0.3__lam_0,completed,2026-04-02T01:23:02Z,3,main_benchmark,main,benchmark,True,robust,bs_delta,deep_hedge_robust,0.15|0.2|0.25,B,cvar,0.2,0.3,0.0,results/gbm_deephedge/benchmark_6_2/runs/seed_0003__train_robust_s0.15-0.2-0.25__feat_b__obj_cvar_a0.95__sigtrue_0.2__sigbar_0.3__lam_0,results/gbm_deephedge,17cc4fc490503628e68506bfd931f90ec788f2b35eaf30419481fed8bacc1f3a,76e694c21e709359f62f03a0ba5a97ba6db86a88,GBM_CFG=results/gbm_deephedge/benchmark_6_2/runs/seed_0003__train_robust_s0.15-0.2-0.25__feat_b__obj_cvar_a0.95__sigtrue_0.2__sigbar_0.3__lam_0/run_cfg.json python -m src.train_deephedge_gbm
"train=robust|feat=B|obj=cvar|sigtrue=0.2|sigbar=0.3|lam=0.0001|robust=0.15,0.2,0.25",seed_0003__train_robust_s0.15-0.2-0.25__feat_b__obj_cvar_a0.95__sigtrue_0.2__sigbar_0.3__lam_0.0001,completed,2026-04-02T01:23:27Z,3,main_benchmark,main,benchmark,True,robust,bs_delta,deep_hedge_robust,0.15|0.2|0.25,B,cvar,0.2,0.3,0.0001,results/gbm_deephedge/benchmark_6_2/runs/seed_0003__train_robust_s0.15-0.2-0.25__feat_b__obj_cvar_a0.95__sigtrue_0.2__sigbar_0.3__lam_0.0001,results/gbm_deephedge,f214f584a6fc86dae1db07a23814334ee63292d0d1b320d1f302daab58071cbf,76e694c21e709359f62f03a0ba5a97ba6db86a88,GBM_CFG=results/gbm_deephedge/benchmark_6_2/runs/seed_0003__train_robust_s0.15-0.2-0.25__feat_b__obj_cvar_a0.95__sigtrue_0.2__sigbar_0.3__lam_0.0001/run_cfg.json python -m src.train_deephedge_gbm
"train=robust|feat=B|obj=cvar|sigtrue=0.2|sigbar=0.3|lam=0.0005|robust=0.15,0.2,0.25",seed_0003__train_robust_s0.15-0.2-0.25__feat_b__obj_cvar_a0.95__sigtrue_0.2__sigbar_0.3__lam_0.0005,completed,2026-04-02T01:23:52Z,3,main_benchmark,main,benchmark,True,robust,bs_delta,deep_hedge_robust,0.15|0.2|0.25,B,cvar,0.2,0.3,0.0005,results/gbm_deephedge/benchmark_6_2/runs/seed_0003__train_robust_s0.15-0.2-0.25__feat_b__obj_cvar_a0.95__sigtrue_0.2__sigbar_0.3__lam_0.0005,results/gbm_deephedge,4e4dee775af1dde599780653b7995b51d032768e426ce3c2d34d60822b90770f,76e694c21e709359f62f03a0ba5a97ba6db86a88,GBM_CFG=results/gbm_deephedge/benchmark_6_2/runs/seed_0003__train_robust_s0.15-0.2-0.25__feat_b__obj_cvar_a0.95__sigtrue_0.2__sigbar_0.3__lam_0.0005/run_cfg.json python -m src.train_deephedge_gbm
"train=robust|feat=B|obj=cvar|sigtrue=0.2|sigbar=0.3|lam=0.001|robust=0.15,0.2,0.25",seed_0003__train_robust_s0.15-0.2-0.25__feat_b__obj_cvar_a0.95__sigtrue_0.2__sigbar_0.3__lam_0.001,completed,2026-04-02T01:24:16Z,3,main_benchmark,main,benchmark,True,robust,bs_delta,deep_hedge_robust,0.15|0.2|0.25,B,cvar,0.2,0.3,0.001,results/gbm_deephedge/benchmark_6_2/runs/seed_0003__train_robust_s0.15-0.2-0.25__feat_b__obj_cvar_a0.95__sigtrue_0.2__sigbar_0.3__lam_0.001,results/gbm_deephedge,62a136af5667169553fe6f92e25c180e737d30b80ab567eb2ea262a564971660,76e694c21e709359f62f03a0ba5a97ba6db86a88,GBM_CFG=results/gbm_deephedge/benchmark_6_2/runs/seed_0003__train_robust_s0.15-0.2-0.25__feat_b__obj_cvar_a0.95__sigtrue_0.2__sigbar_0.3__lam_0.001/run_cfg.json python -m src.train_deephedge_gbm
train=oracle|feat=B|obj=cvar|sigtrue=0.2|sigbar=0.15|lam=0|robust=none,seed_0004__train_oracle__feat_b__obj_cvar_a0.95__sigtrue_0.2__sigbar_0.15__lam_0,completed,2026-04-02T01:24:22Z,4,main_benchmark,main,benchmark,True,oracle,bs_delta,deep_hedge_oracle,,B,cvar,0.2,0.15,0.0,results/gbm_deephedge/benchmark_6_2/runs/seed_0004__train_oracle__feat_b__obj_cvar_a0.95__sigtrue_0.2__sigbar_0.15__lam_0,results/gbm_deephedge,4f87f8237113edf1a934230c504bbb8bfb9e4f1d7527d08344ecfaee39ed4c07,76e694c21e709359f62f03a0ba5a97ba6db86a88,GBM_CFG=results/gbm_deephedge/benchmark_6_2/runs/seed_0004__train_oracle__feat_b__obj_cvar_a0.95__sigtrue_0.2__sigbar_0.15__lam_0/run_cfg.json python -m src.train_deephedge_gbm
train=oracle|feat=B|obj=cvar|sigtrue=0.2|sigbar=0.15|lam=0.0001|robust=none,seed_0004__train_oracle__feat_b__obj_cvar_a0.95__sigtrue_0.2__sigbar_0.15__lam_0.0001,completed,2026-04-02T01:24:46Z,4,main_benchmark,main,benchmark,True,oracle,bs_delta,deep_hedge_oracle,,B,cvar,0.2,0.15,0.0001,results/gbm_deephedge/benchmark_6_2/runs/seed_0004__train_oracle__feat_b__obj_cvar_a0.95__sigtrue_0.2__sigbar_0.15__lam_0.0001,results/gbm_deephedge,2c57d5e0bdef9c0a14d126e28f90297e2102a57a9722a700c0bd2d92c95f0a1f,76e694c21e709359f62f03a0ba5a97ba6db86a88,GBM_CFG=results/gbm_deephedge/benchmark_6_2/runs/seed_0004__train_oracle__feat_b__obj_cvar_a0.95__sigtrue_0.2__sigbar_0.15__lam_0.0001/run_cfg.json python -m src.train_deephedge_gbm
train=oracle|feat=B|obj=cvar|sigtrue=0.2|sigbar=0.15|lam=0.0005|robust=none,seed_0004__train_oracle__feat_b__obj_cvar_a0.95__sigtrue_0.2__sigbar_0.15__lam_0.0005,completed,2026-04-02T01:25:11Z,4,main_benchmark,main,benchmark,True,oracle,bs_delta,deep_hedge_oracle,,B,cvar,0.2,0.15,0.0005,results/gbm_deephedge/benchmark_6_2/runs/seed_0004__train_oracle__feat_b__obj_cvar_a0.95__sigtrue_0.2__sigbar_0.15__lam_0.0005,results/gbm_deephedge,f7d5b0d18787ca910ed614fe647c353b85bae9ac2fcbd06f0c294b3c7874264f,76e694c21e709359f62f03a0ba5a97ba6db86a88,GBM_CFG=results/gbm_deephedge/benchmark_6_2/runs/seed_0004__train_oracle__feat_b__obj_cvar_a0.95__sigtrue_0.2__sigbar_0.15__lam_0.0005/run_cfg.json python -m src.train_deephedge_gbm
train=oracle|feat=B|obj=cvar|sigtrue=0.2|sigbar=0.15|lam=0.001|robust=none,seed_0004__train_oracle__feat_b__obj_cvar_a0.95__sigtrue_0.2__sigbar_0.15__lam_0.001,completed,2026-04-02T01:25:35Z,4,main_benchmark,main,benchmark,True,oracle,bs_delta,deep_hedge_oracle,,B,cvar,0.2,0.15,0.001,results/gbm_deephedge/benchmark_6_2/runs/seed_0004__train_oracle__feat_b__obj_cvar_a0.95__sigtrue_0.2__sigbar_0.15__lam_0.001,results/gbm_deephedge,4e26267d42936c0182a5b05d72fc2732e2f6c6c8024b7cebdd54f95e24a9d22f,76e694c21e709359f62f03a0ba5a97ba6db86a88,GBM_CFG=results/gbm_deephedge/benchmark_6_2/runs/seed_0004__train_oracle__feat_b__obj_cvar_a0.95__sigtrue_0.2__sigbar_0.15__lam_0.001/run_cfg.json python -m src.train_deephedge_gbm
train=oracle|feat=B|obj=cvar|sigtrue=0.2|sigbar=0.1|lam=0|robust=none,seed_0004__train_oracle__feat_b__obj_cvar_a0.95__sigtrue_0.2__sigbar_0.1__lam_0,completed,2026-04-02T01:24:19Z,4,main_benchmark,main,benchmark,True,oracle,bs_delta,deep_hedge_oracle,,B,cvar,0.2,0.1,0.0,results/gbm_deephedge/benchmark_6_2/runs/seed_0004__train_oracle__feat_b__obj_cvar_a0.95__sigtrue_0.2__sigbar_0.1__lam_0,results/gbm_deephedge,5c4b72955e124a6b761670cc1a4bd78001e2a3628f8e3ee0aed7c9248d5982df,76e694c21e709359f62f03a0ba5a97ba6db86a88,GBM_CFG=results/gbm_deephedge/benchmark_6_2/runs/seed_0004__train_oracle__feat_b__obj_cvar_a0.95__sigtrue_0.2__sigbar_0.1__lam_0/run_cfg.json python -m src.train_deephedge_gbm
train=oracle|feat=B|obj=cvar|sigtrue=0.2|sigbar=0.1|lam=0.0001|robust=none,seed_0004__train_oracle__feat_b__obj_cvar_a0.95__sigtrue_0.2__sigbar_0.1__lam_0.0001,completed,2026-04-02T01:24:43Z,4,main_benchmark,main,benchmark,True,oracle,bs_delta,deep_hedge_oracle,,B,cvar,0.2,0.1,0.0001,results/gbm_deephedge/benchmark_6_2/runs/seed_0004__train_oracle__feat_b__obj_cvar_a0.95__sigtrue_0.2__sigbar_0.1__lam_0.0001,results/gbm_deephedge,a52f3375b515696eeb0dd71b275a62999a52eeafec3b93efcce641fe0ea76da1,76e694c21e709359f62f03a0ba5a97ba6db86a88,GBM_CFG=results/gbm_deephedge/benchmark_6_2/runs/seed_0004__train_oracle__feat_b__obj_cvar_a0.95__sigtrue_0.2__sigbar_0.1__lam_0.0001/run_cfg.json python -m src.train_deephedge_gbm
train=oracle|feat=B|obj=cvar|sigtrue=0.2|sigbar=0.1|lam=0.0005|robust=none,seed_0004__train_oracle__feat_b__obj_cvar_a0.95__sigtrue_0.2__sigbar_0.1__lam_0.0005,completed,2026-04-02T01:25:08Z,4,main_benchmark,main,benchmark,True,oracle,bs_delta,deep_hedge_oracle,,B,cvar,0.2,0.1,0.0005,results/gbm_deephedge/benchmark_6_2/runs/seed_0004__train_oracle__feat_b__obj_cvar_a0.95__sigtrue_0.2__sigbar_0.1__lam_0.0005,results/gbm_deephedge,009318e2e68ef3316e1c23d9e7e032d468bd7318e40c5c1d88d3297e72cbd797,76e694c21e709359f62f03a0ba5a97ba6db86a88,GBM_CFG=results/gbm_deephedge/benchmark_6_2/runs/seed_0004__train_oracle__feat_b__obj_cvar_a0.95__sigtrue_0.2__sigbar_0.1__lam_0.0005/run_cfg.json python -m src.train_deephedge_gbm
train=oracle|feat=B|obj=cvar|sigtrue=0.2|sigbar=0.1|lam=0.001|robust=none,seed_0004__train_oracle__feat_b__obj_cvar_a0.95__sigtrue_0.2__sigbar_0.1__lam_0.001,completed,2026-04-02T01:25:32Z,4,main_benchmark,main,benchmark,True,oracle,bs_delta,deep_hedge_oracle,,B,cvar,0.2,0.1,0.001,results/gbm_deephedge/benchmark_6_2/runs/seed_0004__train_oracle__feat_b__obj_cvar_a0.95__sigtrue_0.2__sigbar_0.1__lam_0.001,results/gbm_deephedge,1dc6b77ba3a94ce429af94e3afbedefcbbbfc99329d0649465f1edbf01913a8e,76e694c21e709359f62f03a0ba5a97ba6db86a88,GBM_CFG=results/gbm_deephedge/benchmark_6_2/runs/seed_0004__train_oracle__feat_b__obj_cvar_a0.95__sigtrue_0.2__sigbar_0.1__lam_0.001/run_cfg.json python -m src.train_deephedge_gbm
train=oracle|feat=B|obj=cvar|sigtrue=0.2|sigbar=0.25|lam=0|robust=none,seed_0004__train_oracle__feat_b__obj_cvar_a0.95__sigtrue_0.2__sigbar_0.25__lam_0,completed,2026-04-02T01:24:25Z,4,main_benchmark,main,benchmark,True,oracle,bs_delta,deep_hedge_oracle,,B,cvar,0.2,0.25,0.0,results/gbm_deephedge/benchmark_6_2/runs/seed_0004__train_oracle__feat_b__obj_cvar_a0.95__sigtrue_0.2__sigbar_0.25__lam_0,results/gbm_deephedge,33839533e6d6479586b88fc876df6d81780e566384b46cc55ab733c33e6ac81c,76e694c21e709359f62f03a0ba5a97ba6db86a88,GBM_CFG=results/gbm_deephedge/benchmark_6_2/runs/seed_0004__train_oracle__feat_b__obj_cvar_a0.95__sigtrue_0.2__sigbar_0.25__lam_0/run_cfg.json python -m src.train_deephedge_gbm
train=oracle|feat=B|obj=cvar|sigtrue=0.2|sigbar=0.25|lam=0.0001|robust=none,seed_0004__train_oracle__feat_b__obj_cvar_a0.95__sigtrue_0.2__sigbar_0.25__lam_0.0001,completed,2026-04-02T01:24:49Z,4,main_benchmark,main,benchmark,True,oracle,bs_delta,deep_hedge_oracle,,B,cvar,0.2,0.25,0.0001,results/gbm_deephedge/benchmark_6_2/runs/seed_0004__train_oracle__feat_b__obj_cvar_a0.95__sigtrue_0.2__sigbar_0.25__lam_0.0001,results/gbm_deephedge,14011e6991b9d1ff4b76fa4c424a631d2f101bcf019ec20fa728844f7dd2e314,76e694c21e709359f62f03a0ba5a97ba6db86a88,GBM_CFG=results/gbm_deephedge/benchmark_6_2/runs/seed_0004__train_oracle__feat_b__obj_cvar_a0.95__sigtrue_0.2__sigbar_0.25__lam_0.0001/run_cfg.json python -m src.train_deephedge_gbm
train=oracle|feat=B|obj=cvar|sigtrue=0.2|sigbar=0.25|lam=0.0005|robust=none,seed_0004__train_oracle__feat_b__obj_cvar_a0.95__sigtrue_0.2__sigbar_0.25__lam_0.0005,completed,2026-04-02T01:25:14Z,4,main_benchmark,main,benchmark,True,oracle,bs_delta,deep_hedge_oracle,,B,cvar,0.2,0.25,0.0005,results/gbm_deephedge/benchmark_6_2/runs/seed_0004__train_oracle__feat_b__obj_cvar_a0.95__sigtrue_0.2__sigbar_0.25__lam_0.0005,results/gbm_deephedge,1f3a5718d63d8c1f3b180459ac7ebc8bc265b48df577f8568c7dfccc59315e9e,76e694c21e709359f62f03a0ba5a97ba6db86a88,GBM_CFG=results/gbm_deephedge/benchmark_6_2/runs/seed_0004__train_oracle__feat_b__obj_cvar_a0.95__sigtrue_0.2__sigbar_0.25__lam_0.0005/run_cfg.json python -m src.train_deephedge_gbm
train=oracle|feat=B|obj=cvar|sigtrue=0.2|sigbar=0.25|lam=0.001|robust=none,seed_0004__train_oracle__feat_b__obj_cvar_a0.95__sigtrue_0.2__sigbar_0.25__lam_0.001,completed,2026-04-02T01:25:38Z,4,main_benchmark,main,benchmark,True,oracle,bs_delta,deep_hedge_oracle,,B,cvar,0.2,0.25,0.001,results/gbm_deephedge/benchmark_6_2/runs/seed_0004__train_oracle__feat_b__obj_cvar_a0.95__sigtrue_0.2__sigbar_0.25__lam_0.001,results/gbm_deephedge,ef97a9c2774f1e535468e71ead938fc720368672c50431f9d2dc5b223bbd66d0,76e694c21e709359f62f03a0ba5a97ba6db86a88,GBM_CFG=results/gbm_deephedge/benchmark_6_2/runs/seed_0004__train_oracle__feat_b__obj_cvar_a0.95__sigtrue_0.2__sigbar_0.25__lam_0.001/run_cfg.json python -m src.train_deephedge_gbm
train=oracle|feat=B|obj=cvar|sigtrue=0.2|sigbar=0.2|lam=0|robust=none,seed_0004__train_oracle__feat_b__obj_cvar_a0.95__sigtrue_0.2__sigbar_0.2__lam_0,completed,2026-04-01T22:08:46Z,4,main_benchmark,main,benchmark,True,oracle,bs_delta,deep_hedge_oracle,,B,cvar,0.2,0.2,0.0,results/gbm_deephedge/benchmark_6_2/runs/seed_0004__train_oracle__feat_b__obj_cvar_a0.95__sigtrue_0.2__sigbar_0.2__lam_0,results/gbm_deephedge,69c20c86e4fa6b444121f75520c126899cf5ae68ed7b93d9824c56d03bc7aefe,76e694c21e709359f62f03a0ba5a97ba6db86a88,GBM_CFG=results/gbm_deephedge/benchmark_6_2/runs/seed_0004__train_oracle__feat_b__obj_cvar_a0.95__sigtrue_0.2__sigbar_0.2__lam_0/run_cfg.json python -m src.train_deephedge_gbm
train=oracle|feat=B|obj=cvar|sigtrue=0.2|sigbar=0.2|lam=0.0001|robust=none,seed_0004__train_oracle__feat_b__obj_cvar_a0.95__sigtrue_0.2__sigbar_0.2__lam_0.0001,completed,2026-04-01T22:49:04Z,4,main_benchmark,main,benchmark,True,oracle,bs_delta,deep_hedge_oracle,,B,cvar,0.2,0.2,0.0001,results/gbm_deephedge/benchmark_6_2/runs/seed_0004__train_oracle__feat_b__obj_cvar_a0.95__sigtrue_0.2__sigbar_0.2__lam_0.0001,results/gbm_deephedge,b3d59a29445da37019f17c84390e65ed88e05753b851976592f0afa11338c224,76e694c21e709359f62f03a0ba5a97ba6db86a88,GBM_CFG=results/gbm_deephedge/benchmark_6_2/runs/seed_0004__train_oracle__feat_b__obj_cvar_a0.95__sigtrue_0.2__sigbar_0.2__lam_0.0001/run_cfg.json python -m src.train_deephedge_gbm
train=oracle|feat=B|obj=cvar|sigtrue=0.2|sigbar=0.2|lam=0.0005|robust=none,seed_0004__train_oracle__feat_b__obj_cvar_a0.95__sigtrue_0.2__sigbar_0.2__lam_0.0005,completed,2026-04-01T23:31:50Z,4,main_benchmark,main,benchmark,True,oracle,bs_delta,deep_hedge_oracle,,B,cvar,0.2,0.2,0.0005,results/gbm_deephedge/benchmark_6_2/runs/seed_0004__train_oracle__feat_b__obj_cvar_a0.95__sigtrue_0.2__sigbar_0.2__lam_0.0005,results/gbm_deephedge,125553f87d57f3e88cdbe2cdc8688978ac0b3d1492881e504466bc294284b8b5,76e694c21e709359f62f03a0ba5a97ba6db86a88,GBM_CFG=results/gbm_deephedge/benchmark_6_2/runs/seed_0004__train_oracle__feat_b__obj_cvar_a0.95__sigtrue_0.2__sigbar_0.2__lam_0.0005/run_cfg.json python -m src.train_deephedge_gbm
train=oracle|feat=B|obj=cvar|sigtrue=0.2|sigbar=0.2|lam=0.001|robust=none,seed_0004__train_oracle__feat_b__obj_cvar_a0.95__sigtrue_0.2__sigbar_0.2__lam_0.001,completed,2026-04-02T00:17:04Z,4,main_benchmark,main,benchmark,True,oracle,bs_delta,deep_hedge_oracle,,B,cvar,0.2,0.2,0.001,results/gbm_deephedge/benchmark_6_2/runs/seed_0004__train_oracle__feat_b__obj_cvar_a0.95__sigtrue_0.2__sigbar_0.2__lam_0.001,results/gbm_deephedge,05010b15c808600ed88b3b7f751170abba3d8b7b649d13a115163e661788640a,76e694c21e709359f62f03a0ba5a97ba6db86a88,GBM_CFG=results/gbm_deephedge/benchmark_6_2/runs/seed_0004__train_oracle__feat_b__obj_cvar_a0.95__sigtrue_0.2__sigbar_0.2__lam_0.001/run_cfg.json python -m src.train_deephedge_gbm
train=oracle|feat=B|obj=cvar|sigtrue=0.2|sigbar=0.3|lam=0|robust=none,seed_0004__train_oracle__feat_b__obj_cvar_a0.95__sigtrue_0.2__sigbar_0.3__lam_0,completed,2026-04-02T01:24:28Z,4,main_benchmark,main,benchmark,True,oracle,bs_delta,deep_hedge_oracle,,B,cvar,0.2,0.3,0.0,results/gbm_deephedge/benchmark_6_2/runs/seed_0004__train_oracle__feat_b__obj_cvar_a0.95__sigtrue_0.2__sigbar_0.3__lam_0,results/gbm_deephedge,babb1f1d29dabc9fbe9b1cb5a8ccfdba6e74f32c03dfd0f01cf0e48c4a885a0e,76e694c21e709359f62f03a0ba5a97ba6db86a88,GBM_CFG=results/gbm_deephedge/benchmark_6_2/runs/seed_0004__train_oracle__feat_b__obj_cvar_a0.95__sigtrue_0.2__sigbar_0.3__lam_0/run_cfg.json python -m src.train_deephedge_gbm
train=oracle|feat=B|obj=cvar|sigtrue=0.2|sigbar=0.3|lam=0.0001|robust=none,seed_0004__train_oracle__feat_b__obj_cvar_a0.95__sigtrue_0.2__sigbar_0.3__lam_0.0001,completed,2026-04-02T01:24:52Z,4,main_benchmark,main,benchmark,True,oracle,bs_delta,deep_hedge_oracle,,B,cvar,0.2,0.3,0.0001,results/gbm_deephedge/benchmark_6_2/runs/seed_0004__train_oracle__feat_b__obj_cvar_a0.95__sigtrue_0.2__sigbar_0.3__lam_0.0001,results/gbm_deephedge,e1c6a87291ef6d97b7a9b5f5d45f58b711cb9c8d1f33ef790e002e22e6c91e29,76e694c21e709359f62f03a0ba5a97ba6db86a88,GBM_CFG=results/gbm_deephedge/benchmark_6_2/runs/seed_0004__train_oracle__feat_b__obj_cvar_a0.95__sigtrue_0.2__sigbar_0.3__lam_0.0001/run_cfg.json python -m src.train_deephedge_gbm
train=oracle|feat=B|obj=cvar|sigtrue=0.2|sigbar=0.3|lam=0.0005|robust=none,seed_0004__train_oracle__feat_b__obj_cvar_a0.95__sigtrue_0.2__sigbar_0.3__lam_0.0005,completed,2026-04-02T01:25:16Z,4,main_benchmark,main,benchmark,True,oracle,bs_delta,deep_hedge_oracle,,B,cvar,0.2,0.3,0.0005,results/gbm_deephedge/benchmark_6_2/runs/seed_0004__train_oracle__feat_b__obj_cvar_a0.95__sigtrue_0.2__sigbar_0.3__lam_0.0005,results/gbm_deephedge,7829b42cd594d3822893d22e266765be0a64205467f3c832183f9c0e5723d6ad,76e694c21e709359f62f03a0ba5a97ba6db86a88,GBM_CFG=results/gbm_deephedge/benchmark_6_2/runs/seed_0004__train_oracle__feat_b__obj_cvar_a0.95__sigtrue_0.2__sigbar_0.3__lam_0.0005/run_cfg.json python -m src.train_deephedge_gbm
train=oracle|feat=B|obj=cvar|sigtrue=0.2|sigbar=0.3|lam=0.001|robust=none,seed_0004__train_oracle__feat_b__obj_cvar_a0.95__sigtrue_0.2__sigbar_0.3__lam_0.001,completed,2026-04-02T01:25:41Z,4,main_benchmark,main,benchmark,True,oracle,bs_delta,deep_hedge_oracle,,B,cvar,0.2,0.3,0.001,results/gbm_deephedge/benchmark_6_2/runs/seed_0004__train_oracle__feat_b__obj_cvar_a0.95__sigtrue_0.2__sigbar_0.3__lam_0.001,results/gbm_deephedge,1514ecd8820565b7e031546f6d5e5e17c025e098b12391431e9ab516fef78ed9,76e694c21e709359f62f03a0ba5a97ba6db86a88,GBM_CFG=results/gbm_deephedge/benchmark_6_2/runs/seed_0004__train_oracle__feat_b__obj_cvar_a0.95__sigtrue_0.2__sigbar_0.3__lam_0.001/run_cfg.json python -m src.train_deephedge_gbm
"train=robust|feat=B|obj=cvar|sigtrue=0.2|sigbar=0.15|lam=0|robust=0.15,0.2,0.25",seed_0004__train_robust_s0.15-0.2-0.25__feat_b__obj_cvar_a0.95__sigtrue_0.2__sigbar_0.15__lam_0,completed,2026-04-02T01:24:34Z,4,main_benchmark,main,benchmark,True,robust,bs_delta,deep_hedge_robust,0.15|0.2|0.25,B,cvar,0.2,0.15,0.0,results/gbm_deephedge/benchmark_6_2/runs/seed_0004__train_robust_s0.15-0.2-0.25__feat_b__obj_cvar_a0.95__sigtrue_0.2__sigbar_0.15__lam_0,results/gbm_deephedge,99ccfbc3e613607e1b3f35e24d0c1ccf8e844f8e7a8e37b643f6ee956bd84304,76e694c21e709359f62f03a0ba5a97ba6db86a88,GBM_CFG=results/gbm_deephedge/benchmark_6_2/runs/seed_0004__train_robust_s0.15-0.2-0.25__feat_b__obj_cvar_a0.95__sigtrue_0.2__sigbar_0.15__lam_0/run_cfg.json python -m src.train_deephedge_gbm
"train=robust|feat=B|obj=cvar|sigtrue=0.2|sigbar=0.15|lam=0.0001|robust=0.15,0.2,0.25",seed_0004__train_robust_s0.15-0.2-0.25__feat_b__obj_cvar_a0.95__sigtrue_0.2__sigbar_0.15__lam_0.0001,completed,2026-04-02T01:24:58Z,4,main_benchmark,main,benchmark,True,robust,bs_delta,deep_hedge_robust,0.15|0.2|0.25,B,cvar,0.2,0.15,0.0001,results/gbm_deephedge/benchmark_6_2/runs/seed_0004__train_robust_s0.15-0.2-0.25__feat_b__obj_cvar_a0.95__sigtrue_0.2__sigbar_0.15__lam_0.0001,results/gbm_deephedge,768bd7e5d5283f5673a5d38cdc7141f93850ddd0b2e303f8f4d27b2db789ca1b,76e694c21e709359f62f03a0ba5a97ba6db86a88,GBM_CFG=results/gbm_deephedge/benchmark_6_2/runs/seed_0004__train_robust_s0.15-0.2-0.25__feat_b__obj_cvar_a0.95__sigtrue_0.2__sigbar_0.15__lam_0.0001/run_cfg.json python -m src.train_deephedge_gbm
"train=robust|feat=B|obj=cvar|sigtrue=0.2|sigbar=0.15|lam=0.0005|robust=0.15,0.2,0.25",seed_0004__train_robust_s0.15-0.2-0.25__feat_b__obj_cvar_a0.95__sigtrue_0.2__sigbar_0.15__lam_0.0005,completed,2026-04-02T01:25:23Z,4,main_benchmark,main,benchmark,True,robust,bs_delta,deep_hedge_robust,0.15|0.2|0.25,B,cvar,0.2,0.15,0.0005,results/gbm_deephedge/benchmark_6_2/runs/seed_0004__train_robust_s0.15-0.2-0.25__feat_b__obj_cvar_a0.95__sigtrue_0.2__sigbar_0.15__lam_0.0005,results/gbm_deephedge,6202ae257b25fbf1c0abf2b1f28141f40a93fca7b6d09664ebf6af1dc887558b,76e694c21e709359f62f03a0ba5a97ba6db86a88,GBM_CFG=results/gbm_deephedge/benchmark_6_2/runs/seed_0004__train_robust_s0.15-0.2-0.25__feat_b__obj_cvar_a0.95__sigtrue_0.2__sigbar_0.15__lam_0.0005/run_cfg.json python -m src.train_deephedge_gbm
"train=robust|feat=B|obj=cvar|sigtrue=0.2|sigbar=0.15|lam=0.001|robust=0.15,0.2,0.25",seed_0004__train_robust_s0.15-0.2-0.25__feat_b__obj_cvar_a0.95__sigtrue_0.2__sigbar_0.15__lam_0.001,completed,2026-04-02T01:25:47Z,4,main_benchmark,main,benchmark,True,robust,bs_delta,deep_hedge_robust,0.15|0.2|0.25,B,cvar,0.2,0.15,0.001,results/gbm_deephedge/benchmark_6_2/runs/seed_0004__train_robust_s0.15-0.2-0.25__feat_b__obj_cvar_a0.95__sigtrue_0.2__sigbar_0.15__lam_0.001,results/gbm_deephedge,da222a509f02a7c2bf1e6d8cf0fb79adbb9b73b15e7977c13adab26b61a49da0,76e694c21e709359f62f03a0ba5a97ba6db86a88,GBM_CFG=results/gbm_deephedge/benchmark_6_2/runs/seed_0004__train_robust_s0.15-0.2-0.25__feat_b__obj_cvar_a0.95__sigtrue_0.2__sigbar_0.15__lam_0.001/run_cfg.json python -m src.train_deephedge_gbm
"train=robust|feat=B|obj=cvar|sigtrue=0.2|sigbar=0.1|lam=0|robust=0.15,0.2,0.25",seed_0004__train_robust_s0.15-0.2-0.25__feat_b__obj_cvar_a0.95__sigtrue_0.2__sigbar_0.1__lam_0,completed,2026-04-02T01:24:31Z,4,main_benchmark,main,benchmark,True,robust,bs_delta,deep_hedge_robust,0.15|0.2|0.25,B,cvar,0.2,0.1,0.0,results/gbm_deephedge/benchmark_6_2/runs/seed_0004__train_robust_s0.15-0.2-0.25__feat_b__obj_cvar_a0.95__sigtrue_0.2__sigbar_0.1__lam_0,results/gbm_deephedge,cbba2416b36bc714de9e8b8da760d10cc2ffa9c46a2db27eaa73365867ced420,76e694c21e709359f62f03a0ba5a97ba6db86a88,GBM_CFG=results/gbm_deephedge/benchmark_6_2/runs/seed_0004__train_robust_s0.15-0.2-0.25__feat_b__obj_cvar_a0.95__sigtrue_0.2__sigbar_0.1__lam_0/run_cfg.json python -m src.train_deephedge_gbm
"train=robust|feat=B|obj=cvar|sigtrue=0.2|sigbar=0.1|lam=0.0001|robust=0.15,0.2,0.25",seed_0004__train_robust_s0.15-0.2-0.25__feat_b__obj_cvar_a0.95__sigtrue_0.2__sigbar_0.1__lam_0.0001,completed,2026-04-02T01:24:55Z,4,main_benchmark,main,benchmark,True,robust,bs_delta,deep_hedge_robust,0.15|0.2|0.25,B,cvar,0.2,0.1,0.0001,results/gbm_deephedge/benchmark_6_2/runs/seed_0004__train_robust_s0.15-0.2-0.25__feat_b__obj_cvar_a0.95__sigtrue_0.2__sigbar_0.1__lam_0.0001,results/gbm_deephedge,152798ba18c7bcaa1a3a6f4141db7ae3077e1e08b92e41fc3d0f8908f8a16b7f,76e694c21e709359f62f03a0ba5a97ba6db86a88,GBM_CFG=results/gbm_deephedge/benchmark_6_2/runs/seed_0004__train_robust_s0.15-0.2-0.25__feat_b__obj_cvar_a0.95__sigtrue_0.2__sigbar_0.1__lam_0.0001/run_cfg.json python -m src.train_deephedge_gbm
"train=robust|feat=B|obj=cvar|sigtrue=0.2|sigbar=0.1|lam=0.0005|robust=0.15,0.2,0.25",seed_0004__train_robust_s0.15-0.2-0.25__feat_b__obj_cvar_a0.95__sigtrue_0.2__sigbar_0.1__lam_0.0005,completed,2026-04-02T01:25:20Z,4,main_benchmark,main,benchmark,True,robust,bs_delta,deep_hedge_robust,0.15|0.2|0.25,B,cvar,0.2,0.1,0.0005,results/gbm_deephedge/benchmark_6_2/runs/seed_0004__train_robust_s0.15-0.2-0.25__feat_b__obj_cvar_a0.95__sigtrue_0.2__sigbar_0.1__lam_0.0005,results/gbm_deephedge,792847e46b97087ab83ddb53ee9307b1c1665ed761c02cc20a941a36d34614f8,76e694c21e709359f62f03a0ba5a97ba6db86a88,GBM_CFG=results/gbm_deephedge/benchmark_6_2/runs/seed_0004__train_robust_s0.15-0.2-0.25__feat_b__obj_cvar_a0.95__sigtrue_0.2__sigbar_0.1__lam_0.0005/run_cfg.json python -m src.train_deephedge_gbm
"train=robust|feat=B|obj=cvar|sigtrue=0.2|sigbar=0.1|lam=0.001|robust=0.15,0.2,0.25",seed_0004__train_robust_s0.15-0.2-0.25__feat_b__obj_cvar_a0.95__sigtrue_0.2__sigbar_0.1__lam_0.001,completed,2026-04-02T01:25:44Z,4,main_benchmark,main,benchmark,True,robust,bs_delta,deep_hedge_robust,0.15|0.2|0.25,B,cvar,0.2,0.1,0.001,results/gbm_deephedge/benchmark_6_2/runs/seed_0004__train_robust_s0.15-0.2-0.25__feat_b__obj_cvar_a0.95__sigtrue_0.2__sigbar_0.1__lam_0.001,results/gbm_deephedge,53f4af78f4e469c09d701662cba2453b6bb7d8470826d8f144a9e5f6b3699415,76e694c21e709359f62f03a0ba5a97ba6db86a88,GBM_CFG=results/gbm_deephedge/benchmark_6_2/runs/seed_0004__train_robust_s0.15-0.2-0.25__feat_b__obj_cvar_a0.95__sigtrue_0.2__sigbar_0.1__lam_0.001/run_cfg.json python -m src.train_deephedge_gbm
"train=robust|feat=B|obj=cvar|sigtrue=0.2|sigbar=0.25|lam=0|robust=0.15,0.2,0.25",seed_0004__train_robust_s0.15-0.2-0.25__feat_b__obj_cvar_a0.95__sigtrue_0.2__sigbar_0.25__lam_0,completed,2026-04-02T01:24:37Z,4,main_benchmark,main,benchmark,True,robust,bs_delta,deep_hedge_robust,0.15|0.2|0.25,B,cvar,0.2,0.25,0.0,results/gbm_deephedge/benchmark_6_2/runs/seed_0004__train_robust_s0.15-0.2-0.25__feat_b__obj_cvar_a0.95__sigtrue_0.2__sigbar_0.25__lam_0,results/gbm_deephedge,6cfaed2bba80ebd97788760737d1af72c7de35db2d0b9150fe0cd040b582c500,76e694c21e709359f62f03a0ba5a97ba6db86a88,GBM_CFG=results/gbm_deephedge/benchmark_6_2/runs/seed_0004__train_robust_s0.15-0.2-0.25__feat_b__obj_cvar_a0.95__sigtrue_0.2__sigbar_0.25__lam_0/run_cfg.json python -m src.train_deephedge_gbm
"train=robust|feat=B|obj=cvar|sigtrue=0.2|sigbar=0.25|lam=0.0001|robust=0.15,0.2,0.25",seed_0004__train_robust_s0.15-0.2-0.25__feat_b__obj_cvar_a0.95__sigtrue_0.2__sigbar_0.25__lam_0.0001,completed,2026-04-02T01:25:02Z,4,main_benchmark,main,benchmark,True,robust,bs_delta,deep_hedge_robust,0.15|0.2|0.25,B,cvar,0.2,0.25,0.0001,results/gbm_deephedge/benchmark_6_2/runs/seed_0004__train_robust_s0.15-0.2-0.25__feat_b__obj_cvar_a0.95__sigtrue_0.2__sigbar_0.25__lam_0.0001,results/gbm_deephedge,ad45ff6d63d609235cfc731d500b37a797885791835d5456b04fcb7f365bb563,76e694c21e709359f62f03a0ba5a97ba6db86a88,GBM_CFG=results/gbm_deephedge/benchmark_6_2/runs/seed_0004__train_robust_s0.15-0.2-0.25__feat_b__obj_cvar_a0.95__sigtrue_0.2__sigbar_0.25__lam_0.0001/run_cfg.json python -m src.train_deephedge_gbm
"train=robust|feat=B|obj=cvar|sigtrue=0.2|sigbar=0.25|lam=0.0005|robust=0.15,0.2,0.25",seed_0004__train_robust_s0.15-0.2-0.25__feat_b__obj_cvar_a0.95__sigtrue_0.2__sigbar_0.25__lam_0.0005,completed,2026-04-02T01:25:26Z,4,main_benchmark,main,benchmark,True,robust,bs_delta,deep_hedge_robust,0.15|0.2|0.25,B,cvar,0.2,0.25,0.0005,results/gbm_deephedge/benchmark_6_2/runs/seed_0004__train_robust_s0.15-0.2-0.25__feat_b__obj_cvar_a0.95__sigtrue_0.2__sigbar_0.25__lam_0.0005,results/gbm_deephedge,c009314e2e5f263465f6cd0529a0db2ab0f50f926e951c60b0abcedf97b77d0a,76e694c21e709359f62f03a0ba5a97ba6db86a88,GBM_CFG=results/gbm_deephedge/benchmark_6_2/runs/seed_0004__train_robust_s0.15-0.2-0.25__feat_b__obj_cvar_a0.95__sigtrue_0.2__sigbar_0.25__lam_0.0005/run_cfg.json python -m src.train_deephedge_gbm
"train=robust|feat=B|obj=cvar|sigtrue=0.2|sigbar=0.25|lam=0.001|robust=0.15,0.2,0.25",seed_0004__train_robust_s0.15-0.2-0.25__feat_b__obj_cvar_a0.95__sigtrue_0.2__sigbar_0.25__lam_0.001,completed,2026-04-02T01:25:51Z,4,main_benchmark,main,benchmark,True,robust,bs_delta,deep_hedge_robust,0.15|0.2|0.25,B,cvar,0.2,0.25,0.001,results/gbm_deephedge/benchmark_6_2/runs/seed_0004__train_robust_s0.15-0.2-0.25__feat_b__obj_cvar_a0.95__sigtrue_0.2__sigbar_0.25__lam_0.001,results/gbm_deephedge,2372aa6a17a5291f7daea11f945a324cf366913134bf83df5e195bd0ca54e151,76e694c21e709359f62f03a0ba5a97ba6db86a88,GBM_CFG=results/gbm_deephedge/benchmark_6_2/runs/seed_0004__train_robust_s0.15-0.2-0.25__feat_b__obj_cvar_a0.95__sigtrue_0.2__sigbar_0.25__lam_0.001/run_cfg.json python -m src.train_deephedge_gbm
"train=robust|feat=B|obj=cvar|sigtrue=0.2|sigbar=0.2|lam=0|robust=0.15,0.2,0.25",seed_0004__train_robust_s0.15-0.2-0.25__feat_b__obj_cvar_a0.95__sigtrue_0.2__sigbar_0.2__lam_0,completed,2026-04-01T22:10:57Z,4,main_benchmark,main,benchmark,True,robust,bs_delta,deep_hedge_robust,0.15|0.2|0.25,B,cvar,0.2,0.2,0.0,results/gbm_deephedge/benchmark_6_2/runs/seed_0004__train_robust_s0.15-0.2-0.25__feat_b__obj_cvar_a0.95__sigtrue_0.2__sigbar_0.2__lam_0,results/gbm_deephedge,113c2b20ac429ed38c95a4bb3d92556b8a1f6265b82e07196388d356c713d663,76e694c21e709359f62f03a0ba5a97ba6db86a88,GBM_CFG=results/gbm_deephedge/benchmark_6_2/runs/seed_0004__train_robust_s0.15-0.2-0.25__feat_b__obj_cvar_a0.95__sigtrue_0.2__sigbar_0.2__lam_0/run_cfg.json python -m src.train_deephedge_gbm
"train=robust|feat=B|obj=cvar|sigtrue=0.2|sigbar=0.2|lam=0.0001|robust=0.15,0.2,0.25",seed_0004__train_robust_s0.15-0.2-0.25__feat_b__obj_cvar_a0.95__sigtrue_0.2__sigbar_0.2__lam_0.0001,completed,2026-04-01T22:51:11Z,4,main_benchmark,main,benchmark,True,robust,bs_delta,deep_hedge_robust,0.15|0.2|0.25,B,cvar,0.2,0.2,0.0001,results/gbm_deephedge/benchmark_6_2/runs/seed_0004__train_robust_s0.15-0.2-0.25__feat_b__obj_cvar_a0.95__sigtrue_0.2__sigbar_0.2__lam_0.0001,results/gbm_deephedge,d6d4ba68312a892428e6be949700dfac7bfa45e1b3db1838fb22fb94b23ce1ea,76e694c21e709359f62f03a0ba5a97ba6db86a88,GBM_CFG=results/gbm_deephedge/benchmark_6_2/runs/seed_0004__train_robust_s0.15-0.2-0.25__feat_b__obj_cvar_a0.95__sigtrue_0.2__sigbar_0.2__lam_0.0001/run_cfg.json python -m src.train_deephedge_gbm
"train=robust|feat=B|obj=cvar|sigtrue=0.2|sigbar=0.2|lam=0.0005|robust=0.15,0.2,0.25",seed_0004__train_robust_s0.15-0.2-0.25__feat_b__obj_cvar_a0.95__sigtrue_0.2__sigbar_0.2__lam_0.0005,completed,2026-04-01T23:39:05Z,4,main_benchmark,main,benchmark,True,robust,bs_delta,deep_hedge_robust,0.15|0.2|0.25,B,cvar,0.2,0.2,0.0005,results/gbm_deephedge/benchmark_6_2/runs/seed_0004__train_robust_s0.15-0.2-0.25__feat_b__obj_cvar_a0.95__sigtrue_0.2__sigbar_0.2__lam_0.0005,results/gbm_deephedge,6e54ef0f792f6bff4da5a0b97715fc21fd6260773a0aa8734847a4ac38f656ca,76e694c21e709359f62f03a0ba5a97ba6db86a88,GBM_CFG=results/gbm_deephedge/benchmark_6_2/runs/seed_0004__train_robust_s0.15-0.2-0.25__feat_b__obj_cvar_a0.95__sigtrue_0.2__sigbar_0.2__lam_0.0005/run_cfg.json python -m src.train_deephedge_gbm
"train=robust|feat=B|obj=cvar|sigtrue=0.2|sigbar=0.2|lam=0.001|robust=0.15,0.2,0.25",seed_0004__train_robust_s0.15-0.2-0.25__feat_b__obj_cvar_a0.95__sigtrue_0.2__sigbar_0.2__lam_0.001,completed,2026-04-02T00:19:02Z,4,main_benchmark,main,benchmark,True,robust,bs_delta,deep_hedge_robust,0.15|0.2|0.25,B,cvar,0.2,0.2,0.001,results/gbm_deephedge/benchmark_6_2/runs/seed_0004__train_robust_s0.15-0.2-0.25__feat_b__obj_cvar_a0.95__sigtrue_0.2__sigbar_0.2__lam_0.001,results/gbm_deephedge,af236744a87524fdfe3e4e07fab247ad80820b6f87e4331d48be7d1255d14019,76e694c21e709359f62f03a0ba5a97ba6db86a88,GBM_CFG=results/gbm_deephedge/benchmark_6_2/runs/seed_0004__train_robust_s0.15-0.2-0.25__feat_b__obj_cvar_a0.95__sigtrue_0.2__sigbar_0.2__lam_0.001/run_cfg.json python -m src.train_deephedge_gbm
"train=robust|feat=B|obj=cvar|sigtrue=0.2|sigbar=0.3|lam=0|robust=0.15,0.2,0.25",seed_0004__train_robust_s0.15-0.2-0.25__feat_b__obj_cvar_a0.95__sigtrue_0.2__sigbar_0.3__lam_0,completed,2026-04-02T01:24:40Z,4,main_benchmark,main,benchmark,True,robust,bs_delta,deep_hedge_robust,0.15|0.2|0.25,B,cvar,0.2,0.3,0.0,results/gbm_deephedge/benchmark_6_2/runs/seed_0004__train_robust_s0.15-0.2-0.25__feat_b__obj_cvar_a0.95__sigtrue_0.2__sigbar_0.3__lam_0,results/gbm_deephedge,bee366bf6a797153aadbca7796753953ed3f952e7ab9799c62c4fc8175e672fc,76e694c21e709359f62f03a0ba5a97ba6db86a88,GBM_CFG=results/gbm_deephedge/benchmark_6_2/runs/seed_0004__train_robust_s0.15-0.2-0.25__feat_b__obj_cvar_a0.95__sigtrue_0.2__sigbar_0.3__lam_0/run_cfg.json python -m src.train_deephedge_gbm
"train=robust|feat=B|obj=cvar|sigtrue=0.2|sigbar=0.3|lam=0.0001|robust=0.15,0.2,0.25",seed_0004__train_robust_s0.15-0.2-0.25__feat_b__obj_cvar_a0.95__sigtrue_0.2__sigbar_0.3__lam_0.0001,completed,2026-04-02T01:25:05Z,4,main_benchmark,main,benchmark,True,robust,bs_delta,deep_hedge_robust,0.15|0.2|0.25,B,cvar,0.2,0.3,0.0001,results/gbm_deephedge/benchmark_6_2/runs/seed_0004__train_robust_s0.15-0.2-0.25__feat_b__obj_cvar_a0.95__sigtrue_0.2__sigbar_0.3__lam_0.0001,results/gbm_deephedge,f74ae60f2a0586b0a057232a499b24062e87bd3fa2b330bc8e33077e3e861275,76e694c21e709359f62f03a0ba5a97ba6db86a88,GBM_CFG=results/gbm_deephedge/benchmark_6_2/runs/seed_0004__train_robust_s0.15-0.2-0.25__feat_b__obj_cvar_a0.95__sigtrue_0.2__sigbar_0.3__lam_0.0001/run_cfg.json python -m src.train_deephedge_gbm
"train=robust|feat=B|obj=cvar|sigtrue=0.2|sigbar=0.3|lam=0.0005|robust=0.15,0.2,0.25",seed_0004__train_robust_s0.15-0.2-0.25__feat_b__obj_cvar_a0.95__sigtrue_0.2__sigbar_0.3__lam_0.0005,completed,2026-04-02T01:25:29Z,4,main_benchmark,main,benchmark,True,robust,bs_delta,deep_hedge_robust,0.15|0.2|0.25,B,cvar,0.2,0.3,0.0005,results/gbm_deephedge/benchmark_6_2/runs/seed_0004__train_robust_s0.15-0.2-0.25__feat_b__obj_cvar_a0.95__sigtrue_0.2__sigbar_0.3__lam_0.0005,results/gbm_deephedge,7642a10fb9d03025d5a722a04605508a0f0ff3c96a24b6fc2711d8f70fc0a9dc,76e694c21e709359f62f03a0ba5a97ba6db86a88,GBM_CFG=results/gbm_deephedge/benchmark_6_2/runs/seed_0004__train_robust_s0.15-0.2-0.25__feat_b__obj_cvar_a0.95__sigtrue_0.2__sigbar_0.3__lam_0.0005/run_cfg.json python -m src.train_deephedge_gbm
"train=robust|feat=B|obj=cvar|sigtrue=0.2|sigbar=0.3|lam=0.001|robust=0.15,0.2,0.25",seed_0004__train_robust_s0.15-0.2-0.25__feat_b__obj_cvar_a0.95__sigtrue_0.2__sigbar_0.3__lam_0.001,completed,2026-04-02T01:25:54Z,4,main_benchmark,main,benchmark,True,robust,bs_delta,deep_hedge_robust,0.15|0.2|0.25,B,cvar,0.2,0.3,0.001,results/gbm_deephedge/benchmark_6_2/runs/seed_0004__train_robust_s0.15-0.2-0.25__feat_b__obj_cvar_a0.95__sigtrue_0.2__sigbar_0.3__lam_0.001,results/gbm_deephedge,5c1d4ce51a1c1e620688aba254508815ea2f8b08656ef25ecce63632cbe21483,76e694c21e709359f62f03a0ba5a97ba6db86a88,GBM_CFG=results/gbm_deephedge/benchmark_6_2/runs/seed_0004__train_robust_s0.15-0.2-0.25__feat_b__obj_cvar_a0.95__sigtrue_0.2__sigbar_0.3__lam_0.001/run_cfg.json python -m src.train_deephedge_gbm
train=oracle|feat=B|obj=cvar|sigtrue=0.2|sigbar=0.15|lam=0|robust=none,seed_0005__train_oracle__feat_b__obj_cvar_a0.95__sigtrue_0.2__sigbar_0.15__lam_0,completed,2026-04-02T01:25:59Z,5,main_benchmark,main,benchmark,True,oracle,bs_delta,deep_hedge_oracle,,B,cvar,0.2,0.15,0.0,results/gbm_deephedge/benchmark_6_2/runs/seed_0005__train_oracle__feat_b__obj_cvar_a0.95__sigtrue_0.2__sigbar_0.15__lam_0,results/gbm_deephedge,0037526fe4aff058df39963f2bd1f5867f49950e89c1f06714f38e04693f92a7,76e694c21e709359f62f03a0ba5a97ba6db86a88,GBM_CFG=results/gbm_deephedge/benchmark_6_2/runs/seed_0005__train_oracle__feat_b__obj_cvar_a0.95__sigtrue_0.2__sigbar_0.15__lam_0/run_cfg.json python -m src.train_deephedge_gbm
train=oracle|feat=B|obj=cvar|sigtrue=0.2|sigbar=0.15|lam=0.0001|robust=none,seed_0005__train_oracle__feat_b__obj_cvar_a0.95__sigtrue_0.2__sigbar_0.15__lam_0.0001,completed,2026-04-02T01:26:24Z,5,main_benchmark,main,benchmark,True,oracle,bs_delta,deep_hedge_oracle,,B,cvar,0.2,0.15,0.0001,results/gbm_deephedge/benchmark_6_2/runs/seed_0005__train_oracle__feat_b__obj_cvar_a0.95__sigtrue_0.2__sigbar_0.15__lam_0.0001,results/gbm_deephedge,16337f3ab1d15c27f6111314bcbabcaf14ad927d6e7ad94c7d8eb29c874d3fe8,76e694c21e709359f62f03a0ba5a97ba6db86a88,GBM_CFG=results/gbm_deephedge/benchmark_6_2/runs/seed_0005__train_oracle__feat_b__obj_cvar_a0.95__sigtrue_0.2__sigbar_0.15__lam_0.0001/run_cfg.json python -m src.train_deephedge_gbm
train=oracle|feat=B|obj=cvar|sigtrue=0.2|sigbar=0.15|lam=0.0005|robust=none,seed_0005__train_oracle__feat_b__obj_cvar_a0.95__sigtrue_0.2__sigbar_0.15__lam_0.0005,completed,2026-04-02T01:26:48Z,5,main_benchmark,main,benchmark,True,oracle,bs_delta,deep_hedge_oracle,,B,cvar,0.2,0.15,0.0005,results/gbm_deephedge/benchmark_6_2/runs/seed_0005__train_oracle__feat_b__obj_cvar_a0.95__sigtrue_0.2__sigbar_0.15__lam_0.0005,results/gbm_deephedge,56d32205e65e2fed07d7d4571a1bc04e936b8aa6448494b6af38f9a66225fbc8,76e694c21e709359f62f03a0ba5a97ba6db86a88,GBM_CFG=results/gbm_deephedge/benchmark_6_2/runs/seed_0005__train_oracle__feat_b__obj_cvar_a0.95__sigtrue_0.2__sigbar_0.15__lam_0.0005/run_cfg.json python -m src.train_deephedge_gbm
train=oracle|feat=B|obj=cvar|sigtrue=0.2|sigbar=0.15|lam=0.001|robust=none,seed_0005__train_oracle__feat_b__obj_cvar_a0.95__sigtrue_0.2__sigbar_0.15__lam_0.001,completed,2026-04-02T01:27:13Z,5,main_benchmark,main,benchmark,True,oracle,bs_delta,deep_hedge_oracle,,B,cvar,0.2,0.15,0.001,results/gbm_deephedge/benchmark_6_2/runs/seed_0005__train_oracle__feat_b__obj_cvar_a0.95__sigtrue_0.2__sigbar_0.15__lam_0.001,results/gbm_deephedge,0cba0b983a449335dd2bb0a5dee500324a341764c7f06760b7ed1ad9339d5845,76e694c21e709359f62f03a0ba5a97ba6db86a88,GBM_CFG=results/gbm_deephedge/benchmark_6_2/runs/seed_0005__train_oracle__feat_b__obj_cvar_a0.95__sigtrue_0.2__sigbar_0.15__lam_0.001/run_cfg.json python -m src.train_deephedge_gbm
train=oracle|feat=B|obj=cvar|sigtrue=0.2|sigbar=0.1|lam=0|robust=none,seed_0005__train_oracle__feat_b__obj_cvar_a0.95__sigtrue_0.2__sigbar_0.1__lam_0,completed,2026-04-02T01:25:57Z,5,main_benchmark,main,benchmark,True,oracle,bs_delta,deep_hedge_oracle,,B,cvar,0.2,0.1,0.0,results/gbm_deephedge/benchmark_6_2/runs/seed_0005__train_oracle__feat_b__obj_cvar_a0.95__sigtrue_0.2__sigbar_0.1__lam_0,results/gbm_deephedge,f5f86b49eab8e2f6f9756569b1f6e5072ba07793685a73eae9f909d91004b2cb,76e694c21e709359f62f03a0ba5a97ba6db86a88,GBM_CFG=results/gbm_deephedge/benchmark_6_2/runs/seed_0005__train_oracle__feat_b__obj_cvar_a0.95__sigtrue_0.2__sigbar_0.1__lam_0/run_cfg.json python -m src.train_deephedge_gbm
train=oracle|feat=B|obj=cvar|sigtrue=0.2|sigbar=0.1|lam=0.0001|robust=none,seed_0005__train_oracle__feat_b__obj_cvar_a0.95__sigtrue_0.2__sigbar_0.1__lam_0.0001,completed,2026-04-02T01:26:21Z,5,main_benchmark,main,benchmark,True,oracle,bs_delta,deep_hedge_oracle,,B,cvar,0.2,0.1,0.0001,results/gbm_deephedge/benchmark_6_2/runs/seed_0005__train_oracle__feat_b__obj_cvar_a0.95__sigtrue_0.2__sigbar_0.1__lam_0.0001,results/gbm_deephedge,fdbe23b1262b2d7e6239d51cce76f78ca8c4866ba5703cbfea2d0109264f46ee,76e694c21e709359f62f03a0ba5a97ba6db86a88,GBM_CFG=results/gbm_deephedge/benchmark_6_2/runs/seed_0005__train_oracle__feat_b__obj_cvar_a0.95__sigtrue_0.2__sigbar_0.1__lam_0.0001/run_cfg.json python -m src.train_deephedge_gbm
train=oracle|feat=B|obj=cvar|sigtrue=0.2|sigbar=0.1|lam=0.0005|robust=none,seed_0005__train_oracle__feat_b__obj_cvar_a0.95__sigtrue_0.2__sigbar_0.1__lam_0.0005,completed,2026-04-02T01:26:45Z,5,main_benchmark,main,benchmark,True,oracle,bs_delta,deep_hedge_oracle,,B,cvar,0.2,0.1,0.0005,results/gbm_deephedge/benchmark_6_2/runs/seed_0005__train_oracle__feat_b__obj_cvar_a0.95__sigtrue_0.2__sigbar_0.1__lam_0.0005,results/gbm_deephedge,302926cec8233ef4cd3997467c50ac72e27f6ee333076a201fef9032a2ae867f,76e694c21e709359f62f03a0ba5a97ba6db86a88,GBM_CFG=results/gbm_deephedge/benchmark_6_2/runs/seed_0005__train_oracle__feat_b__obj_cvar_a0.95__sigtrue_0.2__sigbar_0.1__lam_0.0005/run_cfg.json python -m src.train_deephedge_gbm
train=oracle|feat=B|obj=cvar|sigtrue=0.2|sigbar=0.1|lam=0.001|robust=none,seed_0005__train_oracle__feat_b__obj_cvar_a0.95__sigtrue_0.2__sigbar_0.1__lam_0.001,completed,2026-04-02T01:27:10Z,5,main_benchmark,main,benchmark,True,oracle,bs_delta,deep_hedge_oracle,,B,cvar,0.2,0.1,0.001,results/gbm_deephedge/benchmark_6_2/runs/seed_0005__train_oracle__feat_b__obj_cvar_a0.95__sigtrue_0.2__sigbar_0.1__lam_0.001,results/gbm_deephedge,f770bd4d5782d390f57da0ff87b4e1cb24f87493464f11857cd2d3ba741cbe98,76e694c21e709359f62f03a0ba5a97ba6db86a88,GBM_CFG=results/gbm_deephedge/benchmark_6_2/runs/seed_0005__train_oracle__feat_b__obj_cvar_a0.95__sigtrue_0.2__sigbar_0.1__lam_0.001/run_cfg.json python -m src.train_deephedge_gbm
train=oracle|feat=B|obj=cvar|sigtrue=0.2|sigbar=0.25|lam=0|robust=none,seed_0005__train_oracle__feat_b__obj_cvar_a0.95__sigtrue_0.2__sigbar_0.25__lam_0,completed,2026-04-02T01:26:02Z,5,main_benchmark,main,benchmark,True,oracle,bs_delta,deep_hedge_oracle,,B,cvar,0.2,0.25,0.0,results/gbm_deephedge/benchmark_6_2/runs/seed_0005__train_oracle__feat_b__obj_cvar_a0.95__sigtrue_0.2__sigbar_0.25__lam_0,results/gbm_deephedge,5c352923b0771624655019b7293b0f1660fff007c2fcaf2a22f1af163bb54ab1,76e694c21e709359f62f03a0ba5a97ba6db86a88,GBM_CFG=results/gbm_deephedge/benchmark_6_2/runs/seed_0005__train_oracle__feat_b__obj_cvar_a0.95__sigtrue_0.2__sigbar_0.25__lam_0/run_cfg.json python -m src.train_deephedge_gbm
train=oracle|feat=B|obj=cvar|sigtrue=0.2|sigbar=0.25|lam=0.0001|robust=none,seed_0005__train_oracle__feat_b__obj_cvar_a0.95__sigtrue_0.2__sigbar_0.25__lam_0.0001,completed,2026-04-02T01:26:27Z,5,main_benchmark,main,benchmark,True,oracle,bs_delta,deep_hedge_oracle,,B,cvar,0.2,0.25,0.0001,results/gbm_deephedge/benchmark_6_2/runs/seed_0005__train_oracle__feat_b__obj_cvar_a0.95__sigtrue_0.2__sigbar_0.25__lam_0.0001,results/gbm_deephedge,c3544c8a425fd8f97f96905f2e489078e64d6df4e30d5e8d524e8d03e6d12d2a,76e694c21e709359f62f03a0ba5a97ba6db86a88,GBM_CFG=results/gbm_deephedge/benchmark_6_2/runs/seed_0005__train_oracle__feat_b__obj_cvar_a0.95__sigtrue_0.2__sigbar_0.25__lam_0.0001/run_cfg.json python -m src.train_deephedge_gbm
train=oracle|feat=B|obj=cvar|sigtrue=0.2|sigbar=0.25|lam=0.0005|robust=none,seed_0005__train_oracle__feat_b__obj_cvar_a0.95__sigtrue_0.2__sigbar_0.25__lam_0.0005,completed,2026-04-02T01:26:51Z,5,main_benchmark,main,benchmark,True,oracle,bs_delta,deep_hedge_oracle,,B,cvar,0.2,0.25,0.0005,results/gbm_deephedge/benchmark_6_2/runs/seed_0005__train_oracle__feat_b__obj_cvar_a0.95__sigtrue_0.2__sigbar_0.25__lam_0.0005,results/gbm_deephedge,5f4fbfdae29c79ef13564bd09e3d93bad775cab03011841ac1d2a91e9b60169e,76e694c21e709359f62f03a0ba5a97ba6db86a88,GBM_CFG=results/gbm_deephedge/benchmark_6_2/runs/seed_0005__train_oracle__feat_b__obj_cvar_a0.95__sigtrue_0.2__sigbar_0.25__lam_0.0005/run_cfg.json python -m src.train_deephedge_gbm
train=oracle|feat=B|obj=cvar|sigtrue=0.2|sigbar=0.25|lam=0.001|robust=none,seed_0005__train_oracle__feat_b__obj_cvar_a0.95__sigtrue_0.2__sigbar_0.25__lam_0.001,completed,2026-04-02T01:27:16Z,5,main_benchmark,main,benchmark,True,oracle,bs_delta,deep_hedge_oracle,,B,cvar,0.2,0.25,0.001,results/gbm_deephedge/benchmark_6_2/runs/seed_0005__train_oracle__feat_b__obj_cvar_a0.95__sigtrue_0.2__sigbar_0.25__lam_0.001,results/gbm_deephedge,2d24e0f52cc09ff062ffe864a8b6762ee24faa65e5276799dddec824f1b08b5c,76e694c21e709359f62f03a0ba5a97ba6db86a88,GBM_CFG=results/gbm_deephedge/benchmark_6_2/runs/seed_0005__train_oracle__feat_b__obj_cvar_a0.95__sigtrue_0.2__sigbar_0.25__lam_0.001/run_cfg.json python -m src.train_deephedge_gbm
train=oracle|feat=B|obj=cvar|sigtrue=0.2|sigbar=0.2|lam=0|robust=none,seed_0005__train_oracle__feat_b__obj_cvar_a0.95__sigtrue_0.2__sigbar_0.2__lam_0,completed,2026-04-01T22:13:09Z,5,main_benchmark,main,benchmark,True,oracle,bs_delta,deep_hedge_oracle,,B,cvar,0.2,0.2,0.0,results/gbm_deephedge/benchmark_6_2/runs/seed_0005__train_oracle__feat_b__obj_cvar_a0.95__sigtrue_0.2__sigbar_0.2__lam_0,results/gbm_deephedge,7ef670200b0d2b5201326ae1b362c4995fccbafa889cd67f06511c48c4cb80d6,76e694c21e709359f62f03a0ba5a97ba6db86a88,GBM_CFG=results/gbm_deephedge/benchmark_6_2/runs/seed_0005__train_oracle__feat_b__obj_cvar_a0.95__sigtrue_0.2__sigbar_0.2__lam_0/run_cfg.json python -m src.train_deephedge_gbm
train=oracle|feat=B|obj=cvar|sigtrue=0.2|sigbar=0.2|lam=0.0001|robust=none,seed_0005__train_oracle__feat_b__obj_cvar_a0.95__sigtrue_0.2__sigbar_0.2__lam_0.0001,completed,2026-04-01T22:53:20Z,5,main_benchmark,main,benchmark,True,oracle,bs_delta,deep_hedge_oracle,,B,cvar,0.2,0.2,0.0001,results/gbm_deephedge/benchmark_6_2/runs/seed_0005__train_oracle__feat_b__obj_cvar_a0.95__sigtrue_0.2__sigbar_0.2__lam_0.0001,results/gbm_deephedge,116066d482ec558674181c4061a309b7ecb90c8c4d00c7e14982ae9d1809604f,76e694c21e709359f62f03a0ba5a97ba6db86a88,GBM_CFG=results/gbm_deephedge/benchmark_6_2/runs/seed_0005__train_oracle__feat_b__obj_cvar_a0.95__sigtrue_0.2__sigbar_0.2__lam_0.0001/run_cfg.json python -m src.train_deephedge_gbm
train=oracle|feat=B|obj=cvar|sigtrue=0.2|sigbar=0.2|lam=0.0005|robust=none,seed_0005__train_oracle__feat_b__obj_cvar_a0.95__sigtrue_0.2__sigbar_0.2__lam_0.0005,completed,2026-04-01T23:41:09Z,5,main_benchmark,main,benchmark,True,oracle,bs_delta,deep_hedge_oracle,,B,cvar,0.2,0.2,0.0005,results/gbm_deephedge/benchmark_6_2/runs/seed_0005__train_oracle__feat_b__obj_cvar_a0.95__sigtrue_0.2__sigbar_0.2__lam_0.0005,results/gbm_deephedge,6f568a1a7c2af7b237af8fae53ecee88cfc6712d7386bd733aea720d9877efc3,76e694c21e709359f62f03a0ba5a97ba6db86a88,GBM_CFG=results/gbm_deephedge/benchmark_6_2/runs/seed_0005__train_oracle__feat_b__obj_cvar_a0.95__sigtrue_0.2__sigbar_0.2__lam_0.0005/run_cfg.json python -m src.train_deephedge_gbm
train=oracle|feat=B|obj=cvar|sigtrue=0.2|sigbar=0.2|lam=0.001|robust=none,seed_0005__train_oracle__feat_b__obj_cvar_a0.95__sigtrue_0.2__sigbar_0.2__lam_0.001,completed,2026-04-02T00:20:38Z,5,main_benchmark,main,benchmark,True,oracle,bs_delta,deep_hedge_oracle,,B,cvar,0.2,0.2,0.001,results/gbm_deephedge/benchmark_6_2/runs/seed_0005__train_oracle__feat_b__obj_cvar_a0.95__sigtrue_0.2__sigbar_0.2__lam_0.001,results/gbm_deephedge,13099b5f9c22e27c38d4cbe5079e8f580d16fed55ba73aa6b87c37734f26610e,76e694c21e709359f62f03a0ba5a97ba6db86a88,GBM_CFG=results/gbm_deephedge/benchmark_6_2/runs/seed_0005__train_oracle__feat_b__obj_cvar_a0.95__sigtrue_0.2__sigbar_0.2__lam_0.001/run_cfg.json python -m src.train_deephedge_gbm
train=oracle|feat=B|obj=cvar|sigtrue=0.2|sigbar=0.3|lam=0|robust=none,seed_0005__train_oracle__feat_b__obj_cvar_a0.95__sigtrue_0.2__sigbar_0.3__lam_0,completed,2026-04-02T01:26:05Z,5,main_benchmark,main,benchmark,True,oracle,bs_delta,deep_hedge_oracle,,B,cvar,0.2,0.3,0.0,results/gbm_deephedge/benchmark_6_2/runs/seed_0005__train_oracle__feat_b__obj_cvar_a0.95__sigtrue_0.2__sigbar_0.3__lam_0,results/gbm_deephedge,e24e49870588f06cf46c62d46f81c82919ce29273a1fc0bfc48f496bd7da4624,76e694c21e709359f62f03a0ba5a97ba6db86a88,GBM_CFG=results/gbm_deephedge/benchmark_6_2/runs/seed_0005__train_oracle__feat_b__obj_cvar_a0.95__sigtrue_0.2__sigbar_0.3__lam_0/run_cfg.json python -m src.train_deephedge_gbm
train=oracle|feat=B|obj=cvar|sigtrue=0.2|sigbar=0.3|lam=0.0001|robust=none,seed_0005__train_oracle__feat_b__obj_cvar_a0.95__sigtrue_0.2__sigbar_0.3__lam_0.0001,completed,2026-04-02T01:26:30Z,5,main_benchmark,main,benchmark,True,oracle,bs_delta,deep_hedge_oracle,,B,cvar,0.2,0.3,0.0001,results/gbm_deephedge/benchmark_6_2/runs/seed_0005__train_oracle__feat_b__obj_cvar_a0.95__sigtrue_0.2__sigbar_0.3__lam_0.0001,results/gbm_deephedge,531d8a50efb0fb2b43fa5c34b92cec3ac8bff28eaa3f9ab29cac685b05ab68b6,76e694c21e709359f62f03a0ba5a97ba6db86a88,GBM_CFG=results/gbm_deephedge/benchmark_6_2/runs/seed_0005__train_oracle__feat_b__obj_cvar_a0.95__sigtrue_0.2__sigbar_0.3__lam_0.0001/run_cfg.json python -m src.train_deephedge_gbm
train=oracle|feat=B|obj=cvar|sigtrue=0.2|sigbar=0.3|lam=0.0005|robust=none,seed_0005__train_oracle__feat_b__obj_cvar_a0.95__sigtrue_0.2__sigbar_0.3__lam_0.0005,completed,2026-04-02T01:26:54Z,5,main_benchmark,main,benchmark,True,oracle,bs_delta,deep_hedge_oracle,,B,cvar,0.2,0.3,0.0005,results/gbm_deephedge/benchmark_6_2/runs/seed_0005__train_oracle__feat_b__obj_cvar_a0.95__sigtrue_0.2__sigbar_0.3__lam_0.0005,results/gbm_deephedge,9d6fae9d75279b6602a68242ae003e39bcabcc7d02cf91b2b4b3c883bc9da04b,76e694c21e709359f62f03a0ba5a97ba6db86a88,GBM_CFG=results/gbm_deephedge/benchmark_6_2/runs/seed_0005__train_oracle__feat_b__obj_cvar_a0.95__sigtrue_0.2__sigbar_0.3__lam_0.0005/run_cfg.json python -m src.train_deephedge_gbm
train=oracle|feat=B|obj=cvar|sigtrue=0.2|sigbar=0.3|lam=0.001|robust=none,seed_0005__train_oracle__feat_b__obj_cvar_a0.95__sigtrue_0.2__sigbar_0.3__lam_0.001,completed,2026-04-02T01:27:19Z,5,main_benchmark,main,benchmark,True,oracle,bs_delta,deep_hedge_oracle,,B,cvar,0.2,0.3,0.001,results/gbm_deephedge/benchmark_6_2/runs/seed_0005__train_oracle__feat_b__obj_cvar_a0.95__sigtrue_0.2__sigbar_0.3__lam_0.001,results/gbm_deephedge,672d0340bbc70caa16b50b2c411c2b500fc7b92ba5d6acc05b41364ed4a2dcc5,76e694c21e709359f62f03a0ba5a97ba6db86a88,GBM_CFG=results/gbm_deephedge/benchmark_6_2/runs/seed_0005__train_oracle__feat_b__obj_cvar_a0.95__sigtrue_0.2__sigbar_0.3__lam_0.001/run_cfg.json python -m src.train_deephedge_gbm
"train=robust|feat=B|obj=cvar|sigtrue=0.2|sigbar=0.15|lam=0|robust=0.15,0.2,0.25",seed_0005__train_robust_s0.15-0.2-0.25__feat_b__obj_cvar_a0.95__sigtrue_0.2__sigbar_0.15__lam_0,completed,2026-04-02T01:26:12Z,5,main_benchmark,main,benchmark,True,robust,bs_delta,deep_hedge_robust,0.15|0.2|0.25,B,cvar,0.2,0.15,0.0,results/gbm_deephedge/benchmark_6_2/runs/seed_0005__train_robust_s0.15-0.2-0.25__feat_b__obj_cvar_a0.95__sigtrue_0.2__sigbar_0.15__lam_0,results/gbm_deephedge,5b0999c5369352ba09c38b0576e32f8fa2eebf0dc7cfb5b4206beb03cb94a083,76e694c21e709359f62f03a0ba5a97ba6db86a88,GBM_CFG=results/gbm_deephedge/benchmark_6_2/runs/seed_0005__train_robust_s0.15-0.2-0.25__feat_b__obj_cvar_a0.95__sigtrue_0.2__sigbar_0.15__lam_0/run_cfg.json python -m src.train_deephedge_gbm
"train=robust|feat=B|obj=cvar|sigtrue=0.2|sigbar=0.15|lam=0.0001|robust=0.15,0.2,0.25",seed_0005__train_robust_s0.15-0.2-0.25__feat_b__obj_cvar_a0.95__sigtrue_0.2__sigbar_0.15__lam_0.0001,completed,2026-04-02T01:26:36Z,5,main_benchmark,main,benchmark,True,robust,bs_delta,deep_hedge_robust,0.15|0.2|0.25,B,cvar,0.2,0.15,0.0001,results/gbm_deephedge/benchmark_6_2/runs/seed_0005__train_robust_s0.15-0.2-0.25__feat_b__obj_cvar_a0.95__sigtrue_0.2__sigbar_0.15__lam_0.0001,results/gbm_deephedge,48b837f8d2b55755b705658df6fa4c8e7babefa79b9ff596aa39c85911c59644,76e694c21e709359f62f03a0ba5a97ba6db86a88,GBM_CFG=results/gbm_deephedge/benchmark_6_2/runs/seed_0005__train_robust_s0.15-0.2-0.25__feat_b__obj_cvar_a0.95__sigtrue_0.2__sigbar_0.15__lam_0.0001/run_cfg.json python -m src.train_deephedge_gbm
"train=robust|feat=B|obj=cvar|sigtrue=0.2|sigbar=0.15|lam=0.0005|robust=0.15,0.2,0.25",seed_0005__train_robust_s0.15-0.2-0.25__feat_b__obj_cvar_a0.95__sigtrue_0.2__sigbar_0.15__lam_0.0005,completed,2026-04-02T01:27:00Z,5,main_benchmark,main,benchmark,True,robust,bs_delta,deep_hedge_robust,0.15|0.2|0.25,B,cvar,0.2,0.15,0.0005,results/gbm_deephedge/benchmark_6_2/runs/seed_0005__train_robust_s0.15-0.2-0.25__feat_b__obj_cvar_a0.95__sigtrue_0.2__sigbar_0.15__lam_0.0005,results/gbm_deephedge,ed8bcb5375705d167dda2547b2d25c9a0c9ffb3866cd293bc77732212e8880bf,76e694c21e709359f62f03a0ba5a97ba6db86a88,GBM_CFG=results/gbm_deephedge/benchmark_6_2/runs/seed_0005__train_robust_s0.15-0.2-0.25__feat_b__obj_cvar_a0.95__sigtrue_0.2__sigbar_0.15__lam_0.0005/run_cfg.json python -m src.train_deephedge_gbm
"train=robust|feat=B|obj=cvar|sigtrue=0.2|sigbar=0.15|lam=0.001|robust=0.15,0.2,0.25",seed_0005__train_robust_s0.15-0.2-0.25__feat_b__obj_cvar_a0.95__sigtrue_0.2__sigbar_0.15__lam_0.001,completed,2026-04-02T01:27:26Z,5,main_benchmark,main,benchmark,True,robust,bs_delta,deep_hedge_robust,0.15|0.2|0.25,B,cvar,0.2,0.15,0.001,results/gbm_deephedge/benchmark_6_2/runs/seed_0005__train_robust_s0.15-0.2-0.25__feat_b__obj_cvar_a0.95__sigtrue_0.2__sigbar_0.15__lam_0.001,results/gbm_deephedge,c4d3564f7d49579b6d35164fbe2086536b3981ec904fd1933c522928e551f0e5,76e694c21e709359f62f03a0ba5a97ba6db86a88,GBM_CFG=results/gbm_deephedge/benchmark_6_2/runs/seed_0005__train_robust_s0.15-0.2-0.25__feat_b__obj_cvar_a0.95__sigtrue_0.2__sigbar_0.15__lam_0.001/run_cfg.json python -m src.train_deephedge_gbm
"train=robust|feat=B|obj=cvar|sigtrue=0.2|sigbar=0.1|lam=0|robust=0.15,0.2,0.25",seed_0005__train_robust_s0.15-0.2-0.25__feat_b__obj_cvar_a0.95__sigtrue_0.2__sigbar_0.1__lam_0,completed,2026-04-02T01:26:09Z,5,main_benchmark,main,benchmark,True,robust,bs_delta,deep_hedge_robust,0.15|0.2|0.25,B,cvar,0.2,0.1,0.0,results/gbm_deephedge/benchmark_6_2/runs/seed_0005__train_robust_s0.15-0.2-0.25__feat_b__obj_cvar_a0.95__sigtrue_0.2__sigbar_0.1__lam_0,results/gbm_deephedge,a112da04cb02ae8f7f82b14f13e3a614e8dc03e2e84186e16d29f8e96916d690,76e694c21e709359f62f03a0ba5a97ba6db86a88,GBM_CFG=results/gbm_deephedge/benchmark_6_2/runs/seed_0005__train_robust_s0.15-0.2-0.25__feat_b__obj_cvar_a0.95__sigtrue_0.2__sigbar_0.1__lam_0/run_cfg.json python -m src.train_deephedge_gbm
"train=robust|feat=B|obj=cvar|sigtrue=0.2|sigbar=0.1|lam=0.0001|robust=0.15,0.2,0.25",seed_0005__train_robust_s0.15-0.2-0.25__feat_b__obj_cvar_a0.95__sigtrue_0.2__sigbar_0.1__lam_0.0001,completed,2026-04-02T01:26:33Z,5,main_benchmark,main,benchmark,True,robust,bs_delta,deep_hedge_robust,0.15|0.2|0.25,B,cvar,0.2,0.1,0.0001,results/gbm_deephedge/benchmark_6_2/runs/seed_0005__train_robust_s0.15-0.2-0.25__feat_b__obj_cvar_a0.95__sigtrue_0.2__sigbar_0.1__lam_0.0001,results/gbm_deephedge,b1a9a7d203e41b9f7391ed5e4b3b3db3efb4795599bf44f9d81a028ce7e7707c,76e694c21e709359f62f03a0ba5a97ba6db86a88,GBM_CFG=results/gbm_deephedge/benchmark_6_2/runs/seed_0005__train_robust_s0.15-0.2-0.25__feat_b__obj_cvar_a0.95__sigtrue_0.2__sigbar_0.1__lam_0.0001/run_cfg.json python -m src.train_deephedge_gbm
"train=robust|feat=B|obj=cvar|sigtrue=0.2|sigbar=0.1|lam=0.0005|robust=0.15,0.2,0.25",seed_0005__train_robust_s0.15-0.2-0.25__feat_b__obj_cvar_a0.95__sigtrue_0.2__sigbar_0.1__lam_0.0005,completed,2026-04-02T01:26:57Z,5,main_benchmark,main,benchmark,True,robust,bs_delta,deep_hedge_robust,0.15|0.2|0.25,B,cvar,0.2,0.1,0.0005,results/gbm_deephedge/benchmark_6_2/runs/seed_0005__train_robust_s0.15-0.2-0.25__feat_b__obj_cvar_a0.95__sigtrue_0.2__sigbar_0.1__lam_0.0005,results/gbm_deephedge,b5ffe431cb68ddf74f359cfc24cc0de26c68b55c754a7384809609724d3f7ff4,76e694c21e709359f62f03a0ba5a97ba6db86a88,GBM_CFG=results/gbm_deephedge/benchmark_6_2/runs/seed_0005__train_robust_s0.15-0.2-0.25__feat_b__obj_cvar_a0.95__sigtrue_0.2__sigbar_0.1__lam_0.0005/run_cfg.json python -m src.train_deephedge_gbm
"train=robust|feat=B|obj=cvar|sigtrue=0.2|sigbar=0.1|lam=0.001|robust=0.15,0.2,0.25",seed_0005__train_robust_s0.15-0.2-0.25__feat_b__obj_cvar_a0.95__sigtrue_0.2__sigbar_0.1__lam_0.001,completed,2026-04-02T01:27:22Z,5,main_benchmark,main,benchmark,True,robust,bs_delta,deep_hedge_robust,0.15|0.2|0.25,B,cvar,0.2,0.1,0.001,results/gbm_deephedge/benchmark_6_2/runs/seed_0005__train_robust_s0.15-0.2-0.25__feat_b__obj_cvar_a0.95__sigtrue_0.2__sigbar_0.1__lam_0.001,results/gbm_deephedge,633a5c447122f3bc4b5ad194fb0a421f8e7c58032313022c6200a5405912f721,76e694c21e709359f62f03a0ba5a97ba6db86a88,GBM_CFG=results/gbm_deephedge/benchmark_6_2/runs/seed_0005__train_robust_s0.15-0.2-0.25__feat_b__obj_cvar_a0.95__sigtrue_0.2__sigbar_0.1__lam_0.001/run_cfg.json python -m src.train_deephedge_gbm
"train=robust|feat=B|obj=cvar|sigtrue=0.2|sigbar=0.25|lam=0|robust=0.15,0.2,0.25",seed_0005__train_robust_s0.15-0.2-0.25__feat_b__obj_cvar_a0.95__sigtrue_0.2__sigbar_0.25__lam_0,completed,2026-04-02T01:26:15Z,5,main_benchmark,main,benchmark,True,robust,bs_delta,deep_hedge_robust,0.15|0.2|0.25,B,cvar,0.2,0.25,0.0,results/gbm_deephedge/benchmark_6_2/runs/seed_0005__train_robust_s0.15-0.2-0.25__feat_b__obj_cvar_a0.95__sigtrue_0.2__sigbar_0.25__lam_0,results/gbm_deephedge,64f2dd7a0aaa5f0ab99998a4eac450d41dad20131d4a749591b6188e5ef43063,76e694c21e709359f62f03a0ba5a97ba6db86a88,GBM_CFG=results/gbm_deephedge/benchmark_6_2/runs/seed_0005__train_robust_s0.15-0.2-0.25__feat_b__obj_cvar_a0.95__sigtrue_0.2__sigbar_0.25__lam_0/run_cfg.json python -m src.train_deephedge_gbm
"train=robust|feat=B|obj=cvar|sigtrue=0.2|sigbar=0.25|lam=0.0001|robust=0.15,0.2,0.25",seed_0005__train_robust_s0.15-0.2-0.25__feat_b__obj_cvar_a0.95__sigtrue_0.2__sigbar_0.25__lam_0.0001,completed,2026-04-02T01:26:39Z,5,main_benchmark,main,benchmark,True,robust,bs_delta,deep_hedge_robust,0.15|0.2|0.25,B,cvar,0.2,0.25,0.0001,results/gbm_deephedge/benchmark_6_2/runs/seed_0005__train_robust_s0.15-0.2-0.25__feat_b__obj_cvar_a0.95__sigtrue_0.2__sigbar_0.25__lam_0.0001,results/gbm_deephedge,a33204c758a9f6ccadd27cc58c5aa1ec8bd42e7aab21fab25afcace75672bba0,76e694c21e709359f62f03a0ba5a97ba6db86a88,GBM_CFG=results/gbm_deephedge/benchmark_6_2/runs/seed_0005__train_robust_s0.15-0.2-0.25__feat_b__obj_cvar_a0.95__sigtrue_0.2__sigbar_0.25__lam_0.0001/run_cfg.json python -m src.train_deephedge_gbm
"train=robust|feat=B|obj=cvar|sigtrue=0.2|sigbar=0.25|lam=0.0005|robust=0.15,0.2,0.25",seed_0005__train_robust_s0.15-0.2-0.25__feat_b__obj_cvar_a0.95__sigtrue_0.2__sigbar_0.25__lam_0.0005,completed,2026-04-02T01:27:03Z,5,main_benchmark,main,benchmark,True,robust,bs_delta,deep_hedge_robust,0.15|0.2|0.25,B,cvar,0.2,0.25,0.0005,results/gbm_deephedge/benchmark_6_2/runs/seed_0005__train_robust_s0.15-0.2-0.25__feat_b__obj_cvar_a0.95__sigtrue_0.2__sigbar_0.25__lam_0.0005,results/gbm_deephedge,caa0efccddc5ed04317b4e583040e1acc7175bc7dfc9db4196b8027f4ff6f514,76e694c21e709359f62f03a0ba5a97ba6db86a88,GBM_CFG=results/gbm_deephedge/benchmark_6_2/runs/seed_0005__train_robust_s0.15-0.2-0.25__feat_b__obj_cvar_a0.95__sigtrue_0.2__sigbar_0.25__lam_0.0005/run_cfg.json python -m src.train_deephedge_gbm
"train=robust|feat=B|obj=cvar|sigtrue=0.2|sigbar=0.25|lam=0.001|robust=0.15,0.2,0.25",seed_0005__train_robust_s0.15-0.2-0.25__feat_b__obj_cvar_a0.95__sigtrue_0.2__sigbar_0.25__lam_0.001,completed,2026-04-02T01:27:29Z,5,main_benchmark,main,benchmark,True,robust,bs_delta,deep_hedge_robust,0.15|0.2|0.25,B,cvar,0.2,0.25,0.001,results/gbm_deephedge/benchmark_6_2/runs/seed_0005__train_robust_s0.15-0.2-0.25__feat_b__obj_cvar_a0.95__sigtrue_0.2__sigbar_0.25__lam_0.001,results/gbm_deephedge,37e1e5dfec437d05e44765217811145505837485d62536b675ec76647e0b97a9,76e694c21e709359f62f03a0ba5a97ba6db86a88,GBM_CFG=results/gbm_deephedge/benchmark_6_2/runs/seed_0005__train_robust_s0.15-0.2-0.25__feat_b__obj_cvar_a0.95__sigtrue_0.2__sigbar_0.25__lam_0.001/run_cfg.json python -m src.train_deephedge_gbm
"train=robust|feat=B|obj=cvar|sigtrue=0.2|sigbar=0.2|lam=0|robust=0.15,0.2,0.25",seed_0005__train_robust_s0.15-0.2-0.25__feat_b__obj_cvar_a0.95__sigtrue_0.2__sigbar_0.2__lam_0,completed,2026-04-01T22:15:21Z,5,main_benchmark,main,benchmark,True,robust,bs_delta,deep_hedge_robust,0.15|0.2|0.25,B,cvar,0.2,0.2,0.0,results/gbm_deephedge/benchmark_6_2/runs/seed_0005__train_robust_s0.15-0.2-0.25__feat_b__obj_cvar_a0.95__sigtrue_0.2__sigbar_0.2__lam_0,results/gbm_deephedge,ff3188e24fa2b7a4a713ae4b4c06702cf089b51d3782530b60e3e12749393bde,76e694c21e709359f62f03a0ba5a97ba6db86a88,GBM_CFG=results/gbm_deephedge/benchmark_6_2/runs/seed_0005__train_robust_s0.15-0.2-0.25__feat_b__obj_cvar_a0.95__sigtrue_0.2__sigbar_0.2__lam_0/run_cfg.json python -m src.train_deephedge_gbm
"train=robust|feat=B|obj=cvar|sigtrue=0.2|sigbar=0.2|lam=0.0001|robust=0.15,0.2,0.25",seed_0005__train_robust_s0.15-0.2-0.25__feat_b__obj_cvar_a0.95__sigtrue_0.2__sigbar_0.2__lam_0.0001,completed,2026-04-01T22:55:32Z,5,main_benchmark,main,benchmark,True,robust,bs_delta,deep_hedge_robust,0.15|0.2|0.25,B,cvar,0.2,0.2,0.0001,results/gbm_deephedge/benchmark_6_2/runs/seed_0005__train_robust_s0.15-0.2-0.25__feat_b__obj_cvar_a0.95__sigtrue_0.2__sigbar_0.2__lam_0.0001,results/gbm_deephedge,00b3ee5dd007a8e93df3fc4d496159ccd503797eb66a5439a0a46da2077e91d9,76e694c21e709359f62f03a0ba5a97ba6db86a88,GBM_CFG=results/gbm_deephedge/benchmark_6_2/runs/seed_0005__train_robust_s0.15-0.2-0.25__feat_b__obj_cvar_a0.95__sigtrue_0.2__sigbar_0.2__lam_0.0001/run_cfg.json python -m src.train_deephedge_gbm
"train=robust|feat=B|obj=cvar|sigtrue=0.2|sigbar=0.2|lam=0.0005|robust=0.15,0.2,0.25",seed_0005__train_robust_s0.15-0.2-0.25__feat_b__obj_cvar_a0.95__sigtrue_0.2__sigbar_0.2__lam_0.0005,completed,2026-04-01T23:43:21Z,5,main_benchmark,main,benchmark,True,robust,bs_delta,deep_hedge_robust,0.15|0.2|0.25,B,cvar,0.2,0.2,0.0005,results/gbm_deephedge/benchmark_6_2/runs/seed_0005__train_robust_s0.15-0.2-0.25__feat_b__obj_cvar_a0.95__sigtrue_0.2__sigbar_0.2__lam_0.0005,results/gbm_deephedge,2cc7ff3fcd9a61d9f5434655be6e1cbbf4abed56ac0413cda6c79cd1dca9940b,76e694c21e709359f62f03a0ba5a97ba6db86a88,GBM_CFG=results/gbm_deephedge/benchmark_6_2/runs/seed_0005__train_robust_s0.15-0.2-0.25__feat_b__obj_cvar_a0.95__sigtrue_0.2__sigbar_0.2__lam_0.0005/run_cfg.json python -m src.train_deephedge_gbm
"train=robust|feat=B|obj=cvar|sigtrue=0.2|sigbar=0.2|lam=0.001|robust=0.15,0.2,0.25",seed_0005__train_robust_s0.15-0.2-0.25__feat_b__obj_cvar_a0.95__sigtrue_0.2__sigbar_0.2__lam_0.001,completed,2026-04-02T00:22:53Z,5,main_benchmark,main,benchmark,True,robust,bs_delta,deep_hedge_robust,0.15|0.2|0.25,B,cvar,0.2,0.2,0.001,results/gbm_deephedge/benchmark_6_2/runs/seed_0005__train_robust_s0.15-0.2-0.25__feat_b__obj_cvar_a0.95__sigtrue_0.2__sigbar_0.2__lam_0.001,results/gbm_deephedge,6e085c38c9f553875aa3b679e37774eb13bf6c104348e65ed1db8d58142d5b1b,76e694c21e709359f62f03a0ba5a97ba6db86a88,GBM_CFG=results/gbm_deephedge/benchmark_6_2/runs/seed_0005__train_robust_s0.15-0.2-0.25__feat_b__obj_cvar_a0.95__sigtrue_0.2__sigbar_0.2__lam_0.001/run_cfg.json python -m src.train_deephedge_gbm
"train=robust|feat=B|obj=cvar|sigtrue=0.2|sigbar=0.3|lam=0|robust=0.15,0.2,0.25",seed_0005__train_robust_s0.15-0.2-0.25__feat_b__obj_cvar_a0.95__sigtrue_0.2__sigbar_0.3__lam_0,completed,2026-04-02T01:26:18Z,5,main_benchmark,main,benchmark,True,robust,bs_delta,deep_hedge_robust,0.15|0.2|0.25,B,cvar,0.2,0.3,0.0,results/gbm_deephedge/benchmark_6_2/runs/seed_0005__train_robust_s0.15-0.2-0.25__feat_b__obj_cvar_a0.95__sigtrue_0.2__sigbar_0.3__lam_0,results/gbm_deephedge,ad76c05781d2cacb9ab9152c6d27f4bcc7185ae64ca3619ed4d320175f4565cc,76e694c21e709359f62f03a0ba5a97ba6db86a88,GBM_CFG=results/gbm_deephedge/benchmark_6_2/runs/seed_0005__train_robust_s0.15-0.2-0.25__feat_b__obj_cvar_a0.95__sigtrue_0.2__sigbar_0.3__lam_0/run_cfg.json python -m src.train_deephedge_gbm
"train=robust|feat=B|obj=cvar|sigtrue=0.2|sigbar=0.3|lam=0.0001|robust=0.15,0.2,0.25",seed_0005__train_robust_s0.15-0.2-0.25__feat_b__obj_cvar_a0.95__sigtrue_0.2__sigbar_0.3__lam_0.0001,completed,2026-04-02T01:26:42Z,5,main_benchmark,main,benchmark,True,robust,bs_delta,deep_hedge_robust,0.15|0.2|0.25,B,cvar,0.2,0.3,0.0001,results/gbm_deephedge/benchmark_6_2/runs/seed_0005__train_robust_s0.15-0.2-0.25__feat_b__obj_cvar_a0.95__sigtrue_0.2__sigbar_0.3__lam_0.0001,results/gbm_deephedge,eadc9a51c8f9592fbea3a5b954c6d2ef6f511aae18c9ab45011fdc47cc2eb017,76e694c21e709359f62f03a0ba5a97ba6db86a88,GBM_CFG=results/gbm_deephedge/benchmark_6_2/runs/seed_0005__train_robust_s0.15-0.2-0.25__feat_b__obj_cvar_a0.95__sigtrue_0.2__sigbar_0.3__lam_0.0001/run_cfg.json python -m src.train_deephedge_gbm
"train=robust|feat=B|obj=cvar|sigtrue=0.2|sigbar=0.3|lam=0.0005|robust=0.15,0.2,0.25",seed_0005__train_robust_s0.15-0.2-0.25__feat_b__obj_cvar_a0.95__sigtrue_0.2__sigbar_0.3__lam_0.0005,completed,2026-04-02T01:27:06Z,5,main_benchmark,main,benchmark,True,robust,bs_delta,deep_hedge_robust,0.15|0.2|0.25,B,cvar,0.2,0.3,0.0005,results/gbm_deephedge/benchmark_6_2/runs/seed_0005__train_robust_s0.15-0.2-0.25__feat_b__obj_cvar_a0.95__sigtrue_0.2__sigbar_0.3__lam_0.0005,results/gbm_deephedge,26b2ea94076d87e22d3bb4bc2f04f0cf016883edd15dbb1959cd129c127ea88e,76e694c21e709359f62f03a0ba5a97ba6db86a88,GBM_CFG=results/gbm_deephedge/benchmark_6_2/runs/seed_0005__train_robust_s0.15-0.2-0.25__feat_b__obj_cvar_a0.95__sigtrue_0.2__sigbar_0.3__lam_0.0005/run_cfg.json python -m src.train_deephedge_gbm
"train=robust|feat=B|obj=cvar|sigtrue=0.2|sigbar=0.3|lam=0.001|robust=0.15,0.2,0.25",seed_0005__train_robust_s0.15-0.2-0.25__feat_b__obj_cvar_a0.95__sigtrue_0.2__sigbar_0.3__lam_0.001,completed,2026-04-02T01:27:32Z,5,main_benchmark,main,benchmark,True,robust,bs_delta,deep_hedge_robust,0.15|0.2|0.25,B,cvar,0.2,0.3,0.001,results/gbm_deephedge/benchmark_6_2/runs/seed_0005__train_robust_s0.15-0.2-0.25__feat_b__obj_cvar_a0.95__sigtrue_0.2__sigbar_0.3__lam_0.001,results/gbm_deephedge,d98f77d6c0a41605c2a164a177c5d3aef52c31f68bf2d17a33f65502995c3b80,76e694c21e709359f62f03a0ba5a97ba6db86a88,GBM_CFG=results/gbm_deephedge/benchmark_6_2/runs/seed_0005__train_robust_s0.15-0.2-0.25__feat_b__obj_cvar_a0.95__sigtrue_0.2__sigbar_0.3__lam_0.001/run_cfg.json python -m src.train_deephedge_gbm
train=oracle|feat=B|obj=cvar|sigtrue=0.2|sigbar=0.15|lam=0|robust=none,seed_0006__train_oracle__feat_b__obj_cvar_a0.95__sigtrue_0.2__sigbar_0.15__lam_0,completed,2026-04-02T01:27:38Z,6,main_benchmark,main,benchmark,True,oracle,bs_delta,deep_hedge_oracle,,B,cvar,0.2,0.15,0.0,results/gbm_deephedge/benchmark_6_2/runs/seed_0006__train_oracle__feat_b__obj_cvar_a0.95__sigtrue_0.2__sigbar_0.15__lam_0,results/gbm_deephedge,76fe6b6500d238d31b7c6cdce761b9c6db401c01753ce2717f95f982a152502f,76e694c21e709359f62f03a0ba5a97ba6db86a88,GBM_CFG=results/gbm_deephedge/benchmark_6_2/runs/seed_0006__train_oracle__feat_b__obj_cvar_a0.95__sigtrue_0.2__sigbar_0.15__lam_0/run_cfg.json python -m src.train_deephedge_gbm
train=oracle|feat=B|obj=cvar|sigtrue=0.2|sigbar=0.15|lam=0.0001|robust=none,seed_0006__train_oracle__feat_b__obj_cvar_a0.95__sigtrue_0.2__sigbar_0.15__lam_0.0001,completed,2026-04-02T01:28:02Z,6,main_benchmark,main,benchmark,True,oracle,bs_delta,deep_hedge_oracle,,B,cvar,0.2,0.15,0.0001,results/gbm_deephedge/benchmark_6_2/runs/seed_0006__train_oracle__feat_b__obj_cvar_a0.95__sigtrue_0.2__sigbar_0.15__lam_0.0001,results/gbm_deephedge,e913d803b2e0b49d12bedb47ff95c1b9404a59a24eb763c20aef5acf50bac0e6,76e694c21e709359f62f03a0ba5a97ba6db86a88,GBM_CFG=results/gbm_deephedge/benchmark_6_2/runs/seed_0006__train_oracle__feat_b__obj_cvar_a0.95__sigtrue_0.2__sigbar_0.15__lam_0.0001/run_cfg.json python -m src.train_deephedge_gbm
train=oracle|feat=B|obj=cvar|sigtrue=0.2|sigbar=0.15|lam=0.0005|robust=none,seed_0006__train_oracle__feat_b__obj_cvar_a0.95__sigtrue_0.2__sigbar_0.15__lam_0.0005,completed,2026-04-02T01:28:27Z,6,main_benchmark,main,benchmark,True,oracle,bs_delta,deep_hedge_oracle,,B,cvar,0.2,0.15,0.0005,results/gbm_deephedge/benchmark_6_2/runs/seed_0006__train_oracle__feat_b__obj_cvar_a0.95__sigtrue_0.2__sigbar_0.15__lam_0.0005,results/gbm_deephedge,4d75c335adf3338ec91b01f36c937942c93fa92c56cab0948f4483ec131ca8b6,76e694c21e709359f62f03a0ba5a97ba6db86a88,GBM_CFG=results/gbm_deephedge/benchmark_6_2/runs/seed_0006__train_oracle__feat_b__obj_cvar_a0.95__sigtrue_0.2__sigbar_0.15__lam_0.0005/run_cfg.json python -m src.train_deephedge_gbm
train=oracle|feat=B|obj=cvar|sigtrue=0.2|sigbar=0.15|lam=0.001|robust=none,seed_0006__train_oracle__feat_b__obj_cvar_a0.95__sigtrue_0.2__sigbar_0.15__lam_0.001,completed,2026-04-02T01:28:51Z,6,main_benchmark,main,benchmark,True,oracle,bs_delta,deep_hedge_oracle,,B,cvar,0.2,0.15,0.001,results/gbm_deephedge/benchmark_6_2/runs/seed_0006__train_oracle__feat_b__obj_cvar_a0.95__sigtrue_0.2__sigbar_0.15__lam_0.001,results/gbm_deephedge,2fd9620c038cf99bbf63e34656422fc0f867e85d9af250b64308b0384f73ec42,76e694c21e709359f62f03a0ba5a97ba6db86a88,GBM_CFG=results/gbm_deephedge/benchmark_6_2/runs/seed_0006__train_oracle__feat_b__obj_cvar_a0.95__sigtrue_0.2__sigbar_0.15__lam_0.001/run_cfg.json python -m src.train_deephedge_gbm
train=oracle|feat=B|obj=cvar|sigtrue=0.2|sigbar=0.1|lam=0|robust=none,seed_0006__train_oracle__feat_b__obj_cvar_a0.95__sigtrue_0.2__sigbar_0.1__lam_0,completed,2026-04-02T01:27:35Z,6,main_benchmark,main,benchmark,True,oracle,bs_delta,deep_hedge_oracle,,B,cvar,0.2,0.1,0.0,results/gbm_deephedge/benchmark_6_2/runs/seed_0006__train_oracle__feat_b__obj_cvar_a0.95__sigtrue_0.2__sigbar_0.1__lam_0,results/gbm_deephedge,006ae178bb591f80a9ca499c5141d6c4ac7300a8f6933fd2f8adbd8c7c453a7f,76e694c21e709359f62f03a0ba5a97ba6db86a88,GBM_CFG=results/gbm_deephedge/benchmark_6_2/runs/seed_0006__train_oracle__feat_b__obj_cvar_a0.95__sigtrue_0.2__sigbar_0.1__lam_0/run_cfg.json python -m src.train_deephedge_gbm
train=oracle|feat=B|obj=cvar|sigtrue=0.2|sigbar=0.1|lam=0.0001|robust=none,seed_0006__train_oracle__feat_b__obj_cvar_a0.95__sigtrue_0.2__sigbar_0.1__lam_0.0001,completed,2026-04-02T01:28:00Z,6,main_benchmark,main,benchmark,True,oracle,bs_delta,deep_hedge_oracle,,B,cvar,0.2,0.1,0.0001,results/gbm_deephedge/benchmark_6_2/runs/seed_0006__train_oracle__feat_b__obj_cvar_a0.95__sigtrue_0.2__sigbar_0.1__lam_0.0001,results/gbm_deephedge,eaf3b1462f264c2f5093fe528ba5e4cc7bc77a9636fc5883845924413b509f21,76e694c21e709359f62f03a0ba5a97ba6db86a88,GBM_CFG=results/gbm_deephedge/benchmark_6_2/runs/seed_0006__train_oracle__feat_b__obj_cvar_a0.95__sigtrue_0.2__sigbar_0.1__lam_0.0001/run_cfg.json python -m src.train_deephedge_gbm
train=oracle|feat=B|obj=cvar|sigtrue=0.2|sigbar=0.1|lam=0.0005|robust=none,seed_0006__train_oracle__feat_b__obj_cvar_a0.95__sigtrue_0.2__sigbar_0.1__lam_0.0005,completed,2026-04-02T01:28:24Z,6,main_benchmark,main,benchmark,True,oracle,bs_delta,deep_hedge_oracle,,B,cvar,0.2,0.1,0.0005,results/gbm_deephedge/benchmark_6_2/runs/seed_0006__train_oracle__feat_b__obj_cvar_a0.95__sigtrue_0.2__sigbar_0.1__lam_0.0005,results/gbm_deephedge,706eb679497097a5cddc34a5c6560d30eeedb38b3052601b8067a1b96ff9883c,76e694c21e709359f62f03a0ba5a97ba6db86a88,GBM_CFG=results/gbm_deephedge/benchmark_6_2/runs/seed_0006__train_oracle__feat_b__obj_cvar_a0.95__sigtrue_0.2__sigbar_0.1__lam_0.0005/run_cfg.json python -m src.train_deephedge_gbm
train=oracle|feat=B|obj=cvar|sigtrue=0.2|sigbar=0.1|lam=0.001|robust=none,seed_0006__train_oracle__feat_b__obj_cvar_a0.95__sigtrue_0.2__sigbar_0.1__lam_0.001,completed,2026-04-02T01:28:48Z,6,main_benchmark,main,benchmark,True,oracle,bs_delta,deep_hedge_oracle,,B,cvar,0.2,0.1,0.001,results/gbm_deephedge/benchmark_6_2/runs/seed_0006__train_oracle__feat_b__obj_cvar_a0.95__sigtrue_0.2__sigbar_0.1__lam_0.001,results/gbm_deephedge,5c5500e3d1fa9136eabd2152ec3dd7ddedc809629e9b603bfa19e972ca89809b,76e694c21e709359f62f03a0ba5a97ba6db86a88,GBM_CFG=results/gbm_deephedge/benchmark_6_2/runs/seed_0006__train_oracle__feat_b__obj_cvar_a0.95__sigtrue_0.2__sigbar_0.1__lam_0.001/run_cfg.json python -m src.train_deephedge_gbm
train=oracle|feat=B|obj=cvar|sigtrue=0.2|sigbar=0.25|lam=0|robust=none,seed_0006__train_oracle__feat_b__obj_cvar_a0.95__sigtrue_0.2__sigbar_0.25__lam_0,completed,2026-04-02T01:27:41Z,6,main_benchmark,main,benchmark,True,oracle,bs_delta,deep_hedge_oracle,,B,cvar,0.2,0.25,0.0,results/gbm_deephedge/benchmark_6_2/runs/seed_0006__train_oracle__feat_b__obj_cvar_a0.95__sigtrue_0.2__sigbar_0.25__lam_0,results/gbm_deephedge,15bfc48a2600a7697a7895a769262e69856be69114134eade26c12dcd5c790fc,76e694c21e709359f62f03a0ba5a97ba6db86a88,GBM_CFG=results/gbm_deephedge/benchmark_6_2/runs/seed_0006__train_oracle__feat_b__obj_cvar_a0.95__sigtrue_0.2__sigbar_0.25__lam_0/run_cfg.json python -m src.train_deephedge_gbm
train=oracle|feat=B|obj=cvar|sigtrue=0.2|sigbar=0.25|lam=0.0001|robust=none,seed_0006__train_oracle__feat_b__obj_cvar_a0.95__sigtrue_0.2__sigbar_0.25__lam_0.0001,completed,2026-04-02T01:28:05Z,6,main_benchmark,main,benchmark,True,oracle,bs_delta,deep_hedge_oracle,,B,cvar,0.2,0.25,0.0001,results/gbm_deephedge/benchmark_6_2/runs/seed_0006__train_oracle__feat_b__obj_cvar_a0.95__sigtrue_0.2__sigbar_0.25__lam_0.0001,results/gbm_deephedge,bb09efa05f38ca51421e08650f134f02ca29521e7df6636392cad71280e2b363,76e694c21e709359f62f03a0ba5a97ba6db86a88,GBM_CFG=results/gbm_deephedge/benchmark_6_2/runs/seed_0006__train_oracle__feat_b__obj_cvar_a0.95__sigtrue_0.2__sigbar_0.25__lam_0.0001/run_cfg.json python -m src.train_deephedge_gbm
train=oracle|feat=B|obj=cvar|sigtrue=0.2|sigbar=0.25|lam=0.0005|robust=none,seed_0006__train_oracle__feat_b__obj_cvar_a0.95__sigtrue_0.2__sigbar_0.25__lam_0.0005,completed,2026-04-02T01:28:29Z,6,main_benchmark,main,benchmark,True,oracle,bs_delta,deep_hedge_oracle,,B,cvar,0.2,0.25,0.0005,results/gbm_deephedge/benchmark_6_2/runs/seed_0006__train_oracle__feat_b__obj_cvar_a0.95__sigtrue_0.2__sigbar_0.25__lam_0.0005,results/gbm_deephedge,d9d8383d0c216f9c4478008747c79a1a9895058ed07a122afe753d8bbd7a60a4,76e694c21e709359f62f03a0ba5a97ba6db86a88,GBM_CFG=results/gbm_deephedge/benchmark_6_2/runs/seed_0006__train_oracle__feat_b__obj_cvar_a0.95__sigtrue_0.2__sigbar_0.25__lam_0.0005/run_cfg.json python -m src.train_deephedge_gbm
train=oracle|feat=B|obj=cvar|sigtrue=0.2|sigbar=0.25|lam=0.001|robust=none,seed_0006__train_oracle__feat_b__obj_cvar_a0.95__sigtrue_0.2__sigbar_0.25__lam_0.001,completed,2026-04-02T01:28:54Z,6,main_benchmark,main,benchmark,True,oracle,bs_delta,deep_hedge_oracle,,B,cvar,0.2,0.25,0.001,results/gbm_deephedge/benchmark_6_2/runs/seed_0006__train_oracle__feat_b__obj_cvar_a0.95__sigtrue_0.2__sigbar_0.25__lam_0.001,results/gbm_deephedge,13ba79d845e4fa12c0f84e96ff2f7a160773ec68d03af3bc1392b71fa80085a1,76e694c21e709359f62f03a0ba5a97ba6db86a88,GBM_CFG=results/gbm_deephedge/benchmark_6_2/runs/seed_0006__train_oracle__feat_b__obj_cvar_a0.95__sigtrue_0.2__sigbar_0.25__lam_0.001/run_cfg.json python -m src.train_deephedge_gbm
train=oracle|feat=B|obj=cvar|sigtrue=0.2|sigbar=0.2|lam=0|robust=none,seed_0006__train_oracle__feat_b__obj_cvar_a0.95__sigtrue_0.2__sigbar_0.2__lam_0,completed,2026-04-01T22:16:45Z,6,main_benchmark,main,benchmark,True,oracle,bs_delta,deep_hedge_oracle,,B,cvar,0.2,0.2,0.0,results/gbm_deephedge/benchmark_6_2/runs/seed_0006__train_oracle__feat_b__obj_cvar_a0.95__sigtrue_0.2__sigbar_0.2__lam_0,results/gbm_deephedge,3e23ae7f05b4668706298388b17c79af80e1997df4cc6be3827dd527edd97c4e,76e694c21e709359f62f03a0ba5a97ba6db86a88,GBM_CFG=results/gbm_deephedge/benchmark_6_2/runs/seed_0006__train_oracle__feat_b__obj_cvar_a0.95__sigtrue_0.2__sigbar_0.2__lam_0/run_cfg.json python -m src.train_deephedge_gbm
train=oracle|feat=B|obj=cvar|sigtrue=0.2|sigbar=0.2|lam=0.0001|robust=none,seed_0006__train_oracle__feat_b__obj_cvar_a0.95__sigtrue_0.2__sigbar_0.2__lam_0.0001,completed,2026-04-01T22:57:43Z,6,main_benchmark,main,benchmark,True,oracle,bs_delta,deep_hedge_oracle,,B,cvar,0.2,0.2,0.0001,results/gbm_deephedge/benchmark_6_2/runs/seed_0006__train_oracle__feat_b__obj_cvar_a0.95__sigtrue_0.2__sigbar_0.2__lam_0.0001,results/gbm_deephedge,377e68c99fc46e3909cb07dcf4d63bb98e1dced2543291268025183c8e7daae1,76e694c21e709359f62f03a0ba5a97ba6db86a88,GBM_CFG=results/gbm_deephedge/benchmark_6_2/runs/seed_0006__train_oracle__feat_b__obj_cvar_a0.95__sigtrue_0.2__sigbar_0.2__lam_0.0001/run_cfg.json python -m src.train_deephedge_gbm
train=oracle|feat=B|obj=cvar|sigtrue=0.2|sigbar=0.2|lam=0.0005|robust=none,seed_0006__train_oracle__feat_b__obj_cvar_a0.95__sigtrue_0.2__sigbar_0.2__lam_0.0005,completed,2026-04-01T23:45:11Z,6,main_benchmark,main,benchmark,True,oracle,bs_delta,deep_hedge_oracle,,B,cvar,0.2,0.2,0.0005,results/gbm_deephedge/benchmark_6_2/runs/seed_0006__train_oracle__feat_b__obj_cvar_a0.95__sigtrue_0.2__sigbar_0.2__lam_0.0005,results/gbm_deephedge,14b4a77e8695eaf31b097a000cb1ecd7ad70165bfd583af97373e1981bb52e65,76e694c21e709359f62f03a0ba5a97ba6db86a88,GBM_CFG=results/gbm_deephedge/benchmark_6_2/runs/seed_0006__train_oracle__feat_b__obj_cvar_a0.95__sigtrue_0.2__sigbar_0.2__lam_0.0005/run_cfg.json python -m src.train_deephedge_gbm
train=oracle|feat=B|obj=cvar|sigtrue=0.2|sigbar=0.2|lam=0.001|robust=none,seed_0006__train_oracle__feat_b__obj_cvar_a0.95__sigtrue_0.2__sigbar_0.2__lam_0.001,completed,2026-04-02T00:25:13Z,6,main_benchmark,main,benchmark,True,oracle,bs_delta,deep_hedge_oracle,,B,cvar,0.2,0.2,0.001,results/gbm_deephedge/benchmark_6_2/runs/seed_0006__train_oracle__feat_b__obj_cvar_a0.95__sigtrue_0.2__sigbar_0.2__lam_0.001,results/gbm_deephedge,c83c8f2bc4b0b89320d0f39d335a9ab4a2516e619971b235722899bf2323c9ab,76e694c21e709359f62f03a0ba5a97ba6db86a88,GBM_CFG=results/gbm_deephedge/benchmark_6_2/runs/seed_0006__train_oracle__feat_b__obj_cvar_a0.95__sigtrue_0.2__sigbar_0.2__lam_0.001/run_cfg.json python -m src.train_deephedge_gbm
train=oracle|feat=B|obj=cvar|sigtrue=0.2|sigbar=0.3|lam=0|robust=none,seed_0006__train_oracle__feat_b__obj_cvar_a0.95__sigtrue_0.2__sigbar_0.3__lam_0,completed,2026-04-02T01:27:44Z,6,main_benchmark,main,benchmark,True,oracle,bs_delta,deep_hedge_oracle,,B,cvar,0.2,0.3,0.0,results/gbm_deephedge/benchmark_6_2/runs/seed_0006__train_oracle__feat_b__obj_cvar_a0.95__sigtrue_0.2__sigbar_0.3__lam_0,results/gbm_deephedge,b0017950d00aaea7241f900d91755cba0040b7be179e315474cf3c3dd1174991,76e694c21e709359f62f03a0ba5a97ba6db86a88,GBM_CFG=results/gbm_deephedge/benchmark_6_2/runs/seed_0006__train_oracle__feat_b__obj_cvar_a0.95__sigtrue_0.2__sigbar_0.3__lam_0/run_cfg.json python -m src.train_deephedge_gbm
train=oracle|feat=B|obj=cvar|sigtrue=0.2|sigbar=0.3|lam=0.0001|robust=none,seed_0006__train_oracle__feat_b__obj_cvar_a0.95__sigtrue_0.2__sigbar_0.3__lam_0.0001,completed,2026-04-02T01:28:08Z,6,main_benchmark,main,benchmark,True,oracle,bs_delta,deep_hedge_oracle,,B,cvar,0.2,0.3,0.0001,results/gbm_deephedge/benchmark_6_2/runs/seed_0006__train_oracle__feat_b__obj_cvar_a0.95__sigtrue_0.2__sigbar_0.3__lam_0.0001,results/gbm_deephedge,67d863a54f505d69a81d2b906c93786076e93e588e996574dd09acf0e150511b,76e694c21e709359f62f03a0ba5a97ba6db86a88,GBM_CFG=results/gbm_deephedge/benchmark_6_2/runs/seed_0006__train_oracle__feat_b__obj_cvar_a0.95__sigtrue_0.2__sigbar_0.3__lam_0.0001/run_cfg.json python -m src.train_deephedge_gbm
train=oracle|feat=B|obj=cvar|sigtrue=0.2|sigbar=0.3|lam=0.0005|robust=none,seed_0006__train_oracle__feat_b__obj_cvar_a0.95__sigtrue_0.2__sigbar_0.3__lam_0.0005,completed,2026-04-02T01:28:32Z,6,main_benchmark,main,benchmark,True,oracle,bs_delta,deep_hedge_oracle,,B,cvar,0.2,0.3,0.0005,results/gbm_deephedge/benchmark_6_2/runs/seed_0006__train_oracle__feat_b__obj_cvar_a0.95__sigtrue_0.2__sigbar_0.3__lam_0.0005,results/gbm_deephedge,8e1df64e049251fc6cbe6abae43370346de2e8dbd5bc3d2ddbe6094b0dc106c2,76e694c21e709359f62f03a0ba5a97ba6db86a88,GBM_CFG=results/gbm_deephedge/benchmark_6_2/runs/seed_0006__train_oracle__feat_b__obj_cvar_a0.95__sigtrue_0.2__sigbar_0.3__lam_0.0005/run_cfg.json python -m src.train_deephedge_gbm
train=oracle|feat=B|obj=cvar|sigtrue=0.2|sigbar=0.3|lam=0.001|robust=none,seed_0006__train_oracle__feat_b__obj_cvar_a0.95__sigtrue_0.2__sigbar_0.3__lam_0.001,completed,2026-04-02T01:28:57Z,6,main_benchmark,main,benchmark,True,oracle,bs_delta,deep_hedge_oracle,,B,cvar,0.2,0.3,0.001,results/gbm_deephedge/benchmark_6_2/runs/seed_0006__train_oracle__feat_b__obj_cvar_a0.95__sigtrue_0.2__sigbar_0.3__lam_0.001,results/gbm_deephedge,33f4c2432a16c21c0689826e4a6f44381725c8b44ca8ed55b4015c7cd7c6cd1b,76e694c21e709359f62f03a0ba5a97ba6db86a88,GBM_CFG=results/gbm_deephedge/benchmark_6_2/runs/seed_0006__train_oracle__feat_b__obj_cvar_a0.95__sigtrue_0.2__sigbar_0.3__lam_0.001/run_cfg.json python -m src.train_deephedge_gbm
"train=robust|feat=B|obj=cvar|sigtrue=0.2|sigbar=0.15|lam=0|robust=0.15,0.2,0.25",seed_0006__train_robust_s0.15-0.2-0.25__feat_b__obj_cvar_a0.95__sigtrue_0.2__sigbar_0.15__lam_0,completed,2026-04-02T01:27:50Z,6,main_benchmark,main,benchmark,True,robust,bs_delta,deep_hedge_robust,0.15|0.2|0.25,B,cvar,0.2,0.15,0.0,results/gbm_deephedge/benchmark_6_2/runs/seed_0006__train_robust_s0.15-0.2-0.25__feat_b__obj_cvar_a0.95__sigtrue_0.2__sigbar_0.15__lam_0,results/gbm_deephedge,1cdb84e14fb9018685964c00bfa174158c0fa16c324e4ef736898e510265f106,76e694c21e709359f62f03a0ba5a97ba6db86a88,GBM_CFG=results/gbm_deephedge/benchmark_6_2/runs/seed_0006__train_robust_s0.15-0.2-0.25__feat_b__obj_cvar_a0.95__sigtrue_0.2__sigbar_0.15__lam_0/run_cfg.json python -m src.train_deephedge_gbm
"train=robust|feat=B|obj=cvar|sigtrue=0.2|sigbar=0.15|lam=0.0001|robust=0.15,0.2,0.25",seed_0006__train_robust_s0.15-0.2-0.25__feat_b__obj_cvar_a0.95__sigtrue_0.2__sigbar_0.15__lam_0.0001,completed,2026-04-02T01:28:14Z,6,main_benchmark,main,benchmark,True,robust,bs_delta,deep_hedge_robust,0.15|0.2|0.25,B,cvar,0.2,0.15,0.0001,results/gbm_deephedge/benchmark_6_2/runs/seed_0006__train_robust_s0.15-0.2-0.25__feat_b__obj_cvar_a0.95__sigtrue_0.2__sigbar_0.15__lam_0.0001,results/gbm_deephedge,c2049b21f551c36472af316cf6350823c17f67554d27fc1f24aa4aced5b7a4ae,76e694c21e709359f62f03a0ba5a97ba6db86a88,GBM_CFG=results/gbm_deephedge/benchmark_6_2/runs/seed_0006__train_robust_s0.15-0.2-0.25__feat_b__obj_cvar_a0.95__sigtrue_0.2__sigbar_0.15__lam_0.0001/run_cfg.json python -m src.train_deephedge_gbm
"train=robust|feat=B|obj=cvar|sigtrue=0.2|sigbar=0.15|lam=0.0005|robust=0.15,0.2,0.25",seed_0006__train_robust_s0.15-0.2-0.25__feat_b__obj_cvar_a0.95__sigtrue_0.2__sigbar_0.15__lam_0.0005,completed,2026-04-02T01:28:39Z,6,main_benchmark,main,benchmark,True,robust,bs_delta,deep_hedge_robust,0.15|0.2|0.25,B,cvar,0.2,0.15,0.0005,results/gbm_deephedge/benchmark_6_2/runs/seed_0006__train_robust_s0.15-0.2-0.25__feat_b__obj_cvar_a0.95__sigtrue_0.2__sigbar_0.15__lam_0.0005,results/gbm_deephedge,7bf613a0a96e3d0e0a3e5f768d18591f9770316feae563af28a205704142c019,76e694c21e709359f62f03a0ba5a97ba6db86a88,GBM_CFG=results/gbm_deephedge/benchmark_6_2/runs/seed_0006__train_robust_s0.15-0.2-0.25__feat_b__obj_cvar_a0.95__sigtrue_0.2__sigbar_0.15__lam_0.0005/run_cfg.json python -m src.train_deephedge_gbm
"train=robust|feat=B|obj=cvar|sigtrue=0.2|sigbar=0.15|lam=0.001|robust=0.15,0.2,0.25",seed_0006__train_robust_s0.15-0.2-0.25__feat_b__obj_cvar_a0.95__sigtrue_0.2__sigbar_0.15__lam_0.001,completed,2026-04-02T01:29:03Z,6,main_benchmark,main,benchmark,True,robust,bs_delta,deep_hedge_robust,0.15|0.2|0.25,B,cvar,0.2,0.15,0.001,results/gbm_deephedge/benchmark_6_2/runs/seed_0006__train_robust_s0.15-0.2-0.25__feat_b__obj_cvar_a0.95__sigtrue_0.2__sigbar_0.15__lam_0.001,results/gbm_deephedge,0fe7e801859ef82c3985719a3af0edada5431a1ad9ba31cb404ff05903825a77,76e694c21e709359f62f03a0ba5a97ba6db86a88,GBM_CFG=results/gbm_deephedge/benchmark_6_2/runs/seed_0006__train_robust_s0.15-0.2-0.25__feat_b__obj_cvar_a0.95__sigtrue_0.2__sigbar_0.15__lam_0.001/run_cfg.json python -m src.train_deephedge_gbm
"train=robust|feat=B|obj=cvar|sigtrue=0.2|sigbar=0.1|lam=0|robust=0.15,0.2,0.25",seed_0006__train_robust_s0.15-0.2-0.25__feat_b__obj_cvar_a0.95__sigtrue_0.2__sigbar_0.1__lam_0,completed,2026-04-02T01:27:47Z,6,main_benchmark,main,benchmark,True,robust,bs_delta,deep_hedge_robust,0.15|0.2|0.25,B,cvar,0.2,0.1,0.0,results/gbm_deephedge/benchmark_6_2/runs/seed_0006__train_robust_s0.15-0.2-0.25__feat_b__obj_cvar_a0.95__sigtrue_0.2__sigbar_0.1__lam_0,results/gbm_deephedge,ee5fcfa40af7796f9153931e5e5ec80950349f8397c6240430e2291680ed4ea5,76e694c21e709359f62f03a0ba5a97ba6db86a88,GBM_CFG=results/gbm_deephedge/benchmark_6_2/runs/seed_0006__train_robust_s0.15-0.2-0.25__feat_b__obj_cvar_a0.95__sigtrue_0.2__sigbar_0.1__lam_0/run_cfg.json python -m src.train_deephedge_gbm
"train=robust|feat=B|obj=cvar|sigtrue=0.2|sigbar=0.1|lam=0.0001|robust=0.15,0.2,0.25",seed_0006__train_robust_s0.15-0.2-0.25__feat_b__obj_cvar_a0.95__sigtrue_0.2__sigbar_0.1__lam_0.0001,completed,2026-04-02T01:28:11Z,6,main_benchmark,main,benchmark,True,robust,bs_delta,deep_hedge_robust,0.15|0.2|0.25,B,cvar,0.2,0.1,0.0001,results/gbm_deephedge/benchmark_6_2/runs/seed_0006__train_robust_s0.15-0.2-0.25__feat_b__obj_cvar_a0.95__sigtrue_0.2__sigbar_0.1__lam_0.0001,results/gbm_deephedge,445dcabd1e9e8869ef9a1524aa9579114436e56c1f59c9b01945def2fb83d8d6,76e694c21e709359f62f03a0ba5a97ba6db86a88,GBM_CFG=results/gbm_deephedge/benchmark_6_2/runs/seed_0006__train_robust_s0.15-0.2-0.25__feat_b__obj_cvar_a0.95__sigtrue_0.2__sigbar_0.1__lam_0.0001/run_cfg.json python -m src.train_deephedge_gbm
"train=robust|feat=B|obj=cvar|sigtrue=0.2|sigbar=0.1|lam=0.0005|robust=0.15,0.2,0.25",seed_0006__train_robust_s0.15-0.2-0.25__feat_b__obj_cvar_a0.95__sigtrue_0.2__sigbar_0.1__lam_0.0005,completed,2026-04-02T01:28:36Z,6,main_benchmark,main,benchmark,True,robust,bs_delta,deep_hedge_robust,0.15|0.2|0.25,B,cvar,0.2,0.1,0.0005,results/gbm_deephedge/benchmark_6_2/runs/seed_0006__train_robust_s0.15-0.2-0.25__feat_b__obj_cvar_a0.95__sigtrue_0.2__sigbar_0.1__lam_0.0005,results/gbm_deephedge,520d5b0c6bb52b654722849edae911913f31bb027863af0d8d93091a28d92b8d,76e694c21e709359f62f03a0ba5a97ba6db86a88,GBM_CFG=results/gbm_deephedge/benchmark_6_2/runs/seed_0006__train_robust_s0.15-0.2-0.25__feat_b__obj_cvar_a0.95__sigtrue_0.2__sigbar_0.1__lam_0.0005/run_cfg.json python -m src.train_deephedge_gbm
"train=robust|feat=B|obj=cvar|sigtrue=0.2|sigbar=0.1|lam=0.001|robust=0.15,0.2,0.25",seed_0006__train_robust_s0.15-0.2-0.25__feat_b__obj_cvar_a0.95__sigtrue_0.2__sigbar_0.1__lam_0.001,completed,2026-04-02T01:29:00Z,6,main_benchmark,main,benchmark,True,robust,bs_delta,deep_hedge_robust,0.15|0.2|0.25,B,cvar,0.2,0.1,0.001,results/gbm_deephedge/benchmark_6_2/runs/seed_0006__train_robust_s0.15-0.2-0.25__feat_b__obj_cvar_a0.95__sigtrue_0.2__sigbar_0.1__lam_0.001,results/gbm_deephedge,8fc6acf2421afbe0641f006496a8c96730abbf67bc1a7d4b6a98c4c9dfa99e99,76e694c21e709359f62f03a0ba5a97ba6db86a88,GBM_CFG=results/gbm_deephedge/benchmark_6_2/runs/seed_0006__train_robust_s0.15-0.2-0.25__feat_b__obj_cvar_a0.95__sigtrue_0.2__sigbar_0.1__lam_0.001/run_cfg.json python -m src.train_deephedge_gbm
"train=robust|feat=B|obj=cvar|sigtrue=0.2|sigbar=0.25|lam=0|robust=0.15,0.2,0.25",seed_0006__train_robust_s0.15-0.2-0.25__feat_b__obj_cvar_a0.95__sigtrue_0.2__sigbar_0.25__lam_0,completed,2026-04-02T01:27:53Z,6,main_benchmark,main,benchmark,True,robust,bs_delta,deep_hedge_robust,0.15|0.2|0.25,B,cvar,0.2,0.25,0.0,results/gbm_deephedge/benchmark_6_2/runs/seed_0006__train_robust_s0.15-0.2-0.25__feat_b__obj_cvar_a0.95__sigtrue_0.2__sigbar_0.25__lam_0,results/gbm_deephedge,1a968970edf269be27d6dd980f5b19dcc5948cc679b52ec6ed5e4c1cd70b821c,76e694c21e709359f62f03a0ba5a97ba6db86a88,GBM_CFG=results/gbm_deephedge/benchmark_6_2/runs/seed_0006__train_robust_s0.15-0.2-0.25__feat_b__obj_cvar_a0.95__sigtrue_0.2__sigbar_0.25__lam_0/run_cfg.json python -m src.train_deephedge_gbm
"train=robust|feat=B|obj=cvar|sigtrue=0.2|sigbar=0.25|lam=0.0001|robust=0.15,0.2,0.25",seed_0006__train_robust_s0.15-0.2-0.25__feat_b__obj_cvar_a0.95__sigtrue_0.2__sigbar_0.25__lam_0.0001,completed,2026-04-02T01:28:18Z,6,main_benchmark,main,benchmark,True,robust,bs_delta,deep_hedge_robust,0.15|0.2|0.25,B,cvar,0.2,0.25,0.0001,results/gbm_deephedge/benchmark_6_2/runs/seed_0006__train_robust_s0.15-0.2-0.25__feat_b__obj_cvar_a0.95__sigtrue_0.2__sigbar_0.25__lam_0.0001,results/gbm_deephedge,8409b851a8884c96c4c8d9e389d1b57c7b73b560b1289fb055f3f8521c60b25b,76e694c21e709359f62f03a0ba5a97ba6db86a88,GBM_CFG=results/gbm_deephedge/benchmark_6_2/runs/seed_0006__train_robust_s0.15-0.2-0.25__feat_b__obj_cvar_a0.95__sigtrue_0.2__sigbar_0.25__lam_0.0001/run_cfg.json python -m src.train_deephedge_gbm
"train=robust|feat=B|obj=cvar|sigtrue=0.2|sigbar=0.25|lam=0.0005|robust=0.15,0.2,0.25",seed_0006__train_robust_s0.15-0.2-0.25__feat_b__obj_cvar_a0.95__sigtrue_0.2__sigbar_0.25__lam_0.0005,completed,2026-04-02T01:28:42Z,6,main_benchmark,main,benchmark,True,robust,bs_delta,deep_hedge_robust,0.15|0.2|0.25,B,cvar,0.2,0.25,0.0005,results/gbm_deephedge/benchmark_6_2/runs/seed_0006__train_robust_s0.15-0.2-0.25__feat_b__obj_cvar_a0.95__sigtrue_0.2__sigbar_0.25__lam_0.0005,results/gbm_deephedge,519272a6484d0a951fb144e55be7100d951125dc83d06b65c6d5428b4ec6e571,76e694c21e709359f62f03a0ba5a97ba6db86a88,GBM_CFG=results/gbm_deephedge/benchmark_6_2/runs/seed_0006__train_robust_s0.15-0.2-0.25__feat_b__obj_cvar_a0.95__sigtrue_0.2__sigbar_0.25__lam_0.0005/run_cfg.json python -m src.train_deephedge_gbm
"train=robust|feat=B|obj=cvar|sigtrue=0.2|sigbar=0.25|lam=0.001|robust=0.15,0.2,0.25",seed_0006__train_robust_s0.15-0.2-0.25__feat_b__obj_cvar_a0.95__sigtrue_0.2__sigbar_0.25__lam_0.001,completed,2026-04-02T01:29:06Z,6,main_benchmark,main,benchmark,True,robust,bs_delta,deep_hedge_robust,0.15|0.2|0.25,B,cvar,0.2,0.25,0.001,results/gbm_deephedge/benchmark_6_2/runs/seed_0006__train_robust_s0.15-0.2-0.25__feat_b__obj_cvar_a0.95__sigtrue_0.2__sigbar_0.25__lam_0.001,results/gbm_deephedge,179d8e86a309d87ac2876279cf88df03ead4ac8123030deb925200a88b228658,76e694c21e709359f62f03a0ba5a97ba6db86a88,GBM_CFG=results/gbm_deephedge/benchmark_6_2/runs/seed_0006__train_robust_s0.15-0.2-0.25__feat_b__obj_cvar_a0.95__sigtrue_0.2__sigbar_0.25__lam_0.001/run_cfg.json python -m src.train_deephedge_gbm
"train=robust|feat=B|obj=cvar|sigtrue=0.2|sigbar=0.2|lam=0|robust=0.15,0.2,0.25",seed_0006__train_robust_s0.15-0.2-0.25__feat_b__obj_cvar_a0.95__sigtrue_0.2__sigbar_0.2__lam_0,completed,2026-04-01T22:18:57Z,6,main_benchmark,main,benchmark,True,robust,bs_delta,deep_hedge_robust,0.15|0.2|0.25,B,cvar,0.2,0.2,0.0,results/gbm_deephedge/benchmark_6_2/runs/seed_0006__train_robust_s0.15-0.2-0.25__feat_b__obj_cvar_a0.95__sigtrue_0.2__sigbar_0.2__lam_0,results/gbm_deephedge,0bfb561f3168ca4a048a506342e07fced0931a9b973036d762e8e96db58bef91,76e694c21e709359f62f03a0ba5a97ba6db86a88,GBM_CFG=results/gbm_deephedge/benchmark_6_2/runs/seed_0006__train_robust_s0.15-0.2-0.25__feat_b__obj_cvar_a0.95__sigtrue_0.2__sigbar_0.2__lam_0/run_cfg.json python -m src.train_deephedge_gbm
"train=robust|feat=B|obj=cvar|sigtrue=0.2|sigbar=0.2|lam=0.0001|robust=0.15,0.2,0.25",seed_0006__train_robust_s0.15-0.2-0.25__feat_b__obj_cvar_a0.95__sigtrue_0.2__sigbar_0.2__lam_0.0001,completed,2026-04-01T22:59:59Z,6,main_benchmark,main,benchmark,True,robust,bs_delta,deep_hedge_robust,0.15|0.2|0.25,B,cvar,0.2,0.2,0.0001,results/gbm_deephedge/benchmark_6_2/runs/seed_0006__train_robust_s0.15-0.2-0.25__feat_b__obj_cvar_a0.95__sigtrue_0.2__sigbar_0.2__lam_0.0001,results/gbm_deephedge,0e2438fc4766786468e6f2d50a7b638fc4f36aec4f11b996bf742e131d48feb4,76e694c21e709359f62f03a0ba5a97ba6db86a88,GBM_CFG=results/gbm_deephedge/benchmark_6_2/runs/seed_0006__train_robust_s0.15-0.2-0.25__feat_b__obj_cvar_a0.95__sigtrue_0.2__sigbar_0.2__lam_0.0001/run_cfg.json python -m src.train_deephedge_gbm
"train=robust|feat=B|obj=cvar|sigtrue=0.2|sigbar=0.2|lam=0.0005|robust=0.15,0.2,0.25",seed_0006__train_robust_s0.15-0.2-0.25__feat_b__obj_cvar_a0.95__sigtrue_0.2__sigbar_0.2__lam_0.0005,completed,2026-04-01T23:47:23Z,6,main_benchmark,main,benchmark,True,robust,bs_delta,deep_hedge_robust,0.15|0.2|0.25,B,cvar,0.2,0.2,0.0005,results/gbm_deephedge/benchmark_6_2/runs/seed_0006__train_robust_s0.15-0.2-0.25__feat_b__obj_cvar_a0.95__sigtrue_0.2__sigbar_0.2__lam_0.0005,results/gbm_deephedge,d225a5e39679b8870cb1e3cbfcd697a2bc81acac3d48df55f51db8cf360c01e6,76e694c21e709359f62f03a0ba5a97ba6db86a88,GBM_CFG=results/gbm_deephedge/benchmark_6_2/runs/seed_0006__train_robust_s0.15-0.2-0.25__feat_b__obj_cvar_a0.95__sigtrue_0.2__sigbar_0.2__lam_0.0005/run_cfg.json python -m src.train_deephedge_gbm
"train=robust|feat=B|obj=cvar|sigtrue=0.2|sigbar=0.2|lam=0.001|robust=0.15,0.2,0.25",seed_0006__train_robust_s0.15-0.2-0.25__feat_b__obj_cvar_a0.95__sigtrue_0.2__sigbar_0.2__lam_0.001,completed,2026-04-02T00:27:29Z,6,main_benchmark,main,benchmark,True,robust,bs_delta,deep_hedge_robust,0.15|0.2|0.25,B,cvar,0.2,0.2,0.001,results/gbm_deephedge/benchmark_6_2/runs/seed_0006__train_robust_s0.15-0.2-0.25__feat_b__obj_cvar_a0.95__sigtrue_0.2__sigbar_0.2__lam_0.001,results/gbm_deephedge,bce2446ec43fb9f1af096e7f1880bcb56b9daf7e1cd4279c0b7cc10a27b9bf09,76e694c21e709359f62f03a0ba5a97ba6db86a88,GBM_CFG=results/gbm_deephedge/benchmark_6_2/runs/seed_0006__train_robust_s0.15-0.2-0.25__feat_b__obj_cvar_a0.95__sigtrue_0.2__sigbar_0.2__lam_0.001/run_cfg.json python -m src.train_deephedge_gbm
"train=robust|feat=B|obj=cvar|sigtrue=0.2|sigbar=0.3|lam=0|robust=0.15,0.2,0.25",seed_0006__train_robust_s0.15-0.2-0.25__feat_b__obj_cvar_a0.95__sigtrue_0.2__sigbar_0.3__lam_0,completed,2026-04-02T01:27:57Z,6,main_benchmark,main,benchmark,True,robust,bs_delta,deep_hedge_robust,0.15|0.2|0.25,B,cvar,0.2,0.3,0.0,results/gbm_deephedge/benchmark_6_2/runs/seed_0006__train_robust_s0.15-0.2-0.25__feat_b__obj_cvar_a0.95__sigtrue_0.2__sigbar_0.3__lam_0,results/gbm_deephedge,8ccc0b945711fd7cffd9b5fd390af225a7c2569de10213237d7425d2d952fa3a,76e694c21e709359f62f03a0ba5a97ba6db86a88,GBM_CFG=results/gbm_deephedge/benchmark_6_2/runs/seed_0006__train_robust_s0.15-0.2-0.25__feat_b__obj_cvar_a0.95__sigtrue_0.2__sigbar_0.3__lam_0/run_cfg.json python -m src.train_deephedge_gbm
"train=robust|feat=B|obj=cvar|sigtrue=0.2|sigbar=0.3|lam=0.0001|robust=0.15,0.2,0.25",seed_0006__train_robust_s0.15-0.2-0.25__feat_b__obj_cvar_a0.95__sigtrue_0.2__sigbar_0.3__lam_0.0001,completed,2026-04-02T01:28:21Z,6,main_benchmark,main,benchmark,True,robust,bs_delta,deep_hedge_robust,0.15|0.2|0.25,B,cvar,0.2,0.3,0.0001,results/gbm_deephedge/benchmark_6_2/runs/seed_0006__train_robust_s0.15-0.2-0.25__feat_b__obj_cvar_a0.95__sigtrue_0.2__sigbar_0.3__lam_0.0001,results/gbm_deephedge,58042a2670e54336dfeedbac74cc964b81f13ea816d2735cb0bca32b6bd50f6e,76e694c21e709359f62f03a0ba5a97ba6db86a88,GBM_CFG=results/gbm_deephedge/benchmark_6_2/runs/seed_0006__train_robust_s0.15-0.2-0.25__feat_b__obj_cvar_a0.95__sigtrue_0.2__sigbar_0.3__lam_0.0001/run_cfg.json python -m src.train_deephedge_gbm
"train=robust|feat=B|obj=cvar|sigtrue=0.2|sigbar=0.3|lam=0.0005|robust=0.15,0.2,0.25",seed_0006__train_robust_s0.15-0.2-0.25__feat_b__obj_cvar_a0.95__sigtrue_0.2__sigbar_0.3__lam_0.0005,completed,2026-04-02T01:28:45Z,6,main_benchmark,main,benchmark,True,robust,bs_delta,deep_hedge_robust,0.15|0.2|0.25,B,cvar,0.2,0.3,0.0005,results/gbm_deephedge/benchmark_6_2/runs/seed_0006__train_robust_s0.15-0.2-0.25__feat_b__obj_cvar_a0.95__sigtrue_0.2__sigbar_0.3__lam_0.0005,results/gbm_deephedge,2a3ae90321bc32a3572596287c6834a5af37f3c67a86443d4abd5ea94cc505dd,76e694c21e709359f62f03a0ba5a97ba6db86a88,GBM_CFG=results/gbm_deephedge/benchmark_6_2/runs/seed_0006__train_robust_s0.15-0.2-0.25__feat_b__obj_cvar_a0.95__sigtrue_0.2__sigbar_0.3__lam_0.0005/run_cfg.json python -m src.train_deephedge_gbm
"train=robust|feat=B|obj=cvar|sigtrue=0.2|sigbar=0.3|lam=0.001|robust=0.15,0.2,0.25",seed_0006__train_robust_s0.15-0.2-0.25__feat_b__obj_cvar_a0.95__sigtrue_0.2__sigbar_0.3__lam_0.001,completed,2026-04-02T01:29:09Z,6,main_benchmark,main,benchmark,True,robust,bs_delta,deep_hedge_robust,0.15|0.2|0.25,B,cvar,0.2,0.3,0.001,results/gbm_deephedge/benchmark_6_2/runs/seed_0006__train_robust_s0.15-0.2-0.25__feat_b__obj_cvar_a0.95__sigtrue_0.2__sigbar_0.3__lam_0.001,results/gbm_deephedge,45622c40d059aabde471d2cf35ad2e6285a28ebb2adb0c0dcecd2ed57f7d5bce,76e694c21e709359f62f03a0ba5a97ba6db86a88,GBM_CFG=results/gbm_deephedge/benchmark_6_2/runs/seed_0006__train_robust_s0.15-0.2-0.25__feat_b__obj_cvar_a0.95__sigtrue_0.2__sigbar_0.3__lam_0.001/run_cfg.json python -m src.train_deephedge_gbm
train=oracle|feat=B|obj=cvar|sigtrue=0.2|sigbar=0.15|lam=0|robust=none,seed_0007__train_oracle__feat_b__obj_cvar_a0.95__sigtrue_0.2__sigbar_0.15__lam_0,completed,2026-04-02T01:29:15Z,7,main_benchmark,main,benchmark,True,oracle,bs_delta,deep_hedge_oracle,,B,cvar,0.2,0.15,0.0,results/gbm_deephedge/benchmark_6_2/runs/seed_0007__train_oracle__feat_b__obj_cvar_a0.95__sigtrue_0.2__sigbar_0.15__lam_0,results/gbm_deephedge,6a23b4398ec5ffa3d7b01ca330b23274a60f5e7bb3b687046f716f7d640edd71,76e694c21e709359f62f03a0ba5a97ba6db86a88,GBM_CFG=results/gbm_deephedge/benchmark_6_2/runs/seed_0007__train_oracle__feat_b__obj_cvar_a0.95__sigtrue_0.2__sigbar_0.15__lam_0/run_cfg.json python -m src.train_deephedge_gbm
train=oracle|feat=B|obj=cvar|sigtrue=0.2|sigbar=0.15|lam=0.0001|robust=none,seed_0007__train_oracle__feat_b__obj_cvar_a0.95__sigtrue_0.2__sigbar_0.15__lam_0.0001,completed,2026-04-02T01:29:39Z,7,main_benchmark,main,benchmark,True,oracle,bs_delta,deep_hedge_oracle,,B,cvar,0.2,0.15,0.0001,results/gbm_deephedge/benchmark_6_2/runs/seed_0007__train_oracle__feat_b__obj_cvar_a0.95__sigtrue_0.2__sigbar_0.15__lam_0.0001,results/gbm_deephedge,87a56d05777cd52b55fc91548b44559e68fe1952f4aa354abcc74b03b1292b4c,76e694c21e709359f62f03a0ba5a97ba6db86a88,GBM_CFG=results/gbm_deephedge/benchmark_6_2/runs/seed_0007__train_oracle__feat_b__obj_cvar_a0.95__sigtrue_0.2__sigbar_0.15__lam_0.0001/run_cfg.json python -m src.train_deephedge_gbm
train=oracle|feat=B|obj=cvar|sigtrue=0.2|sigbar=0.15|lam=0.0005|robust=none,seed_0007__train_oracle__feat_b__obj_cvar_a0.95__sigtrue_0.2__sigbar_0.15__lam_0.0005,completed,2026-04-02T01:30:04Z,7,main_benchmark,main,benchmark,True,oracle,bs_delta,deep_hedge_oracle,,B,cvar,0.2,0.15,0.0005,results/gbm_deephedge/benchmark_6_2/runs/seed_0007__train_oracle__feat_b__obj_cvar_a0.95__sigtrue_0.2__sigbar_0.15__lam_0.0005,results/gbm_deephedge,2bb0276e4fff7afb00852ecafe77c987b1a6999900b6c62795abfd61a041c0ed,76e694c21e709359f62f03a0ba5a97ba6db86a88,GBM_CFG=results/gbm_deephedge/benchmark_6_2/runs/seed_0007__train_oracle__feat_b__obj_cvar_a0.95__sigtrue_0.2__sigbar_0.15__lam_0.0005/run_cfg.json python -m src.train_deephedge_gbm
train=oracle|feat=B|obj=cvar|sigtrue=0.2|sigbar=0.15|lam=0.001|robust=none,seed_0007__train_oracle__feat_b__obj_cvar_a0.95__sigtrue_0.2__sigbar_0.15__lam_0.001,completed,2026-04-02T01:30:28Z,7,main_benchmark,main,benchmark,True,oracle,bs_delta,deep_hedge_oracle,,B,cvar,0.2,0.15,0.001,results/gbm_deephedge/benchmark_6_2/runs/seed_0007__train_oracle__feat_b__obj_cvar_a0.95__sigtrue_0.2__sigbar_0.15__lam_0.001,results/gbm_deephedge,0a45dfdba9246fe40afbd17468058182f4069cfa05549546e0125e033e2287fb,76e694c21e709359f62f03a0ba5a97ba6db86a88,GBM_CFG=results/gbm_deephedge/benchmark_6_2/runs/seed_0007__train_oracle__feat_b__obj_cvar_a0.95__sigtrue_0.2__sigbar_0.15__lam_0.001/run_cfg.json python -m src.train_deephedge_gbm
train=oracle|feat=B|obj=cvar|sigtrue=0.2|sigbar=0.1|lam=0|robust=none,seed_0007__train_oracle__feat_b__obj_cvar_a0.95__sigtrue_0.2__sigbar_0.1__lam_0,completed,2026-04-02T01:29:12Z,7,main_benchmark,main,benchmark,True,oracle,bs_delta,deep_hedge_oracle,,B,cvar,0.2,0.1,0.0,results/gbm_deephedge/benchmark_6_2/runs/seed_0007__train_oracle__feat_b__obj_cvar_a0.95__sigtrue_0.2__sigbar_0.1__lam_0,results/gbm_deephedge,29461b0c7ab303f8b516017c23c8b97b14843ac366982481e4c1449940b919b2,76e694c21e709359f62f03a0ba5a97ba6db86a88,GBM_CFG=results/gbm_deephedge/benchmark_6_2/runs/seed_0007__train_oracle__feat_b__obj_cvar_a0.95__sigtrue_0.2__sigbar_0.1__lam_0/run_cfg.json python -m src.train_deephedge_gbm
train=oracle|feat=B|obj=cvar|sigtrue=0.2|sigbar=0.1|lam=0.0001|robust=none,seed_0007__train_oracle__feat_b__obj_cvar_a0.95__sigtrue_0.2__sigbar_0.1__lam_0.0001,completed,2026-04-02T01:29:36Z,7,main_benchmark,main,benchmark,True,oracle,bs_delta,deep_hedge_oracle,,B,cvar,0.2,0.1,0.0001,results/gbm_deephedge/benchmark_6_2/runs/seed_0007__train_oracle__feat_b__obj_cvar_a0.95__sigtrue_0.2__sigbar_0.1__lam_0.0001,results/gbm_deephedge,874eab8ee95fa0d44f2bc512703481f93b71ec95f4fc45a35ccefdaa40202872,76e694c21e709359f62f03a0ba5a97ba6db86a88,GBM_CFG=results/gbm_deephedge/benchmark_6_2/runs/seed_0007__train_oracle__feat_b__obj_cvar_a0.95__sigtrue_0.2__sigbar_0.1__lam_0.0001/run_cfg.json python -m src.train_deephedge_gbm
train=oracle|feat=B|obj=cvar|sigtrue=0.2|sigbar=0.1|lam=0.0005|robust=none,seed_0007__train_oracle__feat_b__obj_cvar_a0.95__sigtrue_0.2__sigbar_0.1__lam_0.0005,completed,2026-04-02T01:30:01Z,7,main_benchmark,main,benchmark,True,oracle,bs_delta,deep_hedge_oracle,,B,cvar,0.2,0.1,0.0005,results/gbm_deephedge/benchmark_6_2/runs/seed_0007__train_oracle__feat_b__obj_cvar_a0.95__sigtrue_0.2__sigbar_0.1__lam_0.0005,results/gbm_deephedge,e8397a8172da690257f5292ec3bb79b77a8cc93e4690997a4e1c3b4ba695eced,76e694c21e709359f62f03a0ba5a97ba6db86a88,GBM_CFG=results/gbm_deephedge/benchmark_6_2/runs/seed_0007__train_oracle__feat_b__obj_cvar_a0.95__sigtrue_0.2__sigbar_0.1__lam_0.0005/run_cfg.json python -m src.train_deephedge_gbm
train=oracle|feat=B|obj=cvar|sigtrue=0.2|sigbar=0.1|lam=0.001|robust=none,seed_0007__train_oracle__feat_b__obj_cvar_a0.95__sigtrue_0.2__sigbar_0.1__lam_0.001,completed,2026-04-02T01:30:25Z,7,main_benchmark,main,benchmark,True,oracle,bs_delta,deep_hedge_oracle,,B,cvar,0.2,0.1,0.001,results/gbm_deephedge/benchmark_6_2/runs/seed_0007__train_oracle__feat_b__obj_cvar_a0.95__sigtrue_0.2__sigbar_0.1__lam_0.001,results/gbm_deephedge,6378f88176ce106eaca0716677b02065bf656b13abc82975af6fbe5843b5ce06,76e694c21e709359f62f03a0ba5a97ba6db86a88,GBM_CFG=results/gbm_deephedge/benchmark_6_2/runs/seed_0007__train_oracle__feat_b__obj_cvar_a0.95__sigtrue_0.2__sigbar_0.1__lam_0.001/run_cfg.json python -m src.train_deephedge_gbm
train=oracle|feat=B|obj=cvar|sigtrue=0.2|sigbar=0.25|lam=0|robust=none,seed_0007__train_oracle__feat_b__obj_cvar_a0.95__sigtrue_0.2__sigbar_0.25__lam_0,completed,2026-04-02T01:29:18Z,7,main_benchmark,main,benchmark,True,oracle,bs_delta,deep_hedge_oracle,,B,cvar,0.2,0.25,0.0,results/gbm_deephedge/benchmark_6_2/runs/seed_0007__train_oracle__feat_b__obj_cvar_a0.95__sigtrue_0.2__sigbar_0.25__lam_0,results/gbm_deephedge,d8b209eeca4a694a8fa70e257995de0a4dc0d0e9d6cd7a8aada71555a09d5438,76e694c21e709359f62f03a0ba5a97ba6db86a88,GBM_CFG=results/gbm_deephedge/benchmark_6_2/runs/seed_0007__train_oracle__feat_b__obj_cvar_a0.95__sigtrue_0.2__sigbar_0.25__lam_0/run_cfg.json python -m src.train_deephedge_gbm
train=oracle|feat=B|obj=cvar|sigtrue=0.2|sigbar=0.25|lam=0.0001|robust=none,seed_0007__train_oracle__feat_b__obj_cvar_a0.95__sigtrue_0.2__sigbar_0.25__lam_0.0001,completed,2026-04-02T01:29:42Z,7,main_benchmark,main,benchmark,True,oracle,bs_delta,deep_hedge_oracle,,B,cvar,0.2,0.25,0.0001,results/gbm_deephedge/benchmark_6_2/runs/seed_0007__train_oracle__feat_b__obj_cvar_a0.95__sigtrue_0.2__sigbar_0.25__lam_0.0001,results/gbm_deephedge,9b89688aebfb96feb28e4302db477028f4358ed8987df00d56adf8a418daf5a4,76e694c21e709359f62f03a0ba5a97ba6db86a88,GBM_CFG=results/gbm_deephedge/benchmark_6_2/runs/seed_0007__train_oracle__feat_b__obj_cvar_a0.95__sigtrue_0.2__sigbar_0.25__lam_0.0001/run_cfg.json python -m src.train_deephedge_gbm
train=oracle|feat=B|obj=cvar|sigtrue=0.2|sigbar=0.25|lam=0.0005|robust=none,seed_0007__train_oracle__feat_b__obj_cvar_a0.95__sigtrue_0.2__sigbar_0.25__lam_0.0005,completed,2026-04-02T01:30:07Z,7,main_benchmark,main,benchmark,True,oracle,bs_delta,deep_hedge_oracle,,B,cvar,0.2,0.25,0.0005,results/gbm_deephedge/benchmark_6_2/runs/seed_0007__train_oracle__feat_b__obj_cvar_a0.95__sigtrue_0.2__sigbar_0.25__lam_0.0005,results/gbm_deephedge,44d2990c6283b6133042e0c82e4f0264f1c56f0ecc36533b6ab5e6f699de8122,76e694c21e709359f62f03a0ba5a97ba6db86a88,GBM_CFG=results/gbm_deephedge/benchmark_6_2/runs/seed_0007__train_oracle__feat_b__obj_cvar_a0.95__sigtrue_0.2__sigbar_0.25__lam_0.0005/run_cfg.json python -m src.train_deephedge_gbm
train=oracle|feat=B|obj=cvar|sigtrue=0.2|sigbar=0.25|lam=0.001|robust=none,seed_0007__train_oracle__feat_b__obj_cvar_a0.95__sigtrue_0.2__sigbar_0.25__lam_0.001,completed,2026-04-02T01:30:31Z,7,main_benchmark,main,benchmark,True,oracle,bs_delta,deep_hedge_oracle,,B,cvar,0.2,0.25,0.001,results/gbm_deephedge/benchmark_6_2/runs/seed_0007__train_oracle__feat_b__obj_cvar_a0.95__sigtrue_0.2__sigbar_0.25__lam_0.001,results/gbm_deephedge,af4b9aa86efba750eda434a96bd3c4b77b4b7c4d9754b816e53646d23a943985,76e694c21e709359f62f03a0ba5a97ba6db86a88,GBM_CFG=results/gbm_deephedge/benchmark_6_2/runs/seed_0007__train_oracle__feat_b__obj_cvar_a0.95__sigtrue_0.2__sigbar_0.25__lam_0.001/run_cfg.json python -m src.train_deephedge_gbm
train=oracle|feat=B|obj=cvar|sigtrue=0.2|sigbar=0.2|lam=0|robust=none,seed_0007__train_oracle__feat_b__obj_cvar_a0.95__sigtrue_0.2__sigbar_0.2__lam_0,completed,2026-04-01T22:21:08Z,7,main_benchmark,main,benchmark,True,oracle,bs_delta,deep_hedge_oracle,,B,cvar,0.2,0.2,0.0,results/gbm_deephedge/benchmark_6_2/runs/seed_0007__train_oracle__feat_b__obj_cvar_a0.95__sigtrue_0.2__sigbar_0.2__lam_0,results/gbm_deephedge,3823d771a657b15f77dd3edf5c2ae32519b9e93d48e571a5c71ab1781fcfa2c2,76e694c21e709359f62f03a0ba5a97ba6db86a88,GBM_CFG=results/gbm_deephedge/benchmark_6_2/runs/seed_0007__train_oracle__feat_b__obj_cvar_a0.95__sigtrue_0.2__sigbar_0.2__lam_0/run_cfg.json python -m src.train_deephedge_gbm
train=oracle|feat=B|obj=cvar|sigtrue=0.2|sigbar=0.2|lam=0.0001|robust=none,seed_0007__train_oracle__feat_b__obj_cvar_a0.95__sigtrue_0.2__sigbar_0.2__lam_0.0001,completed,2026-04-01T23:02:14Z,7,main_benchmark,main,benchmark,True,oracle,bs_delta,deep_hedge_oracle,,B,cvar,0.2,0.2,0.0001,results/gbm_deephedge/benchmark_6_2/runs/seed_0007__train_oracle__feat_b__obj_cvar_a0.95__sigtrue_0.2__sigbar_0.2__lam_0.0001,results/gbm_deephedge,405d1279dd54e48e832c91e1940328fd89e9a8d1ee3f753cbc76a6a43ad0f160,76e694c21e709359f62f03a0ba5a97ba6db86a88,GBM_CFG=results/gbm_deephedge/benchmark_6_2/runs/seed_0007__train_oracle__feat_b__obj_cvar_a0.95__sigtrue_0.2__sigbar_0.2__lam_0.0001/run_cfg.json python -m src.train_deephedge_gbm
train=oracle|feat=B|obj=cvar|sigtrue=0.2|sigbar=0.2|lam=0.0005|robust=none,seed_0007__train_oracle__feat_b__obj_cvar_a0.95__sigtrue_0.2__sigbar_0.2__lam_0.0005,completed,2026-04-01T23:49:05Z,7,main_benchmark,main,benchmark,True,oracle,bs_delta,deep_hedge_oracle,,B,cvar,0.2,0.2,0.0005,results/gbm_deephedge/benchmark_6_2/runs/seed_0007__train_oracle__feat_b__obj_cvar_a0.95__sigtrue_0.2__sigbar_0.2__lam_0.0005,results/gbm_deephedge,5565d38a27cf9ed88fe61efaf4836012310a8fb49c449f041277cccb981dc9c1,76e694c21e709359f62f03a0ba5a97ba6db86a88,GBM_CFG=results/gbm_deephedge/benchmark_6_2/runs/seed_0007__train_oracle__feat_b__obj_cvar_a0.95__sigtrue_0.2__sigbar_0.2__lam_0.0005/run_cfg.json python -m src.train_deephedge_gbm
train=oracle|feat=B|obj=cvar|sigtrue=0.2|sigbar=0.2|lam=0.001|robust=none,seed_0007__train_oracle__feat_b__obj_cvar_a0.95__sigtrue_0.2__sigbar_0.2__lam_0.001,completed,2026-04-02T00:29:44Z,7,main_benchmark,main,benchmark,True,oracle,bs_delta,deep_hedge_oracle,,B,cvar,0.2,0.2,0.001,results/gbm_deephedge/benchmark_6_2/runs/seed_0007__train_oracle__feat_b__obj_cvar_a0.95__sigtrue_0.2__sigbar_0.2__lam_0.001,results/gbm_deephedge,74485930a3298dbe6531b239c55d0bb945b918aa2464eb9ed667d19d0a25a0a1,76e694c21e709359f62f03a0ba5a97ba6db86a88,GBM_CFG=results/gbm_deephedge/benchmark_6_2/runs/seed_0007__train_oracle__feat_b__obj_cvar_a0.95__sigtrue_0.2__sigbar_0.2__lam_0.001/run_cfg.json python -m src.train_deephedge_gbm
train=oracle|feat=B|obj=cvar|sigtrue=0.2|sigbar=0.3|lam=0|robust=none,seed_0007__train_oracle__feat_b__obj_cvar_a0.95__sigtrue_0.2__sigbar_0.3__lam_0,completed,2026-04-02T01:29:21Z,7,main_benchmark,main,benchmark,True,oracle,bs_delta,deep_hedge_oracle,,B,cvar,0.2,0.3,0.0,results/gbm_deephedge/benchmark_6_2/runs/seed_0007__train_oracle__feat_b__obj_cvar_a0.95__sigtrue_0.2__sigbar_0.3__lam_0,results/gbm_deephedge,993d54473e5a704a0b0030f3c3e8f794b61bb63ecb72e0e7fcace43ab5a6dc90,76e694c21e709359f62f03a0ba5a97ba6db86a88,GBM_CFG=results/gbm_deephedge/benchmark_6_2/runs/seed_0007__train_oracle__feat_b__obj_cvar_a0.95__sigtrue_0.2__sigbar_0.3__lam_0/run_cfg.json python -m src.train_deephedge_gbm
train=oracle|feat=B|obj=cvar|sigtrue=0.2|sigbar=0.3|lam=0.0001|robust=none,seed_0007__train_oracle__feat_b__obj_cvar_a0.95__sigtrue_0.2__sigbar_0.3__lam_0.0001,completed,2026-04-02T01:29:45Z,7,main_benchmark,main,benchmark,True,oracle,bs_delta,deep_hedge_oracle,,B,cvar,0.2,0.3,0.0001,results/gbm_deephedge/benchmark_6_2/runs/seed_0007__train_oracle__feat_b__obj_cvar_a0.95__sigtrue_0.2__sigbar_0.3__lam_0.0001,results/gbm_deephedge,9ab4249f062e4ef17011975a3a9db110701c16f980f2f8ad3d24f4ab5a9b3237,76e694c21e709359f62f03a0ba5a97ba6db86a88,GBM_CFG=results/gbm_deephedge/benchmark_6_2/runs/seed_0007__train_oracle__feat_b__obj_cvar_a0.95__sigtrue_0.2__sigbar_0.3__lam_0.0001/run_cfg.json python -m src.train_deephedge_gbm
train=oracle|feat=B|obj=cvar|sigtrue=0.2|sigbar=0.3|lam=0.0005|robust=none,seed_0007__train_oracle__feat_b__obj_cvar_a0.95__sigtrue_0.2__sigbar_0.3__lam_0.0005,completed,2026-04-02T01:30:10Z,7,main_benchmark,main,benchmark,True,oracle,bs_delta,deep_hedge_oracle,,B,cvar,0.2,0.3,0.0005,results/gbm_deephedge/benchmark_6_2/runs/seed_0007__train_oracle__feat_b__obj_cvar_a0.95__sigtrue_0.2__sigbar_0.3__lam_0.0005,results/gbm_deephedge,e5f1e1bb38b0d61c73e973d91c9b21f727fd166e09debf49b545aa7b5b001db8,76e694c21e709359f62f03a0ba5a97ba6db86a88,GBM_CFG=results/gbm_deephedge/benchmark_6_2/runs/seed_0007__train_oracle__feat_b__obj_cvar_a0.95__sigtrue_0.2__sigbar_0.3__lam_0.0005/run_cfg.json python -m src.train_deephedge_gbm
train=oracle|feat=B|obj=cvar|sigtrue=0.2|sigbar=0.3|lam=0.001|robust=none,seed_0007__train_oracle__feat_b__obj_cvar_a0.95__sigtrue_0.2__sigbar_0.3__lam_0.001,completed,2026-04-02T01:30:34Z,7,main_benchmark,main,benchmark,True,oracle,bs_delta,deep_hedge_oracle,,B,cvar,0.2,0.3,0.001,results/gbm_deephedge/benchmark_6_2/runs/seed_0007__train_oracle__feat_b__obj_cvar_a0.95__sigtrue_0.2__sigbar_0.3__lam_0.001,results/gbm_deephedge,facba725f48458d253ca4c5e66c82939ac7f2f641c58583392424e8b5a506ba3,76e694c21e709359f62f03a0ba5a97ba6db86a88,GBM_CFG=results/gbm_deephedge/benchmark_6_2/runs/seed_0007__train_oracle__feat_b__obj_cvar_a0.95__sigtrue_0.2__sigbar_0.3__lam_0.001/run_cfg.json python -m src.train_deephedge_gbm
"train=robust|feat=B|obj=cvar|sigtrue=0.2|sigbar=0.15|lam=0|robust=0.15,0.2,0.25",seed_0007__train_robust_s0.15-0.2-0.25__feat_b__obj_cvar_a0.95__sigtrue_0.2__sigbar_0.15__lam_0,completed,2026-04-02T01:29:27Z,7,main_benchmark,main,benchmark,True,robust,bs_delta,deep_hedge_robust,0.15|0.2|0.25,B,cvar,0.2,0.15,0.0,results/gbm_deephedge/benchmark_6_2/runs/seed_0007__train_robust_s0.15-0.2-0.25__feat_b__obj_cvar_a0.95__sigtrue_0.2__sigbar_0.15__lam_0,results/gbm_deephedge,351a9235d3fc407a0c8a5a30cc610a719afdbc435ea17a9a8c74852d89446c09,76e694c21e709359f62f03a0ba5a97ba6db86a88,GBM_CFG=results/gbm_deephedge/benchmark_6_2/runs/seed_0007__train_robust_s0.15-0.2-0.25__feat_b__obj_cvar_a0.95__sigtrue_0.2__sigbar_0.15__lam_0/run_cfg.json python -m src.train_deephedge_gbm
"train=robust|feat=B|obj=cvar|sigtrue=0.2|sigbar=0.15|lam=0.0001|robust=0.15,0.2,0.25",seed_0007__train_robust_s0.15-0.2-0.25__feat_b__obj_cvar_a0.95__sigtrue_0.2__sigbar_0.15__lam_0.0001,completed,2026-04-02T01:29:52Z,7,main_benchmark,main,benchmark,True,robust,bs_delta,deep_hedge_robust,0.15|0.2|0.25,B,cvar,0.2,0.15,0.0001,results/gbm_deephedge/benchmark_6_2/runs/seed_0007__train_robust_s0.15-0.2-0.25__feat_b__obj_cvar_a0.95__sigtrue_0.2__sigbar_0.15__lam_0.0001,results/gbm_deephedge,8dd6d6c0d3ae49963c57edc3db111bdcc4a6dbf85d988ebf759220287565ae8c,76e694c21e709359f62f03a0ba5a97ba6db86a88,GBM_CFG=results/gbm_deephedge/benchmark_6_2/runs/seed_0007__train_robust_s0.15-0.2-0.25__feat_b__obj_cvar_a0.95__sigtrue_0.2__sigbar_0.15__lam_0.0001/run_cfg.json python -m src.train_deephedge_gbm
"train=robust|feat=B|obj=cvar|sigtrue=0.2|sigbar=0.15|lam=0.0005|robust=0.15,0.2,0.25",seed_0007__train_robust_s0.15-0.2-0.25__feat_b__obj_cvar_a0.95__sigtrue_0.2__sigbar_0.15__lam_0.0005,completed,2026-04-02T01:30:16Z,7,main_benchmark,main,benchmark,True,robust,bs_delta,deep_hedge_robust,0.15|0.2|0.25,B,cvar,0.2,0.15,0.0005,results/gbm_deephedge/benchmark_6_2/runs/seed_0007__train_robust_s0.15-0.2-0.25__feat_b__obj_cvar_a0.95__sigtrue_0.2__sigbar_0.15__lam_0.0005,results/gbm_deephedge,02f3d8006d7e5ce1c9c274109c3f493739ba2ee35fbf924681d2839f0efbb5c3,76e694c21e709359f62f03a0ba5a97ba6db86a88,GBM_CFG=results/gbm_deephedge/benchmark_6_2/runs/seed_0007__train_robust_s0.15-0.2-0.25__feat_b__obj_cvar_a0.95__sigtrue_0.2__sigbar_0.15__lam_0.0005/run_cfg.json python -m src.train_deephedge_gbm
"train=robust|feat=B|obj=cvar|sigtrue=0.2|sigbar=0.15|lam=0.001|robust=0.15,0.2,0.25",seed_0007__train_robust_s0.15-0.2-0.25__feat_b__obj_cvar_a0.95__sigtrue_0.2__sigbar_0.15__lam_0.001,completed,2026-04-02T01:30:40Z,7,main_benchmark,main,benchmark,True,robust,bs_delta,deep_hedge_robust,0.15|0.2|0.25,B,cvar,0.2,0.15,0.001,results/gbm_deephedge/benchmark_6_2/runs/seed_0007__train_robust_s0.15-0.2-0.25__feat_b__obj_cvar_a0.95__sigtrue_0.2__sigbar_0.15__lam_0.001,results/gbm_deephedge,65e1eb9d66c30a34774e9eac6726d23e896de2d0f7d67f17320280d96b843c3d,76e694c21e709359f62f03a0ba5a97ba6db86a88,GBM_CFG=results/gbm_deephedge/benchmark_6_2/runs/seed_0007__train_robust_s0.15-0.2-0.25__feat_b__obj_cvar_a0.95__sigtrue_0.2__sigbar_0.15__lam_0.001/run_cfg.json python -m src.train_deephedge_gbm
"train=robust|feat=B|obj=cvar|sigtrue=0.2|sigbar=0.1|lam=0|robust=0.15,0.2,0.25",seed_0007__train_robust_s0.15-0.2-0.25__feat_b__obj_cvar_a0.95__sigtrue_0.2__sigbar_0.1__lam_0,completed,2026-04-02T01:29:24Z,7,main_benchmark,main,benchmark,True,robust,bs_delta,deep_hedge_robust,0.15|0.2|0.25,B,cvar,0.2,0.1,0.0,results/gbm_deephedge/benchmark_6_2/runs/seed_0007__train_robust_s0.15-0.2-0.25__feat_b__obj_cvar_a0.95__sigtrue_0.2__sigbar_0.1__lam_0,results/gbm_deephedge,806d725e46489fc4181690b15552ecf51ab4ecb51dee5d0f3f3628e48aceb292,76e694c21e709359f62f03a0ba5a97ba6db86a88,GBM_CFG=results/gbm_deephedge/benchmark_6_2/runs/seed_0007__train_robust_s0.15-0.2-0.25__feat_b__obj_cvar_a0.95__sigtrue_0.2__sigbar_0.1__lam_0/run_cfg.json python -m src.train_deephedge_gbm
"train=robust|feat=B|obj=cvar|sigtrue=0.2|sigbar=0.1|lam=0.0001|robust=0.15,0.2,0.25",seed_0007__train_robust_s0.15-0.2-0.25__feat_b__obj_cvar_a0.95__sigtrue_0.2__sigbar_0.1__lam_0.0001,completed,2026-04-02T01:29:48Z,7,main_benchmark,main,benchmark,True,robust,bs_delta,deep_hedge_robust,0.15|0.2|0.25,B,cvar,0.2,0.1,0.0001,results/gbm_deephedge/benchmark_6_2/runs/seed_0007__train_robust_s0.15-0.2-0.25__feat_b__obj_cvar_a0.95__sigtrue_0.2__sigbar_0.1__lam_0.0001,results/gbm_deephedge,657fc55276612a26238015bab4c9dbccdaffb9cc977c3ae976de55f3279d40e1,76e694c21e709359f62f03a0ba5a97ba6db86a88,GBM_CFG=results/gbm_deephedge/benchmark_6_2/runs/seed_0007__train_robust_s0.15-0.2-0.25__feat_b__obj_cvar_a0.95__sigtrue_0.2__sigbar_0.1__lam_0.0001/run_cfg.json python -m src.train_deephedge_gbm
"train=robust|feat=B|obj=cvar|sigtrue=0.2|sigbar=0.1|lam=0.0005|robust=0.15,0.2,0.25",seed_0007__train_robust_s0.15-0.2-0.25__feat_b__obj_cvar_a0.95__sigtrue_0.2__sigbar_0.1__lam_0.0005,completed,2026-04-02T01:30:13Z,7,main_benchmark,main,benchmark,True,robust,bs_delta,deep_hedge_robust,0.15|0.2|0.25,B,cvar,0.2,0.1,0.0005,results/gbm_deephedge/benchmark_6_2/runs/seed_0007__train_robust_s0.15-0.2-0.25__feat_b__obj_cvar_a0.95__sigtrue_0.2__sigbar_0.1__lam_0.0005,results/gbm_deephedge,432c4550cdf2e6567d7ae39d18abd464a8faf24c626b50f31f32d192a029da5f,76e694c21e709359f62f03a0ba5a97ba6db86a88,GBM_CFG=results/gbm_deephedge/benchmark_6_2/runs/seed_0007__train_robust_s0.15-0.2-0.25__feat_b__obj_cvar_a0.95__sigtrue_0.2__sigbar_0.1__lam_0.0005/run_cfg.json python -m src.train_deephedge_gbm
"train=robust|feat=B|obj=cvar|sigtrue=0.2|sigbar=0.1|lam=0.001|robust=0.15,0.2,0.25",seed_0007__train_robust_s0.15-0.2-0.25__feat_b__obj_cvar_a0.95__sigtrue_0.2__sigbar_0.1__lam_0.001,completed,2026-04-02T01:30:37Z,7,main_benchmark,main,benchmark,True,robust,bs_delta,deep_hedge_robust,0.15|0.2|0.25,B,cvar,0.2,0.1,0.001,results/gbm_deephedge/benchmark_6_2/runs/seed_0007__train_robust_s0.15-0.2-0.25__feat_b__obj_cvar_a0.95__sigtrue_0.2__sigbar_0.1__lam_0.001,results/gbm_deephedge,6c01931ff20ed7a2b9b24ec3c8660c838c641f380bae305ba9670eace2d8c45d,76e694c21e709359f62f03a0ba5a97ba6db86a88,GBM_CFG=results/gbm_deephedge/benchmark_6_2/runs/seed_0007__train_robust_s0.15-0.2-0.25__feat_b__obj_cvar_a0.95__sigtrue_0.2__sigbar_0.1__lam_0.001/run_cfg.json python -m src.train_deephedge_gbm
"train=robust|feat=B|obj=cvar|sigtrue=0.2|sigbar=0.25|lam=0|robust=0.15,0.2,0.25",seed_0007__train_robust_s0.15-0.2-0.25__feat_b__obj_cvar_a0.95__sigtrue_0.2__sigbar_0.25__lam_0,completed,2026-04-02T01:29:30Z,7,main_benchmark,main,benchmark,True,robust,bs_delta,deep_hedge_robust,0.15|0.2|0.25,B,cvar,0.2,0.25,0.0,results/gbm_deephedge/benchmark_6_2/runs/seed_0007__train_robust_s0.15-0.2-0.25__feat_b__obj_cvar_a0.95__sigtrue_0.2__sigbar_0.25__lam_0,results/gbm_deephedge,7a8c4bafd8dc9fa41a12a5ceca2865e4b74af962d53663f62119005f4a038d3d,76e694c21e709359f62f03a0ba5a97ba6db86a88,GBM_CFG=results/gbm_deephedge/benchmark_6_2/runs/seed_0007__train_robust_s0.15-0.2-0.25__feat_b__obj_cvar_a0.95__sigtrue_0.2__sigbar_0.25__lam_0/run_cfg.json python -m src.train_deephedge_gbm
"train=robust|feat=B|obj=cvar|sigtrue=0.2|sigbar=0.25|lam=0.0001|robust=0.15,0.2,0.25",seed_0007__train_robust_s0.15-0.2-0.25__feat_b__obj_cvar_a0.95__sigtrue_0.2__sigbar_0.25__lam_0.0001,completed,2026-04-02T01:29:55Z,7,main_benchmark,main,benchmark,True,robust,bs_delta,deep_hedge_robust,0.15|0.2|0.25,B,cvar,0.2,0.25,0.0001,results/gbm_deephedge/benchmark_6_2/runs/seed_0007__train_robust_s0.15-0.2-0.25__feat_b__obj_cvar_a0.95__sigtrue_0.2__sigbar_0.25__lam_0.0001,results/gbm_deephedge,5b61c61c7547df86352e2c0188628ce2349bdec57a38919a361b32b843e077f3,76e694c21e709359f62f03a0ba5a97ba6db86a88,GBM_CFG=results/gbm_deephedge/benchmark_6_2/runs/seed_0007__train_robust_s0.15-0.2-0.25__feat_b__obj_cvar_a0.95__sigtrue_0.2__sigbar_0.25__lam_0.0001/run_cfg.json python -m src.train_deephedge_gbm
"train=robust|feat=B|obj=cvar|sigtrue=0.2|sigbar=0.25|lam=0.0005|robust=0.15,0.2,0.25",seed_0007__train_robust_s0.15-0.2-0.25__feat_b__obj_cvar_a0.95__sigtrue_0.2__sigbar_0.25__lam_0.0005,completed,2026-04-02T01:30:19Z,7,main_benchmark,main,benchmark,True,robust,bs_delta,deep_hedge_robust,0.15|0.2|0.25,B,cvar,0.2,0.25,0.0005,results/gbm_deephedge/benchmark_6_2/runs/seed_0007__train_robust_s0.15-0.2-0.25__feat_b__obj_cvar_a0.95__sigtrue_0.2__sigbar_0.25__lam_0.0005,results/gbm_deephedge,f37670b267b6104168a9168143c46a64e1794dd2e5b6531b70cbd03aecdb0cf0,76e694c21e709359f62f03a0ba5a97ba6db86a88,GBM_CFG=results/gbm_deephedge/benchmark_6_2/runs/seed_0007__train_robust_s0.15-0.2-0.25__feat_b__obj_cvar_a0.95__sigtrue_0.2__sigbar_0.25__lam_0.0005/run_cfg.json python -m src.train_deephedge_gbm
"train=robust|feat=B|obj=cvar|sigtrue=0.2|sigbar=0.25|lam=0.001|robust=0.15,0.2,0.25",seed_0007__train_robust_s0.15-0.2-0.25__feat_b__obj_cvar_a0.95__sigtrue_0.2__sigbar_0.25__lam_0.001,completed,2026-04-02T01:30:43Z,7,main_benchmark,main,benchmark,True,robust,bs_delta,deep_hedge_robust,0.15|0.2|0.25,B,cvar,0.2,0.25,0.001,results/gbm_deephedge/benchmark_6_2/runs/seed_0007__train_robust_s0.15-0.2-0.25__feat_b__obj_cvar_a0.95__sigtrue_0.2__sigbar_0.25__lam_0.001,results/gbm_deephedge,c61d5126be239e2b5f5569ae9a21a928ab2959dbac4b999d1b7628279ef38d85,76e694c21e709359f62f03a0ba5a97ba6db86a88,GBM_CFG=results/gbm_deephedge/benchmark_6_2/runs/seed_0007__train_robust_s0.15-0.2-0.25__feat_b__obj_cvar_a0.95__sigtrue_0.2__sigbar_0.25__lam_0.001/run_cfg.json python -m src.train_deephedge_gbm
"train=robust|feat=B|obj=cvar|sigtrue=0.2|sigbar=0.2|lam=0|robust=0.15,0.2,0.25",seed_0007__train_robust_s0.15-0.2-0.25__feat_b__obj_cvar_a0.95__sigtrue_0.2__sigbar_0.2__lam_0,completed,2026-04-01T22:22:34Z,7,main_benchmark,main,benchmark,True,robust,bs_delta,deep_hedge_robust,0.15|0.2|0.25,B,cvar,0.2,0.2,0.0,results/gbm_deephedge/benchmark_6_2/runs/seed_0007__train_robust_s0.15-0.2-0.25__feat_b__obj_cvar_a0.95__sigtrue_0.2__sigbar_0.2__lam_0,results/gbm_deephedge,7c0795d9d035ec33eaf79f4a35eb4fa10205faf8cb23ca9e10ed049aed81cea9,76e694c21e709359f62f03a0ba5a97ba6db86a88,GBM_CFG=results/gbm_deephedge/benchmark_6_2/runs/seed_0007__train_robust_s0.15-0.2-0.25__feat_b__obj_cvar_a0.95__sigtrue_0.2__sigbar_0.2__lam_0/run_cfg.json python -m src.train_deephedge_gbm
"train=robust|feat=B|obj=cvar|sigtrue=0.2|sigbar=0.2|lam=0.0001|robust=0.15,0.2,0.25",seed_0007__train_robust_s0.15-0.2-0.25__feat_b__obj_cvar_a0.95__sigtrue_0.2__sigbar_0.2__lam_0.0001,completed,2026-04-01T23:04:20Z,7,main_benchmark,main,benchmark,True,robust,bs_delta,deep_hedge_robust,0.15|0.2|0.25,B,cvar,0.2,0.2,0.0001,results/gbm_deephedge/benchmark_6_2/runs/seed_0007__train_robust_s0.15-0.2-0.25__feat_b__obj_cvar_a0.95__sigtrue_0.2__sigbar_0.2__lam_0.0001,results/gbm_deephedge,cf3dc5389ac6d60586082e3c2a2a344a3596476935dda79b058bba98892cb939,76e694c21e709359f62f03a0ba5a97ba6db86a88,GBM_CFG=results/gbm_deephedge/benchmark_6_2/runs/seed_0007__train_robust_s0.15-0.2-0.25__feat_b__obj_cvar_a0.95__sigtrue_0.2__sigbar_0.2__lam_0.0001/run_cfg.json python -m src.train_deephedge_gbm
"train=robust|feat=B|obj=cvar|sigtrue=0.2|sigbar=0.2|lam=0.0005|robust=0.15,0.2,0.25",seed_0007__train_robust_s0.15-0.2-0.25__feat_b__obj_cvar_a0.95__sigtrue_0.2__sigbar_0.2__lam_0.0005,completed,2026-04-01T23:51:17Z,7,main_benchmark,main,benchmark,True,robust,bs_delta,deep_hedge_robust,0.15|0.2|0.25,B,cvar,0.2,0.2,0.0005,results/gbm_deephedge/benchmark_6_2/runs/seed_0007__train_robust_s0.15-0.2-0.25__feat_b__obj_cvar_a0.95__sigtrue_0.2__sigbar_0.2__lam_0.0005,results/gbm_deephedge,c080f53fb6e606f037b7e29040def881bb535a68c35bc54721e0ec009625d8df,76e694c21e709359f62f03a0ba5a97ba6db86a88,GBM_CFG=results/gbm_deephedge/benchmark_6_2/runs/seed_0007__train_robust_s0.15-0.2-0.25__feat_b__obj_cvar_a0.95__sigtrue_0.2__sigbar_0.2__lam_0.0005/run_cfg.json python -m src.train_deephedge_gbm
"train=robust|feat=B|obj=cvar|sigtrue=0.2|sigbar=0.2|lam=0.001|robust=0.15,0.2,0.25",seed_0007__train_robust_s0.15-0.2-0.25__feat_b__obj_cvar_a0.95__sigtrue_0.2__sigbar_0.2__lam_0.001,completed,2026-04-02T00:31:59Z,7,main_benchmark,main,benchmark,True,robust,bs_delta,deep_hedge_robust,0.15|0.2|0.25,B,cvar,0.2,0.2,0.001,results/gbm_deephedge/benchmark_6_2/runs/seed_0007__train_robust_s0.15-0.2-0.25__feat_b__obj_cvar_a0.95__sigtrue_0.2__sigbar_0.2__lam_0.001,results/gbm_deephedge,3e1dc5093ccaccaba7d816ae3ae21f54cbe17846814d91d193a109830e9f6e0c,76e694c21e709359f62f03a0ba5a97ba6db86a88,GBM_CFG=results/gbm_deephedge/benchmark_6_2/runs/seed_0007__train_robust_s0.15-0.2-0.25__feat_b__obj_cvar_a0.95__sigtrue_0.2__sigbar_0.2__lam_0.001/run_cfg.json python -m src.train_deephedge_gbm
"train=robust|feat=B|obj=cvar|sigtrue=0.2|sigbar=0.3|lam=0|robust=0.15,0.2,0.25",seed_0007__train_robust_s0.15-0.2-0.25__feat_b__obj_cvar_a0.95__sigtrue_0.2__sigbar_0.3__lam_0,completed,2026-04-02T01:29:34Z,7,main_benchmark,main,benchmark,True,robust,bs_delta,deep_hedge_robust,0.15|0.2|0.25,B,cvar,0.2,0.3,0.0,results/gbm_deephedge/benchmark_6_2/runs/seed_0007__train_robust_s0.15-0.2-0.25__feat_b__obj_cvar_a0.95__sigtrue_0.2__sigbar_0.3__lam_0,results/gbm_deephedge,7208f3c9330ae0d696711649531817c8a5deca99847d924db90af62801e8d4cf,76e694c21e709359f62f03a0ba5a97ba6db86a88,GBM_CFG=results/gbm_deephedge/benchmark_6_2/runs/seed_0007__train_robust_s0.15-0.2-0.25__feat_b__obj_cvar_a0.95__sigtrue_0.2__sigbar_0.3__lam_0/run_cfg.json python -m src.train_deephedge_gbm
"train=robust|feat=B|obj=cvar|sigtrue=0.2|sigbar=0.3|lam=0.0001|robust=0.15,0.2,0.25",seed_0007__train_robust_s0.15-0.2-0.25__feat_b__obj_cvar_a0.95__sigtrue_0.2__sigbar_0.3__lam_0.0001,completed,2026-04-02T01:29:58Z,7,main_benchmark,main,benchmark,True,robust,bs_delta,deep_hedge_robust,0.15|0.2|0.25,B,cvar,0.2,0.3,0.0001,results/gbm_deephedge/benchmark_6_2/runs/seed_0007__train_robust_s0.15-0.2-0.25__feat_b__obj_cvar_a0.95__sigtrue_0.2__sigbar_0.3__lam_0.0001,results/gbm_deephedge,f6caf20b1dfdeeb3059405392523c012c80c779ab1391dd6ff8341f8a4ac8247,76e694c21e709359f62f03a0ba5a97ba6db86a88,GBM_CFG=results/gbm_deephedge/benchmark_6_2/runs/seed_0007__train_robust_s0.15-0.2-0.25__feat_b__obj_cvar_a0.95__sigtrue_0.2__sigbar_0.3__lam_0.0001/run_cfg.json python -m src.train_deephedge_gbm
"train=robust|feat=B|obj=cvar|sigtrue=0.2|sigbar=0.3|lam=0.0005|robust=0.15,0.2,0.25",seed_0007__train_robust_s0.15-0.2-0.25__feat_b__obj_cvar_a0.95__sigtrue_0.2__sigbar_0.3__lam_0.0005,completed,2026-04-02T01:30:22Z,7,main_benchmark,main,benchmark,True,robust,bs_delta,deep_hedge_robust,0.15|0.2|0.25,B,cvar,0.2,0.3,0.0005,results/gbm_deephedge/benchmark_6_2/runs/seed_0007__train_robust_s0.15-0.2-0.25__feat_b__obj_cvar_a0.95__sigtrue_0.2__sigbar_0.3__lam_0.0005,results/gbm_deephedge,158efd73583655541f547099c10bfe38f2c0c95bb854cc9192cef79c8634db9e,76e694c21e709359f62f03a0ba5a97ba6db86a88,GBM_CFG=results/gbm_deephedge/benchmark_6_2/runs/seed_0007__train_robust_s0.15-0.2-0.25__feat_b__obj_cvar_a0.95__sigtrue_0.2__sigbar_0.3__lam_0.0005/run_cfg.json python -m src.train_deephedge_gbm
"train=robust|feat=B|obj=cvar|sigtrue=0.2|sigbar=0.3|lam=0.001|robust=0.15,0.2,0.25",seed_0007__train_robust_s0.15-0.2-0.25__feat_b__obj_cvar_a0.95__sigtrue_0.2__sigbar_0.3__lam_0.001,completed,2026-04-02T01:30:47Z,7,main_benchmark,main,benchmark,True,robust,bs_delta,deep_hedge_robust,0.15|0.2|0.25,B,cvar,0.2,0.3,0.001,results/gbm_deephedge/benchmark_6_2/runs/seed_0007__train_robust_s0.15-0.2-0.25__feat_b__obj_cvar_a0.95__sigtrue_0.2__sigbar_0.3__lam_0.001,results/gbm_deephedge,07f046f782beae105db0fa924fdedb0aaa2b92a5fc8450d7d4b2e0afd29e320d,76e694c21e709359f62f03a0ba5a97ba6db86a88,GBM_CFG=results/gbm_deephedge/benchmark_6_2/runs/seed_0007__train_robust_s0.15-0.2-0.25__feat_b__obj_cvar_a0.95__sigtrue_0.2__sigbar_0.3__lam_0.001/run_cfg.json python -m src.train_deephedge_gbm
train=oracle|feat=B|obj=cvar|sigtrue=0.2|sigbar=0.15|lam=0|robust=none,seed_0008__train_oracle__feat_b__obj_cvar_a0.95__sigtrue_0.2__sigbar_0.15__lam_0,completed,2026-04-02T01:30:52Z,8,main_benchmark,main,benchmark,True,oracle,bs_delta,deep_hedge_oracle,,B,cvar,0.2,0.15,0.0,results/gbm_deephedge/benchmark_6_2/runs/seed_0008__train_oracle__feat_b__obj_cvar_a0.95__sigtrue_0.2__sigbar_0.15__lam_0,results/gbm_deephedge,d62389b5ca39f28fe51c01c6ab4fff64c93d755f8d1ac5cf8471f4674fdc4795,76e694c21e709359f62f03a0ba5a97ba6db86a88,GBM_CFG=results/gbm_deephedge/benchmark_6_2/runs/seed_0008__train_oracle__feat_b__obj_cvar_a0.95__sigtrue_0.2__sigbar_0.15__lam_0/run_cfg.json python -m src.train_deephedge_gbm
train=oracle|feat=B|obj=cvar|sigtrue=0.2|sigbar=0.15|lam=0.0001|robust=none,seed_0008__train_oracle__feat_b__obj_cvar_a0.95__sigtrue_0.2__sigbar_0.15__lam_0.0001,completed,2026-04-02T01:31:17Z,8,main_benchmark,main,benchmark,True,oracle,bs_delta,deep_hedge_oracle,,B,cvar,0.2,0.15,0.0001,results/gbm_deephedge/benchmark_6_2/runs/seed_0008__train_oracle__feat_b__obj_cvar_a0.95__sigtrue_0.2__sigbar_0.15__lam_0.0001,results/gbm_deephedge,57fbbedb180fab05c556e377875470e7a6b348ed2e75b41b6882dc16a6c65875,76e694c21e709359f62f03a0ba5a97ba6db86a88,GBM_CFG=results/gbm_deephedge/benchmark_6_2/runs/seed_0008__train_oracle__feat_b__obj_cvar_a0.95__sigtrue_0.2__sigbar_0.15__lam_0.0001/run_cfg.json python -m src.train_deephedge_gbm
train=oracle|feat=B|obj=cvar|sigtrue=0.2|sigbar=0.15|lam=0.0005|robust=none,seed_0008__train_oracle__feat_b__obj_cvar_a0.95__sigtrue_0.2__sigbar_0.15__lam_0.0005,completed,2026-04-02T01:31:41Z,8,main_benchmark,main,benchmark,True,oracle,bs_delta,deep_hedge_oracle,,B,cvar,0.2,0.15,0.0005,results/gbm_deephedge/benchmark_6_2/runs/seed_0008__train_oracle__feat_b__obj_cvar_a0.95__sigtrue_0.2__sigbar_0.15__lam_0.0005,results/gbm_deephedge,5eeacd67609ecf14bb48f11384862e2d968ab2752185dbaee122e5eb0f77303a,76e694c21e709359f62f03a0ba5a97ba6db86a88,GBM_CFG=results/gbm_deephedge/benchmark_6_2/runs/seed_0008__train_oracle__feat_b__obj_cvar_a0.95__sigtrue_0.2__sigbar_0.15__lam_0.0005/run_cfg.json python -m src.train_deephedge_gbm
train=oracle|feat=B|obj=cvar|sigtrue=0.2|sigbar=0.15|lam=0.001|robust=none,seed_0008__train_oracle__feat_b__obj_cvar_a0.95__sigtrue_0.2__sigbar_0.15__lam_0.001,completed,2026-04-02T01:32:06Z,8,main_benchmark,main,benchmark,True,oracle,bs_delta,deep_hedge_oracle,,B,cvar,0.2,0.15,0.001,results/gbm_deephedge/benchmark_6_2/runs/seed_0008__train_oracle__feat_b__obj_cvar_a0.95__sigtrue_0.2__sigbar_0.15__lam_0.001,results/gbm_deephedge,2ec2c4196401ebb23a9b953df06e76324b5eed9bd070881a38d75ced302c4bf9,76e694c21e709359f62f03a0ba5a97ba6db86a88,GBM_CFG=results/gbm_deephedge/benchmark_6_2/runs/seed_0008__train_oracle__feat_b__obj_cvar_a0.95__sigtrue_0.2__sigbar_0.15__lam_0.001/run_cfg.json python -m src.train_deephedge_gbm
train=oracle|feat=B|obj=cvar|sigtrue=0.2|sigbar=0.1|lam=0|robust=none,seed_0008__train_oracle__feat_b__obj_cvar_a0.95__sigtrue_0.2__sigbar_0.1__lam_0,completed,2026-04-02T01:30:50Z,8,main_benchmark,main,benchmark,True,oracle,bs_delta,deep_hedge_oracle,,B,cvar,0.2,0.1,0.0,results/gbm_deephedge/benchmark_6_2/runs/seed_0008__train_oracle__feat_b__obj_cvar_a0.95__sigtrue_0.2__sigbar_0.1__lam_0,results/gbm_deephedge,6429c6d2ae71f1535701ec4e9a3c8cc4ebce3fa6ca4807c83c6a8efe4b9d346b,76e694c21e709359f62f03a0ba5a97ba6db86a88,GBM_CFG=results/gbm_deephedge/benchmark_6_2/runs/seed_0008__train_oracle__feat_b__obj_cvar_a0.95__sigtrue_0.2__sigbar_0.1__lam_0/run_cfg.json python -m src.train_deephedge_gbm
train=oracle|feat=B|obj=cvar|sigtrue=0.2|sigbar=0.1|lam=0.0001|robust=none,seed_0008__train_oracle__feat_b__obj_cvar_a0.95__sigtrue_0.2__sigbar_0.1__lam_0.0001,completed,2026-04-02T01:31:14Z,8,main_benchmark,main,benchmark,True,oracle,bs_delta,deep_hedge_oracle,,B,cvar,0.2,0.1,0.0001,results/gbm_deephedge/benchmark_6_2/runs/seed_0008__train_oracle__feat_b__obj_cvar_a0.95__sigtrue_0.2__sigbar_0.1__lam_0.0001,results/gbm_deephedge,ee6b6d5ff102b863b6a55a99eb8d2fb79c3dc5b7a0bf1d90ea4c9f972de0e239,76e694c21e709359f62f03a0ba5a97ba6db86a88,GBM_CFG=results/gbm_deephedge/benchmark_6_2/runs/seed_0008__train_oracle__feat_b__obj_cvar_a0.95__sigtrue_0.2__sigbar_0.1__lam_0.0001/run_cfg.json python -m src.train_deephedge_gbm
train=oracle|feat=B|obj=cvar|sigtrue=0.2|sigbar=0.1|lam=0.0005|robust=none,seed_0008__train_oracle__feat_b__obj_cvar_a0.95__sigtrue_0.2__sigbar_0.1__lam_0.0005,completed,2026-04-02T01:31:38Z,8,main_benchmark,main,benchmark,True,oracle,bs_delta,deep_hedge_oracle,,B,cvar,0.2,0.1,0.0005,results/gbm_deephedge/benchmark_6_2/runs/seed_0008__train_oracle__feat_b__obj_cvar_a0.95__sigtrue_0.2__sigbar_0.1__lam_0.0005,results/gbm_deephedge,e404b39fe28d76740e6d6e6ad25f68ab43b79178b4e0556bc38d8093518af624,76e694c21e709359f62f03a0ba5a97ba6db86a88,GBM_CFG=results/gbm_deephedge/benchmark_6_2/runs/seed_0008__train_oracle__feat_b__obj_cvar_a0.95__sigtrue_0.2__sigbar_0.1__lam_0.0005/run_cfg.json python -m src.train_deephedge_gbm
train=oracle|feat=B|obj=cvar|sigtrue=0.2|sigbar=0.1|lam=0.001|robust=none,seed_0008__train_oracle__feat_b__obj_cvar_a0.95__sigtrue_0.2__sigbar_0.1__lam_0.001,completed,2026-04-02T01:32:03Z,8,main_benchmark,main,benchmark,True,oracle,bs_delta,deep_hedge_oracle,,B,cvar,0.2,0.1,0.001,results/gbm_deephedge/benchmark_6_2/runs/seed_0008__train_oracle__feat_b__obj_cvar_a0.95__sigtrue_0.2__sigbar_0.1__lam_0.001,results/gbm_deephedge,ab93dde68fb68e383b86fab481185d162f7c0ed32fb9530a91f1a4bacc2ea4bb,76e694c21e709359f62f03a0ba5a97ba6db86a88,GBM_CFG=results/gbm_deephedge/benchmark_6_2/runs/seed_0008__train_oracle__feat_b__obj_cvar_a0.95__sigtrue_0.2__sigbar_0.1__lam_0.001/run_cfg.json python -m src.train_deephedge_gbm
train=oracle|feat=B|obj=cvar|sigtrue=0.2|sigbar=0.25|lam=0|robust=none,seed_0008__train_oracle__feat_b__obj_cvar_a0.95__sigtrue_0.2__sigbar_0.25__lam_0,completed,2026-04-02T01:30:55Z,8,main_benchmark,main,benchmark,True,oracle,bs_delta,deep_hedge_oracle,,B,cvar,0.2,0.25,0.0,results/gbm_deephedge/benchmark_6_2/runs/seed_0008__train_oracle__feat_b__obj_cvar_a0.95__sigtrue_0.2__sigbar_0.25__lam_0,results/gbm_deephedge,16e44d220736786970e948571c511fdc067763922a6bfc558a5d775af0d4968c,76e694c21e709359f62f03a0ba5a97ba6db86a88,GBM_CFG=results/gbm_deephedge/benchmark_6_2/runs/seed_0008__train_oracle__feat_b__obj_cvar_a0.95__sigtrue_0.2__sigbar_0.25__lam_0/run_cfg.json python -m src.train_deephedge_gbm
train=oracle|feat=B|obj=cvar|sigtrue=0.2|sigbar=0.25|lam=0.0001|robust=none,seed_0008__train_oracle__feat_b__obj_cvar_a0.95__sigtrue_0.2__sigbar_0.25__lam_0.0001,completed,2026-04-02T01:31:20Z,8,main_benchmark,main,benchmark,True,oracle,bs_delta,deep_hedge_oracle,,B,cvar,0.2,0.25,0.0001,results/gbm_deephedge/benchmark_6_2/runs/seed_0008__train_oracle__feat_b__obj_cvar_a0.95__sigtrue_0.2__sigbar_0.25__lam_0.0001,results/gbm_deephedge,ca961f7f4cb8d53207ad85a50a789213b83a2c4783fddd318090680c7d380773,76e694c21e709359f62f03a0ba5a97ba6db86a88,GBM_CFG=results/gbm_deephedge/benchmark_6_2/runs/seed_0008__train_oracle__feat_b__obj_cvar_a0.95__sigtrue_0.2__sigbar_0.25__lam_0.0001/run_cfg.json python -m src.train_deephedge_gbm
train=oracle|feat=B|obj=cvar|sigtrue=0.2|sigbar=0.25|lam=0.0005|robust=none,seed_0008__train_oracle__feat_b__obj_cvar_a0.95__sigtrue_0.2__sigbar_0.25__lam_0.0005,completed,2026-04-02T01:31:44Z,8,main_benchmark,main,benchmark,True,oracle,bs_delta,deep_hedge_oracle,,B,cvar,0.2,0.25,0.0005,results/gbm_deephedge/benchmark_6_2/runs/seed_0008__train_oracle__feat_b__obj_cvar_a0.95__sigtrue_0.2__sigbar_0.25__lam_0.0005,results/gbm_deephedge,01823be2a24a07200b4325194db9397d833ba4121b042c4ff54a5019e8890e82,76e694c21e709359f62f03a0ba5a97ba6db86a88,GBM_CFG=results/gbm_deephedge/benchmark_6_2/runs/seed_0008__train_oracle__feat_b__obj_cvar_a0.95__sigtrue_0.2__sigbar_0.25__lam_0.0005/run_cfg.json python -m src.train_deephedge_gbm
train=oracle|feat=B|obj=cvar|sigtrue=0.2|sigbar=0.25|lam=0.001|robust=none,seed_0008__train_oracle__feat_b__obj_cvar_a0.95__sigtrue_0.2__sigbar_0.25__lam_0.001,completed,2026-04-02T01:32:09Z,8,main_benchmark,main,benchmark,True,oracle,bs_delta,deep_hedge_oracle,,B,cvar,0.2,0.25,0.001,results/gbm_deephedge/benchmark_6_2/runs/seed_0008__train_oracle__feat_b__obj_cvar_a0.95__sigtrue_0.2__sigbar_0.25__lam_0.001,results/gbm_deephedge,d14762523c3cca5f74f6d0a0f35af609011b04e3c7f9782a85464ec4224cb2b8,76e694c21e709359f62f03a0ba5a97ba6db86a88,GBM_CFG=results/gbm_deephedge/benchmark_6_2/runs/seed_0008__train_oracle__feat_b__obj_cvar_a0.95__sigtrue_0.2__sigbar_0.25__lam_0.001/run_cfg.json python -m src.train_deephedge_gbm
train=oracle|feat=B|obj=cvar|sigtrue=0.2|sigbar=0.2|lam=0|robust=none,seed_0008__train_oracle__feat_b__obj_cvar_a0.95__sigtrue_0.2__sigbar_0.2__lam_0,completed,2026-04-01T22:24:12Z,8,main_benchmark,main,benchmark,True,oracle,bs_delta,deep_hedge_oracle,,B,cvar,0.2,0.2,0.0,results/gbm_deephedge/benchmark_6_2/runs/seed_0008__train_oracle__feat_b__obj_cvar_a0.95__sigtrue_0.2__sigbar_0.2__lam_0,results/gbm_deephedge,d3bdb087678fc1ce40fb7b94e30b566db32795e67a25a328053f27d1300eae43,76e694c21e709359f62f03a0ba5a97ba6db86a88,GBM_CFG=results/gbm_deephedge/benchmark_6_2/runs/seed_0008__train_oracle__feat_b__obj_cvar_a0.95__sigtrue_0.2__sigbar_0.2__lam_0/run_cfg.json python -m src.train_deephedge_gbm
train=oracle|feat=B|obj=cvar|sigtrue=0.2|sigbar=0.2|lam=0.0001|robust=none,seed_0008__train_oracle__feat_b__obj_cvar_a0.95__sigtrue_0.2__sigbar_0.2__lam_0.0001,completed,2026-04-01T23:06:24Z,8,main_benchmark,main,benchmark,True,oracle,bs_delta,deep_hedge_oracle,,B,cvar,0.2,0.2,0.0001,results/gbm_deephedge/benchmark_6_2/runs/seed_0008__train_oracle__feat_b__obj_cvar_a0.95__sigtrue_0.2__sigbar_0.2__lam_0.0001,results/gbm_deephedge,e0b20aa45b80309970b77c7118201ec5d2c367160522a6265143b82d3db6f241,76e694c21e709359f62f03a0ba5a97ba6db86a88,GBM_CFG=results/gbm_deephedge/benchmark_6_2/runs/seed_0008__train_oracle__feat_b__obj_cvar_a0.95__sigtrue_0.2__sigbar_0.2__lam_0.0001/run_cfg.json python -m src.train_deephedge_gbm
train=oracle|feat=B|obj=cvar|sigtrue=0.2|sigbar=0.2|lam=0.0005|robust=none,seed_0008__train_oracle__feat_b__obj_cvar_a0.95__sigtrue_0.2__sigbar_0.2__lam_0.0005,completed,2026-04-01T23:52:55Z,8,main_benchmark,main,benchmark,True,oracle,bs_delta,deep_hedge_oracle,,B,cvar,0.2,0.2,0.0005,results/gbm_deephedge/benchmark_6_2/runs/seed_0008__train_oracle__feat_b__obj_cvar_a0.95__sigtrue_0.2__sigbar_0.2__lam_0.0005,results/gbm_deephedge,329072b2e552b12bb1f36f2deaac59fbf6e3066540192b87d1866bdb4ad329f6,76e694c21e709359f62f03a0ba5a97ba6db86a88,GBM_CFG=results/gbm_deephedge/benchmark_6_2/runs/seed_0008__train_oracle__feat_b__obj_cvar_a0.95__sigtrue_0.2__sigbar_0.2__lam_0.0005/run_cfg.json python -m src.train_deephedge_gbm
train=oracle|feat=B|obj=cvar|sigtrue=0.2|sigbar=0.2|lam=0.001|robust=none,seed_0008__train_oracle__feat_b__obj_cvar_a0.95__sigtrue_0.2__sigbar_0.2__lam_0.001,completed,2026-04-02T00:33:40Z,8,main_benchmark,main,benchmark,True,oracle,bs_delta,deep_hedge_oracle,,B,cvar,0.2,0.2,0.001,results/gbm_deephedge/benchmark_6_2/runs/seed_0008__train_oracle__feat_b__obj_cvar_a0.95__sigtrue_0.2__sigbar_0.2__lam_0.001,results/gbm_deephedge,27f3f40b7268749bf47406e4b44a3d1f30a3950f40a4ba8f52c2c2c26c0364c9,76e694c21e709359f62f03a0ba5a97ba6db86a88,GBM_CFG=results/gbm_deephedge/benchmark_6_2/runs/seed_0008__train_oracle__feat_b__obj_cvar_a0.95__sigtrue_0.2__sigbar_0.2__lam_0.001/run_cfg.json python -m src.train_deephedge_gbm
train=oracle|feat=B|obj=cvar|sigtrue=0.2|sigbar=0.3|lam=0|robust=none,seed_0008__train_oracle__feat_b__obj_cvar_a0.95__sigtrue_0.2__sigbar_0.3__lam_0,completed,2026-04-02T01:30:58Z,8,main_benchmark,main,benchmark,True,oracle,bs_delta,deep_hedge_oracle,,B,cvar,0.2,0.3,0.0,results/gbm_deephedge/benchmark_6_2/runs/seed_0008__train_oracle__feat_b__obj_cvar_a0.95__sigtrue_0.2__sigbar_0.3__lam_0,results/gbm_deephedge,277d550591045cd0306817b68c118d335d7edb3dc6478ea12edb874f5ae46505,76e694c21e709359f62f03a0ba5a97ba6db86a88,GBM_CFG=results/gbm_deephedge/benchmark_6_2/runs/seed_0008__train_oracle__feat_b__obj_cvar_a0.95__sigtrue_0.2__sigbar_0.3__lam_0/run_cfg.json python -m src.train_deephedge_gbm
train=oracle|feat=B|obj=cvar|sigtrue=0.2|sigbar=0.3|lam=0.0001|robust=none,seed_0008__train_oracle__feat_b__obj_cvar_a0.95__sigtrue_0.2__sigbar_0.3__lam_0.0001,completed,2026-04-02T01:31:23Z,8,main_benchmark,main,benchmark,True,oracle,bs_delta,deep_hedge_oracle,,B,cvar,0.2,0.3,0.0001,results/gbm_deephedge/benchmark_6_2/runs/seed_0008__train_oracle__feat_b__obj_cvar_a0.95__sigtrue_0.2__sigbar_0.3__lam_0.0001,results/gbm_deephedge,b47deba611d0a62780a9fc42d8cc5eefbdc56f7d0b3e8df21d6fd5970c1dadb2,76e694c21e709359f62f03a0ba5a97ba6db86a88,GBM_CFG=results/gbm_deephedge/benchmark_6_2/runs/seed_0008__train_oracle__feat_b__obj_cvar_a0.95__sigtrue_0.2__sigbar_0.3__lam_0.0001/run_cfg.json python -m src.train_deephedge_gbm
train=oracle|feat=B|obj=cvar|sigtrue=0.2|sigbar=0.3|lam=0.0005|robust=none,seed_0008__train_oracle__feat_b__obj_cvar_a0.95__sigtrue_0.2__sigbar_0.3__lam_0.0005,completed,2026-04-02T01:31:47Z,8,main_benchmark,main,benchmark,True,oracle,bs_delta,deep_hedge_oracle,,B,cvar,0.2,0.3,0.0005,results/gbm_deephedge/benchmark_6_2/runs/seed_0008__train_oracle__feat_b__obj_cvar_a0.95__sigtrue_0.2__sigbar_0.3__lam_0.0005,results/gbm_deephedge,2830d400dd4af3d974a510c8610e959eef68f26b6f18b0445090d2568840d783,76e694c21e709359f62f03a0ba5a97ba6db86a88,GBM_CFG=results/gbm_deephedge/benchmark_6_2/runs/seed_0008__train_oracle__feat_b__obj_cvar_a0.95__sigtrue_0.2__sigbar_0.3__lam_0.0005/run_cfg.json python -m src.train_deephedge_gbm
train=oracle|feat=B|obj=cvar|sigtrue=0.2|sigbar=0.3|lam=0.001|robust=none,seed_0008__train_oracle__feat_b__obj_cvar_a0.95__sigtrue_0.2__sigbar_0.3__lam_0.001,completed,2026-04-02T01:32:11Z,8,main_benchmark,main,benchmark,True,oracle,bs_delta,deep_hedge_oracle,,B,cvar,0.2,0.3,0.001,results/gbm_deephedge/benchmark_6_2/runs/seed_0008__train_oracle__feat_b__obj_cvar_a0.95__sigtrue_0.2__sigbar_0.3__lam_0.001,results/gbm_deephedge,1b68bd189180397b500d5a3cd70c99f22ce0bd222d041128ef00434eb0a3585c,76e694c21e709359f62f03a0ba5a97ba6db86a88,GBM_CFG=results/gbm_deephedge/benchmark_6_2/runs/seed_0008__train_oracle__feat_b__obj_cvar_a0.95__sigtrue_0.2__sigbar_0.3__lam_0.001/run_cfg.json python -m src.train_deephedge_gbm
"train=robust|feat=B|obj=cvar|sigtrue=0.2|sigbar=0.15|lam=0|robust=0.15,0.2,0.25",seed_0008__train_robust_s0.15-0.2-0.25__feat_b__obj_cvar_a0.95__sigtrue_0.2__sigbar_0.15__lam_0,completed,2026-04-02T01:31:05Z,8,main_benchmark,main,benchmark,True,robust,bs_delta,deep_hedge_robust,0.15|0.2|0.25,B,cvar,0.2,0.15,0.0,results/gbm_deephedge/benchmark_6_2/runs/seed_0008__train_robust_s0.15-0.2-0.25__feat_b__obj_cvar_a0.95__sigtrue_0.2__sigbar_0.15__lam_0,results/gbm_deephedge,53d3d9598c21c294c988a838c7fe38d0ece517a4fd0c4918ac9d58772219b8d8,76e694c21e709359f62f03a0ba5a97ba6db86a88,GBM_CFG=results/gbm_deephedge/benchmark_6_2/runs/seed_0008__train_robust_s0.15-0.2-0.25__feat_b__obj_cvar_a0.95__sigtrue_0.2__sigbar_0.15__lam_0/run_cfg.json python -m src.train_deephedge_gbm
"train=robust|feat=B|obj=cvar|sigtrue=0.2|sigbar=0.15|lam=0.0001|robust=0.15,0.2,0.25",seed_0008__train_robust_s0.15-0.2-0.25__feat_b__obj_cvar_a0.95__sigtrue_0.2__sigbar_0.15__lam_0.0001,completed,2026-04-02T01:31:29Z,8,main_benchmark,main,benchmark,True,robust,bs_delta,deep_hedge_robust,0.15|0.2|0.25,B,cvar,0.2,0.15,0.0001,results/gbm_deephedge/benchmark_6_2/runs/seed_0008__train_robust_s0.15-0.2-0.25__feat_b__obj_cvar_a0.95__sigtrue_0.2__sigbar_0.15__lam_0.0001,results/gbm_deephedge,4aa5479588ca1f6f9ce7b3e84f3f38ee43724c3646b81456184b8b7ec95d7079,76e694c21e709359f62f03a0ba5a97ba6db86a88,GBM_CFG=results/gbm_deephedge/benchmark_6_2/runs/seed_0008__train_robust_s0.15-0.2-0.25__feat_b__obj_cvar_a0.95__sigtrue_0.2__sigbar_0.15__lam_0.0001/run_cfg.json python -m src.train_deephedge_gbm
"train=robust|feat=B|obj=cvar|sigtrue=0.2|sigbar=0.15|lam=0.0005|robust=0.15,0.2,0.25",seed_0008__train_robust_s0.15-0.2-0.25__feat_b__obj_cvar_a0.95__sigtrue_0.2__sigbar_0.15__lam_0.0005,completed,2026-04-02T01:31:54Z,8,main_benchmark,main,benchmark,True,robust,bs_delta,deep_hedge_robust,0.15|0.2|0.25,B,cvar,0.2,0.15,0.0005,results/gbm_deephedge/benchmark_6_2/runs/seed_0008__train_robust_s0.15-0.2-0.25__feat_b__obj_cvar_a0.95__sigtrue_0.2__sigbar_0.15__lam_0.0005,results/gbm_deephedge,26904df87c142c18a3ec7c53765681128b1ed1e0b853c8b9c823617b25a73969,76e694c21e709359f62f03a0ba5a97ba6db86a88,GBM_CFG=results/gbm_deephedge/benchmark_6_2/runs/seed_0008__train_robust_s0.15-0.2-0.25__feat_b__obj_cvar_a0.95__sigtrue_0.2__sigbar_0.15__lam_0.0005/run_cfg.json python -m src.train_deephedge_gbm
"train=robust|feat=B|obj=cvar|sigtrue=0.2|sigbar=0.15|lam=0.001|robust=0.15,0.2,0.25",seed_0008__train_robust_s0.15-0.2-0.25__feat_b__obj_cvar_a0.95__sigtrue_0.2__sigbar_0.15__lam_0.001,completed,2026-04-02T01:32:18Z,8,main_benchmark,main,benchmark,True,robust,bs_delta,deep_hedge_robust,0.15|0.2|0.25,B,cvar,0.2,0.15,0.001,results/gbm_deephedge/benchmark_6_2/runs/seed_0008__train_robust_s0.15-0.2-0.25__feat_b__obj_cvar_a0.95__sigtrue_0.2__sigbar_0.15__lam_0.001,results/gbm_deephedge,3fe7483d52c7a1ad7abf061d013effa7f73d89675d3a47639af383a68f7175e3,76e694c21e709359f62f03a0ba5a97ba6db86a88,GBM_CFG=results/gbm_deephedge/benchmark_6_2/runs/seed_0008__train_robust_s0.15-0.2-0.25__feat_b__obj_cvar_a0.95__sigtrue_0.2__sigbar_0.15__lam_0.001/run_cfg.json python -m src.train_deephedge_gbm
"train=robust|feat=B|obj=cvar|sigtrue=0.2|sigbar=0.1|lam=0|robust=0.15,0.2,0.25",seed_0008__train_robust_s0.15-0.2-0.25__feat_b__obj_cvar_a0.95__sigtrue_0.2__sigbar_0.1__lam_0,completed,2026-04-02T01:31:01Z,8,main_benchmark,main,benchmark,True,robust,bs_delta,deep_hedge_robust,0.15|0.2|0.25,B,cvar,0.2,0.1,0.0,results/gbm_deephedge/benchmark_6_2/runs/seed_0008__train_robust_s0.15-0.2-0.25__feat_b__obj_cvar_a0.95__sigtrue_0.2__sigbar_0.1__lam_0,results/gbm_deephedge,1987b3fab43224abc3c3d60768835038e7d36d9fa684d20156fc83b877ff5bad,76e694c21e709359f62f03a0ba5a97ba6db86a88,GBM_CFG=results/gbm_deephedge/benchmark_6_2/runs/seed_0008__train_robust_s0.15-0.2-0.25__feat_b__obj_cvar_a0.95__sigtrue_0.2__sigbar_0.1__lam_0/run_cfg.json python -m src.train_deephedge_gbm
"train=robust|feat=B|obj=cvar|sigtrue=0.2|sigbar=0.1|lam=0.0001|robust=0.15,0.2,0.25",seed_0008__train_robust_s0.15-0.2-0.25__feat_b__obj_cvar_a0.95__sigtrue_0.2__sigbar_0.1__lam_0.0001,completed,2026-04-02T01:31:26Z,8,main_benchmark,main,benchmark,True,robust,bs_delta,deep_hedge_robust,0.15|0.2|0.25,B,cvar,0.2,0.1,0.0001,results/gbm_deephedge/benchmark_6_2/runs/seed_0008__train_robust_s0.15-0.2-0.25__feat_b__obj_cvar_a0.95__sigtrue_0.2__sigbar_0.1__lam_0.0001,results/gbm_deephedge,0c88ba56752c35bbfaf272d03ef046d0fe9c3af71960014d9427303af274f864,76e694c21e709359f62f03a0ba5a97ba6db86a88,GBM_CFG=results/gbm_deephedge/benchmark_6_2/runs/seed_0008__train_robust_s0.15-0.2-0.25__feat_b__obj_cvar_a0.95__sigtrue_0.2__sigbar_0.1__lam_0.0001/run_cfg.json python -m src.train_deephedge_gbm
"train=robust|feat=B|obj=cvar|sigtrue=0.2|sigbar=0.1|lam=0.0005|robust=0.15,0.2,0.25",seed_0008__train_robust_s0.15-0.2-0.25__feat_b__obj_cvar_a0.95__sigtrue_0.2__sigbar_0.1__lam_0.0005,completed,2026-04-02T01:31:50Z,8,main_benchmark,main,benchmark,True,robust,bs_delta,deep_hedge_robust,0.15|0.2|0.25,B,cvar,0.2,0.1,0.0005,results/gbm_deephedge/benchmark_6_2/runs/seed_0008__train_robust_s0.15-0.2-0.25__feat_b__obj_cvar_a0.95__sigtrue_0.2__sigbar_0.1__lam_0.0005,results/gbm_deephedge,7cfbbe8f9b899e38f6ab706d1216ff8448a599a1db927bb05cf3748ba06f4d66,76e694c21e709359f62f03a0ba5a97ba6db86a88,GBM_CFG=results/gbm_deephedge/benchmark_6_2/runs/seed_0008__train_robust_s0.15-0.2-0.25__feat_b__obj_cvar_a0.95__sigtrue_0.2__sigbar_0.1__lam_0.0005/run_cfg.json python -m src.train_deephedge_gbm
"train=robust|feat=B|obj=cvar|sigtrue=0.2|sigbar=0.1|lam=0.001|robust=0.15,0.2,0.25",seed_0008__train_robust_s0.15-0.2-0.25__feat_b__obj_cvar_a0.95__sigtrue_0.2__sigbar_0.1__lam_0.001,completed,2026-04-02T01:32:15Z,8,main_benchmark,main,benchmark,True,robust,bs_delta,deep_hedge_robust,0.15|0.2|0.25,B,cvar,0.2,0.1,0.001,results/gbm_deephedge/benchmark_6_2/runs/seed_0008__train_robust_s0.15-0.2-0.25__feat_b__obj_cvar_a0.95__sigtrue_0.2__sigbar_0.1__lam_0.001,results/gbm_deephedge,035667f13538c3dd3e05ecff276786f8b3986b52a375e87842a750ca922dd90d,76e694c21e709359f62f03a0ba5a97ba6db86a88,GBM_CFG=results/gbm_deephedge/benchmark_6_2/runs/seed_0008__train_robust_s0.15-0.2-0.25__feat_b__obj_cvar_a0.95__sigtrue_0.2__sigbar_0.1__lam_0.001/run_cfg.json python -m src.train_deephedge_gbm
"train=robust|feat=B|obj=cvar|sigtrue=0.2|sigbar=0.25|lam=0|robust=0.15,0.2,0.25",seed_0008__train_robust_s0.15-0.2-0.25__feat_b__obj_cvar_a0.95__sigtrue_0.2__sigbar_0.25__lam_0,completed,2026-04-02T01:31:08Z,8,main_benchmark,main,benchmark,True,robust,bs_delta,deep_hedge_robust,0.15|0.2|0.25,B,cvar,0.2,0.25,0.0,results/gbm_deephedge/benchmark_6_2/runs/seed_0008__train_robust_s0.15-0.2-0.25__feat_b__obj_cvar_a0.95__sigtrue_0.2__sigbar_0.25__lam_0,results/gbm_deephedge,3535f1c07715ef2e3690862999637591edf1fbf19a8725bb80b285704bbfffcc,76e694c21e709359f62f03a0ba5a97ba6db86a88,GBM_CFG=results/gbm_deephedge/benchmark_6_2/runs/seed_0008__train_robust_s0.15-0.2-0.25__feat_b__obj_cvar_a0.95__sigtrue_0.2__sigbar_0.25__lam_0/run_cfg.json python -m src.train_deephedge_gbm
"train=robust|feat=B|obj=cvar|sigtrue=0.2|sigbar=0.25|lam=0.0001|robust=0.15,0.2,0.25",seed_0008__train_robust_s0.15-0.2-0.25__feat_b__obj_cvar_a0.95__sigtrue_0.2__sigbar_0.25__lam_0.0001,completed,2026-04-02T01:31:32Z,8,main_benchmark,main,benchmark,True,robust,bs_delta,deep_hedge_robust,0.15|0.2|0.25,B,cvar,0.2,0.25,0.0001,results/gbm_deephedge/benchmark_6_2/runs/seed_0008__train_robust_s0.15-0.2-0.25__feat_b__obj_cvar_a0.95__sigtrue_0.2__sigbar_0.25__lam_0.0001,results/gbm_deephedge,07a68f7d0226f6946fed947e9828a228a7efcbf9b8d357f89822262474da3757,76e694c21e709359f62f03a0ba5a97ba6db86a88,GBM_CFG=results/gbm_deephedge/benchmark_6_2/runs/seed_0008__train_robust_s0.15-0.2-0.25__feat_b__obj_cvar_a0.95__sigtrue_0.2__sigbar_0.25__lam_0.0001/run_cfg.json python -m src.train_deephedge_gbm
"train=robust|feat=B|obj=cvar|sigtrue=0.2|sigbar=0.25|lam=0.0005|robust=0.15,0.2,0.25",seed_0008__train_robust_s0.15-0.2-0.25__feat_b__obj_cvar_a0.95__sigtrue_0.2__sigbar_0.25__lam_0.0005,completed,2026-04-02T01:31:57Z,8,main_benchmark,main,benchmark,True,robust,bs_delta,deep_hedge_robust,0.15|0.2|0.25,B,cvar,0.2,0.25,0.0005,results/gbm_deephedge/benchmark_6_2/runs/seed_0008__train_robust_s0.15-0.2-0.25__feat_b__obj_cvar_a0.95__sigtrue_0.2__sigbar_0.25__lam_0.0005,results/gbm_deephedge,6bf2be4e9d24dff3a46da0b86a714cd4a61d1890a2221618715296afaab969bd,76e694c21e709359f62f03a0ba5a97ba6db86a88,GBM_CFG=results/gbm_deephedge/benchmark_6_2/runs/seed_0008__train_robust_s0.15-0.2-0.25__feat_b__obj_cvar_a0.95__sigtrue_0.2__sigbar_0.25__lam_0.0005/run_cfg.json python -m src.train_deephedge_gbm
"train=robust|feat=B|obj=cvar|sigtrue=0.2|sigbar=0.25|lam=0.001|robust=0.15,0.2,0.25",seed_0008__train_robust_s0.15-0.2-0.25__feat_b__obj_cvar_a0.95__sigtrue_0.2__sigbar_0.25__lam_0.001,completed,2026-04-02T01:32:21Z,8,main_benchmark,main,benchmark,True,robust,bs_delta,deep_hedge_robust,0.15|0.2|0.25,B,cvar,0.2,0.25,0.001,results/gbm_deephedge/benchmark_6_2/runs/seed_0008__train_robust_s0.15-0.2-0.25__feat_b__obj_cvar_a0.95__sigtrue_0.2__sigbar_0.25__lam_0.001,results/gbm_deephedge,dbccc3c8bdb06e6afda553b1459dc24185469684818c31a9cea1b7f4b3c49a21,76e694c21e709359f62f03a0ba5a97ba6db86a88,GBM_CFG=results/gbm_deephedge/benchmark_6_2/runs/seed_0008__train_robust_s0.15-0.2-0.25__feat_b__obj_cvar_a0.95__sigtrue_0.2__sigbar_0.25__lam_0.001/run_cfg.json python -m src.train_deephedge_gbm
"train=robust|feat=B|obj=cvar|sigtrue=0.2|sigbar=0.2|lam=0|robust=0.15,0.2,0.25",seed_0008__train_robust_s0.15-0.2-0.25__feat_b__obj_cvar_a0.95__sigtrue_0.2__sigbar_0.2__lam_0,completed,2026-04-01T22:26:23Z,8,main_benchmark,main,benchmark,True,robust,bs_delta,deep_hedge_robust,0.15|0.2|0.25,B,cvar,0.2,0.2,0.0,results/gbm_deephedge/benchmark_6_2/runs/seed_0008__train_robust_s0.15-0.2-0.25__feat_b__obj_cvar_a0.95__sigtrue_0.2__sigbar_0.2__lam_0,results/gbm_deephedge,a245499216fa080aec4a3715ae4fe097df1e617ce56d6306067abdf19a0552e8,76e694c21e709359f62f03a0ba5a97ba6db86a88,GBM_CFG=results/gbm_deephedge/benchmark_6_2/runs/seed_0008__train_robust_s0.15-0.2-0.25__feat_b__obj_cvar_a0.95__sigtrue_0.2__sigbar_0.2__lam_0/run_cfg.json python -m src.train_deephedge_gbm
"train=robust|feat=B|obj=cvar|sigtrue=0.2|sigbar=0.2|lam=0.0001|robust=0.15,0.2,0.25",seed_0008__train_robust_s0.15-0.2-0.25__feat_b__obj_cvar_a0.95__sigtrue_0.2__sigbar_0.2__lam_0.0001,completed,2026-04-01T23:08:36Z,8,main_benchmark,main,benchmark,True,robust,bs_delta,deep_hedge_robust,0.15|0.2|0.25,B,cvar,0.2,0.2,0.0001,results/gbm_deephedge/benchmark_6_2/runs/seed_0008__train_robust_s0.15-0.2-0.25__feat_b__obj_cvar_a0.95__sigtrue_0.2__sigbar_0.2__lam_0.0001,results/gbm_deephedge,211e5e5e546525f1072a3bd375ca218b26e003935da35202a27480e1711c1612,76e694c21e709359f62f03a0ba5a97ba6db86a88,GBM_CFG=results/gbm_deephedge/benchmark_6_2/runs/seed_0008__train_robust_s0.15-0.2-0.25__feat_b__obj_cvar_a0.95__sigtrue_0.2__sigbar_0.2__lam_0.0001/run_cfg.json python -m src.train_deephedge_gbm
"train=robust|feat=B|obj=cvar|sigtrue=0.2|sigbar=0.2|lam=0.0005|robust=0.15,0.2,0.25",seed_0008__train_robust_s0.15-0.2-0.25__feat_b__obj_cvar_a0.95__sigtrue_0.2__sigbar_0.2__lam_0.0005,completed,2026-04-01T23:54:30Z,8,main_benchmark,main,benchmark,True,robust,bs_delta,deep_hedge_robust,0.15|0.2|0.25,B,cvar,0.2,0.2,0.0005,results/gbm_deephedge/benchmark_6_2/runs/seed_0008__train_robust_s0.15-0.2-0.25__feat_b__obj_cvar_a0.95__sigtrue_0.2__sigbar_0.2__lam_0.0005,results/gbm_deephedge,1f819e95bdd9bee0cfb04aa4e6a1dd3aa406bde98421a778a932b72f9ec441f9,76e694c21e709359f62f03a0ba5a97ba6db86a88,GBM_CFG=results/gbm_deephedge/benchmark_6_2/runs/seed_0008__train_robust_s0.15-0.2-0.25__feat_b__obj_cvar_a0.95__sigtrue_0.2__sigbar_0.2__lam_0.0005/run_cfg.json python -m src.train_deephedge_gbm
"train=robust|feat=B|obj=cvar|sigtrue=0.2|sigbar=0.2|lam=0.001|robust=0.15,0.2,0.25",seed_0008__train_robust_s0.15-0.2-0.25__feat_b__obj_cvar_a0.95__sigtrue_0.2__sigbar_0.2__lam_0.001,completed,2026-04-02T00:35:50Z,8,main_benchmark,main,benchmark,True,robust,bs_delta,deep_hedge_robust,0.15|0.2|0.25,B,cvar,0.2,0.2,0.001,results/gbm_deephedge/benchmark_6_2/runs/seed_0008__train_robust_s0.15-0.2-0.25__feat_b__obj_cvar_a0.95__sigtrue_0.2__sigbar_0.2__lam_0.001,results/gbm_deephedge,0d132635dd557e72b27ba9be316c21c4be6819c49fbaa1338e8907f562f3e1b5,76e694c21e709359f62f03a0ba5a97ba6db86a88,GBM_CFG=results/gbm_deephedge/benchmark_6_2/runs/seed_0008__train_robust_s0.15-0.2-0.25__feat_b__obj_cvar_a0.95__sigtrue_0.2__sigbar_0.2__lam_0.001/run_cfg.json python -m src.train_deephedge_gbm
"train=robust|feat=B|obj=cvar|sigtrue=0.2|sigbar=0.3|lam=0|robust=0.15,0.2,0.25",seed_0008__train_robust_s0.15-0.2-0.25__feat_b__obj_cvar_a0.95__sigtrue_0.2__sigbar_0.3__lam_0,completed,2026-04-02T01:31:11Z,8,main_benchmark,main,benchmark,True,robust,bs_delta,deep_hedge_robust,0.15|0.2|0.25,B,cvar,0.2,0.3,0.0,results/gbm_deephedge/benchmark_6_2/runs/seed_0008__train_robust_s0.15-0.2-0.25__feat_b__obj_cvar_a0.95__sigtrue_0.2__sigbar_0.3__lam_0,results/gbm_deephedge,4abd2176b2084dd7d8dfb122d983a8f35666ef41035e1b02252dd4adb9512d13,76e694c21e709359f62f03a0ba5a97ba6db86a88,GBM_CFG=results/gbm_deephedge/benchmark_6_2/runs/seed_0008__train_robust_s0.15-0.2-0.25__feat_b__obj_cvar_a0.95__sigtrue_0.2__sigbar_0.3__lam_0/run_cfg.json python -m src.train_deephedge_gbm
"train=robust|feat=B|obj=cvar|sigtrue=0.2|sigbar=0.3|lam=0.0001|robust=0.15,0.2,0.25",seed_0008__train_robust_s0.15-0.2-0.25__feat_b__obj_cvar_a0.95__sigtrue_0.2__sigbar_0.3__lam_0.0001,completed,2026-04-02T01:31:35Z,8,main_benchmark,main,benchmark,True,robust,bs_delta,deep_hedge_robust,0.15|0.2|0.25,B,cvar,0.2,0.3,0.0001,results/gbm_deephedge/benchmark_6_2/runs/seed_0008__train_robust_s0.15-0.2-0.25__feat_b__obj_cvar_a0.95__sigtrue_0.2__sigbar_0.3__lam_0.0001,results/gbm_deephedge,236391aa9a200b1cd38d8fce7d6ccc7be79da5a9bec2cbb262106c7e115dfb94,76e694c21e709359f62f03a0ba5a97ba6db86a88,GBM_CFG=results/gbm_deephedge/benchmark_6_2/runs/seed_0008__train_robust_s0.15-0.2-0.25__feat_b__obj_cvar_a0.95__sigtrue_0.2__sigbar_0.3__lam_0.0001/run_cfg.json python -m src.train_deephedge_gbm
"train=robust|feat=B|obj=cvar|sigtrue=0.2|sigbar=0.3|lam=0.0005|robust=0.15,0.2,0.25",seed_0008__train_robust_s0.15-0.2-0.25__feat_b__obj_cvar_a0.95__sigtrue_0.2__sigbar_0.3__lam_0.0005,completed,2026-04-02T01:32:00Z,8,main_benchmark,main,benchmark,True,robust,bs_delta,deep_hedge_robust,0.15|0.2|0.25,B,cvar,0.2,0.3,0.0005,results/gbm_deephedge/benchmark_6_2/runs/seed_0008__train_robust_s0.15-0.2-0.25__feat_b__obj_cvar_a0.95__sigtrue_0.2__sigbar_0.3__lam_0.0005,results/gbm_deephedge,02ec77a395f75af924686cc6cf3affc475bee17579af85e17643f3b3f75d10e0,76e694c21e709359f62f03a0ba5a97ba6db86a88,GBM_CFG=results/gbm_deephedge/benchmark_6_2/runs/seed_0008__train_robust_s0.15-0.2-0.25__feat_b__obj_cvar_a0.95__sigtrue_0.2__sigbar_0.3__lam_0.0005/run_cfg.json python -m src.train_deephedge_gbm
"train=robust|feat=B|obj=cvar|sigtrue=0.2|sigbar=0.3|lam=0.001|robust=0.15,0.2,0.25",seed_0008__train_robust_s0.15-0.2-0.25__feat_b__obj_cvar_a0.95__sigtrue_0.2__sigbar_0.3__lam_0.001,completed,2026-04-02T01:32:24Z,8,main_benchmark,main,benchmark,True,robust,bs_delta,deep_hedge_robust,0.15|0.2|0.25,B,cvar,0.2,0.3,0.001,results/gbm_deephedge/benchmark_6_2/runs/seed_0008__train_robust_s0.15-0.2-0.25__feat_b__obj_cvar_a0.95__sigtrue_0.2__sigbar_0.3__lam_0.001,results/gbm_deephedge,ba008c5d8f54024c3dada94b6cd653b768e2bca83f06a35682dad139635bdcbc,76e694c21e709359f62f03a0ba5a97ba6db86a88,GBM_CFG=results/gbm_deephedge/benchmark_6_2/runs/seed_0008__train_robust_s0.15-0.2-0.25__feat_b__obj_cvar_a0.95__sigtrue_0.2__sigbar_0.3__lam_0.001/run_cfg.json python -m src.train_deephedge_gbm
train=oracle|feat=B|obj=cvar|sigtrue=0.2|sigbar=0.15|lam=0|robust=none,seed_0009__train_oracle__feat_b__obj_cvar_a0.95__sigtrue_0.2__sigbar_0.15__lam_0,completed,2026-04-02T01:32:30Z,9,main_benchmark,main,benchmark,True,oracle,bs_delta,deep_hedge_oracle,,B,cvar,0.2,0.15,0.0,results/gbm_deephedge/benchmark_6_2/runs/seed_0009__train_oracle__feat_b__obj_cvar_a0.95__sigtrue_0.2__sigbar_0.15__lam_0,results/gbm_deephedge,3832cac87bae8a3e0467ab516c0e0bdb46a7c85543067bbafe56987f981ca2ab,76e694c21e709359f62f03a0ba5a97ba6db86a88,GBM_CFG=results/gbm_deephedge/benchmark_6_2/runs/seed_0009__train_oracle__feat_b__obj_cvar_a0.95__sigtrue_0.2__sigbar_0.15__lam_0/run_cfg.json python -m src.train_deephedge_gbm
train=oracle|feat=B|obj=cvar|sigtrue=0.2|sigbar=0.15|lam=0.0001|robust=none,seed_0009__train_oracle__feat_b__obj_cvar_a0.95__sigtrue_0.2__sigbar_0.15__lam_0.0001,completed,2026-04-02T01:32:55Z,9,main_benchmark,main,benchmark,True,oracle,bs_delta,deep_hedge_oracle,,B,cvar,0.2,0.15,0.0001,results/gbm_deephedge/benchmark_6_2/runs/seed_0009__train_oracle__feat_b__obj_cvar_a0.95__sigtrue_0.2__sigbar_0.15__lam_0.0001,results/gbm_deephedge,b42017b16cb1b4acbbac06644d641f8272e8a69ec6beba7cfbbbb468ab9cba77,76e694c21e709359f62f03a0ba5a97ba6db86a88,GBM_CFG=results/gbm_deephedge/benchmark_6_2/runs/seed_0009__train_oracle__feat_b__obj_cvar_a0.95__sigtrue_0.2__sigbar_0.15__lam_0.0001/run_cfg.json python -m src.train_deephedge_gbm
train=oracle|feat=B|obj=cvar|sigtrue=0.2|sigbar=0.15|lam=0.0005|robust=none,seed_0009__train_oracle__feat_b__obj_cvar_a0.95__sigtrue_0.2__sigbar_0.15__lam_0.0005,completed,2026-04-02T01:33:19Z,9,main_benchmark,main,benchmark,True,oracle,bs_delta,deep_hedge_oracle,,B,cvar,0.2,0.15,0.0005,results/gbm_deephedge/benchmark_6_2/runs/seed_0009__train_oracle__feat_b__obj_cvar_a0.95__sigtrue_0.2__sigbar_0.15__lam_0.0005,results/gbm_deephedge,7d46189fd7e814ce8b04c9188359cca8c335c1dff7b64b1f635463091bb19652,76e694c21e709359f62f03a0ba5a97ba6db86a88,GBM_CFG=results/gbm_deephedge/benchmark_6_2/runs/seed_0009__train_oracle__feat_b__obj_cvar_a0.95__sigtrue_0.2__sigbar_0.15__lam_0.0005/run_cfg.json python -m src.train_deephedge_gbm
train=oracle|feat=B|obj=cvar|sigtrue=0.2|sigbar=0.15|lam=0.001|robust=none,seed_0009__train_oracle__feat_b__obj_cvar_a0.95__sigtrue_0.2__sigbar_0.15__lam_0.001,completed,2026-04-02T01:33:43Z,9,main_benchmark,main,benchmark,True,oracle,bs_delta,deep_hedge_oracle,,B,cvar,0.2,0.15,0.001,results/gbm_deephedge/benchmark_6_2/runs/seed_0009__train_oracle__feat_b__obj_cvar_a0.95__sigtrue_0.2__sigbar_0.15__lam_0.001,results/gbm_deephedge,a95802db84ef5cccc9aae162bedd557cb9293aa16f885b7099c25769441d2741,76e694c21e709359f62f03a0ba5a97ba6db86a88,GBM_CFG=results/gbm_deephedge/benchmark_6_2/runs/seed_0009__train_oracle__feat_b__obj_cvar_a0.95__sigtrue_0.2__sigbar_0.15__lam_0.001/run_cfg.json python -m src.train_deephedge_gbm
train=oracle|feat=B|obj=cvar|sigtrue=0.2|sigbar=0.1|lam=0|robust=none,seed_0009__train_oracle__feat_b__obj_cvar_a0.95__sigtrue_0.2__sigbar_0.1__lam_0,completed,2026-04-02T01:32:27Z,9,main_benchmark,main,benchmark,True,oracle,bs_delta,deep_hedge_oracle,,B,cvar,0.2,0.1,0.0,results/gbm_deephedge/benchmark_6_2/runs/seed_0009__train_oracle__feat_b__obj_cvar_a0.95__sigtrue_0.2__sigbar_0.1__lam_0,results/gbm_deephedge,76263daf9495591ef11d1d896be2bce339cbb98318525351e547a9817ef7063a,76e694c21e709359f62f03a0ba5a97ba6db86a88,GBM_CFG=results/gbm_deephedge/benchmark_6_2/runs/seed_0009__train_oracle__feat_b__obj_cvar_a0.95__sigtrue_0.2__sigbar_0.1__lam_0/run_cfg.json python -m src.train_deephedge_gbm
train=oracle|feat=B|obj=cvar|sigtrue=0.2|sigbar=0.1|lam=0.0001|robust=none,seed_0009__train_oracle__feat_b__obj_cvar_a0.95__sigtrue_0.2__sigbar_0.1__lam_0.0001,completed,2026-04-02T01:32:52Z,9,main_benchmark,main,benchmark,True,oracle,bs_delta,deep_hedge_oracle,,B,cvar,0.2,0.1,0.0001,results/gbm_deephedge/benchmark_6_2/runs/seed_0009__train_oracle__feat_b__obj_cvar_a0.95__sigtrue_0.2__sigbar_0.1__lam_0.0001,results/gbm_deephedge,895d66c1d7c983421fd632111f761d83791fe5ef07410415e03d56136ebb29d3,76e694c21e709359f62f03a0ba5a97ba6db86a88,GBM_CFG=results/gbm_deephedge/benchmark_6_2/runs/seed_0009__train_oracle__feat_b__obj_cvar_a0.95__sigtrue_0.2__sigbar_0.1__lam_0.0001/run_cfg.json python -m src.train_deephedge_gbm
train=oracle|feat=B|obj=cvar|sigtrue=0.2|sigbar=0.1|lam=0.0005|robust=none,seed_0009__train_oracle__feat_b__obj_cvar_a0.95__sigtrue_0.2__sigbar_0.1__lam_0.0005,completed,2026-04-02T01:33:16Z,9,main_benchmark,main,benchmark,True,oracle,bs_delta,deep_hedge_oracle,,B,cvar,0.2,0.1,0.0005,results/gbm_deephedge/benchmark_6_2/runs/seed_0009__train_oracle__feat_b__obj_cvar_a0.95__sigtrue_0.2__sigbar_0.1__lam_0.0005,results/gbm_deephedge,f333e33ae78dda330b186efe3e03a807acaac148e7ce5aa5ead795490d8c8e90,76e694c21e709359f62f03a0ba5a97ba6db86a88,GBM_CFG=results/gbm_deephedge/benchmark_6_2/runs/seed_0009__train_oracle__feat_b__obj_cvar_a0.95__sigtrue_0.2__sigbar_0.1__lam_0.0005/run_cfg.json python -m src.train_deephedge_gbm
train=oracle|feat=B|obj=cvar|sigtrue=0.2|sigbar=0.1|lam=0.001|robust=none,seed_0009__train_oracle__feat_b__obj_cvar_a0.95__sigtrue_0.2__sigbar_0.1__lam_0.001,completed,2026-04-02T01:33:41Z,9,main_benchmark,main,benchmark,True,oracle,bs_delta,deep_hedge_oracle,,B,cvar,0.2,0.1,0.001,results/gbm_deephedge/benchmark_6_2/runs/seed_0009__train_oracle__feat_b__obj_cvar_a0.95__sigtrue_0.2__sigbar_0.1__lam_0.001,results/gbm_deephedge,78e3f98c8a591ebc965301871c0eee0c2b23340400dfe689f99fe5a521f79eb1,76e694c21e709359f62f03a0ba5a97ba6db86a88,GBM_CFG=results/gbm_deephedge/benchmark_6_2/runs/seed_0009__train_oracle__feat_b__obj_cvar_a0.95__sigtrue_0.2__sigbar_0.1__lam_0.001/run_cfg.json python -m src.train_deephedge_gbm
train=oracle|feat=B|obj=cvar|sigtrue=0.2|sigbar=0.25|lam=0|robust=none,seed_0009__train_oracle__feat_b__obj_cvar_a0.95__sigtrue_0.2__sigbar_0.25__lam_0,completed,2026-04-02T01:32:33Z,9,main_benchmark,main,benchmark,True,oracle,bs_delta,deep_hedge_oracle,,B,cvar,0.2,0.25,0.0,results/gbm_deephedge/benchmark_6_2/runs/seed_0009__train_oracle__feat_b__obj_cvar_a0.95__sigtrue_0.2__sigbar_0.25__lam_0,results/gbm_deephedge,eebb295c7ba6138b3ccf7b79466d8c6f1086a606791f1c4d68f9fee5e5d49d4b,76e694c21e709359f62f03a0ba5a97ba6db86a88,GBM_CFG=results/gbm_deephedge/benchmark_6_2/runs/seed_0009__train_oracle__feat_b__obj_cvar_a0.95__sigtrue_0.2__sigbar_0.25__lam_0/run_cfg.json python -m src.train_deephedge_gbm
train=oracle|feat=B|obj=cvar|sigtrue=0.2|sigbar=0.25|lam=0.0001|robust=none,seed_0009__train_oracle__feat_b__obj_cvar_a0.95__sigtrue_0.2__sigbar_0.25__lam_0.0001,completed,2026-04-02T01:32:58Z,9,main_benchmark,main,benchmark,True,oracle,bs_delta,deep_hedge_oracle,,B,cvar,0.2,0.25,0.0001,results/gbm_deephedge/benchmark_6_2/runs/seed_0009__train_oracle__feat_b__obj_cvar_a0.95__sigtrue_0.2__sigbar_0.25__lam_0.0001,results/gbm_deephedge,460359af96e19bbaadc61116baabfc74df95492e04d0694657f0085589a6cb0e,76e694c21e709359f62f03a0ba5a97ba6db86a88,GBM_CFG=results/gbm_deephedge/benchmark_6_2/runs/seed_0009__train_oracle__feat_b__obj_cvar_a0.95__sigtrue_0.2__sigbar_0.25__lam_0.0001/run_cfg.json python -m src.train_deephedge_gbm
train=oracle|feat=B|obj=cvar|sigtrue=0.2|sigbar=0.25|lam=0.0005|robust=none,seed_0009__train_oracle__feat_b__obj_cvar_a0.95__sigtrue_0.2__sigbar_0.25__lam_0.0005,completed,2026-04-02T01:33:22Z,9,main_benchmark,main,benchmark,True,oracle,bs_delta,deep_hedge_oracle,,B,cvar,0.2,0.25,0.0005,results/gbm_deephedge/benchmark_6_2/runs/seed_0009__train_oracle__feat_b__obj_cvar_a0.95__sigtrue_0.2__sigbar_0.25__lam_0.0005,results/gbm_deephedge,4a48c1e5bfd739e87f7d1a13735e2484797cb241340b36b9ec48b03add625cad,76e694c21e709359f62f03a0ba5a97ba6db86a88,GBM_CFG=results/gbm_deephedge/benchmark_6_2/runs/seed_0009__train_oracle__feat_b__obj_cvar_a0.95__sigtrue_0.2__sigbar_0.25__lam_0.0005/run_cfg.json python -m src.train_deephedge_gbm
train=oracle|feat=B|obj=cvar|sigtrue=0.2|sigbar=0.25|lam=0.001|robust=none,seed_0009__train_oracle__feat_b__obj_cvar_a0.95__sigtrue_0.2__sigbar_0.25__lam_0.001,completed,2026-04-02T01:33:46Z,9,main_benchmark,main,benchmark,True,oracle,bs_delta,deep_hedge_oracle,,B,cvar,0.2,0.25,0.001,results/gbm_deephedge/benchmark_6_2/runs/seed_0009__train_oracle__feat_b__obj_cvar_a0.95__sigtrue_0.2__sigbar_0.25__lam_0.001,results/gbm_deephedge,33e7bfeb26f862719931782bcc4ebd720b4beb8d1a3036a9210fb5aa27d3ba8a,76e694c21e709359f62f03a0ba5a97ba6db86a88,GBM_CFG=results/gbm_deephedge/benchmark_6_2/runs/seed_0009__train_oracle__feat_b__obj_cvar_a0.95__sigtrue_0.2__sigbar_0.25__lam_0.001/run_cfg.json python -m src.train_deephedge_gbm
train=oracle|feat=B|obj=cvar|sigtrue=0.2|sigbar=0.2|lam=0|robust=none,seed_0009__train_oracle__feat_b__obj_cvar_a0.95__sigtrue_0.2__sigbar_0.2__lam_0,completed,2026-04-01T22:28:20Z,9,main_benchmark,main,benchmark,True,oracle,bs_delta,deep_hedge_oracle,,B,cvar,0.2,0.2,0.0,results/gbm_deephedge/benchmark_6_2/runs/seed_0009__train_oracle__feat_b__obj_cvar_a0.95__sigtrue_0.2__sigbar_0.2__lam_0,results/gbm_deephedge,f5996541961c3b222e8c9d4e48c7b9600a4748a1468389f90c8f50220f2be83e,76e694c21e709359f62f03a0ba5a97ba6db86a88,GBM_CFG=results/gbm_deephedge/benchmark_6_2/runs/seed_0009__train_oracle__feat_b__obj_cvar_a0.95__sigtrue_0.2__sigbar_0.2__lam_0/run_cfg.json python -m src.train_deephedge_gbm
train=oracle|feat=B|obj=cvar|sigtrue=0.2|sigbar=0.2|lam=0.0001|robust=none,seed_0009__train_oracle__feat_b__obj_cvar_a0.95__sigtrue_0.2__sigbar_0.2__lam_0.0001,completed,2026-04-01T23:10:47Z,9,main_benchmark,main,benchmark,True,oracle,bs_delta,deep_hedge_oracle,,B,cvar,0.2,0.2,0.0001,results/gbm_deephedge/benchmark_6_2/runs/seed_0009__train_oracle__feat_b__obj_cvar_a0.95__sigtrue_0.2__sigbar_0.2__lam_0.0001,results/gbm_deephedge,f21912001e80e276d65680e005e07da5390d6ca1c22bb88a257284408719d4ce,76e694c21e709359f62f03a0ba5a97ba6db86a88,GBM_CFG=results/gbm_deephedge/benchmark_6_2/runs/seed_0009__train_oracle__feat_b__obj_cvar_a0.95__sigtrue_0.2__sigbar_0.2__lam_0.0001/run_cfg.json python -m src.train_deephedge_gbm
train=oracle|feat=B|obj=cvar|sigtrue=0.2|sigbar=0.2|lam=0.0005|robust=none,seed_0009__train_oracle__feat_b__obj_cvar_a0.95__sigtrue_0.2__sigbar_0.2__lam_0.0005,completed,2026-04-01T23:56:42Z,9,main_benchmark,main,benchmark,True,oracle,bs_delta,deep_hedge_oracle,,B,cvar,0.2,0.2,0.0005,results/gbm_deephedge/benchmark_6_2/runs/seed_0009__train_oracle__feat_b__obj_cvar_a0.95__sigtrue_0.2__sigbar_0.2__lam_0.0005,results/gbm_deephedge,8f992531fefa690117c429771f503a0cc422a576dadd3b1b3b5a8cf9b1e3feca,76e694c21e709359f62f03a0ba5a97ba6db86a88,GBM_CFG=results/gbm_deephedge/benchmark_6_2/runs/seed_0009__train_oracle__feat_b__obj_cvar_a0.95__sigtrue_0.2__sigbar_0.2__lam_0.0005/run_cfg.json python -m src.train_deephedge_gbm
train=oracle|feat=B|obj=cvar|sigtrue=0.2|sigbar=0.2|lam=0.001|robust=none,seed_0009__train_oracle__feat_b__obj_cvar_a0.95__sigtrue_0.2__sigbar_0.2__lam_0.001,completed,2026-04-02T00:38:16Z,9,main_benchmark,main,benchmark,True,oracle,bs_delta,deep_hedge_oracle,,B,cvar,0.2,0.2,0.001,results/gbm_deephedge/benchmark_6_2/runs/seed_0009__train_oracle__feat_b__obj_cvar_a0.95__sigtrue_0.2__sigbar_0.2__lam_0.001,results/gbm_deephedge,36bb45ff194cdc3020dcff7b351a450e042cc36d01d0c117ad577f82eca491d3,76e694c21e709359f62f03a0ba5a97ba6db86a88,GBM_CFG=results/gbm_deephedge/benchmark_6_2/runs/seed_0009__train_oracle__feat_b__obj_cvar_a0.95__sigtrue_0.2__sigbar_0.2__lam_0.001/run_cfg.json python -m src.train_deephedge_gbm
train=oracle|feat=B|obj=cvar|sigtrue=0.2|sigbar=0.3|lam=0|robust=none,seed_0009__train_oracle__feat_b__obj_cvar_a0.95__sigtrue_0.2__sigbar_0.3__lam_0,completed,2026-04-02T01:32:36Z,9,main_benchmark,main,benchmark,True,oracle,bs_delta,deep_hedge_oracle,,B,cvar,0.2,0.3,0.0,results/gbm_deephedge/benchmark_6_2/runs/seed_0009__train_oracle__feat_b__obj_cvar_a0.95__sigtrue_0.2__sigbar_0.3__lam_0,results/gbm_deephedge,88a9178e2665eacce4d6bbc5ff8695ed20ae028f07d2f936ad42722aa2d84187,76e694c21e709359f62f03a0ba5a97ba6db86a88,GBM_CFG=results/gbm_deephedge/benchmark_6_2/runs/seed_0009__train_oracle__feat_b__obj_cvar_a0.95__sigtrue_0.2__sigbar_0.3__lam_0/run_cfg.json python -m src.train_deephedge_gbm
train=oracle|feat=B|obj=cvar|sigtrue=0.2|sigbar=0.3|lam=0.0001|robust=none,seed_0009__train_oracle__feat_b__obj_cvar_a0.95__sigtrue_0.2__sigbar_0.3__lam_0.0001,completed,2026-04-02T01:33:00Z,9,main_benchmark,main,benchmark,True,oracle,bs_delta,deep_hedge_oracle,,B,cvar,0.2,0.3,0.0001,results/gbm_deephedge/benchmark_6_2/runs/seed_0009__train_oracle__feat_b__obj_cvar_a0.95__sigtrue_0.2__sigbar_0.3__lam_0.0001,results/gbm_deephedge,a6dbdbcf047ee09b34dc0a7b1b9f2dd1c27f29bbdbb0a8a0760e343bcf52405c,76e694c21e709359f62f03a0ba5a97ba6db86a88,GBM_CFG=results/gbm_deephedge/benchmark_6_2/runs/seed_0009__train_oracle__feat_b__obj_cvar_a0.95__sigtrue_0.2__sigbar_0.3__lam_0.0001/run_cfg.json python -m src.train_deephedge_gbm
train=oracle|feat=B|obj=cvar|sigtrue=0.2|sigbar=0.3|lam=0.0005|robust=none,seed_0009__train_oracle__feat_b__obj_cvar_a0.95__sigtrue_0.2__sigbar_0.3__lam_0.0005,completed,2026-04-02T01:33:25Z,9,main_benchmark,main,benchmark,True,oracle,bs_delta,deep_hedge_oracle,,B,cvar,0.2,0.3,0.0005,results/gbm_deephedge/benchmark_6_2/runs/seed_0009__train_oracle__feat_b__obj_cvar_a0.95__sigtrue_0.2__sigbar_0.3__lam_0.0005,results/gbm_deephedge,02b10becad114d39f24a571a5a18e4a2becf5494b4caad977f26913d3267a294,76e694c21e709359f62f03a0ba5a97ba6db86a88,GBM_CFG=results/gbm_deephedge/benchmark_6_2/runs/seed_0009__train_oracle__feat_b__obj_cvar_a0.95__sigtrue_0.2__sigbar_0.3__lam_0.0005/run_cfg.json python -m src.train_deephedge_gbm
train=oracle|feat=B|obj=cvar|sigtrue=0.2|sigbar=0.3|lam=0.001|robust=none,seed_0009__train_oracle__feat_b__obj_cvar_a0.95__sigtrue_0.2__sigbar_0.3__lam_0.001,completed,2026-04-02T01:33:49Z,9,main_benchmark,main,benchmark,True,oracle,bs_delta,deep_hedge_oracle,,B,cvar,0.2,0.3,0.001,results/gbm_deephedge/benchmark_6_2/runs/seed_0009__train_oracle__feat_b__obj_cvar_a0.95__sigtrue_0.2__sigbar_0.3__lam_0.001,results/gbm_deephedge,b854973f59c2d59d533cc1d296d7d1ca1f86ba15ed7af38c8d11348be6ad440b,76e694c21e709359f62f03a0ba5a97ba6db86a88,GBM_CFG=results/gbm_deephedge/benchmark_6_2/runs/seed_0009__train_oracle__feat_b__obj_cvar_a0.95__sigtrue_0.2__sigbar_0.3__lam_0.001/run_cfg.json python -m src.train_deephedge_gbm
"train=robust|feat=B|obj=cvar|sigtrue=0.2|sigbar=0.15|lam=0|robust=0.15,0.2,0.25",seed_0009__train_robust_s0.15-0.2-0.25__feat_b__obj_cvar_a0.95__sigtrue_0.2__sigbar_0.15__lam_0,completed,2026-04-02T01:32:42Z,9,main_benchmark,main,benchmark,True,robust,bs_delta,deep_hedge_robust,0.15|0.2|0.25,B,cvar,0.2,0.15,0.0,results/gbm_deephedge/benchmark_6_2/runs/seed_0009__train_robust_s0.15-0.2-0.25__feat_b__obj_cvar_a0.95__sigtrue_0.2__sigbar_0.15__lam_0,results/gbm_deephedge,e23d91e706388353fe3c33a978abb68a96d69494f68e37c0d2c963dd7ba074c4,76e694c21e709359f62f03a0ba5a97ba6db86a88,GBM_CFG=results/gbm_deephedge/benchmark_6_2/runs/seed_0009__train_robust_s0.15-0.2-0.25__feat_b__obj_cvar_a0.95__sigtrue_0.2__sigbar_0.15__lam_0/run_cfg.json python -m src.train_deephedge_gbm
"train=robust|feat=B|obj=cvar|sigtrue=0.2|sigbar=0.15|lam=0.0001|robust=0.15,0.2,0.25",seed_0009__train_robust_s0.15-0.2-0.25__feat_b__obj_cvar_a0.95__sigtrue_0.2__sigbar_0.15__lam_0.0001,completed,2026-04-02T01:33:07Z,9,main_benchmark,main,benchmark,True,robust,bs_delta,deep_hedge_robust,0.15|0.2|0.25,B,cvar,0.2,0.15,0.0001,results/gbm_deephedge/benchmark_6_2/runs/seed_0009__train_robust_s0.15-0.2-0.25__feat_b__obj_cvar_a0.95__sigtrue_0.2__sigbar_0.15__lam_0.0001,results/gbm_deephedge,14a7e171115aa14316cd29b2fc3ed7f283f17f03349e747df32355d83ba2ff3e,76e694c21e709359f62f03a0ba5a97ba6db86a88,GBM_CFG=results/gbm_deephedge/benchmark_6_2/runs/seed_0009__train_robust_s0.15-0.2-0.25__feat_b__obj_cvar_a0.95__sigtrue_0.2__sigbar_0.15__lam_0.0001/run_cfg.json python -m src.train_deephedge_gbm
"train=robust|feat=B|obj=cvar|sigtrue=0.2|sigbar=0.15|lam=0.0005|robust=0.15,0.2,0.25",seed_0009__train_robust_s0.15-0.2-0.25__feat_b__obj_cvar_a0.95__sigtrue_0.2__sigbar_0.15__lam_0.0005,completed,2026-04-02T01:33:31Z,9,main_benchmark,main,benchmark,True,robust,bs_delta,deep_hedge_robust,0.15|0.2|0.25,B,cvar,0.2,0.15,0.0005,results/gbm_deephedge/benchmark_6_2/runs/seed_0009__train_robust_s0.15-0.2-0.25__feat_b__obj_cvar_a0.95__sigtrue_0.2__sigbar_0.15__lam_0.0005,results/gbm_deephedge,b96b363aed6c7a7f7189aecb2a35b59cd39d9f4e06b685cf5235fd64f44a1a16,76e694c21e709359f62f03a0ba5a97ba6db86a88,GBM_CFG=results/gbm_deephedge/benchmark_6_2/runs/seed_0009__train_robust_s0.15-0.2-0.25__feat_b__obj_cvar_a0.95__sigtrue_0.2__sigbar_0.15__lam_0.0005/run_cfg.json python -m src.train_deephedge_gbm
"train=robust|feat=B|obj=cvar|sigtrue=0.2|sigbar=0.15|lam=0.001|robust=0.15,0.2,0.25",seed_0009__train_robust_s0.15-0.2-0.25__feat_b__obj_cvar_a0.95__sigtrue_0.2__sigbar_0.15__lam_0.001,completed,2026-04-02T01:33:56Z,9,main_benchmark,main,benchmark,True,robust,bs_delta,deep_hedge_robust,0.15|0.2|0.25,B,cvar,0.2,0.15,0.001,results/gbm_deephedge/benchmark_6_2/runs/seed_0009__train_robust_s0.15-0.2-0.25__feat_b__obj_cvar_a0.95__sigtrue_0.2__sigbar_0.15__lam_0.001,results/gbm_deephedge,6f94131fbf405c82504405bbef18a6c1db31779f5fba1ca8dfc9cf6e2f3066b2,76e694c21e709359f62f03a0ba5a97ba6db86a88,GBM_CFG=results/gbm_deephedge/benchmark_6_2/runs/seed_0009__train_robust_s0.15-0.2-0.25__feat_b__obj_cvar_a0.95__sigtrue_0.2__sigbar_0.15__lam_0.001/run_cfg.json python -m src.train_deephedge_gbm
"train=robust|feat=B|obj=cvar|sigtrue=0.2|sigbar=0.1|lam=0|robust=0.15,0.2,0.25",seed_0009__train_robust_s0.15-0.2-0.25__feat_b__obj_cvar_a0.95__sigtrue_0.2__sigbar_0.1__lam_0,completed,2026-04-02T01:32:39Z,9,main_benchmark,main,benchmark,True,robust,bs_delta,deep_hedge_robust,0.15|0.2|0.25,B,cvar,0.2,0.1,0.0,results/gbm_deephedge/benchmark_6_2/runs/seed_0009__train_robust_s0.15-0.2-0.25__feat_b__obj_cvar_a0.95__sigtrue_0.2__sigbar_0.1__lam_0,results/gbm_deephedge,b2f6bd59e12ddea0502cab4c71469e4b666bf2e7c82340c136871430c974aa9d,76e694c21e709359f62f03a0ba5a97ba6db86a88,GBM_CFG=results/gbm_deephedge/benchmark_6_2/runs/seed_0009__train_robust_s0.15-0.2-0.25__feat_b__obj_cvar_a0.95__sigtrue_0.2__sigbar_0.1__lam_0/run_cfg.json python -m src.train_deephedge_gbm
"train=robust|feat=B|obj=cvar|sigtrue=0.2|sigbar=0.1|lam=0.0001|robust=0.15,0.2,0.25",seed_0009__train_robust_s0.15-0.2-0.25__feat_b__obj_cvar_a0.95__sigtrue_0.2__sigbar_0.1__lam_0.0001,completed,2026-04-02T01:33:04Z,9,main_benchmark,main,benchmark,True,robust,bs_delta,deep_hedge_robust,0.15|0.2|0.25,B,cvar,0.2,0.1,0.0001,results/gbm_deephedge/benchmark_6_2/runs/seed_0009__train_robust_s0.15-0.2-0.25__feat_b__obj_cvar_a0.95__sigtrue_0.2__sigbar_0.1__lam_0.0001,results/gbm_deephedge,bb400c1156957384a954928323e9797c1cf29c27af80f8634dc65837e6def556,76e694c21e709359f62f03a0ba5a97ba6db86a88,GBM_CFG=results/gbm_deephedge/benchmark_6_2/runs/seed_0009__train_robust_s0.15-0.2-0.25__feat_b__obj_cvar_a0.95__sigtrue_0.2__sigbar_0.1__lam_0.0001/run_cfg.json python -m src.train_deephedge_gbm
"train=robust|feat=B|obj=cvar|sigtrue=0.2|sigbar=0.1|lam=0.0005|robust=0.15,0.2,0.25",seed_0009__train_robust_s0.15-0.2-0.25__feat_b__obj_cvar_a0.95__sigtrue_0.2__sigbar_0.1__lam_0.0005,completed,2026-04-02T01:33:28Z,9,main_benchmark,main,benchmark,True,robust,bs_delta,deep_hedge_robust,0.15|0.2|0.25,B,cvar,0.2,0.1,0.0005,results/gbm_deephedge/benchmark_6_2/runs/seed_0009__train_robust_s0.15-0.2-0.25__feat_b__obj_cvar_a0.95__sigtrue_0.2__sigbar_0.1__lam_0.0005,results/gbm_deephedge,695be3d4e19b1c3074cd3c362fffb0a24d1d3639ace60da70ca0082ec552373a,76e694c21e709359f62f03a0ba5a97ba6db86a88,GBM_CFG=results/gbm_deephedge/benchmark_6_2/runs/seed_0009__train_robust_s0.15-0.2-0.25__feat_b__obj_cvar_a0.95__sigtrue_0.2__sigbar_0.1__lam_0.0005/run_cfg.json python -m src.train_deephedge_gbm
"train=robust|feat=B|obj=cvar|sigtrue=0.2|sigbar=0.1|lam=0.001|robust=0.15,0.2,0.25",seed_0009__train_robust_s0.15-0.2-0.25__feat_b__obj_cvar_a0.95__sigtrue_0.2__sigbar_0.1__lam_0.001,completed,2026-04-02T01:33:52Z,9,main_benchmark,main,benchmark,True,robust,bs_delta,deep_hedge_robust,0.15|0.2|0.25,B,cvar,0.2,0.1,0.001,results/gbm_deephedge/benchmark_6_2/runs/seed_0009__train_robust_s0.15-0.2-0.25__feat_b__obj_cvar_a0.95__sigtrue_0.2__sigbar_0.1__lam_0.001,results/gbm_deephedge,6c826d3df8e2ef7a8efb02674b9a66a6910b5e90756e57f6bc805a55cc84b830,76e694c21e709359f62f03a0ba5a97ba6db86a88,GBM_CFG=results/gbm_deephedge/benchmark_6_2/runs/seed_0009__train_robust_s0.15-0.2-0.25__feat_b__obj_cvar_a0.95__sigtrue_0.2__sigbar_0.1__lam_0.001/run_cfg.json python -m src.train_deephedge_gbm
"train=robust|feat=B|obj=cvar|sigtrue=0.2|sigbar=0.25|lam=0|robust=0.15,0.2,0.25",seed_0009__train_robust_s0.15-0.2-0.25__feat_b__obj_cvar_a0.95__sigtrue_0.2__sigbar_0.25__lam_0,completed,2026-04-02T01:32:46Z,9,main_benchmark,main,benchmark,True,robust,bs_delta,deep_hedge_robust,0.15|0.2|0.25,B,cvar,0.2,0.25,0.0,results/gbm_deephedge/benchmark_6_2/runs/seed_0009__train_robust_s0.15-0.2-0.25__feat_b__obj_cvar_a0.95__sigtrue_0.2__sigbar_0.25__lam_0,results/gbm_deephedge,92efaad098f44d14f36abc5e73871d1554f88ad0b2990ea99c18262779d92f32,76e694c21e709359f62f03a0ba5a97ba6db86a88,GBM_CFG=results/gbm_deephedge/benchmark_6_2/runs/seed_0009__train_robust_s0.15-0.2-0.25__feat_b__obj_cvar_a0.95__sigtrue_0.2__sigbar_0.25__lam_0/run_cfg.json python -m src.train_deephedge_gbm
"train=robust|feat=B|obj=cvar|sigtrue=0.2|sigbar=0.25|lam=0.0001|robust=0.15,0.2,0.25",seed_0009__train_robust_s0.15-0.2-0.25__feat_b__obj_cvar_a0.95__sigtrue_0.2__sigbar_0.25__lam_0.0001,completed,2026-04-02T01:33:10Z,9,main_benchmark,main,benchmark,True,robust,bs_delta,deep_hedge_robust,0.15|0.2|0.25,B,cvar,0.2,0.25,0.0001,results/gbm_deephedge/benchmark_6_2/runs/seed_0009__train_robust_s0.15-0.2-0.25__feat_b__obj_cvar_a0.95__sigtrue_0.2__sigbar_0.25__lam_0.0001,results/gbm_deephedge,1cee1b257e60d7fdb711c4f209d0fb88105eea5109da7986d4b0c6cc8103f4c3,76e694c21e709359f62f03a0ba5a97ba6db86a88,GBM_CFG=results/gbm_deephedge/benchmark_6_2/runs/seed_0009__train_robust_s0.15-0.2-0.25__feat_b__obj_cvar_a0.95__sigtrue_0.2__sigbar_0.25__lam_0.0001/run_cfg.json python -m src.train_deephedge_gbm
"train=robust|feat=B|obj=cvar|sigtrue=0.2|sigbar=0.25|lam=0.0005|robust=0.15,0.2,0.25",seed_0009__train_robust_s0.15-0.2-0.25__feat_b__obj_cvar_a0.95__sigtrue_0.2__sigbar_0.25__lam_0.0005,completed,2026-04-02T01:33:34Z,9,main_benchmark,main,benchmark,True,robust,bs_delta,deep_hedge_robust,0.15|0.2|0.25,B,cvar,0.2,0.25,0.0005,results/gbm_deephedge/benchmark_6_2/runs/seed_0009__train_robust_s0.15-0.2-0.25__feat_b__obj_cvar_a0.95__sigtrue_0.2__sigbar_0.25__lam_0.0005,results/gbm_deephedge,46ae4cacc55b1e1d7f6f63bdc6021f3c098342447c84cc1d41b40291dd7402c9,76e694c21e709359f62f03a0ba5a97ba6db86a88,GBM_CFG=results/gbm_deephedge/benchmark_6_2/runs/seed_0009__train_robust_s0.15-0.2-0.25__feat_b__obj_cvar_a0.95__sigtrue_0.2__sigbar_0.25__lam_0.0005/run_cfg.json python -m src.train_deephedge_gbm
"train=robust|feat=B|obj=cvar|sigtrue=0.2|sigbar=0.25|lam=0.001|robust=0.15,0.2,0.25",seed_0009__train_robust_s0.15-0.2-0.25__feat_b__obj_cvar_a0.95__sigtrue_0.2__sigbar_0.25__lam_0.001,completed,2026-04-02T01:33:59Z,9,main_benchmark,main,benchmark,True,robust,bs_delta,deep_hedge_robust,0.15|0.2|0.25,B,cvar,0.2,0.25,0.001,results/gbm_deephedge/benchmark_6_2/runs/seed_0009__train_robust_s0.15-0.2-0.25__feat_b__obj_cvar_a0.95__sigtrue_0.2__sigbar_0.25__lam_0.001,results/gbm_deephedge,b3a61060aee89628b57123471ad8772aab5d63ee3c3f4b1a15d4cbb81ab6f8b2,76e694c21e709359f62f03a0ba5a97ba6db86a88,GBM_CFG=results/gbm_deephedge/benchmark_6_2/runs/seed_0009__train_robust_s0.15-0.2-0.25__feat_b__obj_cvar_a0.95__sigtrue_0.2__sigbar_0.25__lam_0.001/run_cfg.json python -m src.train_deephedge_gbm
"train=robust|feat=B|obj=cvar|sigtrue=0.2|sigbar=0.2|lam=0|robust=0.15,0.2,0.25",seed_0009__train_robust_s0.15-0.2-0.25__feat_b__obj_cvar_a0.95__sigtrue_0.2__sigbar_0.2__lam_0,completed,2026-04-01T22:30:23Z,9,main_benchmark,main,benchmark,True,robust,bs_delta,deep_hedge_robust,0.15|0.2|0.25,B,cvar,0.2,0.2,0.0,results/gbm_deephedge/benchmark_6_2/runs/seed_0009__train_robust_s0.15-0.2-0.25__feat_b__obj_cvar_a0.95__sigtrue_0.2__sigbar_0.2__lam_0,results/gbm_deephedge,0b8ab8fef07c2888f5cb3733194ebe50866ff3e1de8a731d60c9d58574342228,76e694c21e709359f62f03a0ba5a97ba6db86a88,GBM_CFG=results/gbm_deephedge/benchmark_6_2/runs/seed_0009__train_robust_s0.15-0.2-0.25__feat_b__obj_cvar_a0.95__sigtrue_0.2__sigbar_0.2__lam_0/run_cfg.json python -m src.train_deephedge_gbm
"train=robust|feat=B|obj=cvar|sigtrue=0.2|sigbar=0.2|lam=0.0001|robust=0.15,0.2,0.25",seed_0009__train_robust_s0.15-0.2-0.25__feat_b__obj_cvar_a0.95__sigtrue_0.2__sigbar_0.2__lam_0.0001,completed,2026-04-01T23:12:59Z,9,main_benchmark,main,benchmark,True,robust,bs_delta,deep_hedge_robust,0.15|0.2|0.25,B,cvar,0.2,0.2,0.0001,results/gbm_deephedge/benchmark_6_2/runs/seed_0009__train_robust_s0.15-0.2-0.25__feat_b__obj_cvar_a0.95__sigtrue_0.2__sigbar_0.2__lam_0.0001,results/gbm_deephedge,fa4b336d378e565e5c49fb1ba305d06a29aa074b0ab016f761acc1ddfa8d97b3,76e694c21e709359f62f03a0ba5a97ba6db86a88,GBM_CFG=results/gbm_deephedge/benchmark_6_2/runs/seed_0009__train_robust_s0.15-0.2-0.25__feat_b__obj_cvar_a0.95__sigtrue_0.2__sigbar_0.2__lam_0.0001/run_cfg.json python -m src.train_deephedge_gbm
"train=robust|feat=B|obj=cvar|sigtrue=0.2|sigbar=0.2|lam=0.0005|robust=0.15,0.2,0.25",seed_0009__train_robust_s0.15-0.2-0.25__feat_b__obj_cvar_a0.95__sigtrue_0.2__sigbar_0.2__lam_0.0005,completed,2026-04-01T23:58:36Z,9,main_benchmark,main,benchmark,True,robust,bs_delta,deep_hedge_robust,0.15|0.2|0.25,B,cvar,0.2,0.2,0.0005,results/gbm_deephedge/benchmark_6_2/runs/seed_0009__train_robust_s0.15-0.2-0.25__feat_b__obj_cvar_a0.95__sigtrue_0.2__sigbar_0.2__lam_0.0005,results/gbm_deephedge,c487d29527245ca8795f2ad0fb4e362cac1b03c7b5fac559d1de1dc0bf7891a5,76e694c21e709359f62f03a0ba5a97ba6db86a88,GBM_CFG=results/gbm_deephedge/benchmark_6_2/runs/seed_0009__train_robust_s0.15-0.2-0.25__feat_b__obj_cvar_a0.95__sigtrue_0.2__sigbar_0.2__lam_0.0005/run_cfg.json python -m src.train_deephedge_gbm
"train=robust|feat=B|obj=cvar|sigtrue=0.2|sigbar=0.2|lam=0.001|robust=0.15,0.2,0.25",seed_0009__train_robust_s0.15-0.2-0.25__feat_b__obj_cvar_a0.95__sigtrue_0.2__sigbar_0.2__lam_0.001,completed,2026-04-02T00:40:34Z,9,main_benchmark,main,benchmark,True,robust,bs_delta,deep_hedge_robust,0.15|0.2|0.25,B,cvar,0.2,0.2,0.001,results/gbm_deephedge/benchmark_6_2/runs/seed_0009__train_robust_s0.15-0.2-0.25__feat_b__obj_cvar_a0.95__sigtrue_0.2__sigbar_0.2__lam_0.001,results/gbm_deephedge,2ba7bb127bffdb1ac7c3ac6f9df5441c14d0fe10d075c6949b321e752666abb3,76e694c21e709359f62f03a0ba5a97ba6db86a88,GBM_CFG=results/gbm_deephedge/benchmark_6_2/runs/seed_0009__train_robust_s0.15-0.2-0.25__feat_b__obj_cvar_a0.95__sigtrue_0.2__sigbar_0.2__lam_0.001/run_cfg.json python -m src.train_deephedge_gbm
"train=robust|feat=B|obj=cvar|sigtrue=0.2|sigbar=0.3|lam=0|robust=0.15,0.2,0.25",seed_0009__train_robust_s0.15-0.2-0.25__feat_b__obj_cvar_a0.95__sigtrue_0.2__sigbar_0.3__lam_0,completed,2026-04-02T01:32:49Z,9,main_benchmark,main,benchmark,True,robust,bs_delta,deep_hedge_robust,0.15|0.2|0.25,B,cvar,0.2,0.3,0.0,results/gbm_deephedge/benchmark_6_2/runs/seed_0009__train_robust_s0.15-0.2-0.25__feat_b__obj_cvar_a0.95__sigtrue_0.2__sigbar_0.3__lam_0,results/gbm_deephedge,d6b0966ea026e29f0d57d76497384aeedb4f3b645cfc7488c35c67b81615fb82,76e694c21e709359f62f03a0ba5a97ba6db86a88,GBM_CFG=results/gbm_deephedge/benchmark_6_2/runs/seed_0009__train_robust_s0.15-0.2-0.25__feat_b__obj_cvar_a0.95__sigtrue_0.2__sigbar_0.3__lam_0/run_cfg.json python -m src.train_deephedge_gbm
"train=robust|feat=B|obj=cvar|sigtrue=0.2|sigbar=0.3|lam=0.0001|robust=0.15,0.2,0.25",seed_0009__train_robust_s0.15-0.2-0.25__feat_b__obj_cvar_a0.95__sigtrue_0.2__sigbar_0.3__lam_0.0001,completed,2026-04-02T01:33:13Z,9,main_benchmark,main,benchmark,True,robust,bs_delta,deep_hedge_robust,0.15|0.2|0.25,B,cvar,0.2,0.3,0.0001,results/gbm_deephedge/benchmark_6_2/runs/seed_0009__train_robust_s0.15-0.2-0.25__feat_b__obj_cvar_a0.95__sigtrue_0.2__sigbar_0.3__lam_0.0001,results/gbm_deephedge,64769c177eb3065dabe672ffbd7cfe13f241dbf86bacbee3cb925463c4d8b723,76e694c21e709359f62f03a0ba5a97ba6db86a88,GBM_CFG=results/gbm_deephedge/benchmark_6_2/runs/seed_0009__train_robust_s0.15-0.2-0.25__feat_b__obj_cvar_a0.95__sigtrue_0.2__sigbar_0.3__lam_0.0001/run_cfg.json python -m src.train_deephedge_gbm
"train=robust|feat=B|obj=cvar|sigtrue=0.2|sigbar=0.3|lam=0.0005|robust=0.15,0.2,0.25",seed_0009__train_robust_s0.15-0.2-0.25__feat_b__obj_cvar_a0.95__sigtrue_0.2__sigbar_0.3__lam_0.0005,completed,2026-04-02T01:33:38Z,9,main_benchmark,main,benchmark,True,robust,bs_delta,deep_hedge_robust,0.15|0.2|0.25,B,cvar,0.2,0.3,0.0005,results/gbm_deephedge/benchmark_6_2/runs/seed_0009__train_robust_s0.15-0.2-0.25__feat_b__obj_cvar_a0.95__sigtrue_0.2__sigbar_0.3__lam_0.0005,results/gbm_deephedge,614598a8d180588d788ae6762c219c8dc79733af19c6c62c5b0728a47c99042e,76e694c21e709359f62f03a0ba5a97ba6db86a88,GBM_CFG=results/gbm_deephedge/benchmark_6_2/runs/seed_0009__train_robust_s0.15-0.2-0.25__feat_b__obj_cvar_a0.95__sigtrue_0.2__sigbar_0.3__lam_0.0005/run_cfg.json python -m src.train_deephedge_gbm
"train=robust|feat=B|obj=cvar|sigtrue=0.2|sigbar=0.3|lam=0.001|robust=0.15,0.2,0.25",seed_0009__train_robust_s0.15-0.2-0.25__feat_b__obj_cvar_a0.95__sigtrue_0.2__sigbar_0.3__lam_0.001,completed,2026-04-02T01:34:02Z,9,main_benchmark,main,benchmark,True,robust,bs_delta,deep_hedge_robust,0.15|0.2|0.25,B,cvar,0.2,0.3,0.001,results/gbm_deephedge/benchmark_6_2/runs/seed_0009__train_robust_s0.15-0.2-0.25__feat_b__obj_cvar_a0.95__sigtrue_0.2__sigbar_0.3__lam_0.001,results/gbm_deephedge,f5c1127278002c82c74cfa67b35e818828bca9689962c84261caa2d455fa4744,76e694c21e709359f62f03a0ba5a97ba6db86a88,GBM_CFG=results/gbm_deephedge/benchmark_6_2/runs/seed_0009__train_robust_s0.15-0.2-0.25__feat_b__obj_cvar_a0.95__sigtrue_0.2__sigbar_0.3__lam_0.001/run_cfg.json python -m src.train_deephedge_gbm
