scenario_id,campaign_id,campaign_role,training_regime,feature_set,objective_name,sigma_true,sigma_bar,lambda_cost,robust_sigmas,bs_method,deep_hedge_method,metric,better_direction,n_pairs,seed_list,mean_bs,mean_dh,mean_diff,sd_diff,se_diff,ci95_lo,ci95_hi,p_value,bootstrap_ci95_lo,bootstrap_ci95_hi
train=oracle|feat=B|obj=cvar|sigtrue=0.2|sigbar=0.15|lam=0.0001|robust=none,main_benchmark,main,oracle,B,cvar,0.2,0.15,0.0001,,bs_delta,deep_hedge_oracle,mean_PL,higher,10,0|1|2|3|4|5|6|7|8|9,-0.00034896352994022396,-0.0003037233400391415,4.524018990108247e-05,4.463213349497816e-05,1.4113919867682229e-05,1.3312284977245222e-05,7.716809482491972e-05,0.010738556846202164,1.96951005894477e-05,7.167965504556525e-05
train=oracle|feat=B|obj=cvar|sigtrue=0.2|sigbar=0.15|lam=0.0001|robust=none,main_benchmark,main,oracle,B,cvar,0.2,0.15,0.0001,,bs_delta,deep_hedge_oracle,std_PL,lower,10,0|1|2|3|4|5|6|7|8|9,0.013087908847196053,0.01195867732167244,-0.0011292315255236147,0.00010518000077247129,3.3260836673927884e-05,-0.001204472765446202,-0.0010539902856010275,8.23006533948085e-11,-0.0011936092214636842,-0.0010681334647766353
train=oracle|feat=B|obj=cvar|sigtrue=0.2|sigbar=0.15|lam=0.0001|robust=none,main_benchmark,main,oracle,B,cvar,0.2,0.15,0.0001,,bs_delta,deep_hedge_oracle,VaR_loss_0.95,lower,10,0|1|2|3|4|5|6|7|8|9,0.025321872387900974,0.01716635935008526,-0.008155513037815717,0.0001609337841812894,5.089173104828507e-05,-0.008270638131733794,-0.00804038794389764,7.294772124504516e-17,-0.008255607898665748,-0.008065790487849464
train=oracle|feat=B|obj=cvar|sigtrue=0.2|sigbar=0.15|lam=0.0001|robust=none,main_benchmark,main,oracle,B,cvar,0.2,0.15,0.0001,,bs_delta,deep_hedge_oracle,ES_loss_0.95,lower,10,0|1|2|3|4|5|6|7|8|9,0.03470803845230284,0.02159678880125284,-0.013111249651049988,0.0003225316435440391,0.00010199346110767057,-0.013341974889653286,-0.01288052441244669,5.299777778560375e-16,-0.013295230407651104,-0.012917018127993122
train=oracle|feat=B|obj=cvar|sigtrue=0.2|sigbar=0.15|lam=0.0001|robust=none,main_benchmark,main,oracle,B,cvar,0.2,0.15,0.0001,,bs_delta,deep_hedge_oracle,VaR_loss_0.99,lower,10,0|1|2|3|4|5|6|7|8|9,0.040543256649705164,0.024223268404603003,-0.01631998824510216,0.0005711984116404372,0.00018062879766542165,-0.01672859897354862,-0.0159113775166557,1.2633319565094943e-14,-0.016651969693535863,-0.015988255300430604
train=oracle|feat=B|obj=cvar|sigtrue=0.2|sigbar=0.15|lam=0.0001|robust=none,main_benchmark,main,oracle,B,cvar,0.2,0.15,0.0001,,bs_delta,deep_hedge_oracle,ES_loss_0.99,lower,10,0|1|2|3|4|5|6|7|8|9,0.04920496565308772,0.02878310438245535,-0.02042186127063237,0.0005694198353395937,0.0001800663624551154,-0.020829199682239227,-0.020014522859025514,1.6355489432785074e-15,-0.020738375209379493,-0.02006279012453332
train=oracle|feat=B|obj=cvar|sigtrue=0.2|sigbar=0.15|lam=0.0001|robust=none,main_benchmark,main,oracle,B,cvar,0.2,0.15,0.0001,,bs_delta,deep_hedge_oracle,mean_turnover,lower,10,0|1|2|3|4|5|6|7|8|9,3.529912048823639,3.155803847544193,-0.3741082012794458,0.02264193569128772,0.0071600087419528245,-0.39030526634075213,-0.3579111362181394,1.7308928621253881e-12,-0.38742810140162215,-0.36078723659444983
train=oracle|feat=B|obj=cvar|sigtrue=0.2|sigbar=0.15|lam=0.0001|robust=none,main_benchmark,main,oracle,B,cvar,0.2,0.15,0.0001,,bs_delta,deep_hedge_oracle,max_turnover,lower,10,0|1|2|3|4|5|6|7|8|9,7.664058983154307,5.615822124481201,-2.048236858673106,0.18945683022036333,0.05991151017721684,-2.1837661105545547,-1.9127076067916575,7.734151188342486e-11,-2.1625133190339376,-1.941321830264882
train=oracle|feat=B|obj=cvar|sigtrue=0.2|sigbar=0.15|lam=0.0001|robust=none,main_benchmark,main,oracle,B,cvar,0.2,0.15,0.0001,,bs_delta,deep_hedge_oracle,total_turnover,lower,10,0|1|2|3|4|5|6|7|8|9,352991.2048823639,315580.3847544193,-37410.82012794458,2264.1935691287645,716.0008741952801,-39030.526634075206,-35791.11362181395,1.7308928621253384e-12,-38767.256452084475,-36074.268137154664
train=oracle|feat=B|obj=cvar|sigtrue=0.2|sigbar=0.15|lam=0.0005|robust=none,main_benchmark,main,oracle,B,cvar,0.2,0.15,0.0005,,bs_delta,deep_hedge_oracle,mean_PL,higher,10,0|1|2|3|4|5|6|7|8|9,-0.0017894410426823493,-0.0015560968313366175,0.00023334421134573136,4.690611839196878e-05,1.4833017031613602e-05,0.00019978959562175889,0.00026689882706970385,7.45559755618446e-08,0.00020678239315757648,0.0002607568116298996
train=oracle|feat=B|obj=cvar|sigtrue=0.2|sigbar=0.15|lam=0.0005|robust=none,main_benchmark,main,oracle,B,cvar,0.2,0.15,0.0005,,bs_delta,deep_hedge_oracle,std_PL,lower,10,0|1|2|3|4|5|6|7|8|9,0.013406736923433254,0.012186914123594761,-0.0012198227998384931,0.00017667070365190131,5.586818193646356e-05,-0.0013462054077785775,-0.0010934401918984088,4.182614213332648e-09,-0.001332084830612812,-0.0011264498569708383
train=oracle|feat=B|obj=cvar|sigtrue=0.2|sigbar=0.15|lam=0.0005|robust=none,main_benchmark,main,oracle,B,cvar,0.2,0.15,0.0005,,bs_delta,deep_hedge_oracle,VaR_loss_0.95,lower,10,0|1|2|3|4|5|6|7|8|9,0.02734572179593912,0.018735706992447376,-0.008610014803491745,0.00026933691686103914,8.517181152482922e-05,-0.008802686827001135,-0.008417342779982354,4.601873624532497e-15,-0.008782154359307764,-0.008468107517464084
train=oracle|feat=B|obj=cvar|sigtrue=0.2|sigbar=0.15|lam=0.0005|robust=none,main_benchmark,main,oracle,B,cvar,0.2,0.15,0.0005,,bs_delta,deep_hedge_oracle,ES_loss_0.95,lower,10,0|1|2|3|4|5|6|7|8|9,0.036847307461735035,0.023107472434639932,-0.013739835027095101,0.0003485711423614704,0.00011022787364690497,-0.013989187801005463,-0.013490482253184739,6.992479592437959e-16,-0.013945454946755281,-0.01353561153101693
train=oracle|feat=B|obj=cvar|sigtrue=0.2|sigbar=0.15|lam=0.0005|robust=none,main_benchmark,main,oracle,B,cvar,0.2,0.15,0.0005,,bs_delta,deep_hedge_oracle,VaR_loss_0.99,lower,10,0|1|2|3|4|5|6|7|8|9,0.04275993638310061,0.02567744441330433,-0.017082491969796283,0.0004899964195586724,0.0001549504731132882,-0.017433014292428477,-0.01673196964716409,2.110235015755281e-15,-0.017368422483141004,-0.016786552494176734
train=oracle|feat=B|obj=cvar|sigtrue=0.2|sigbar=0.15|lam=0.0005|robust=none,main_benchmark,main,oracle,B,cvar,0.2,0.15,0.0005,,bs_delta,deep_hedge_oracle,ES_loss_0.99,lower,10,0|1|2|3|4|5|6|7|8|9,0.051492509489333906,0.030181074887514113,-0.021311434601819786,0.0005274394352086884,0.00016679099430522626,-0.02168874204427759,-0.020934127159361982,5.596685346702402e-16,-0.021592090208147202,-0.020987067526648435
train=oracle|feat=B|obj=cvar|sigtrue=0.2|sigbar=0.15|lam=0.0005|robust=none,main_benchmark,main,oracle,B,cvar,0.2,0.15,0.0005,,bs_delta,deep_hedge_oracle,mean_turnover,lower,10,0|1|2|3|4|5|6|7|8|9,3.529912048823639,3.09893583620131,-0.4309762126223289,0.0258913202624473,0.008187554365820198,-0.44949774737676873,-0.41245467786788903,1.619635010594984e-12,-0.44438917632177105,-0.4146698017116579
train=oracle|feat=B|obj=cvar|sigtrue=0.2|sigbar=0.15|lam=0.0005|robust=none,main_benchmark,main,oracle,B,cvar,0.2,0.15,0.0005,,bs_delta,deep_hedge_oracle,max_turnover,lower,10,0|1|2|3|4|5|6|7|8|9,7.664058983154307,5.476674270629883,-2.1873847125244246,0.1907933728927273,0.06033416208068467,-2.323870069436673,-2.050899355612176,4.576035966508577e-11,-2.302102244977057,-2.078406204494912
train=oracle|feat=B|obj=cvar|sigtrue=0.2|sigbar=0.15|lam=0.0005|robust=none,main_benchmark,main,oracle,B,cvar,0.2,0.15,0.0005,,bs_delta,deep_hedge_oracle,total_turnover,lower,10,0|1|2|3|4|5|6|7|8|9,352991.2048823639,309893.583620131,-43097.62126223289,2589.1320262447225,818.7554365820175,-44949.774737676875,-41245.467786788904,1.6196350105949438e-12,-44474.81629223333,-41467.64673772519
train=oracle|feat=B|obj=cvar|sigtrue=0.2|sigbar=0.15|lam=0.001|robust=none,main_benchmark,main,oracle,B,cvar,0.2,0.15,0.001,,bs_delta,deep_hedge_oracle,mean_PL,higher,10,0|1|2|3|4|5|6|7|8|9,-0.0035900379008531992,-0.0030869935173541306,0.0005030443834990681,5.2515053164958365e-05,1.6606717944610256e-05,0.00046547737755009855,0.0005406113894480377,2.2783788450203882e-10,0.0004732383253808313,0.0005350194109450219
train=oracle|feat=B|obj=cvar|sigtrue=0.2|sigbar=0.15|lam=0.001|robust=none,main_benchmark,main,oracle,B,cvar,0.2,0.15,0.001,,bs_delta,deep_hedge_oracle,std_PL,lower,10,0|1|2|3|4|5|6|7|8|9,0.013819186644652981,0.0122174140997231,-0.0016017725449298814,0.00034090040588225906,0.0001078021737863801,-0.001845638004525958,-0.0013579070853338047,1.224902079793746e-07,-0.0018045536431936658,-0.0014057650624707397
train=oracle|feat=B|obj=cvar|sigtrue=0.2|sigbar=0.15|lam=0.001|robust=none,main_benchmark,main,oracle,B,cvar,0.2,0.15,0.001,,bs_delta,deep_hedge_oracle,VaR_loss_0.95,lower,10,0|1|2|3|4|5|6|7|8|9,0.02988176586093183,0.020355527102947236,-0.009526238757984595,0.0005503014040325645,0.00017402058363314717,-0.009919900667724642,-0.009132576848244547,1.1393450720720134e-12,-0.009850182452544676,-0.009201493155863128
train=oracle|feat=B|obj=cvar|sigtrue=0.2|sigbar=0.15|lam=0.001|robust=none,main_benchmark,main,oracle,B,cvar,0.2,0.15,0.001,,bs_delta,deep_hedge_oracle,ES_loss_0.95,lower,10,0|1|2|3|4|5|6|7|8|9,0.03953344562798735,0.02483703587204218,-0.014696409755945179,0.0005270273733729323,0.0001666606889114443,-0.015073422427123086,-0.01431939708476727,1.571856767925828e-14,-0.014970541788676803,-0.014359100081279714
train=oracle|feat=B|obj=cvar|sigtrue=0.2|sigbar=0.15|lam=0.001|robust=none,main_benchmark,main,oracle,B,cvar,0.2,0.15,0.001,,bs_delta,deep_hedge_oracle,VaR_loss_0.99,lower,10,0|1|2|3|4|5|6|7|8|9,0.04552601627855328,0.027496837079524994,-0.018029179199028286,0.0006128458106006291,0.0001937988615990151,-0.018467582681936635,-0.017590775716119937,9.714078750013942e-15,-0.018350690155121457,-0.017641742872030512
train=oracle|feat=B|obj=cvar|sigtrue=0.2|sigbar=0.15|lam=0.001|robust=none,main_benchmark,main,oracle,B,cvar,0.2,0.15,0.001,,bs_delta,deep_hedge_oracle,ES_loss_0.99,lower,10,0|1|2|3|4|5|6|7|8|9,0.05436401327574432,0.032074029371142385,-0.022289983904601927,0.0006306694572069822,0.00019943519354761574,-0.022741137656199714,-0.02183883015300414,1.865604675559529e-15,-0.022595768359270123,-0.02187109158835115
train=oracle|feat=B|obj=cvar|sigtrue=0.2|sigbar=0.15|lam=0.001|robust=none,main_benchmark,main,oracle,B,cvar,0.2,0.15,0.001,,bs_delta,deep_hedge_oracle,mean_turnover,lower,10,0|1|2|3|4|5|6|7|8|9,3.529912048823639,3.054179223761678,-0.4757328250619614,0.02226506170911552,0.00704083072450064,-0.4916602907174402,-0.4598053594064826,1.7207543430374344e-13,-0.4899068941263367,-0.4636820582911557
train=oracle|feat=B|obj=cvar|sigtrue=0.2|sigbar=0.15|lam=0.001|robust=none,main_benchmark,main,oracle,B,cvar,0.2,0.15,0.001,,bs_delta,deep_hedge_oracle,max_turnover,lower,10,0|1|2|3|4|5|6|7|8|9,7.664058983154307,5.362223529815674,-2.301835453338634,0.16286753634860854,0.05150323717618663,-2.418343870224039,-2.1853270364532285,7.026284360340676e-12,-2.4009474258087127,-2.2096432753513495
train=oracle|feat=B|obj=cvar|sigtrue=0.2|sigbar=0.15|lam=0.001|robust=none,main_benchmark,main,oracle,B,cvar,0.2,0.15,0.001,,bs_delta,deep_hedge_oracle,total_turnover,lower,10,0|1|2|3|4|5|6|7|8|9,352991.2048823639,305417.9223761678,-47573.282506196134,2226.506170911538,704.0830724500596,-49166.029071744,-45980.53594064827,1.7207543430373415e-13,-48959.10259263374,-46397.691236906976
train=oracle|feat=B|obj=cvar|sigtrue=0.2|sigbar=0.15|lam=0|robust=none,main_benchmark,main,oracle,B,cvar,0.2,0.15,0.0,,bs_delta,deep_hedge_oracle,mean_PL,higher,10,0|1|2|3|4|5|6|7|8|9,1.115581548850145e-05,1.7615652086533374e-05,6.459836598031922e-06,4.401993112936568e-05,1.392032448125437e-05,-2.5030125135712853e-05,3.7949798331776695e-05,0.6536261517662821,-1.9225176548880753e-05,3.2317543250356235e-05
train=oracle|feat=B|obj=cvar|sigtrue=0.2|sigbar=0.15|lam=0|robust=none,main_benchmark,main,oracle,B,cvar,0.2,0.15,0.0,,bs_delta,deep_hedge_oracle,std_PL,lower,10,0|1|2|3|4|5|6|7|8|9,0.013009843363032816,0.011946121975779534,-0.0010637213872532827,0.00019985351492660588,6.319923055585336e-05,-0.0012066879793385416,-0.0009207547951680238,4.1328362982220564e-08,-0.0011913491831418899,-0.0009577223107170367
train=oracle|feat=B|obj=cvar|sigtrue=0.2|sigbar=0.15|lam=0|robust=none,main_benchmark,main,oracle,B,cvar,0.2,0.15,0.0,,bs_delta,deep_hedge_oracle,VaR_loss_0.95,lower,10,0|1|2|3|4|5|6|7|8|9,0.024813780969010175,0.016824696585536,-0.007989084383474171,0.0002651922776123807,8.386116151428025e-05,-0.008178791510674277,-0.007799377256274065,7.846655836829218e-15,-0.00814231593446557,-0.00783092004078792
train=oracle|feat=B|obj=cvar|sigtrue=0.2|sigbar=0.15|lam=0|robust=none,main_benchmark,main,oracle,B,cvar,0.2,0.15,0.0,,bs_delta,deep_hedge_oracle,ES_loss_0.95,lower,10,0|1|2|3|4|5|6|7|8|9,0.03417463804594282,0.021287459693849087,-0.012887178352093734,0.00035374779527831565,0.00011186487503424348,-0.013140234280417974,-0.012634122423769493,1.4206580277378383e-15,-0.013088869033974864,-0.01268086914816602
train=oracle|feat=B|obj=cvar|sigtrue=0.2|sigbar=0.15|lam=0|robust=none,main_benchmark,main,oracle,B,cvar,0.2,0.15,0.0,,bs_delta,deep_hedge_oracle,VaR_loss_0.99,lower,10,0|1|2|3|4|5|6|7|8|9,0.03999107157190437,0.023918072693049908,-0.016072998878854463,0.0005174251161131679,0.00016362418854947003,-0.016443142508988692,-0.015702855248720234,5.956207493426846e-15,-0.016377128451053484,-0.01576742531976626
train=oracle|feat=B|obj=cvar|sigtrue=0.2|sigbar=0.15|lam=0|robust=none,main_benchmark,main,oracle,B,cvar,0.2,0.15,0.0,,bs_delta,deep_hedge_oracle,ES_loss_0.99,lower,10,0|1|2|3|4|5|6|7|8|9,0.04863463562528547,0.028508235700428486,-0.020126399924856986,0.0004639642383716203,0.00014671837461196116,-0.020458299946899544,-0.019794499902814428,2.9545202932149638e-16,-0.020386063294436218,-0.01984152212654901
train=oracle|feat=B|obj=cvar|sigtrue=0.2|sigbar=0.15|lam=0|robust=none,main_benchmark,main,oracle,B,cvar,0.2,0.15,0.0,,bs_delta,deep_hedge_oracle,mean_turnover,lower,10,0|1|2|3|4|5|6|7|8|9,3.529912048823639,3.1730782034054994,-0.35683384541813956,0.032548827814435556,0.010292843106225674,-0.3801178741764461,-0.333549816659833,6.827149695844294e-11,-0.37763100094772684,-0.339367400489178
train=oracle|feat=B|obj=cvar|sigtrue=0.2|sigbar=0.15|lam=0|robust=none,main_benchmark,main,oracle,B,cvar,0.2,0.15,0.0,,bs_delta,deep_hedge_oracle,max_turnover,lower,10,0|1|2|3|4|5|6|7|8|9,7.664058983154307,5.654123735427857,-2.009935247726451,0.18697044887260872,0.059125247358150466,-2.1436858495399065,-1.8761846459129952,8.135893452563812e-11,-2.1215254538852317,-1.9007635059158612
train=oracle|feat=B|obj=cvar|sigtrue=0.2|sigbar=0.15|lam=0|robust=none,main_benchmark,main,oracle,B,cvar,0.2,0.15,0.0,,bs_delta,deep_hedge_oracle,total_turnover,lower,10,0|1|2|3|4|5|6|7|8|9,352991.2048823639,317307.8203405499,-35683.38454181396,3254.882781443551,1029.2843106225657,-38011.78741764461,-33354.98166598331,6.827149695844199e-11,-37726.02133884853,-33927.04429535809
train=oracle|feat=B|obj=cvar|sigtrue=0.2|sigbar=0.1|lam=0.0001|robust=none,main_benchmark,main,oracle,B,cvar,0.2,0.1,0.0001,,bs_delta,deep_hedge_oracle,mean_PL,higher,10,0|1|2|3|4|5|6|7|8|9,-0.0003889246058655104,-0.0003037233400391415,8.520126582636886e-05,7.30729439828121e-05,2.310769383195821e-05,3.29280307086567e-05,0.00013747450094408104,0.0050195993835476455,4.467924503848542e-05,0.00012895964129906376
train=oracle|feat=B|obj=cvar|sigtrue=0.2|sigbar=0.1|lam=0.0001|robust=none,main_benchmark,main,oracle,B,cvar,0.2,0.1,0.0001,,bs_delta,deep_hedge_oracle,std_PL,lower,10,0|1|2|3|4|5|6|7|8|9,0.022563688726191102,0.01195867732167244,-0.010605011404518664,0.00010295545978720342,3.255737504774373e-05,-0.010678661303684825,-0.010531361505352504,1.2330035222939805e-19,-0.010665853633651325,-0.010546306647528054
train=oracle|feat=B|obj=cvar|sigtrue=0.2|sigbar=0.1|lam=0.0001|robust=none,main_benchmark,main,oracle,B,cvar,0.2,0.1,0.0001,,bs_delta,deep_hedge_oracle,VaR_loss_0.95,lower,10,0|1|2|3|4|5|6|7|8|9,0.04244271074373514,0.01716635935008526,-0.025276351393649876,0.00021903630417320917,6.926536114527853e-05,-0.02543304052649847,-0.02511966226080128,4.4357414956807936e-20,-0.02541484290332754,-0.025156706756016018
train=oracle|feat=B|obj=cvar|sigtrue=0.2|sigbar=0.1|lam=0.0001|robust=none,main_benchmark,main,oracle,B,cvar,0.2,0.1,0.0001,,bs_delta,deep_hedge_oracle,ES_loss_0.95,lower,10,0|1|2|3|4|5|6|7|8|9,0.05571949948580731,0.02159678880125284,-0.03412271068455446,0.00041419467415073507,0.00013097985650275908,-0.03441900770512446,-0.033826413663984464,9.2062789039266e-19,-0.03436616350678404,-0.033876516434138824
train=oracle|feat=B|obj=cvar|sigtrue=0.2|sigbar=0.1|lam=0.0001|robust=none,main_benchmark,main,oracle,B,cvar,0.2,0.1,0.0001,,bs_delta,deep_hedge_oracle,VaR_loss_0.99,lower,10,0|1|2|3|4|5|6|7|8|9,0.06400300921918414,0.024223268404603003,-0.03977974081458112,0.0005991503935938212,0.00018946799047428323,-0.0402083471863535,-0.03935113444280874,6.417608603843024e-18,-0.040114287773670716,-0.03941147533126894
train=oracle|feat=B|obj=cvar|sigtrue=0.2|sigbar=0.1|lam=0.0001|robust=none,main_benchmark,main,oracle,B,cvar,0.2,0.1,0.0001,,bs_delta,deep_hedge_oracle,ES_loss_0.99,lower,10,0|1|2|3|4|5|6|7|8|9,0.075519672035922,0.02878310438245535,-0.04673656765346664,0.0006564420978694312,0.00020758521812865672,-0.04720615804154741,-0.046266977265385874,3.4230394492750214e-18,-0.047098950751337895,-0.046329509185342024
train=oracle|feat=B|obj=cvar|sigtrue=0.2|sigbar=0.1|lam=0.0001|robust=none,main_benchmark,main,oracle,B,cvar,0.2,0.1,0.0001,,bs_delta,deep_hedge_oracle,mean_turnover,lower,10,0|1|2|3|4|5|6|7|8|9,3.9358461554228144,3.155803847544193,-0.7800423078786215,0.0229810625714567,0.007267250077664922,-0.796481969695657,-0.763602646061586,2.6838053222744258e-15,-0.7937805164142929,-0.7670010140485714
train=oracle|feat=B|obj=cvar|sigtrue=0.2|sigbar=0.1|lam=0.0001|robust=none,main_benchmark,main,oracle,B,cvar,0.2,0.1,0.0001,,bs_delta,deep_hedge_oracle,max_turnover,lower,10,0|1|2|3|4|5|6|7|8|9,9.742936168102634,5.615822124481201,-4.127114043621434,0.31874241811217724,0.1007952028144187,-4.355128633643769,-3.8990994535990993,1.5399231468575553e-11,-4.316569480696041,-3.9485225164169218
train=oracle|feat=B|obj=cvar|sigtrue=0.2|sigbar=0.1|lam=0.0001|robust=none,main_benchmark,main,oracle,B,cvar,0.2,0.1,0.0001,,bs_delta,deep_hedge_oracle,total_turnover,lower,10,0|1|2|3|4|5|6|7|8|9,393584.6155422815,315580.3847544193,-78004.23078786215,2298.106257145667,726.7250077664911,-79648.1969695657,-76360.2646061586,2.6838053222743927e-15,-79368.02396320486,-76688.25643197083
train=oracle|feat=B|obj=cvar|sigtrue=0.2|sigbar=0.1|lam=0.0005|robust=none,main_benchmark,main,oracle,B,cvar,0.2,0.1,0.0005,,bs_delta,deep_hedge_oracle,mean_PL,higher,10,0|1|2|3|4|5|6|7|8|9,-0.0019927320298248185,-0.0015560968313366175,0.00043663519848820113,7.392616303698216e-05,2.3377505387381406e-05,0.00038375160722778264,0.0004895187897486196,1.6585285902176732e-08,0.00039401701174752866,0.0004809135733784317
train=oracle|feat=B|obj=cvar|sigtrue=0.2|sigbar=0.1|lam=0.0005|robust=none,main_benchmark,main,oracle,B,cvar,0.2,0.1,0.0005,,bs_delta,deep_hedge_oracle,std_PL,lower,10,0|1|2|3|4|5|6|7|8|9,0.023101892138026943,0.012186914123594761,-0.01091497801443218,0.00017726923714451236,5.605745484571821e-05,-0.011041788787439659,-0.010788167241424701,1.2645724411901142e-17,-0.011028935870183816,-0.010819270117844913
train=oracle|feat=B|obj=cvar|sigtrue=0.2|sigbar=0.1|lam=0.0005|robust=none,main_benchmark,main,oracle,B,cvar,0.2,0.1,0.0005,,bs_delta,deep_hedge_oracle,VaR_loss_0.95,lower,10,0|1|2|3|4|5|6|7|8|9,0.04497534632009138,0.018735706992447376,-0.02623963932764401,0.00034527511714200256,0.00010918557895501749,-0.026486634267151372,-0.02599264438813665,1.9030963322633784e-18,-0.026461707688532076,-0.026055670003357723
train=oracle|feat=B|obj=cvar|sigtrue=0.2|sigbar=0.1|lam=0.0005|robust=none,main_benchmark,main,oracle,B,cvar,0.2,0.1,0.0005,,bs_delta,deep_hedge_oracle,ES_loss_0.95,lower,10,0|1|2|3|4|5|6|7|8|9,0.058410205833929495,0.023107472434639932,-0.03530273339928956,0.00045390799805099745,0.00014353831220084213,-0.03562743962037066,-0.034978027178208464,1.545403991040761e-18,-0.035569749355074336,-0.03503737703729395
train=oracle|feat=B|obj=cvar|sigtrue=0.2|sigbar=0.1|lam=0.0005|robust=none,main_benchmark,main,oracle,B,cvar,0.2,0.1,0.0005,,bs_delta,deep_hedge_oracle,VaR_loss_0.99,lower,10,0|1|2|3|4|5|6|7|8|9,0.0667885718702215,0.02567744441330433,-0.041111127456917154,0.0005836121466460554,0.0001845543653541733,-0.04152861843642877,-0.04069363647740554,3.767324558133575e-18,-0.04143275314367155,-0.040756164575381
train=oracle|feat=B|obj=cvar|sigtrue=0.2|sigbar=0.1|lam=0.0005|robust=none,main_benchmark,main,oracle,B,cvar,0.2,0.1,0.0005,,bs_delta,deep_hedge_oracle,ES_loss_0.99,lower,10,0|1|2|3|4|5|6|7|8|9,0.07842788185720476,0.030181074887514113,-0.04824680696969065,0.0006583375121354299,0.00020818460074766994,-0.04871775325545628,-0.047775860683925024,2.6387203454148313e-18,-0.04861219403252133,-0.047842417555935345
train=oracle|feat=B|obj=cvar|sigtrue=0.2|sigbar=0.1|lam=0.0005|robust=none,main_benchmark,main,oracle,B,cvar,0.2,0.1,0.0005,,bs_delta,deep_hedge_oracle,mean_turnover,lower,10,0|1|2|3|4|5|6|7|8|9,3.9358461554228144,3.09893583620131,-0.8369103192215046,0.025848442247620222,0.008173995146980195,-0.8554011808919236,-0.8184194575510856,4.10341312318534e-15,-0.8508916639315829,-0.8202942463901989
train=oracle|feat=B|obj=cvar|sigtrue=0.2|sigbar=0.1|lam=0.0005|robust=none,main_benchmark,main,oracle,B,cvar,0.2,0.1,0.0005,,bs_delta,deep_hedge_oracle,max_turnover,lower,10,0|1|2|3|4|5|6|7|8|9,9.742936168102634,5.476674270629883,-4.266261897472752,0.31710203391932795,0.10027646778570463,-4.493103027334287,-4.039420767611217,1.0925019190228554e-11,-4.451917115048913,-4.083872681906743
train=oracle|feat=B|obj=cvar|sigtrue=0.2|sigbar=0.1|lam=0.0005|robust=none,main_benchmark,main,oracle,B,cvar,0.2,0.1,0.0005,,bs_delta,deep_hedge_oracle,total_turnover,lower,10,0|1|2|3|4|5|6|7|8|9,393584.6155422815,309893.583620131,-83691.03192215046,2584.844224762019,817.3995146980186,-85540.11808919236,-81841.94575510857,4.1034131231852874e-15,-85070.3362696751,-82038.0888147341
train=oracle|feat=B|obj=cvar|sigtrue=0.2|sigbar=0.1|lam=0.001|robust=none,main_benchmark,main,oracle,B,cvar,0.2,0.1,0.001,,bs_delta,deep_hedge_oracle,mean_PL,higher,10,0|1|2|3|4|5|6|7|8|9,-0.003997491273304078,-0.0030869935173541306,0.0009104977559499475,8.332352185495166e-05,2.634921117284653e-05,0.0008508916991612103,0.0009701038127386848,7.029552001068017e-11,0.000864712914428273,0.0009618311481052588
train=oracle|feat=B|obj=cvar|sigtrue=0.2|sigbar=0.1|lam=0.001|robust=none,main_benchmark,main,oracle,B,cvar,0.2,0.1,0.001,,bs_delta,deep_hedge_oracle,std_PL,lower,10,0|1|2|3|4|5|6|7|8|9,0.023781220864629672,0.0122174140997231,-0.011563806764906568,0.0003559185841400378,0.00011255133874648011,-0.011818415582034445,-0.01130919794777869,3.977454792368219e-15,-0.011770030164548539,-0.011356768309150434
train=oracle|feat=B|obj=cvar|sigtrue=0.2|sigbar=0.1|lam=0.001|robust=none,main_benchmark,main,oracle,B,cvar,0.2,0.1,0.001,,bs_delta,deep_hedge_oracle,VaR_loss_0.95,lower,10,0|1|2|3|4|5|6|7|8|9,0.04812402317531038,0.020355527102947236,-0.027768496072363154,0.0005753024788113486,0.000181926617658462,-0.028180042673602895,-0.027356949471123413,1.1305235256832e-16,-0.0281032510398367,-0.027426141218537762
train=oracle|feat=B|obj=cvar|sigtrue=0.2|sigbar=0.1|lam=0.001|robust=none,main_benchmark,main,oracle,B,cvar,0.2,0.1,0.001,,bs_delta,deep_hedge_oracle,ES_loss_0.95,lower,10,0|1|2|3|4|5|6|7|8|9,0.0617829819192882,0.02483703587204218,-0.036945946047246034,0.0006094945987843302,0.00019273911537289766,-0.03738195221763822,-0.036509939876853845,1.45567139162953e-17,-0.03728184483697646,-0.03656957887829605
train=oracle|feat=B|obj=cvar|sigtrue=0.2|sigbar=0.1|lam=0.001|robust=none,main_benchmark,main,oracle,B,cvar,0.2,0.1,0.001,,bs_delta,deep_hedge_oracle,VaR_loss_0.99,lower,10,0|1|2|3|4|5|6|7|8|9,0.07029956513429549,0.027496837079524994,-0.04280272805477049,0.000728276152217537,0.00023030114065909034,-0.04332370542971305,-0.04228175067982794,1.92233792192092e-17,-0.043156377841305674,-0.042311986950137534
train=oracle|feat=B|obj=cvar|sigtrue=0.2|sigbar=0.1|lam=0.001|robust=none,main_benchmark,main,oracle,B,cvar,0.2,0.1,0.001,,bs_delta,deep_hedge_oracle,ES_loss_0.99,lower,10,0|1|2|3|4|5|6|7|8|9,0.08207539242531159,0.032074029371142385,-0.05000136305416919,0.0007045134432437932,0.00022278671228581504,-0.05050534161114281,-0.04949738449719557,3.52144077587326e-18,-0.0503532279964252,-0.049553332391343935
train=oracle|feat=B|obj=cvar|sigtrue=0.2|sigbar=0.1|lam=0.001|robust=none,main_benchmark,main,oracle,B,cvar,0.2,0.1,0.001,,bs_delta,deep_hedge_oracle,mean_turnover,lower,10,0|1|2|3|4|5|6|7|8|9,3.9358461554228144,3.054179223761678,-0.8816669316611371,0.02310495519150003,0.0073064283641271965,-0.8981952209195194,-0.8651386424027547,9.36220737570225e-16,-0.8963577491958177,-0.8694099990011781
train=oracle|feat=B|obj=cvar|sigtrue=0.2|sigbar=0.1|lam=0.001|robust=none,main_benchmark,main,oracle,B,cvar,0.2,0.1,0.001,,bs_delta,deep_hedge_oracle,max_turnover,lower,10,0|1|2|3|4|5|6|7|8|9,9.742936168102634,5.362223529815674,-4.380712638286961,0.307380770154901,0.09720233426261947,-4.600599594979851,-4.160825681594071,6.519328667135202e-12,-4.568593965598996,-4.20896724332355
train=oracle|feat=B|obj=cvar|sigtrue=0.2|sigbar=0.1|lam=0.001|robust=none,main_benchmark,main,oracle,B,cvar,0.2,0.1,0.001,,bs_delta,deep_hedge_oracle,total_turnover,lower,10,0|1|2|3|4|5|6|7|8|9,393584.6155422815,305417.9223761678,-88166.6931661137,2310.4955191499985,730.6428364127181,-89819.52209195193,-86513.86424027548,9.362207375702081e-16,-89584.32646287665,-86928.86835339054
train=oracle|feat=B|obj=cvar|sigtrue=0.2|sigbar=0.1|lam=0|robust=none,main_benchmark,main,oracle,B,cvar,0.2,0.1,0.0,,bs_delta,deep_hedge_oracle,mean_PL,higher,10,0|1|2|3|4|5|6|7|8|9,1.202721365444099e-05,1.7615652086533374e-05,5.588438432092383e-06,7.171770220440941e-05,2.267912875196124e-05,-4.571531512017945e-05,5.6892191984364214e-05,0.8108905721056081,-3.497498357908403e-05,4.865917449062037e-05
train=oracle|feat=B|obj=cvar|sigtrue=0.2|sigbar=0.1|lam=0|robust=none,main_benchmark,main,oracle,B,cvar,0.2,0.1,0.0,,bs_delta,deep_hedge_oracle,std_PL,lower,10,0|1|2|3|4|5|6|7|8|9,0.022429912298436085,0.011946121975779534,-0.01048379032265655,0.00020439089376095783,6.463407572821255e-05,-0.010630002760025969,-0.010337577885287132,6.542626366070796e-17,-0.01061162262840374,-0.010369889371159138
train=oracle|feat=B|obj=cvar|sigtrue=0.2|sigbar=0.1|lam=0|robust=none,main_benchmark,main,oracle,B,cvar,0.2,0.1,0.0,,bs_delta,deep_hedge_oracle,VaR_loss_0.95,lower,10,0|1|2|3|4|5|6|7|8|9,0.041805551325598315,0.016824696585536,-0.024980854740062307,0.0003289315200237377,0.00010401727974962936,-0.025216158174502717,-0.024745551305621897,1.9145971239789747e-18,-0.025179521876280118,-0.024791138035555087
train=oracle|feat=B|obj=cvar|sigtrue=0.2|sigbar=0.1|lam=0|robust=none,main_benchmark,main,oracle,B,cvar,0.2,0.1,0.0,,bs_delta,deep_hedge_oracle,ES_loss_0.95,lower,10,0|1|2|3|4|5|6|7|8|9,0.05504797141733643,0.021287459693849087,-0.03376051172348734,0.0004341873093517712,0.00013730208286917233,-0.03407111061371695,-0.03344991283325773,1.5488855184053552e-18,-0.03402130020554954,-0.033509787191703194
train=oracle|feat=B|obj=cvar|sigtrue=0.2|sigbar=0.1|lam=0|robust=none,main_benchmark,main,oracle,B,cvar,0.2,0.1,0.0,,bs_delta,deep_hedge_oracle,VaR_loss_0.99,lower,10,0|1|2|3|4|5|6|7|8|9,0.06329210418948483,0.023918072693049908,-0.03937403149643493,0.0005500939824686029,0.0001739549911753519,-0.039767545025726755,-0.03898051796714311,3.2628855589574036e-18,-0.03968088851059472,-0.03903758752532108
train=oracle|feat=B|obj=cvar|sigtrue=0.2|sigbar=0.1|lam=0|robust=none,main_benchmark,main,oracle,B,cvar,0.2,0.1,0.0,,bs_delta,deep_hedge_oracle,ES_loss_0.99,lower,10,0|1|2|3|4|5|6|7|8|9,0.0747940338372854,0.028508235700428486,-0.04628579813685692,0.000581519487125063,0.000183892608308816,-0.046701792117928353,-0.04586980415578548,1.2550675395791429e-18,-0.046626314751152996,-0.04594591500779295
train=oracle|feat=B|obj=cvar|sigtrue=0.2|sigbar=0.1|lam=0|robust=none,main_benchmark,main,oracle,B,cvar,0.2,0.1,0.0,,bs_delta,deep_hedge_oracle,mean_turnover,lower,10,0|1|2|3|4|5|6|7|8|9,3.9358461554228144,3.1730782034054994,-0.7627679520173153,0.033125039197529495,0.010475057144654942,-0.786464177567817,-0.7390717264668136,8.784831066860331e-14,-0.7836384802746732,-0.7449007155441116
train=oracle|feat=B|obj=cvar|sigtrue=0.2|sigbar=0.1|lam=0|robust=none,main_benchmark,main,oracle,B,cvar,0.2,0.1,0.0,,bs_delta,deep_hedge_oracle,max_turnover,lower,10,0|1|2|3|4|5|6|7|8|9,9.742936168102634,5.654123735427857,-4.088812432674779,0.3334075161282093,0.10543271399844648,-4.327317801839619,-3.850307063509938,2.5042295909455765e-11,-4.296492986649644,-3.8947204473267334
train=oracle|feat=B|obj=cvar|sigtrue=0.2|sigbar=0.1|lam=0|robust=none,main_benchmark,main,oracle,B,cvar,0.2,0.1,0.0,,bs_delta,deep_hedge_oracle,total_turnover,lower,10,0|1|2|3|4|5|6|7|8|9,393584.6155422815,317307.8203405499,-76276.79520173153,3312.503919752952,1047.505714465495,-78646.4177567817,-73907.17264668136,8.784831066860392e-14,-78359.41649134259,-74460.88529115307
train=oracle|feat=B|obj=cvar|sigtrue=0.2|sigbar=0.25|lam=0.0001|robust=none,main_benchmark,main,oracle,B,cvar,0.2,0.25,0.0001,,bs_delta,deep_hedge_oracle,mean_PL,higher,10,0|1|2|3|4|5|6|7|8|9,-0.0002908084485038323,-0.0003037233400391415,-1.2914891535309193e-05,1.406643144976548e-05,4.4481961931883286e-06,-2.2977410415261875e-05,-2.852372655356508e-06,0.017498248252986615,-2.100291712607206e-05,-4.528638696300615e-06
train=oracle|feat=B|obj=cvar|sigtrue=0.2|sigbar=0.25|lam=0.0001|robust=none,main_benchmark,main,oracle,B,cvar,0.2,0.25,0.0001,,bs_delta,deep_hedge_oracle,std_PL,lower,10,0|1|2|3|4|5|6|7|8|9,0.011766749834533765,0.01195867732167244,0.0001919274871386739,0.0001326501961792395,4.194767519945619e-05,9.703525322349146e-05,0.00028681972105385633,0.0013365530435350255,0.00011051448236595669,0.00026848132959165474
train=oracle|feat=B|obj=cvar|sigtrue=0.2|sigbar=0.25|lam=0.0001|robust=none,main_benchmark,main,oracle,B,cvar,0.2,0.25,0.0001,,bs_delta,deep_hedge_oracle,VaR_loss_0.95,lower,10,0|1|2|3|4|5|6|7|8|9,0.017164658043928555,0.01716635935008526,1.701306156699431e-06,0.0001541386769727068,4.8742929475870086e-05,-0.00010856286089290783,0.00011196547320630669,0.9729184402195596,-8.781180593114604e-05,9.240100323286458e-05
train=oracle|feat=B|obj=cvar|sigtrue=0.2|sigbar=0.25|lam=0.0001|robust=none,main_benchmark,main,oracle,B,cvar,0.2,0.25,0.0001,,bs_delta,deep_hedge_oracle,ES_loss_0.95,lower,10,0|1|2|3|4|5|6|7|8|9,0.020809518443995523,0.02159678880125284,0.0007872703572573168,0.00022464911369227843,7.104028736057185e-05,0.0006265660623573564,0.0009479746521572772,1.512118992813968e-06,0.0006582175544153172,0.0009237170613021734
train=oracle|feat=B|obj=cvar|sigtrue=0.2|sigbar=0.25|lam=0.0001|robust=none,main_benchmark,main,oracle,B,cvar,0.2,0.25,0.0001,,bs_delta,deep_hedge_oracle,VaR_loss_0.99,lower,10,0|1|2|3|4|5|6|7|8|9,0.022842443035359143,0.024223268404603003,0.0013808253692438586,0.00036469347431337755,0.00011532620266303845,0.0011199393738313488,0.0016417113646563684,7.847840590205048e-07,0.0011694734623731527,0.0016030637419269563
train=oracle|feat=B|obj=cvar|sigtrue=0.2|sigbar=0.25|lam=0.0001|robust=none,main_benchmark,main,oracle,B,cvar,0.2,0.25,0.0001,,bs_delta,deep_hedge_oracle,ES_loss_0.99,lower,10,0|1|2|3|4|5|6|7|8|9,0.02669591375544062,0.02878310438245535,0.002087190627014725,0.00047058941332208266,0.00014881343888601659,0.0017505512403180896,0.0024238300137113603,2.0187681304612201e-07,0.0018178794949721426,0.002365455156919047
train=oracle|feat=B|obj=cvar|sigtrue=0.2|sigbar=0.25|lam=0.0001|robust=none,main_benchmark,main,oracle,B,cvar,0.2,0.25,0.0001,,bs_delta,deep_hedge_oracle,mean_turnover,lower,10,0|1|2|3|4|5|6|7|8|9,2.9968138451463204,3.155803847544193,0.15899000239787267,0.022242622827745535,0.0070337349271730925,0.14307858855114414,0.1749014162446012,3.0774415328694565e-09,0.1459038046700886,0.17203809157298647
train=oracle|feat=B|obj=cvar|sigtrue=0.2|sigbar=0.25|lam=0.0001|robust=none,main_benchmark,main,oracle,B,cvar,0.2,0.25,0.0001,,bs_delta,deep_hedge_oracle,max_turnover,lower,10,0|1|2|3|4|5|6|7|8|9,5.596999811874079,5.615822124481201,0.01882231260712146,0.11286948811996245,0.03569246607963975,-0.06191965519286757,0.09956428040711049,0.6107037014444966,-0.045063067481779115,0.08657203515224507
train=oracle|feat=B|obj=cvar|sigtrue=0.2|sigbar=0.25|lam=0.0001|robust=none,main_benchmark,main,oracle,B,cvar,0.2,0.25,0.0001,,bs_delta,deep_hedge_oracle,total_turnover,lower,10,0|1|2|3|4|5|6|7|8|9,299681.38451463205,315580.3847544193,15899.000239787269,2224.262282774552,703.3734927173089,14307.858855114417,17490.14162446012,3.07744153286943e-09,14623.855174757526,17204.63964831309
train=oracle|feat=B|obj=cvar|sigtrue=0.2|sigbar=0.25|lam=0.0005|robust=none,main_benchmark,main,oracle,B,cvar,0.2,0.25,0.0005,,bs_delta,deep_hedge_oracle,mean_PL,higher,10,0|1|2|3|4|5|6|7|8|9,-0.0015167013527036177,-0.0015560968313366175,-3.939547863299993e-05,2.1081519588116087e-05,6.666561843590159e-06,-5.4476289258714615e-05,-2.4314668007285248e-05,0.00022641492193318036,-5.270334528534605e-05,-2.8186909156235645e-05
train=oracle|feat=B|obj=cvar|sigtrue=0.2|sigbar=0.25|lam=0.0005|robust=none,main_benchmark,main,oracle,B,cvar,0.2,0.25,0.0005,,bs_delta,deep_hedge_oracle,std_PL,lower,10,0|1|2|3|4|5|6|7|8|9,0.011670646816686303,0.012186914123594761,0.0005162673069084571,0.0001854020288115841,5.8629269386076655e-05,0.00038363868521711835,0.0006488959285997959,1.0204115730985234e-05,0.0004017906851273469,0.000618416436317048
train=oracle|feat=B|obj=cvar|sigtrue=0.2|sigbar=0.25|lam=0.0005|robust=none,main_benchmark,main,oracle,B,cvar,0.2,0.25,0.0005,,bs_delta,deep_hedge_oracle,VaR_loss_0.95,lower,10,0|1|2|3|4|5|6|7|8|9,0.018238280302310197,0.018735706992447376,0.000497426690137177,0.0002517022318741926,7.959523448702806e-05,0.00031736976031774384,0.0006774836199566102,0.00014973210788963358,0.0003445007869522135,0.0006446770257572179
train=oracle|feat=B|obj=cvar|sigtrue=0.2|sigbar=0.25|lam=0.0005|robust=none,main_benchmark,main,oracle,B,cvar,0.2,0.25,0.0005,,bs_delta,deep_hedge_oracle,ES_loss_0.95,lower,10,0|1|2|3|4|5|6|7|8|9,0.021973573858138865,0.023107472434639932,0.0011338985765010664,0.0002690683992909814,8.508689881351357e-05,0.0009414186388897906,0.0013263785141123421,3.1376630254446274e-07,0.0009644124446751244,0.0012802010772948334
train=oracle|feat=B|obj=cvar|sigtrue=0.2|sigbar=0.25|lam=0.0005|robust=none,main_benchmark,main,oracle,B,cvar,0.2,0.25,0.0005,,bs_delta,deep_hedge_oracle,VaR_loss_0.99,lower,10,0|1|2|3|4|5|6|7|8|9,0.02404994517418809,0.02567744441330433,0.0016274992391162387,0.00032512106033054307,0.00010281230659335322,0.0013949216433322795,0.0018600768349001978,7.061261840119447e-08,0.0014262713403150268,0.0018075291428395336
train=oracle|feat=B|obj=cvar|sigtrue=0.2|sigbar=0.25|lam=0.0005|robust=none,main_benchmark,main,oracle,B,cvar,0.2,0.25,0.0005,,bs_delta,deep_hedge_oracle,ES_loss_0.99,lower,10,0|1|2|3|4|5|6|7|8|9,0.028062116450441578,0.030181074887514113,0.002118958437072537,0.00043520946008259977,0.0001376253153113147,0.0018076283442586849,0.0024302885298863887,8.991515057121658e-08,0.0018648293603296554,0.002382682804793821
train=oracle|feat=B|obj=cvar|sigtrue=0.2|sigbar=0.25|lam=0.0005|robust=none,main_benchmark,main,oracle,B,cvar,0.2,0.25,0.0005,,bs_delta,deep_hedge_oracle,mean_turnover,lower,10,0|1|2|3|4|5|6|7|8|9,2.9968138451463204,3.09893583620131,0.10212199105498954,0.026050551616827303,0.008237907741295623,0.08348654905154686,0.12075743305843221,5.834344302575999e-07,0.08888038195840653,0.11866038036808316
train=oracle|feat=B|obj=cvar|sigtrue=0.2|sigbar=0.25|lam=0.0005|robust=none,main_benchmark,main,oracle,B,cvar,0.2,0.25,0.0005,,bs_delta,deep_hedge_oracle,max_turnover,lower,10,0|1|2|3|4|5|6|7|8|9,5.596999811874079,5.476674270629883,-0.12032554124419689,0.11371506190505495,0.03595985998870196,-0.2016723960908596,-0.038978686397534185,0.008576463445779236,-0.18448459704082085,-0.05252218157028695
train=oracle|feat=B|obj=cvar|sigtrue=0.2|sigbar=0.25|lam=0.0005|robust=none,main_benchmark,main,oracle,B,cvar,0.2,0.25,0.0005,,bs_delta,deep_hedge_oracle,total_turnover,lower,10,0|1|2|3|4|5|6|7|8|9,299681.38451463205,309893.583620131,10212.199105498958,2605.05516168273,823.7907741295622,8348.65490515469,12075.743305843225,5.834344302575987e-07,8894.094482103104,11907.558641110452
train=oracle|feat=B|obj=cvar|sigtrue=0.2|sigbar=0.25|lam=0.001|robust=none,main_benchmark,main,oracle,B,cvar,0.2,0.25,0.001,,bs_delta,deep_hedge_oracle,mean_PL,higher,10,0|1|2|3|4|5|6|7|8|9,-0.0030490674550755687,-0.0030869935173541306,-3.792606227856236e-05,2.1288344611589106e-05,6.731965658719412e-06,-5.3154826613146015e-05,-2.269729794397871e-05,0.000320172205348089,-4.9750131669352934e-05,-2.432803094083939e-05
train=oracle|feat=B|obj=cvar|sigtrue=0.2|sigbar=0.25|lam=0.001|robust=none,main_benchmark,main,oracle,B,cvar,0.2,0.25,0.001,,bs_delta,deep_hedge_oracle,std_PL,lower,10,0|1|2|3|4|5|6|7|8|9,0.011563958557029913,0.0122174140997231,0.0006534555426931864,0.0003284676881655485,0.00010387060323730675,0.0004184839135757426,0.0008884271718106303,0.00014249090573285945,0.0004594612138433004,0.000839817877300603
train=oracle|feat=B|obj=cvar|sigtrue=0.2|sigbar=0.25|lam=0.001|robust=none,main_benchmark,main,oracle,B,cvar,0.2,0.25,0.001,,bs_delta,deep_hedge_oracle,VaR_loss_0.95,lower,10,0|1|2|3|4|5|6|7|8|9,0.019617430376820098,0.020355527102947236,0.0007380967261271385,0.0004411169861017366,0.0001394934390670327,0.00042254064377829554,0.0010536528084759814,0.0004995959214891966,0.00047966494797483256,0.0009941033665528513
train=oracle|feat=B|obj=cvar|sigtrue=0.2|sigbar=0.25|lam=0.001|robust=none,main_benchmark,main,oracle,B,cvar,0.2,0.25,0.001,,bs_delta,deep_hedge_oracle,ES_loss_0.95,lower,10,0|1|2|3|4|5|6|7|8|9,0.023488245034768616,0.02483703587204218,0.0013487908372735596,0.0003721167286306034,0.00011767364179234962,0.0010825945656204458,0.0016149871089266735,1.1368616185090994e-06,0.0011383348592097558,0.0015772791033799732
train=oracle|feat=B|obj=cvar|sigtrue=0.2|sigbar=0.25|lam=0.001|robust=none,main_benchmark,main,oracle,B,cvar,0.2,0.25,0.001,,bs_delta,deep_hedge_oracle,VaR_loss_0.99,lower,10,0|1|2|3|4|5|6|7|8|9,0.025640298261479004,0.027496837079524994,0.00185653881804599,0.0003589741401488939,0.00011351759039710001,0.0015997441878255975,0.0021133334482663826,5.3124132500497106e-08,0.0016583514937308437,0.002081802750711489
train=oracle|feat=B|obj=cvar|sigtrue=0.2|sigbar=0.25|lam=0.001|robust=none,main_benchmark,main,oracle,B,cvar,0.2,0.25,0.001,,bs_delta,deep_hedge_oracle,ES_loss_0.99,lower,10,0|1|2|3|4|5|6|7|8|9,0.02983996535714812,0.032074029371142385,0.00223406401399427,0.0004091579254776854,0.0001293870967218923,0.0019413700663711774,0.002526757961617363,3.305049403719656e-08,0.0020090990051436436,0.0024876850157203195
train=oracle|feat=B|obj=cvar|sigtrue=0.2|sigbar=0.25|lam=0.001|robust=none,main_benchmark,main,oracle,B,cvar,0.2,0.25,0.001,,bs_delta,deep_hedge_oracle,mean_turnover,lower,10,0|1|2|3|4|5|6|7|8|9,2.9968138451463204,3.054179223761678,0.057365378615357086,0.021573314594425467,0.006822081079773611,0.0419327590355571,0.07279799819515707,1.4832964714893773e-05,0.043695578548723066,0.06915082188817956
train=oracle|feat=B|obj=cvar|sigtrue=0.2|sigbar=0.25|lam=0.001|robust=none,main_benchmark,main,oracle,B,cvar,0.2,0.25,0.001,,bs_delta,deep_hedge_oracle,max_turnover,lower,10,0|1|2|3|4|5|6|7|8|9,5.596999811874079,5.362223529815674,-0.2347762820584059,0.10404050155493556,0.03290049538198862,-0.30920237334638073,-0.16035019077043106,5.449025849608633e-05,-0.296686918105278,-0.1741715799361492
train=oracle|feat=B|obj=cvar|sigtrue=0.2|sigbar=0.25|lam=0.001|robust=none,main_benchmark,main,oracle,B,cvar,0.2,0.25,0.001,,bs_delta,deep_hedge_oracle,total_turnover,lower,10,0|1|2|3|4|5|6|7|8|9,299681.38451463205,305417.9223761678,5736.537861535716,2157.331459442542,682.2081079773596,4193.275903555721,7279.799819515711,1.4832964714893373e-05,4383.1611249501375,6923.820044891517
train=oracle|feat=B|obj=cvar|sigtrue=0.2|sigbar=0.25|lam=0|robust=none,main_benchmark,main,oracle,B,cvar,0.2,0.25,0.0,,bs_delta,deep_hedge_oracle,mean_PL,higher,10,0|1|2|3|4|5|6|7|8|9,1.566474966833332e-05,1.7615652086533374e-05,1.950902418200056e-06,1.3865348165596304e-05,4.384608075452181e-06,-7.967770145746946e-06,1.186957498214706e-05,0.6668690077947286,-6.110205644276738e-06,1.0267450576142533e-05
train=oracle|feat=B|obj=cvar|sigtrue=0.2|sigbar=0.25|lam=0|robust=none,main_benchmark,main,oracle,B,cvar,0.2,0.25,0.0,,bs_delta,deep_hedge_oracle,std_PL,lower,10,0|1|2|3|4|5|6|7|8|9,0.01179223930652464,0.011946121975779534,0.00015388266925489262,0.00018773694465711247,5.936763460774541e-05,1.9583749388594736e-05,0.0002881815891211905,0.02911638005743932,3.4539252492573564e-05,0.0002546481000920006
train=oracle|feat=B|obj=cvar|sigtrue=0.2|sigbar=0.25|lam=0|robust=none,main_benchmark,main,oracle,B,cvar,0.2,0.25,0.0,,bs_delta,deep_hedge_oracle,VaR_loss_0.95,lower,10,0|1|2|3|4|5|6|7|8|9,0.016903158895192776,0.016824696585536,-7.846230965677693e-05,0.00021740198254747105,6.874854326861835e-05,-0.00023398231924382423,7.705769993027038e-05,0.28320423726842325,-0.00019628196694837773,5.4703096003134866e-05
train=oracle|feat=B|obj=cvar|sigtrue=0.2|sigbar=0.25|lam=0|robust=none,main_benchmark,main,oracle,B,cvar,0.2,0.25,0.0,,bs_delta,deep_hedge_oracle,ES_loss_0.95,lower,10,0|1|2|3|4|5|6|7|8|9,0.020525294876095057,0.021287459693849087,0.00076216481775403,0.0002755463320287238,8.71354010115772e-05,0.0005650508462223967,0.0009592787892856633,1.0775485754570117e-05,0.0006027308704760043,0.0009246321456413146
train=oracle|feat=B|obj=cvar|sigtrue=0.2|sigbar=0.25|lam=0|robust=none,main_benchmark,main,oracle,B,cvar,0.2,0.25,0.0,,bs_delta,deep_hedge_oracle,VaR_loss_0.99,lower,10,0|1|2|3|4|5|6|7|8|9,0.022545967761849212,0.023918072693049908,0.001372104931200695,0.0004004060324180838,0.00012661950513123623,0.0010856717107181049,0.001658538151683285,1.8265035543362121e-06,0.001152376983653179,0.0016163968927146442
train=oracle|feat=B|obj=cvar|sigtrue=0.2|sigbar=0.25|lam=0|robust=none,main_benchmark,main,oracle,B,cvar,0.2,0.25,0.0,,bs_delta,deep_hedge_oracle,ES_loss_0.99,lower,10,0|1|2|3|4|5|6|7|8|9,0.026362784655406285,0.028508235700428486,0.0021454510450222,0.00046799995166335145,0.00014799457921048974,0.0018106640476058843,0.0024802380424385154,1.5166746073614438e-07,0.0018587649215937047,0.002405393243069794
train=oracle|feat=B|obj=cvar|sigtrue=0.2|sigbar=0.25|lam=0|robust=none,main_benchmark,main,oracle,B,cvar,0.2,0.25,0.0,,bs_delta,deep_hedge_oracle,mean_turnover,lower,10,0|1|2|3|4|5|6|7|8|9,2.9968138451463204,3.1730782034054994,0.17626435825917888,0.031889854519285735,0.01008445745323569,0.15345173059840803,0.19907698591994974,2.9694092715459442e-08,0.15572959284235893,0.19400238304731882
train=oracle|feat=B|obj=cvar|sigtrue=0.2|sigbar=0.25|lam=0|robust=none,main_benchmark,main,oracle,B,cvar,0.2,0.25,0.0,,bs_delta,deep_hedge_oracle,max_turnover,lower,10,0|1|2|3|4|5|6|7|8|9,5.596999811874079,5.654123735427857,0.05712392355377673,0.1163727710631565,0.036800301418490895,-0.02612414189319539,0.14037198900074885,0.15501442320768286,-0.010210247202791668,0.1275162743382235
train=oracle|feat=B|obj=cvar|sigtrue=0.2|sigbar=0.25|lam=0|robust=none,main_benchmark,main,oracle,B,cvar,0.2,0.25,0.0,,bs_delta,deep_hedge_oracle,total_turnover,lower,10,0|1|2|3|4|5|6|7|8|9,299681.38451463205,317307.8203405499,17626.435825917888,3188.985451928573,1008.445745323569,15345.173059840803,19907.698591994973,2.9694092715459442e-08,15648.159840948392,19315.117254480174
train=oracle|feat=B|obj=cvar|sigtrue=0.2|sigbar=0.2|lam=0.0001|robust=none,main_benchmark,main,oracle,B,cvar,0.2,0.2,0.0001,,bs_delta,deep_hedge_oracle,mean_PL,higher,10,0|1|2|3|4|5|6|7|8|9,-0.00031714012177910805,-0.0003037233400391415,1.3416781739966627e-05,2.3385076932055385e-05,7.395010636355764e-06,-3.311894540034478e-06,3.0145458019967734e-05,0.10303000403224367,-3.515802205764682e-07,2.6917946520356444e-05
train=oracle|feat=B|obj=cvar|sigtrue=0.2|sigbar=0.2|lam=0.0001|robust=none,main_benchmark,main,oracle,B,cvar,0.2,0.2,0.0001,,bs_delta,deep_hedge_oracle,std_PL,lower,10,0|1|2|3|4|5|6|7|8|9,0.009730768348056175,0.01195867732167244,0.002227908973616264,0.00012299704560261228,3.889508095758522e-05,0.002139922187630446,0.0023158957596020814,7.585409679791981e-13,0.0021538247457350656,0.002298067769623813
train=oracle|feat=B|obj=cvar|sigtrue=0.2|sigbar=0.2|lam=0.0001|robust=none,main_benchmark,main,oracle,B,cvar,0.2,0.2,0.0001,,bs_delta,deep_hedge_oracle,VaR_loss_0.95,lower,10,0|1|2|3|4|5|6|7|8|9,0.016416011687868243,0.01716635935008526,0.0007503476622170154,0.00018905660020956526,5.978494633500927e-05,0.0006151047176377679,0.000885590606796263,5.249050535183696e-07,0.0006288078772235115,0.0008495976255392443
train=oracle|feat=B|obj=cvar|sigtrue=0.2|sigbar=0.2|lam=0.0001|robust=none,main_benchmark,main,oracle,B,cvar,0.2,0.2,0.0001,,bs_delta,deep_hedge_oracle,ES_loss_0.95,lower,10,0|1|2|3|4|5|6|7|8|9,0.02297457408626479,0.02159678880125284,-0.001377785285011948,0.0002619844570702023,8.284675959044425e-05,-0.0015651976756340922,-0.0011903728943898036,4.589976147430123e-08,-0.0015298255872357698,-0.0012244634314438414
train=oracle|feat=B|obj=cvar|sigtrue=0.2|sigbar=0.2|lam=0.0001|robust=none,main_benchmark,main,oracle,B,cvar,0.2,0.2,0.0001,,bs_delta,deep_hedge_oracle,VaR_loss_0.99,lower,10,0|1|2|3|4|5|6|7|8|9,0.0269837932276151,0.024223268404603003,-0.002760524823012095,0.00043311502360131933,0.00013696299634177525,-0.003070356646224946,-0.002450692999799244,8.480813700195716e-09,-0.003005003711616638,-0.0025044245170801824
train=oracle|feat=B|obj=cvar|sigtrue=0.2|sigbar=0.2|lam=0.0001|robust=none,main_benchmark,main,oracle,B,cvar,0.2,0.2,0.0001,,bs_delta,deep_hedge_oracle,ES_loss_0.99,lower,10,0|1|2|3|4|5|6|7|8|9,0.0336017793166257,0.02878310438245535,-0.004818674934170352,0.00046944075121363026,0.0001484502000335525,-0.0051544926174950795,-0.004482857250845625,1.2292407415404017e-10,-0.005091268689520845,-0.004544042963433911
train=oracle|feat=B|obj=cvar|sigtrue=0.2|sigbar=0.2|lam=0.0001|robust=none,main_benchmark,main,oracle,B,cvar,0.2,0.2,0.0001,,bs_delta,deep_hedge_oracle,mean_turnover,lower,10,0|1|2|3|4|5|6|7|8|9,3.2283590806727864,3.155803847544193,-0.07255523312859342,0.022418646698033184,0.007089398562439794,-0.0885925668665479,-0.05651789939063895,2.9498242769546867e-06,-0.08576576586702513,-0.059574689322470814
train=oracle|feat=B|obj=cvar|sigtrue=0.2|sigbar=0.2|lam=0.0001|robust=none,main_benchmark,main,oracle,B,cvar,0.2,0.2,0.0001,,bs_delta,deep_hedge_oracle,max_turnover,lower,10,0|1|2|3|4|5|6|7|8|9,6.413278655629202,5.615822124481201,-0.7974565311479996,0.13798024609452286,0.04363318497692449,-0.8961616530792484,-0.6987514092167508,2.0073093367938887e-08,-0.8803644009780278,-0.7181032196791772
train=oracle|feat=B|obj=cvar|sigtrue=0.2|sigbar=0.2|lam=0.0001|robust=none,main_benchmark,main,oracle,B,cvar,0.2,0.2,0.0001,,bs_delta,deep_hedge_oracle,total_turnover,lower,10,0|1|2|3|4|5|6|7|8|9,322835.9080672787,315580.3847544193,-7255.523312859342,2241.8646698033085,708.9398562439762,-8859.256686654782,-5651.789939063901,2.9498242769545812e-06,-8532.699587572148,-5952.276817616578
train=oracle|feat=B|obj=cvar|sigtrue=0.2|sigbar=0.2|lam=0.0005|robust=none,main_benchmark,main,oracle,B,cvar,0.2,0.2,0.0005,,bs_delta,deep_hedge_oracle,mean_PL,higher,10,0|1|2|3|4|5|6|7|8|9,-0.0016362549993144567,-0.0015560968313366175,8.015816797783935e-05,2.81061105364981e-05,8.887932546379105e-06,6.005226770558056e-05,0.00010026406825009813,8.39378482877297e-06,6.391674237808192e-05,9.66381270798604e-05
train=oracle|feat=B|obj=cvar|sigtrue=0.2|sigbar=0.2|lam=0.0005|robust=none,main_benchmark,main,oracle,B,cvar,0.2,0.2,0.0005,,bs_delta,deep_hedge_oracle,std_PL,lower,10,0|1|2|3|4|5|6|7|8|9,0.009789751824954904,0.012186914123594761,0.002397162298639858,0.0001832089271857935,5.7935749758305e-05,0.002266102527342024,0.002528222069937692,1.4021605044735738e-11,0.0022818809121230247,0.002495629493536232
train=oracle|feat=B|obj=cvar|sigtrue=0.2|sigbar=0.2|lam=0.0005|robust=none,main_benchmark,main,oracle,B,cvar,0.2,0.2,0.0005,,bs_delta,deep_hedge_oracle,VaR_loss_0.95,lower,10,0|1|2|3|4|5|6|7|8|9,0.01802331181079958,0.018735706992447376,0.0007123951816477948,0.00030377420708972166,9.606183888151897e-05,0.0004950882047503996,0.00092970215854519,4.034445121271618e-05,0.000512487370980922,0.000870066434565283
train=oracle|feat=B|obj=cvar|sigtrue=0.2|sigbar=0.2|lam=0.0005|robust=none,main_benchmark,main,oracle,B,cvar,0.2,0.2,0.0005,,bs_delta,deep_hedge_oracle,ES_loss_0.95,lower,10,0|1|2|3|4|5|6|7|8|9,0.02470579340774754,0.023107472434639932,-0.001598320973107607,0.00029003729875944604,9.171784704825782e-05,-0.0018058011577642536,-0.0013908407884509603,3.048460873603122e-08,-0.0017812625401076895,-0.001437507844703013
train=oracle|feat=B|obj=cvar|sigtrue=0.2|sigbar=0.2|lam=0.0005|robust=none,main_benchmark,main,oracle,B,cvar,0.2,0.2,0.0005,,bs_delta,deep_hedge_oracle,VaR_loss_0.99,lower,10,0|1|2|3|4|5|6|7|8|9,0.0288025455501272,0.02567744441330433,-0.003125101136822875,0.0003920443538767881,0.00012397531020597133,-0.0034055527728154423,-0.0028446495008303077,1.1698239950367373e-09,-0.0033491276660973616,-0.0028818119664475693
train=oracle|feat=B|obj=cvar|sigtrue=0.2|sigbar=0.2|lam=0.0005|robust=none,main_benchmark,main,oracle,B,cvar,0.2,0.2,0.0005,,bs_delta,deep_hedge_oracle,ES_loss_0.99,lower,10,0|1|2|3|4|5|6|7|8|9,0.03548227623206608,0.030181074887514113,-0.005301201344551965,0.00044437180464536026,0.00014052270306387298,-0.005619085783823671,-0.004983316905280259,3.2064170648323976e-11,-0.005547368555515818,-0.005037712560763814
train=oracle|feat=B|obj=cvar|sigtrue=0.2|sigbar=0.2|lam=0.0005|robust=none,main_benchmark,main,oracle,B,cvar,0.2,0.2,0.0005,,bs_delta,deep_hedge_oracle,mean_turnover,lower,10,0|1|2|3|4|5|6|7|8|9,3.2283590806727864,3.09893583620131,-0.12942324447147655,0.025987832440613742,0.008218074196315192,-0.14801381987907805,-0.11083266906387504,7.384931493840495e-08,-0.14281136104810752,-0.11239411819573536
train=oracle|feat=B|obj=cvar|sigtrue=0.2|sigbar=0.2|lam=0.0005|robust=none,main_benchmark,main,oracle,B,cvar,0.2,0.2,0.0005,,bs_delta,deep_hedge_oracle,max_turnover,lower,10,0|1|2|3|4|5|6|7|8|9,6.413278655629202,5.476674270629883,-0.936604384999318,0.1391115443589002,0.04399093289976726,-1.0361187889567016,-0.8370899810419343,5.226368337847674e-09,-1.0191979539370715,-0.8549547981883584
train=oracle|feat=B|obj=cvar|sigtrue=0.2|sigbar=0.2|lam=0.0005|robust=none,main_benchmark,main,oracle,B,cvar,0.2,0.2,0.0005,,bs_delta,deep_hedge_oracle,total_turnover,lower,10,0|1|2|3|4|5|6|7|8|9,322835.9080672787,309893.583620131,-12942.324447147654,2598.7832440613697,821.8074196315177,-14801.381987907802,-11083.266906387506,7.384931493840374e-08,-14283.874556682773,-11212.947244606046
train=oracle|feat=B|obj=cvar|sigtrue=0.2|sigbar=0.2|lam=0.001|robust=none,main_benchmark,main,oracle,B,cvar,0.2,0.2,0.001,,bs_delta,deep_hedge_oracle,mean_PL,higher,10,0|1|2|3|4|5|6|7|8|9,-0.003285148566236254,-0.0030869935173541306,0.00019815504888212303,3.041815806429226e-05,9.619066171018203e-06,0.0001763952094439243,0.00021991488832032177,6.994070696970618e-09,0.00018005876426576358,0.00021627157941396738
train=oracle|feat=B|obj=cvar|sigtrue=0.2|sigbar=0.2|lam=0.001|robust=none,main_benchmark,main,oracle,B,cvar,0.2,0.2,0.001,,bs_delta,deep_hedge_oracle,std_PL,lower,10,0|1|2|3|4|5|6|7|8|9,0.009885868835280075,0.0122174140997231,0.0023315452644430265,0.00032931679126543774,0.0001041391132137027,0.002095966223559196,0.002567124305326857,3.3495031561314463e-09,0.0021347912950832964,0.0025161273104071283
train=oracle|feat=B|obj=cvar|sigtrue=0.2|sigbar=0.2|lam=0.001|robust=none,main_benchmark,main,oracle,B,cvar,0.2,0.2,0.001,,bs_delta,deep_hedge_oracle,VaR_loss_0.95,lower,10,0|1|2|3|4|5|6|7|8|9,0.02005896715186049,0.020355527102947236,0.00029655995108674344,0.0005157090607756559,0.00016308152420372736,-7.235608701076723e-05,0.000665475989184254,0.10235024676666368,-1.0560170304277918e-05,0.0005843420092375054
train=oracle|feat=B|obj=cvar|sigtrue=0.2|sigbar=0.2|lam=0.001|robust=none,main_benchmark,main,oracle,B,cvar,0.2,0.2,0.001,,bs_delta,deep_hedge_oracle,ES_loss_0.95,lower,10,0|1|2|3|4|5|6|7|8|9,0.02689282419607893,0.02483703587204218,-0.0020557883240367504,0.000434933980013356,0.00013753820086443558,-0.0023669213502806115,-0.0017446552977928892,1.1632925311671792e-07,-0.0022940818023652523,-0.0017904893709103156
train=oracle|feat=B|obj=cvar|sigtrue=0.2|sigbar=0.2|lam=0.001|robust=none,main_benchmark,main,oracle,B,cvar,0.2,0.2,0.001,,bs_delta,deep_hedge_oracle,VaR_loss_0.99,lower,10,0|1|2|3|4|5|6|7|8|9,0.031068979524448186,0.027496837079524994,-0.00357214244492319,0.0004712513643308037,0.00014902276617471702,-0.003909255362845328,-0.0032350295270010517,1.8288134112006571e-09,-0.0038298413103824065,-0.003272327311226507
train=oracle|feat=B|obj=cvar|sigtrue=0.2|sigbar=0.2|lam=0.001|robust=none,main_benchmark,main,oracle,B,cvar,0.2,0.2,0.001,,bs_delta,deep_hedge_oracle,ES_loss_0.99,lower,10,0|1|2|3|4|5|6|7|8|9,0.03784959409048168,0.032074029371142385,-0.005775564719339291,0.0004936120808561078,0.00015609384560804973,-0.006128673530250258,-0.0054224559084283235,3.813737646136864e-11,-0.006018298103579902,-0.0054465579400819935
train=oracle|feat=B|obj=cvar|sigtrue=0.2|sigbar=0.2|lam=0.001|robust=none,main_benchmark,main,oracle,B,cvar,0.2,0.2,0.001,,bs_delta,deep_hedge_oracle,mean_turnover,lower,10,0|1|2|3|4|5|6|7|8|9,3.2283590806727864,3.054179223761678,-0.174179856911109,0.02180396844098175,0.0068950202303932956,-0.1897774763129317,-0.15858223750928627,1.1476920893802835e-09,-0.1878741580309194,-0.16246758794029642
train=oracle|feat=B|obj=cvar|sigtrue=0.2|sigbar=0.2|lam=0.001|robust=none,main_benchmark,main,oracle,B,cvar,0.2,0.2,0.001,,bs_delta,deep_hedge_oracle,max_turnover,lower,10,0|1|2|3|4|5|6|7|8|9,6.413278655629202,5.362223529815674,-1.051055125813527,0.10851823455192144,0.03431647888444535,-1.1286843943239884,-0.9734258573030656,2.0644330795228684e-10,-1.1187582342949614,-0.9919985569170289
train=oracle|feat=B|obj=cvar|sigtrue=0.2|sigbar=0.2|lam=0.001|robust=none,main_benchmark,main,oracle,B,cvar,0.2,0.2,0.001,,bs_delta,deep_hedge_oracle,total_turnover,lower,10,0|1|2|3|4|5|6|7|8|9,322835.9080672787,305417.9223761678,-17417.985691110895,2180.396844098177,689.5020230393302,-18977.74763129317,-15858.22375092862,1.147692089380297e-09,-18788.837848316634,-16226.998222750228
train=oracle|feat=B|obj=cvar|sigtrue=0.2|sigbar=0.2|lam=0|robust=none,main_benchmark,main,oracle,B,cvar,0.2,0.2,0.0,,bs_delta,deep_hedge_oracle,mean_PL,higher,10,0|1|2|3|4|5|6|7|8|9,1.2638567607340024e-05,1.7615652086533374e-05,4.9770844791933474e-06,2.325361923193275e-05,7.353440061520272e-06,-1.1657552627182009e-05,2.1611721585568706e-05,0.5155264012860545,-8.526348174800432e-06,1.82645447976904e-05
train=oracle|feat=B|obj=cvar|sigtrue=0.2|sigbar=0.2|lam=0|robust=none,main_benchmark,main,oracle,B,cvar,0.2,0.2,0.0,,bs_delta,deep_hedge_oracle,std_PL,lower,10,0|1|2|3|4|5|6|7|8|9,0.009718550287948836,0.011946121975779534,0.0022275716878306963,0.0001945631171563295,6.152625988761839e-05,0.0020883896183257365,0.002366753757335656,4.632046716667552e-11,0.002102024365054205,0.002331864456219977
train=oracle|feat=B|obj=cvar|sigtrue=0.2|sigbar=0.2|lam=0|robust=none,main_benchmark,main,oracle,B,cvar,0.2,0.2,0.0,,bs_delta,deep_hedge_oracle,VaR_loss_0.95,lower,10,0|1|2|3|4|5|6|7|8|9,0.016015042021220824,0.016824696585536,0.0008096545643151785,0.00025937670157133696,8.202211489471994e-05,0.0006241076495982305,0.0009952014790321265,3.985614789406084e-06,0.0006551910953068538,0.000962335013288512
train=oracle|feat=B|obj=cvar|sigtrue=0.2|sigbar=0.2|lam=0|robust=none,main_benchmark,main,oracle,B,cvar,0.2,0.2,0.0,,bs_delta,deep_hedge_oracle,ES_loss_0.95,lower,10,0|1|2|3|4|5|6|7|8|9,0.02254443543035514,0.021287459693849087,-0.0012569757365060528,0.0003147841485770454,9.954348808203145e-05,-0.0014821587510807379,-0.0010317927219313677,4.982573356921321e-07,-0.0014323813594510262,-0.0010670926469197645
train=oracle|feat=B|obj=cvar|sigtrue=0.2|sigbar=0.2|lam=0|robust=none,main_benchmark,main,oracle,B,cvar,0.2,0.2,0.0,,bs_delta,deep_hedge_oracle,VaR_loss_0.99,lower,10,0|1|2|3|4|5|6|7|8|9,0.026533157129019103,0.023918072693049908,-0.002615084435969193,0.0004617052877211231,0.00014600403169421215,-0.0029453685020636713,-0.002284800369874715,2.3967169381610666e-08,-0.00288051319755272,-0.0023361373237867676
train=oracle|feat=B|obj=cvar|sigtrue=0.2|sigbar=0.2|lam=0|robust=none,main_benchmark,main,oracle,B,cvar,0.2,0.2,0.0,,bs_delta,deep_hedge_oracle,ES_loss_0.99,lower,10,0|1|2|3|4|5|6|7|8|9,0.033133699968136726,0.028508235700428486,-0.004625464267708236,0.00038603810010371384,0.00012207596599318187,-0.004901619288585222,-0.00434930924683125,3.083478634201262e-11,-0.00484853341027785,-0.004391317094868579
train=oracle|feat=B|obj=cvar|sigtrue=0.2|sigbar=0.2|lam=0|robust=none,main_benchmark,main,oracle,B,cvar,0.2,0.2,0.0,,bs_delta,deep_hedge_oracle,mean_turnover,lower,10,0|1|2|3|4|5|6|7|8|9,3.2283590806727864,3.1730782034054994,-0.05528087726728721,0.03215886690102858,0.0101695266377451,-0.07828594479312943,-0.03227580974144499,0.0004131639217536964,-0.07524385406721032,-0.037849468924184275
train=oracle|feat=B|obj=cvar|sigtrue=0.2|sigbar=0.2|lam=0|robust=none,main_benchmark,main,oracle,B,cvar,0.2,0.2,0.0,,bs_delta,deep_hedge_oracle,max_turnover,lower,10,0|1|2|3|4|5|6|7|8|9,6.413278655629202,5.654123735427857,-0.7591549202013443,0.13015462182271847,0.04115850529576465,-0.8522619277662262,-0.6660479126364625,1.8519751341056985e-08,-0.8318358977166985,-0.6800275490857535
train=oracle|feat=B|obj=cvar|sigtrue=0.2|sigbar=0.2|lam=0|robust=none,main_benchmark,main,oracle,B,cvar,0.2,0.2,0.0,,bs_delta,deep_hedge_oracle,total_turnover,lower,10,0|1|2|3|4|5|6|7|8|9,322835.9080672787,317307.8203405499,-5528.087726728723,3215.886690102856,1016.9526637745092,-7828.594479312944,-3227.5809741445028,0.00041316392175369364,-7511.711119475981,-3798.2494998882435
train=oracle|feat=B|obj=cvar|sigtrue=0.2|sigbar=0.3|lam=0.0001|robust=none,main_benchmark,main,oracle,B,cvar,0.2,0.3,0.0001,,bs_delta,deep_hedge_oracle,mean_PL,higher,10,0|1|2|3|4|5|6|7|8|9,-0.00026866864727978745,-0.0003037233400391415,-3.505469275935402e-05,2.3465333554955354e-05,7.420390008923477e-06,-5.18407811687965e-05,-1.826860434991154e-05,0.0010828271553241142,-4.825314054938777e-05,-2.0554087183842953e-05
train=oracle|feat=B|obj=cvar|sigtrue=0.2|sigbar=0.3|lam=0.0001|robust=none,main_benchmark,main,oracle,B,cvar,0.2,0.3,0.0001,,bs_delta,deep_hedge_oracle,std_PL,lower,10,0|1|2|3|4|5|6|7|8|9,0.01543553031937421,0.01195867732167244,-0.0034768529977017696,0.0001317318621706356,4.165727248745809e-05,-0.0035710882950419093,-0.00338261770036163,2.5770178420666518e-14,-0.0035550780666424703,-0.003404529323704388
train=oracle|feat=B|obj=cvar|sigtrue=0.2|sigbar=0.3|lam=0.0001|robust=none,main_benchmark,main,oracle,B,cvar,0.2,0.3,0.0001,,bs_delta,deep_hedge_oracle,VaR_loss_0.95,lower,10,0|1|2|3|4|5|6|7|8|9,0.023726690846587854,0.01716635935008526,-0.006560331496502594,0.00015126649437596792,4.783466558971091e-05,-0.006668541027896415,-0.006452121965108773,2.9605576710605735e-16,-0.0066480070415422,-0.006471333380275981
train=oracle|feat=B|obj=cvar|sigtrue=0.2|sigbar=0.3|lam=0.0001|robust=none,main_benchmark,main,oracle,B,cvar,0.2,0.3,0.0001,,bs_delta,deep_hedge_oracle,ES_loss_0.95,lower,10,0|1|2|3|4|5|6|7|8|9,0.027655476667205768,0.02159678880125284,-0.006058687865952926,0.0002250836841996192,7.117771062128501e-05,-0.0062197030338664435,-0.005897672698039408,2.159505098588984e-14,-0.006184476081448764,-0.005923513573150747
train=oracle|feat=B|obj=cvar|sigtrue=0.2|sigbar=0.3|lam=0.0001|robust=none,main_benchmark,main,oracle,B,cvar,0.2,0.3,0.0001,,bs_delta,deep_hedge_oracle,VaR_loss_0.99,lower,10,0|1|2|3|4|5|6|7|8|9,0.03010382053218031,0.024223268404603003,-0.005880552127577302,0.00038273728069387013,0.00012103215524518197,-0.006154345884494095,-0.005606758370660509,3.3224160352060036e-12,-0.006104092349877209,-0.0056592252762910685
train=oracle|feat=B|obj=cvar|sigtrue=0.2|sigbar=0.3|lam=0.0001|robust=none,main_benchmark,main,oracle,B,cvar,0.2,0.3,0.0001,,bs_delta,deep_hedge_oracle,ES_loss_0.99,lower,10,0|1|2|3|4|5|6|7|8|9,0.032830373995024364,0.02878310438245535,-0.004047269612569018,0.000458631764644122,0.0001450320983577709,-0.004375355012704704,-0.003719184212433333,4.733386453296681e-10,-0.004311524172764094,-0.003777470745991702
train=oracle|feat=B|obj=cvar|sigtrue=0.2|sigbar=0.3|lam=0.0001|robust=none,main_benchmark,main,oracle,B,cvar,0.2,0.3,0.0001,,bs_delta,deep_hedge_oracle,mean_turnover,lower,10,0|1|2|3|4|5|6|7|8|9,2.814302600889079,3.155803847544193,0.3415012466551144,0.02210395432832788,0.006989884097385341,0.32568903027708485,0.35731346303314393,3.16142953136146e-12,0.32860716129403494,0.3546506238947101
train=oracle|feat=B|obj=cvar|sigtrue=0.2|sigbar=0.3|lam=0.0001|robust=none,main_benchmark,main,oracle,B,cvar,0.2,0.3,0.0001,,bs_delta,deep_hedge_oracle,max_turnover,lower,10,0|1|2|3|4|5|6|7|8|9,5.001619618412653,5.615822124481201,0.6142025060685476,0.1155075858734371,0.03652670583875508,0.5315733568219848,0.6968316553151105,4.1675298115159235e-08,0.548841365054838,0.6827224597340524
train=oracle|feat=B|obj=cvar|sigtrue=0.2|sigbar=0.3|lam=0.0001|robust=none,main_benchmark,main,oracle,B,cvar,0.2,0.3,0.0001,,bs_delta,deep_hedge_oracle,total_turnover,lower,10,0|1|2|3|4|5|6|7|8|9,281430.2600889079,315580.3847544193,34150.12466551144,2210.3954328327804,698.9884097385317,32568.903027708493,35731.346303314385,3.1614295313613666e-12,32876.515583730594,35469.1298297606
train=oracle|feat=B|obj=cvar|sigtrue=0.2|sigbar=0.3|lam=0.0005|robust=none,main_benchmark,main,oracle,B,cvar,0.2,0.3,0.0005,,bs_delta,deep_hedge_oracle,mean_PL,higher,10,0|1|2|3|4|5|6|7|8|9,-0.0014210286276666105,-0.0015560968313366175,-0.00013506820367000706,2.8101742662320507e-05,8.886551303285681e-06,-0.00015517097935330849,-0.00011496542798670564,1.0059396796073789e-07,-0.0001528971824962869,-0.00011951623252047243
train=oracle|feat=B|obj=cvar|sigtrue=0.2|sigbar=0.3|lam=0.0005|robust=none,main_benchmark,main,oracle,B,cvar,0.2,0.3,0.0005,,bs_delta,deep_hedge_oracle,std_PL,lower,10,0|1|2|3|4|5|6|7|8|9,0.015310525664469202,0.012186914123594761,-0.003123611540874443,0.00018340740134773823,5.799851279914885e-05,-0.003254813292034681,-0.002992409789714205,1.3188793568404236e-12,-0.0032361353081472276,-0.0030238166956119334
train=oracle|feat=B|obj=cvar|sigtrue=0.2|sigbar=0.3|lam=0.0005|robust=none,main_benchmark,main,oracle,B,cvar,0.2,0.3,0.0005,,bs_delta,deep_hedge_oracle,VaR_loss_0.95,lower,10,0|1|2|3|4|5|6|7|8|9,0.024620697551118155,0.018735706992447376,-0.005884990558670776,0.0002260859297743001,7.149464850036661e-05,-0.00604672268987762,-0.005723258427463932,2.9191896640825905e-14,-0.0060153557585959,-0.005752210274384788
train=oracle|feat=B|obj=cvar|sigtrue=0.2|sigbar=0.3|lam=0.0005|robust=none,main_benchmark,main,oracle,B,cvar,0.2,0.3,0.0005,,bs_delta,deep_hedge_oracle,ES_loss_0.95,lower,10,0|1|2|3|4|5|6|7|8|9,0.02849440154849664,0.023107472434639932,-0.005386929113856712,0.00026537398622062,8.391862282152979e-05,-0.005576766227564596,-0.0051970920001488275,2.7267690199575547e-13,-0.005553745858555644,-0.0052451751550880955
train=oracle|feat=B|obj=cvar|sigtrue=0.2|sigbar=0.3|lam=0.0005|robust=none,main_benchmark,main,oracle,B,cvar,0.2,0.3,0.0005,,bs_delta,deep_hedge_oracle,VaR_loss_0.99,lower,10,0|1|2|3|4|5|6|7|8|9,0.03091450508452223,0.02567744441330433,-0.005237060671217897,0.00034982778441884193,0.00011062525875739036,-0.005487312392702333,-0.004986808949733462,4.19421218206704e-12,-0.005458133139474732,-0.005052211339241994
train=oracle|feat=B|obj=cvar|sigtrue=0.2|sigbar=0.3|lam=0.0005|robust=none,main_benchmark,main,oracle,B,cvar,0.2,0.3,0.0005,,bs_delta,deep_hedge_oracle,ES_loss_0.99,lower,10,0|1|2|3|4|5|6|7|8|9,0.03363693675446395,0.030181074887514113,-0.003455861866949837,0.0004837772003393303,0.00015298378331318668,-0.0038019352281637307,-0.0031097885057359436,3.094615508907011e-09,-0.003733527405728247,-0.003168375516909838
train=oracle|feat=B|obj=cvar|sigtrue=0.2|sigbar=0.3|lam=0.0005|robust=none,main_benchmark,main,oracle,B,cvar,0.2,0.3,0.0005,,bs_delta,deep_hedge_oracle,mean_turnover,lower,10,0|1|2|3|4|5|6|7|8|9,2.814302600889079,3.09893583620131,0.2846332353122313,0.02608908054501779,0.008250091658184324,0.2659702313739279,0.30329623925053467,7.129277494300255e-11,0.2714801889036277,0.3018137037558202
train=oracle|feat=B|obj=cvar|sigtrue=0.2|sigbar=0.3|lam=0.0005|robust=none,main_benchmark,main,oracle,B,cvar,0.2,0.3,0.0005,,bs_delta,deep_hedge_oracle,max_turnover,lower,10,0|1|2|3|4|5|6|7|8|9,5.001619618412653,5.476674270629883,0.4750546522172293,0.11682221196561872,0.03694242711103312,0.3914850761168551,0.5586242283176035,4.263002567494623e-07,0.4082227228991017,0.5452823974146073
train=oracle|feat=B|obj=cvar|sigtrue=0.2|sigbar=0.3|lam=0.0005|robust=none,main_benchmark,main,oracle,B,cvar,0.2,0.3,0.0005,,bs_delta,deep_hedge_oracle,total_turnover,lower,10,0|1|2|3|4|5|6|7|8|9,281430.2600889079,309893.583620131,28463.323531223123,2608.90805450177,825.0091658184296,26597.02313739279,30329.623925053456,7.129277494300064e-11,27151.32645812433,30150.838518000648
train=oracle|feat=B|obj=cvar|sigtrue=0.2|sigbar=0.3|lam=0.001|robust=none,main_benchmark,main,oracle,B,cvar,0.2,0.3,0.001,,bs_delta,deep_hedge_oracle,mean_PL,higher,10,0|1|2|3|4|5|6|7|8|9,-0.0028614785769442487,-0.0030869935173541306,-0.0002255149404098824,2.8451327386878365e-05,8.997099699766225e-06,-0.00024586779394011817,-0.00020516208687964665,1.2301073923235385e-09,-0.00024190876727684193,-0.00020837826778479513
train=oracle|feat=B|obj=cvar|sigtrue=0.2|sigbar=0.3|lam=0.001|robust=none,main_benchmark,main,oracle,B,cvar,0.2,0.3,0.001,,bs_delta,deep_hedge_oracle,std_PL,lower,10,0|1|2|3|4|5|6|7|8|9,0.015161735384359271,0.0122174140997231,-0.002944321284636171,0.0003329070198503785,0.00010527444317860831,-0.0031824686203322525,-0.00270617394894009,4.6407028142066185e-10,-0.0031409650597713267,-0.0027535310650585744
train=oracle|feat=B|obj=cvar|sigtrue=0.2|sigbar=0.3|lam=0.001|robust=none,main_benchmark,main,oracle,B,cvar,0.2,0.3,0.001,,bs_delta,deep_hedge_oracle,VaR_loss_0.95,lower,10,0|1|2|3|4|5|6|7|8|9,0.025743916149853247,0.020355527102947236,-0.005388389046906012,0.0004191556469945327,0.0001325486538624234,-0.005688234933660154,-0.005088543160151871,1.6423604339601446e-11,-0.005626342058106765,-0.005138880233775506
train=oracle|feat=B|obj=cvar|sigtrue=0.2|sigbar=0.3|lam=0.001|robust=none,main_benchmark,main,oracle,B,cvar,0.2,0.3,0.001,,bs_delta,deep_hedge_oracle,ES_loss_0.95,lower,10,0|1|2|3|4|5|6|7|8|9,0.02957533641057199,0.02483703587204218,-0.00473830053852981,0.00042029478608128387,0.00013290888127100918,-0.00503896131629652,-0.0044376397607631,5.3176078008873634e-11,-0.004972585996290075,-0.004474969309847207
train=oracle|feat=B|obj=cvar|sigtrue=0.2|sigbar=0.3|lam=0.001|robust=none,main_benchmark,main,oracle,B,cvar,0.2,0.3,0.001,,bs_delta,deep_hedge_oracle,VaR_loss_0.99,lower,10,0|1|2|3|4|5|6|7|8|9,0.03196471442296495,0.027496837079524994,-0.0044678773434399565,0.00043736166772332383,0.00013830590312554527,-0.004780747032852683,-0.00415500765402723,1.283123697053404e-10,-0.0046989650983478536,-0.004189879482650537
train=oracle|feat=B|obj=cvar|sigtrue=0.2|sigbar=0.3|lam=0.001|robust=none,main_benchmark,main,oracle,B,cvar,0.2,0.3,0.001,,bs_delta,deep_hedge_oracle,ES_loss_0.99,lower,10,0|1|2|3|4|5|6|7|8|9,0.03470263279778383,0.032074029371142385,-0.0026286034266414333,0.00046791583139718044,0.00014796797804664176,-0.0029633302480444115,-0.002293876605238455,2.5756464178302796e-08,-0.002881431106524335,-0.002328212687787709
train=oracle|feat=B|obj=cvar|sigtrue=0.2|sigbar=0.3|lam=0.001|robust=none,main_benchmark,main,oracle,B,cvar,0.2,0.3,0.001,,bs_delta,deep_hedge_oracle,mean_turnover,lower,10,0|1|2|3|4|5|6|7|8|9,2.814302600889079,3.054179223761678,0.2398766228725988,0.02147071196013162,0.006789635277943426,0.2245174007958117,0.2552358449493859,5.7654392600949214e-11,0.22654655551929356,0.2515209217919785
train=oracle|feat=B|obj=cvar|sigtrue=0.2|sigbar=0.3|lam=0.001|robust=none,main_benchmark,main,oracle,B,cvar,0.2,0.3,0.001,,bs_delta,deep_hedge_oracle,max_turnover,lower,10,0|1|2|3|4|5|6|7|8|9,5.001619618412653,5.362223529815674,0.3606039114030203,0.1187727567691779,0.03755924353677839,0.2756389996070149,0.4455688231990257,5.016791163568467e-06,0.2926335904918605,0.4300766966338299
train=oracle|feat=B|obj=cvar|sigtrue=0.2|sigbar=0.3|lam=0.001|robust=none,main_benchmark,main,oracle,B,cvar,0.2,0.3,0.001,,bs_delta,deep_hedge_oracle,total_turnover,lower,10,0|1|2|3|4|5|6|7|8|9,281430.2600889079,305417.9223761678,23987.662287259882,2147.071196013148,678.9635277943381,22451.74007958118,25523.584494938583,5.765439260094582e-11,22624.79926172387,25161.103357272343
train=oracle|feat=B|obj=cvar|sigtrue=0.2|sigbar=0.3|lam=0|robust=none,main_benchmark,main,oracle,B,cvar,0.2,0.3,0.0,,bs_delta,deep_hedge_oracle,mean_PL,higher,10,0|1|2|3|4|5|6|7|8|9,1.9421321611027478e-05,1.7615652086533374e-05,-1.805669524494107e-06,2.2866994633356963e-05,7.231178628425494e-06,-1.816373205426014e-05,1.4552393005271924e-05,0.8084206967382574,-1.5017233879254607e-05,1.2076170855826741e-05
train=oracle|feat=B|obj=cvar|sigtrue=0.2|sigbar=0.3|lam=0|robust=none,main_benchmark,main,oracle,B,cvar,0.2,0.3,0.0,,bs_delta,deep_hedge_oracle,std_PL,lower,10,0|1|2|3|4|5|6|7|8|9,0.015467594402815425,0.011946121975779534,-0.003521472427035889,0.00018314170677307914,5.791449279736161e-05,-0.0036524841117472656,-0.0033904607423245127,4.437290204267305e-13,-0.0036357210399174168,-0.003422739421776327
train=oracle|feat=B|obj=cvar|sigtrue=0.2|sigbar=0.3|lam=0|robust=none,main_benchmark,main,oracle,B,cvar,0.2,0.3,0.0,,bs_delta,deep_hedge_oracle,VaR_loss_0.95,lower,10,0|1|2|3|4|5|6|7|8|9,0.023507341799865154,0.016824696585536,-0.006682645214329151,0.00019298511869747664,6.1027252960197335e-05,-0.006820698451738959,-0.006544591976919343,2.2424179438780365e-15,-0.006789224294528354,-0.006564180132855931
train=oracle|feat=B|obj=cvar|sigtrue=0.2|sigbar=0.3|lam=0|robust=none,main_benchmark,main,oracle,B,cvar,0.2,0.3,0.0,,bs_delta,deep_hedge_oracle,ES_loss_0.95,lower,10,0|1|2|3|4|5|6|7|8|9,0.027449045605523543,0.021287459693849087,-0.006161585911674454,0.0002685476591939916,8.492222633596711e-05,-0.006353693334261132,-0.005969478489087775,9.073936547428868e-14,-0.0063154734771329775,-0.006001023393297752
train=oracle|feat=B|obj=cvar|sigtrue=0.2|sigbar=0.3|lam=0|robust=none,main_benchmark,main,oracle,B,cvar,0.2,0.3,0.0,,bs_delta,deep_hedge_oracle,VaR_loss_0.99,lower,10,0|1|2|3|4|5|6|7|8|9,0.029909165620683704,0.023918072693049908,-0.005991092927633792,0.0003779719828301621,0.00011952523574733678,-0.006261477795814774,-0.0057207080594528096,2.512463005023247e-12,-0.0062208931640842045,-0.005772524695206245
train=oracle|feat=B|obj=cvar|sigtrue=0.2|sigbar=0.3|lam=0|robust=none,main_benchmark,main,oracle,B,cvar,0.2,0.3,0.0,,bs_delta,deep_hedge_oracle,ES_loss_0.99,lower,10,0|1|2|3|4|5|6|7|8|9,0.03263459474416328,0.028508235700428486,-0.004126359043734799,0.0005086115132748253,0.0001608370826133413,-0.004490197802212136,-0.0037625202852574627,1.000258990717237e-09,-0.004434831820772459,-0.0038368019639924266
train=oracle|feat=B|obj=cvar|sigtrue=0.2|sigbar=0.3|lam=0|robust=none,main_benchmark,main,oracle,B,cvar,0.2,0.3,0.0,,bs_delta,deep_hedge_oracle,mean_turnover,lower,10,0|1|2|3|4|5|6|7|8|9,2.814302600889079,3.1730782034054994,0.3587756025164206,0.03169702080626897,0.010023478078955666,0.33610091978396023,0.38145028524888097,5.130894344924273e-11,0.33924638386233724,0.3759048190871029
train=oracle|feat=B|obj=cvar|sigtrue=0.2|sigbar=0.3|lam=0|robust=none,main_benchmark,main,oracle,B,cvar,0.2,0.3,0.0,,bs_delta,deep_hedge_oracle,max_turnover,lower,10,0|1|2|3|4|5|6|7|8|9,5.001619618412653,5.654123735427857,0.652504117015203,0.12487581879255426,0.0394892012062929,0.563173337653208,0.7418348963771979,4.856163143089726e-08,0.578457630125519,0.7259006556562201
train=oracle|feat=B|obj=cvar|sigtrue=0.2|sigbar=0.3|lam=0|robust=none,main_benchmark,main,oracle,B,cvar,0.2,0.3,0.0,,bs_delta,deep_hedge_oracle,total_turnover,lower,10,0|1|2|3|4|5|6|7|8|9,281430.2600889079,317307.8203405499,35877.560251642055,3169.7020806268883,1002.347807895564,33610.09197839603,38145.02852488808,5.130894344924156e-11,33933.21945720101,37587.82647826745
"train=robust|feat=B|obj=cvar|sigtrue=0.2|sigbar=0.15|lam=0.0001|robust=0.15,0.2,0.25",main_benchmark,main,robust,B,cvar,0.2,0.15,0.0001,0.15|0.2|0.25,bs_delta,deep_hedge_robust,mean_PL,higher,10,0|1|2|3|4|5|6|7|8|9,-0.00034896352994022396,-0.0002806797914672643,6.828373847295965e-05,5.3988706269018196e-05,1.7072727973590875e-05,2.9662544598995764e-05,0.00010690493234692352,0.0031124006546077924,3.683781238885869e-05,0.0001001883439908044
"train=robust|feat=B|obj=cvar|sigtrue=0.2|sigbar=0.15|lam=0.0001|robust=0.15,0.2,0.25",main_benchmark,main,robust,B,cvar,0.2,0.15,0.0001,0.15|0.2|0.25,bs_delta,deep_hedge_robust,std_PL,lower,10,0|1|2|3|4|5|6|7|8|9,0.013087908847196053,0.014685376826673747,0.0015974679794776916,0.00020561611855109206,6.502152582646515e-05,0.001450379069093285,0.0017445568898620983,1.4695951793074776e-09,0.0014782756240855955,0.001718566848032842
"train=robust|feat=B|obj=cvar|sigtrue=0.2|sigbar=0.15|lam=0.0001|robust=0.15,0.2,0.25",main_benchmark,main,robust,B,cvar,0.2,0.15,0.0001,0.15|0.2|0.25,bs_delta,deep_hedge_robust,VaR_loss_0.95,lower,10,0|1|2|3|4|5|6|7|8|9,0.025321872387900974,0.021587501093745232,-0.0037343712941557443,0.000598917228297524,0.00018939425713352252,-0.004162810869523187,-0.0033059317187883012,1.0293147618804585e-08,-0.004084154495306739,-0.0033942471972114225
"train=robust|feat=B|obj=cvar|sigtrue=0.2|sigbar=0.15|lam=0.0001|robust=0.15,0.2,0.25",main_benchmark,main,robust,B,cvar,0.2,0.15,0.0001,0.15|0.2|0.25,bs_delta,deep_hedge_robust,ES_loss_0.95,lower,10,0|1|2|3|4|5|6|7|8|9,0.03470803845230284,0.02522487621754408,-0.009483162234758752,0.0006903344114561004,0.00021830290873931123,-0.009976997723423068,-0.008989326746094437,9.065136307398582e-12,-0.009885125729029621,-0.009058306755554154
"train=robust|feat=B|obj=cvar|sigtrue=0.2|sigbar=0.15|lam=0.0001|robust=0.15,0.2,0.25",main_benchmark,main,robust,B,cvar,0.2,0.15,0.0001,0.15|0.2|0.25,bs_delta,deep_hedge_robust,VaR_loss_0.99,lower,10,0|1|2|3|4|5|6|7|8|9,0.040543256649705164,0.027414908073842524,-0.013128348575862639,0.0008336117574576687,0.0002636111837862087,-0.013724678503458324,-0.012532018648266953,2.6620669795503517e-12,-0.013592265881613604,-0.012626154732627893
"train=robust|feat=B|obj=cvar|sigtrue=0.2|sigbar=0.15|lam=0.0001|robust=0.15,0.2,0.25",main_benchmark,main,robust,B,cvar,0.2,0.15,0.0001,0.15|0.2|0.25,bs_delta,deep_hedge_robust,ES_loss_0.99,lower,10,0|1|2|3|4|5|6|7|8|9,0.04920496565308772,0.030341553688049316,-0.018863411965038403,0.0007135977769860476,0.00022565943085087954,-0.019373889062890687,-0.01835293486718612,2.5414591421756348e-14,-0.01921999372711119,-0.018403244327938592
"train=robust|feat=B|obj=cvar|sigtrue=0.2|sigbar=0.15|lam=0.0001|robust=0.15,0.2,0.25",main_benchmark,main,robust,B,cvar,0.2,0.15,0.0001,0.15|0.2|0.25,bs_delta,deep_hedge_robust,mean_turnover,lower,10,0|1|2|3|4|5|6|7|8|9,3.529912048823639,2.9599385013016466,-0.5699735475219928,0.030763131275352566,0.00972815627888746,-0.5919801659290984,-0.5479669291148872,6.191578705807704e-13,-0.5860464719198162,-0.549948280851688
"train=robust|feat=B|obj=cvar|sigtrue=0.2|sigbar=0.15|lam=0.0001|robust=0.15,0.2,0.25",main_benchmark,main,robust,B,cvar,0.2,0.15,0.0001,0.15|0.2|0.25,bs_delta,deep_hedge_robust,max_turnover,lower,10,0|1|2|3|4|5|6|7|8|9,7.664058983154307,5.079633188247681,-2.5844257949066267,0.19902545229614527,0.06293737416010076,-2.726800026670609,-2.4420515631426443,1.5007691266915296e-11,-2.703871604883477,-2.4712793242208937
"train=robust|feat=B|obj=cvar|sigtrue=0.2|sigbar=0.15|lam=0.0001|robust=0.15,0.2,0.25",main_benchmark,main,robust,B,cvar,0.2,0.15,0.0001,0.15|0.2|0.25,bs_delta,deep_hedge_robust,total_turnover,lower,10,0|1|2|3|4|5|6|7|8|9,352991.2048823639,295993.85013016465,-56997.35475219928,3076.313127535258,972.8156278887465,-59198.016592909844,-54796.69291148872,6.191578705807725e-13,-58617.73557181633,-55042.02023570318
"train=robust|feat=B|obj=cvar|sigtrue=0.2|sigbar=0.15|lam=0.0005|robust=0.15,0.2,0.25",main_benchmark,main,robust,B,cvar,0.2,0.15,0.0005,0.15|0.2|0.25,bs_delta,deep_hedge_robust,mean_PL,higher,10,0|1|2|3|4|5|6|7|8|9,-0.0017894410426823493,-0.0014637266169302166,0.0003257144257521323,5.1303185832671794e-05,1.622349184541249e-05,0.00028901433746843415,0.0003624145140358304,8.778034907324605e-09,0.0002965158012476174,0.000357205862629709
"train=robust|feat=B|obj=cvar|sigtrue=0.2|sigbar=0.15|lam=0.0005|robust=0.15,0.2,0.25",main_benchmark,main,robust,B,cvar,0.2,0.15,0.0005,0.15|0.2|0.25,bs_delta,deep_hedge_robust,std_PL,lower,10,0|1|2|3|4|5|6|7|8|9,0.013406736923433254,0.014730432722717523,0.0013236957992842696,0.00023490950539733872,7.428490810792075e-05,0.0011556516623201303,0.0014917399362484088,2.5073492264570013e-08,0.0011820355407826688,0.0014583362019213496
"train=robust|feat=B|obj=cvar|sigtrue=0.2|sigbar=0.15|lam=0.0005|robust=0.15,0.2,0.25",main_benchmark,main,robust,B,cvar,0.2,0.15,0.0005,0.15|0.2|0.25,bs_delta,deep_hedge_robust,VaR_loss_0.95,lower,10,0|1|2|3|4|5|6|7|8|9,0.02734572179593912,0.022914392314851283,-0.004431329481087836,0.0007118384831678692,0.00022510309329698975,-0.004940548055957654,-0.003922110906218018,1.0440029336289342e-08,-0.004858685464140746,-0.004019081535057603
"train=robust|feat=B|obj=cvar|sigtrue=0.2|sigbar=0.15|lam=0.0005|robust=0.15,0.2,0.25",main_benchmark,main,robust,B,cvar,0.2,0.15,0.0005,0.15|0.2|0.25,bs_delta,deep_hedge_robust,ES_loss_0.95,lower,10,0|1|2|3|4|5|6|7|8|9,0.036847307461735035,0.02666034009307623,-0.010186967368658803,0.0007718072050317161,0.00024406686824287918,-0.010739084982856157,-0.009634849754461449,1.2968531225190802e-11,-0.010649503868383755,-0.009745767846475389
"train=robust|feat=B|obj=cvar|sigtrue=0.2|sigbar=0.15|lam=0.0005|robust=0.15,0.2,0.25",main_benchmark,main,robust,B,cvar,0.2,0.15,0.0005,0.15|0.2|0.25,bs_delta,deep_hedge_robust,VaR_loss_0.99,lower,10,0|1|2|3|4|5|6|7|8|9,0.04275993638310061,0.02890562526881695,-0.013854311114283669,0.0009146086006108448,0.0002892246345509538,-0.014508582692990803,-0.013200039535576535,3.773711957235555e-12,-0.01440595313855775,-0.013325733512363134
"train=robust|feat=B|obj=cvar|sigtrue=0.2|sigbar=0.15|lam=0.0005|robust=0.15,0.2,0.25",main_benchmark,main,robust,B,cvar,0.2,0.15,0.0005,0.15|0.2|0.25,bs_delta,deep_hedge_robust,ES_loss_0.99,lower,10,0|1|2|3|4|5|6|7|8|9,0.051492509489333906,0.03191555272787809,-0.019576956761455808,0.0006508572112492959,0.00020581912190931399,-0.0200425519623238,-0.019111361560587816,7.95736320017758e-15,-0.019960595432770557,-0.01919651279250903
"train=robust|feat=B|obj=cvar|sigtrue=0.2|sigbar=0.15|lam=0.0005|robust=0.15,0.2,0.25",main_benchmark,main,robust,B,cvar,0.2,0.15,0.0005,0.15|0.2|0.25,bs_delta,deep_hedge_robust,mean_turnover,lower,10,0|1|2|3|4|5|6|7|8|9,3.529912048823639,2.9179742153828143,-0.6119378334408246,0.02236169521788862,0.007071388923102326,-0.6279344265441524,-0.5959412403374968,1.861716959777565e-14,-0.625761487595357,-0.5994717924114048
"train=robust|feat=B|obj=cvar|sigtrue=0.2|sigbar=0.15|lam=0.0005|robust=0.15,0.2,0.25",main_benchmark,main,robust,B,cvar,0.2,0.15,0.0005,0.15|0.2|0.25,bs_delta,deep_hedge_robust,max_turnover,lower,10,0|1|2|3|4|5|6|7|8|9,7.664058983154307,4.972213077545166,-2.6918459056091413,0.15990128566769446,0.05056522634991524,-2.8062323945851144,-2.577459416633168,1.4637040324203834e-12,-2.7867237468193373,-2.6002124216271207
"train=robust|feat=B|obj=cvar|sigtrue=0.2|sigbar=0.15|lam=0.0005|robust=0.15,0.2,0.25",main_benchmark,main,robust,B,cvar,0.2,0.15,0.0005,0.15|0.2|0.25,bs_delta,deep_hedge_robust,total_turnover,lower,10,0|1|2|3|4|5|6|7|8|9,352991.2048823639,291797.4215382814,-61193.78334408246,2236.169521788857,707.138892310231,-62793.44265441524,-59594.124033749686,1.861716959777529e-14,-62586.46576004266,-59965.538462682234
"train=robust|feat=B|obj=cvar|sigtrue=0.2|sigbar=0.15|lam=0.001|robust=0.15,0.2,0.25",main_benchmark,main,robust,B,cvar,0.2,0.15,0.001,0.15|0.2|0.25,bs_delta,deep_hedge_robust,mean_PL,higher,10,0|1|2|3|4|5|6|7|8|9,-0.0035900379008531992,-0.0029117192374542356,0.0006783186633989634,6.241277373034595e-05,1.9736652007661686e-05,0.0006336712546901759,0.0007229660721077509,7.378052964772994e-11,0.0006426773175392327,0.0007168112030935603
"train=robust|feat=B|obj=cvar|sigtrue=0.2|sigbar=0.15|lam=0.001|robust=0.15,0.2,0.25",main_benchmark,main,robust,B,cvar,0.2,0.15,0.001,0.15|0.2|0.25,bs_delta,deep_hedge_robust,std_PL,lower,10,0|1|2|3|4|5|6|7|8|9,0.013819186644652981,0.01470199879258871,0.0008828121479357287,0.00020166877778288875,6.377326707362903e-05,0.0007385469950300759,0.0010270773008413815,2.260661267335386e-07,0.0007644799415616669,0.0009997041556517692
"train=robust|feat=B|obj=cvar|sigtrue=0.2|sigbar=0.15|lam=0.001|robust=0.15,0.2,0.25",main_benchmark,main,robust,B,cvar,0.2,0.15,0.001,0.15|0.2|0.25,bs_delta,deep_hedge_robust,VaR_loss_0.95,lower,10,0|1|2|3|4|5|6|7|8|9,0.02988176586093183,0.02399564478546381,-0.005886121075468019,0.0006385082955148786,0.00020191405187388903,-0.006342882394184146,-0.005429359756751893,3.2076636333435573e-10,-0.006271478121721134,-0.005524132846792102
"train=robust|feat=B|obj=cvar|sigtrue=0.2|sigbar=0.15|lam=0.001|robust=0.15,0.2,0.25",main_benchmark,main,robust,B,cvar,0.2,0.15,0.001,0.15|0.2|0.25,bs_delta,deep_hedge_robust,ES_loss_0.95,lower,10,0|1|2|3|4|5|6|7|8|9,0.03953344562798735,0.027690933272242545,-0.011842512355744808,0.0006352096016694542,0.000200870913288377,-0.012296913931037927,-0.01138811078045169,5.855111764364677e-13,-0.012224084797029832,-0.011481296879843431
"train=robust|feat=B|obj=cvar|sigtrue=0.2|sigbar=0.15|lam=0.001|robust=0.15,0.2,0.25",main_benchmark,main,robust,B,cvar,0.2,0.15,0.001,0.15|0.2|0.25,bs_delta,deep_hedge_robust,VaR_loss_0.99,lower,10,0|1|2|3|4|5|6|7|8|9,0.04552601627855328,0.02987659052014351,-0.01564942575840977,0.0007013736304221083,0.00022179381629150262,-0.01615115822859794,-0.015147693288221598,1.166060641300871e-13,-0.016066948688101573,-0.015242120366322711
"train=robust|feat=B|obj=cvar|sigtrue=0.2|sigbar=0.15|lam=0.001|robust=0.15,0.2,0.25",main_benchmark,main,robust,B,cvar,0.2,0.15,0.001,0.15|0.2|0.25,bs_delta,deep_hedge_robust,ES_loss_0.99,lower,10,0|1|2|3|4|5|6|7|8|9,0.05436401327574432,0.033074894547462465,-0.02128911872828185,0.0005542510912327312,0.0001752695843929212,-0.02168560607403696,-0.02089263138252674,8.825254218639952e-16,-0.021613990483629324,-0.02096075041939518
"train=robust|feat=B|obj=cvar|sigtrue=0.2|sigbar=0.15|lam=0.001|robust=0.15,0.2,0.25",main_benchmark,main,robust,B,cvar,0.2,0.15,0.001,0.15|0.2|0.25,bs_delta,deep_hedge_robust,mean_turnover,lower,10,0|1|2|3|4|5|6|7|8|9,3.529912048823639,2.8805407770494225,-0.6493712717742168,0.025297634568220918,0.007999814465018835,-0.6674681093673158,-0.6312744341811178,3.309232871945231e-14,-0.6640273229652985,-0.6343873342314893
"train=robust|feat=B|obj=cvar|sigtrue=0.2|sigbar=0.15|lam=0.001|robust=0.15,0.2,0.25",main_benchmark,main,robust,B,cvar,0.2,0.15,0.001,0.15|0.2|0.25,bs_delta,deep_hedge_robust,max_turnover,lower,10,0|1|2|3|4|5|6|7|8|9,7.664058983154307,4.881856536865234,-2.782202446289073,0.14831859096570868,0.04690245667985121,-2.8883031746202312,-2.676101717957915,5.541075743943278e-13,-2.8740003626579838,-2.6978674604528927
"train=robust|feat=B|obj=cvar|sigtrue=0.2|sigbar=0.15|lam=0.001|robust=0.15,0.2,0.25",main_benchmark,main,robust,B,cvar,0.2,0.15,0.001,0.15|0.2|0.25,bs_delta,deep_hedge_robust,total_turnover,lower,10,0|1|2|3|4|5|6|7|8|9,352991.2048823639,288054.0777049422,-64937.12717742168,2529.7634568220897,799.9814465018828,-66746.81093673158,-63127.443418111776,3.309232871945209e-14,-66417.15480574801,-63454.01341505823
"train=robust|feat=B|obj=cvar|sigtrue=0.2|sigbar=0.15|lam=0|robust=0.15,0.2,0.25",main_benchmark,main,robust,B,cvar,0.2,0.15,0.0,0.15|0.2|0.25,bs_delta,deep_hedge_robust,mean_PL,higher,10,0|1|2|3|4|5|6|7|8|9,1.115581548850145e-05,2.101449787232923e-05,9.85868238382778e-06,5.589598510890054e-05,1.7675862500298056e-05,-3.0126896579857655e-05,4.984426134751322e-05,0.5906174730549164,-2.1173632521109707e-05,4.2837245129123986e-05
"train=robust|feat=B|obj=cvar|sigtrue=0.2|sigbar=0.15|lam=0|robust=0.15,0.2,0.25",main_benchmark,main,robust,B,cvar,0.2,0.15,0.0,0.15|0.2|0.25,bs_delta,deep_hedge_robust,std_PL,lower,10,0|1|2|3|4|5|6|7|8|9,0.013009843363032816,0.014635001216083765,0.001625157853050949,0.0002806068069274762,8.873566368379395e-05,0.001424423835853002,0.001825891870248896,1.9708044470395156e-08,0.0014512599820766209,0.0017820152322345286
"train=robust|feat=B|obj=cvar|sigtrue=0.2|sigbar=0.15|lam=0|robust=0.15,0.2,0.25",main_benchmark,main,robust,B,cvar,0.2,0.15,0.0,0.15|0.2|0.25,bs_delta,deep_hedge_robust,VaR_loss_0.95,lower,10,0|1|2|3|4|5|6|7|8|9,0.024813780969010175,0.02117314375936985,-0.0036406372096403224,0.0006022112007990296,0.00019043590269899452,-0.004071433150984795,-0.00320984126829585,1.3514038285710027e-08,-0.004011861157252327,-0.0032959388248169404
"train=robust|feat=B|obj=cvar|sigtrue=0.2|sigbar=0.15|lam=0|robust=0.15,0.2,0.25",main_benchmark,main,robust,B,cvar,0.2,0.15,0.0,0.15|0.2|0.25,bs_delta,deep_hedge_robust,ES_loss_0.95,lower,10,0|1|2|3|4|5|6|7|8|9,0.03417463804594282,0.024860312417149543,-0.009314325628793276,0.0007185434776438405,0.0002272233987212814,-0.009828340667765976,-0.008800310589820576,1.524385052631414e-11,-0.009752233873102232,-0.008916573055878707
"train=robust|feat=B|obj=cvar|sigtrue=0.2|sigbar=0.15|lam=0|robust=0.15,0.2,0.25",main_benchmark,main,robust,B,cvar,0.2,0.15,0.0,0.15|0.2|0.25,bs_delta,deep_hedge_robust,VaR_loss_0.99,lower,10,0|1|2|3|4|5|6|7|8|9,0.03999107157190437,0.027060162648558615,-0.012930908923345752,0.0008496324584946961,0.00026867737428517153,-0.013538699370066767,-0.012323118476624737,3.6174222001547294e-12,-0.013444021086282561,-0.01246233587113908
"train=robust|feat=B|obj=cvar|sigtrue=0.2|sigbar=0.15|lam=0|robust=0.15,0.2,0.25",main_benchmark,main,robust,B,cvar,0.2,0.15,0.0,0.15|0.2|0.25,bs_delta,deep_hedge_robust,ES_loss_0.99,lower,10,0|1|2|3|4|5|6|7|8|9,0.04863463562528547,0.030102803744375704,-0.018531831880909767,0.0007882643794941357,0.0002492710837580795,-0.01909572224851158,-0.017967941513307956,7.29057979703116e-14,-0.019021126632861315,-0.018093849147486636
"train=robust|feat=B|obj=cvar|sigtrue=0.2|sigbar=0.15|lam=0|robust=0.15,0.2,0.25",main_benchmark,main,robust,B,cvar,0.2,0.15,0.0,0.15|0.2|0.25,bs_delta,deep_hedge_robust,mean_turnover,lower,10,0|1|2|3|4|5|6|7|8|9,3.529912048823639,2.9819001832518577,-0.5480118655717814,0.025551873559964827,0.008080211893412384,-0.5662905747833915,-0.5297331563601713,1.663768933490524e-13,-0.5633023914847097,-0.5331714571128477
"train=robust|feat=B|obj=cvar|sigtrue=0.2|sigbar=0.15|lam=0|robust=0.15,0.2,0.25",main_benchmark,main,robust,B,cvar,0.2,0.15,0.0,0.15|0.2|0.25,bs_delta,deep_hedge_robust,max_turnover,lower,10,0|1|2|3|4|5|6|7|8|9,7.664058983154307,5.1263528823852536,-2.5377061007690536,0.18781308010204384,0.059391710749410756,-2.672059484651672,-2.403352716886435,1.0512219800930197e-11,-2.649432352098345,-2.4260089968329726
"train=robust|feat=B|obj=cvar|sigtrue=0.2|sigbar=0.15|lam=0|robust=0.15,0.2,0.25",main_benchmark,main,robust,B,cvar,0.2,0.15,0.0,0.15|0.2|0.25,bs_delta,deep_hedge_robust,total_turnover,lower,10,0|1|2|3|4|5|6|7|8|9,352991.2048823639,298190.01832518575,-54801.18655717813,2555.1873559964847,808.021189341239,-56629.05747833914,-52973.31563601712,1.6637689334905345e-13,-56330.53714724512,-53332.9163185894
"train=robust|feat=B|obj=cvar|sigtrue=0.2|sigbar=0.1|lam=0.0001|robust=0.15,0.2,0.25",main_benchmark,main,robust,B,cvar,0.2,0.1,0.0001,0.15|0.2|0.25,bs_delta,deep_hedge_robust,mean_PL,higher,10,0|1|2|3|4|5|6|7|8|9,-0.0003889246058655104,-0.0002806797914672643,0.00010824481439824604,8.234947578892167e-05,2.604119076138838e-05,4.9335548189576884e-05,0.0001671540806069152,0.0024598348336031424,6.195122200773659e-05,0.00015848934813659873
"train=robust|feat=B|obj=cvar|sigtrue=0.2|sigbar=0.1|lam=0.0001|robust=0.15,0.2,0.25",main_benchmark,main,robust,B,cvar,0.2,0.1,0.0001,0.15|0.2|0.25,bs_delta,deep_hedge_robust,std_PL,lower,10,0|1|2|3|4|5|6|7|8|9,0.022563688726191102,0.014685376826673747,-0.007878311899517359,0.000217441325429911,6.8760984580441e-05,-0.00803386005330706,-0.007722763745727657,1.4922220092958815e-15,-0.00800097449471474,-0.007743112669694229
"train=robust|feat=B|obj=cvar|sigtrue=0.2|sigbar=0.1|lam=0.0001|robust=0.15,0.2,0.25",main_benchmark,main,robust,B,cvar,0.2,0.1,0.0001,0.15|0.2|0.25,bs_delta,deep_hedge_robust,VaR_loss_0.95,lower,10,0|1|2|3|4|5|6|7|8|9,0.04244271074373514,0.021587501093745232,-0.0208552096499899,0.0006502052681607351,0.0002056129594028483,-0.02132033847886719,-0.020390080821112613,4.465196496326437e-15,-0.02124234464580416,-0.020476741135580068
"train=robust|feat=B|obj=cvar|sigtrue=0.2|sigbar=0.1|lam=0.0001|robust=0.15,0.2,0.25",main_benchmark,main,robust,B,cvar,0.2,0.1,0.0001,0.15|0.2|0.25,bs_delta,deep_hedge_robust,ES_loss_0.95,lower,10,0|1|2|3|4|5|6|7|8|9,0.05571949948580731,0.02522487621754408,-0.030494623268263226,0.0007483182733421772,0.00023663901584857418,-0.031029937912962595,-0.029959308623563857,5.184130308867208e-16,-0.030927968566472584,-0.030035464532121556
"train=robust|feat=B|obj=cvar|sigtrue=0.2|sigbar=0.1|lam=0.0001|robust=0.15,0.2,0.25",main_benchmark,main,robust,B,cvar,0.2,0.1,0.0001,0.15|0.2|0.25,bs_delta,deep_hedge_robust,VaR_loss_0.99,lower,10,0|1|2|3|4|5|6|7|8|9,0.06400300921918414,0.027414908073842524,-0.0365881011453416,0.0008595929600566384,0.00027182716144251174,-0.03720301690564188,-0.035973185385041316,3.504009554197958e-16,-0.03704265417099342,-0.036050397436147866
"train=robust|feat=B|obj=cvar|sigtrue=0.2|sigbar=0.1|lam=0.0001|robust=0.15,0.2,0.25",main_benchmark,main,robust,B,cvar,0.2,0.1,0.0001,0.15|0.2|0.25,bs_delta,deep_hedge_robust,ES_loss_0.99,lower,10,0|1|2|3|4|5|6|7|8|9,0.075519672035922,0.030341553688049316,-0.04517811834787268,0.0007902727436765017,0.0002499061842768173,-0.04574344541266205,-0.044612791283083306,2.4661609403134832e-17,-0.04559199106187112,-0.04465936406279981
"train=robust|feat=B|obj=cvar|sigtrue=0.2|sigbar=0.1|lam=0.0001|robust=0.15,0.2,0.25",main_benchmark,main,robust,B,cvar,0.2,0.1,0.0001,0.15|0.2|0.25,bs_delta,deep_hedge_robust,mean_turnover,lower,10,0|1|2|3|4|5|6|7|8|9,3.9358461554228144,2.9599385013016466,-0.9759076541211685,0.031154673483638276,0.00985197279671495,-0.9981943649509504,-0.9536209432913867,5.5242370463631325e-15,-0.9923087520731326,-0.9555316736044926
"train=robust|feat=B|obj=cvar|sigtrue=0.2|sigbar=0.1|lam=0.0001|robust=0.15,0.2,0.25",main_benchmark,main,robust,B,cvar,0.2,0.1,0.0001,0.15|0.2|0.25,bs_delta,deep_hedge_robust,max_turnover,lower,10,0|1|2|3|4|5|6|7|8|9,9.742936168102634,5.079633188247681,-4.663302979854954,0.29333038535080563,0.09275921246434346,-4.873138896746689,-4.453467062963219,2.4463919846317698e-12,-4.83891258392181,-4.49993832511133
"train=robust|feat=B|obj=cvar|sigtrue=0.2|sigbar=0.1|lam=0.0001|robust=0.15,0.2,0.25",main_benchmark,main,robust,B,cvar,0.2,0.1,0.0001,0.15|0.2|0.25,bs_delta,deep_hedge_robust,total_turnover,lower,10,0|1|2|3|4|5|6|7|8|9,393584.6155422815,295993.85013016465,-97590.76541211686,3115.4673483638317,985.1972796714962,-99819.43649509504,-95362.09432913868,5.524237046363194e-15,-99212.396773036,-95615.74362015113
"train=robust|feat=B|obj=cvar|sigtrue=0.2|sigbar=0.1|lam=0.0005|robust=0.15,0.2,0.25",main_benchmark,main,robust,B,cvar,0.2,0.1,0.0005,0.15|0.2|0.25,bs_delta,deep_hedge_robust,mean_PL,higher,10,0|1|2|3|4|5|6|7|8|9,-0.0019927320298248185,-0.0014637266169302166,0.000529005412894602,8.01633284724466e-05,2.5349870279315766e-05,0.0004716600222662425,0.0005863508035229615,6.23968428240831e-09,0.0004846404563351661,0.0005770990135635187
"train=robust|feat=B|obj=cvar|sigtrue=0.2|sigbar=0.1|lam=0.0005|robust=0.15,0.2,0.25",main_benchmark,main,robust,B,cvar,0.2,0.1,0.0005,0.15|0.2|0.25,bs_delta,deep_hedge_robust,std_PL,lower,10,0|1|2|3|4|5|6|7|8|9,0.023101892138026943,0.014730432722717523,-0.008371459415309417,0.00025167250594244217,7.958583432203785e-05,-0.008551495080478286,-0.008191423750140547,3.2191234146781514e-15,-0.008518206821842476,-0.008227422996788625
"train=robust|feat=B|obj=cvar|sigtrue=0.2|sigbar=0.1|lam=0.0005|robust=0.15,0.2,0.25",main_benchmark,main,robust,B,cvar,0.2,0.1,0.0005,0.15|0.2|0.25,bs_delta,deep_hedge_robust,VaR_loss_0.95,lower,10,0|1|2|3|4|5|6|7|8|9,0.04497534632009138,0.022914392314851283,-0.0220609540052401,0.0007578542006403399,0.00023965454083497116,-0.022603090241387045,-0.021518817769093156,1.0681621542560166e-14,-0.022524746560562182,-0.021633704827890336
"train=robust|feat=B|obj=cvar|sigtrue=0.2|sigbar=0.1|lam=0.0005|robust=0.15,0.2,0.25",main_benchmark,main,robust,B,cvar,0.2,0.1,0.0005,0.15|0.2|0.25,bs_delta,deep_hedge_robust,ES_loss_0.95,lower,10,0|1|2|3|4|5|6|7|8|9,0.058410205833929495,0.02666034009307623,-0.03174986574085327,0.0008659187596353021,0.0002738275549115428,-0.03236930670556794,-0.031130424776138605,1.340599802875639e-15,-0.03225604009195263,-0.03125885177556323
"train=robust|feat=B|obj=cvar|sigtrue=0.2|sigbar=0.1|lam=0.0005|robust=0.15,0.2,0.25",main_benchmark,main,robust,B,cvar,0.2,0.1,0.0005,0.15|0.2|0.25,bs_delta,deep_hedge_robust,VaR_loss_0.99,lower,10,0|1|2|3|4|5|6|7|8|9,0.0667885718702215,0.02890562526881695,-0.03788294660140454,0.0010539991107040136,0.00033330378416166406,-0.03863693214413359,-0.03712896105867548,1.6039909764706127e-15,-0.0384953979772181,-0.03725798586379637
"train=robust|feat=B|obj=cvar|sigtrue=0.2|sigbar=0.1|lam=0.0005|robust=0.15,0.2,0.25",main_benchmark,main,robust,B,cvar,0.2,0.1,0.0005,0.15|0.2|0.25,bs_delta,deep_hedge_robust,ES_loss_0.99,lower,10,0|1|2|3|4|5|6|7|8|9,0.07842788185720476,0.03191555272787809,-0.046512329129326666,0.0008279943037765215,0.00026183478895791643,-0.04710464057263757,-0.04592001768601576,2.887337418193726e-17,-0.04701847249602212,-0.046041189943720334
"train=robust|feat=B|obj=cvar|sigtrue=0.2|sigbar=0.1|lam=0.0005|robust=0.15,0.2,0.25",main_benchmark,main,robust,B,cvar,0.2,0.1,0.0005,0.15|0.2|0.25,bs_delta,deep_hedge_robust,mean_turnover,lower,10,0|1|2|3|4|5|6|7|8|9,3.9358461554228144,2.9179742153828143,-1.0178719400400005,0.02236029335478293,0.007070945615064152,-1.0338675303108744,-1.0018763497691265,1.9149548908276685e-16,-1.0315788839076738,-1.0054572759689395
"train=robust|feat=B|obj=cvar|sigtrue=0.2|sigbar=0.1|lam=0.0005|robust=0.15,0.2,0.25",main_benchmark,main,robust,B,cvar,0.2,0.1,0.0005,0.15|0.2|0.25,bs_delta,deep_hedge_robust,max_turnover,lower,10,0|1|2|3|4|5|6|7|8|9,9.742936168102634,4.972213077545166,-4.770723090557469,0.2933837539233589,0.0927760890888175,-4.980597185026142,-4.560848996088796,1.9975629667258613e-12,-4.949182318692371,-4.601347079706564
"train=robust|feat=B|obj=cvar|sigtrue=0.2|sigbar=0.1|lam=0.0005|robust=0.15,0.2,0.25",main_benchmark,main,robust,B,cvar,0.2,0.1,0.0005,0.15|0.2|0.25,bs_delta,deep_hedge_robust,total_turnover,lower,10,0|1|2|3|4|5|6|7|8|9,393584.6155422815,291797.4215382814,-101787.19400400003,2236.0293354782953,707.094561506416,-103386.75303108743,-100187.63497691264,1.9149548908276934e-16,-103166.95650527788,-100532.65261849253
"train=robust|feat=B|obj=cvar|sigtrue=0.2|sigbar=0.1|lam=0.001|robust=0.15,0.2,0.25",main_benchmark,main,robust,B,cvar,0.2,0.1,0.001,0.15|0.2|0.25,bs_delta,deep_hedge_robust,mean_PL,higher,10,0|1|2|3|4|5|6|7|8|9,-0.003997491273304078,-0.0029117192374542356,0.0010857720358498427,9.32283417939344e-05,2.948139025495008e-05,0.0010190804977153582,0.0011524635739843271,3.975614918198507e-11,0.001033517152467884,0.0011412642538980384
"train=robust|feat=B|obj=cvar|sigtrue=0.2|sigbar=0.1|lam=0.001|robust=0.15,0.2,0.25",main_benchmark,main,robust,B,cvar,0.2,0.1,0.001,0.15|0.2|0.25,bs_delta,deep_hedge_robust,std_PL,lower,10,0|1|2|3|4|5|6|7|8|9,0.023781220864629672,0.01470199879258871,-0.009079222072040958,0.00020878524267626264,6.602369086879791e-05,-0.009228578037254184,-0.008929866106827732,2.889920527011408e-16,-0.00920102245623423,-0.00896118770300513
"train=robust|feat=B|obj=cvar|sigtrue=0.2|sigbar=0.1|lam=0.001|robust=0.15,0.2,0.25",main_benchmark,main,robust,B,cvar,0.2,0.1,0.001,0.15|0.2|0.25,bs_delta,deep_hedge_robust,VaR_loss_0.95,lower,10,0|1|2|3|4|5|6|7|8|9,0.04812402317531038,0.02399564478546381,-0.024128378389846574,0.0006355316023880513,0.00020097273885627475,-0.02458301031057747,-0.02367374646911568,9.800381405417433e-16,-0.024528163007797733,-0.02378169206365029
"train=robust|feat=B|obj=cvar|sigtrue=0.2|sigbar=0.1|lam=0.001|robust=0.15,0.2,0.25",main_benchmark,main,robust,B,cvar,0.2,0.1,0.001,0.15|0.2|0.25,bs_delta,deep_hedge_robust,ES_loss_0.95,lower,10,0|1|2|3|4|5|6|7|8|9,0.0617829819192882,0.027690933272242545,-0.03409204864704567,0.000711060541020349,0.0002248570863895891,-0.034600710715627814,-0.03358338657846352,1.2007613219496997e-16,-0.034518983736458925,-0.03369360728203014
"train=robust|feat=B|obj=cvar|sigtrue=0.2|sigbar=0.1|lam=0.001|robust=0.15,0.2,0.25",main_benchmark,main,robust,B,cvar,0.2,0.1,0.001,0.15|0.2|0.25,bs_delta,deep_hedge_robust,VaR_loss_0.99,lower,10,0|1|2|3|4|5|6|7|8|9,0.07029956513429549,0.02987659052014351,-0.04042297461415198,0.0006630747244601563,0.00020968263881826558,-0.040897309697469145,-0.039948639530834815,1.3830837537398837e-17,-0.04082595491341785,-0.04005901904528089
"train=robust|feat=B|obj=cvar|sigtrue=0.2|sigbar=0.1|lam=0.001|robust=0.15,0.2,0.25",main_benchmark,main,robust,B,cvar,0.2,0.1,0.001,0.15|0.2|0.25,bs_delta,deep_hedge_robust,ES_loss_0.99,lower,10,0|1|2|3|4|5|6|7|8|9,0.08207539242531159,0.033074894547462465,-0.04900049787784912,0.0005599158160644169,0.00017706092767154528,-0.049401037523633,-0.048599958232065234,5.34517889392108e-19,-0.049330018235681,-0.04867539190682972
"train=robust|feat=B|obj=cvar|sigtrue=0.2|sigbar=0.1|lam=0.001|robust=0.15,0.2,0.25",main_benchmark,main,robust,B,cvar,0.2,0.1,0.001,0.15|0.2|0.25,bs_delta,deep_hedge_robust,mean_turnover,lower,10,0|1|2|3|4|5|6|7|8|9,3.9358461554228144,2.8805407770494225,-1.0553053783733926,0.02603813040360233,0.008233979808786271,-1.0739319347761742,-1.036678821970611,5.444806722177844e-16,-1.0707224695238529,-1.0401833666928808
"train=robust|feat=B|obj=cvar|sigtrue=0.2|sigbar=0.1|lam=0.001|robust=0.15,0.2,0.25",main_benchmark,main,robust,B,cvar,0.2,0.1,0.001,0.15|0.2|0.25,bs_delta,deep_hedge_robust,max_turnover,lower,10,0|1|2|3|4|5|6|7|8|9,9.742936168102634,4.881856536865234,-4.8610796312374,0.2651010113844142,0.08383230059889762,-5.050721470511049,-4.6714377919637515,6.795624180056494e-13,-5.023693196740435,-4.715115887803393
"train=robust|feat=B|obj=cvar|sigtrue=0.2|sigbar=0.1|lam=0.001|robust=0.15,0.2,0.25",main_benchmark,main,robust,B,cvar,0.2,0.1,0.001,0.15|0.2|0.25,bs_delta,deep_hedge_robust,total_turnover,lower,10,0|1|2|3|4|5|6|7|8|9,393584.6155422815,288054.0777049422,-105530.53783733925,2603.8130403602227,823.3979808786238,-107393.1934776174,-103667.88219706109,5.444806722177649e-16,-107065.27862397756,-104027.92004912085
"train=robust|feat=B|obj=cvar|sigtrue=0.2|sigbar=0.1|lam=0|robust=0.15,0.2,0.25",main_benchmark,main,robust,B,cvar,0.2,0.1,0.0,0.15|0.2|0.25,bs_delta,deep_hedge_robust,mean_PL,higher,10,0|1|2|3|4|5|6|7|8|9,1.202721365444099e-05,2.101449787232923e-05,8.987284217888239e-06,8.27672111152196e-05,2.617329027040989e-05,-5.022081184131606e-05,6.819538027709254e-05,0.7392004288309102,-3.7575551943246734e-05,5.957207650013585e-05
"train=robust|feat=B|obj=cvar|sigtrue=0.2|sigbar=0.1|lam=0|robust=0.15,0.2,0.25",main_benchmark,main,robust,B,cvar,0.2,0.1,0.0,0.15|0.2|0.25,bs_delta,deep_hedge_robust,std_PL,lower,10,0|1|2|3|4|5|6|7|8|9,0.022429912298436085,0.014635001216083765,-0.007794911082352318,0.0002847643336840013,9.005038908216512e-05,-0.007998619215027303,-0.007591202949677333,1.8569830591292956e-14,-0.007965704495995728,-0.007633513307551733
"train=robust|feat=B|obj=cvar|sigtrue=0.2|sigbar=0.1|lam=0|robust=0.15,0.2,0.25",main_benchmark,main,robust,B,cvar,0.2,0.1,0.0,0.15|0.2|0.25,bs_delta,deep_hedge_robust,VaR_loss_0.95,lower,10,0|1|2|3|4|5|6|7|8|9,0.041805551325598315,0.02117314375936985,-0.020632407566228462,0.000662370387046165,0.00020945990777131702,-0.021106238796912397,-0.020158576335544527,5.8100867312271744e-15,-0.02104324818128103,-0.020266040704312132
"train=robust|feat=B|obj=cvar|sigtrue=0.2|sigbar=0.1|lam=0|robust=0.15,0.2,0.25",main_benchmark,main,robust,B,cvar,0.2,0.1,0.0,0.15|0.2|0.25,bs_delta,deep_hedge_robust,ES_loss_0.95,lower,10,0|1|2|3|4|5|6|7|8|9,0.05504797141733643,0.024860312417149543,-0.030187659000186884,0.0007418752256797764,0.00023460154527995316,-0.030718364566245458,-0.02965695343412831,5.2531314638099e-16,-0.03063363103124334,-0.029767723109326624
"train=robust|feat=B|obj=cvar|sigtrue=0.2|sigbar=0.1|lam=0|robust=0.15,0.2,0.25",main_benchmark,main,robust,B,cvar,0.2,0.1,0.0,0.15|0.2|0.25,bs_delta,deep_hedge_robust,VaR_loss_0.99,lower,10,0|1|2|3|4|5|6|7|8|9,0.06329210418948483,0.027060162648558615,-0.036231941540926224,0.0009165835383819184,0.00028984916471032265,-0.03688762590500676,-0.03557625717684569,6.816663043827009e-16,-0.03678722123226631,-0.03571295735736347
"train=robust|feat=B|obj=cvar|sigtrue=0.2|sigbar=0.1|lam=0|robust=0.15,0.2,0.25",main_benchmark,main,robust,B,cvar,0.2,0.1,0.0,0.15|0.2|0.25,bs_delta,deep_hedge_robust,ES_loss_0.99,lower,10,0|1|2|3|4|5|6|7|8|9,0.0747940338372854,0.030102803744375704,-0.04469123009290969,0.0007479782792204754,0.00023653150026700954,-0.04522630152046611,-0.04415615866535327,1.6573838010564345e-17,-0.04515518654890144,-0.04427635268837674
"train=robust|feat=B|obj=cvar|sigtrue=0.2|sigbar=0.1|lam=0|robust=0.15,0.2,0.25",main_benchmark,main,robust,B,cvar,0.2,0.1,0.0,0.15|0.2|0.25,bs_delta,deep_hedge_robust,mean_turnover,lower,10,0|1|2|3|4|5|6|7|8|9,3.9358461554228144,2.9819001832518577,-0.9539459721709573,0.025184277237428568,0.007963967729540737,-0.9719617188146317,-0.935930225527283,1.0004793949948601e-15,-0.9685724057762681,-0.9394633724310151
"train=robust|feat=B|obj=cvar|sigtrue=0.2|sigbar=0.1|lam=0|robust=0.15,0.2,0.25",main_benchmark,main,robust,B,cvar,0.2,0.1,0.0,0.15|0.2|0.25,bs_delta,deep_hedge_robust,max_turnover,lower,10,0|1|2|3|4|5|6|7|8|9,9.742936168102634,5.1263528823852536,-4.616583285717381,0.30013938198445833,0.09491240625861963,-4.8312900653737305,-4.401876506061031,3.28962006036571e-12,-4.802980550310433,-4.443068728862921
"train=robust|feat=B|obj=cvar|sigtrue=0.2|sigbar=0.1|lam=0|robust=0.15,0.2,0.25",main_benchmark,main,robust,B,cvar,0.2,0.1,0.0,0.15|0.2|0.25,bs_delta,deep_hedge_robust,total_turnover,lower,10,0|1|2|3|4|5|6|7|8|9,393584.6155422815,298190.01832518575,-95394.5972170957,2518.427723742856,796.3967729540735,-97196.17188146313,-93593.02255272826,1.0004793949948607e-15,-96896.85407953519,-93905.90556449052
"train=robust|feat=B|obj=cvar|sigtrue=0.2|sigbar=0.25|lam=0.0001|robust=0.15,0.2,0.25",main_benchmark,main,robust,B,cvar,0.2,0.25,0.0001,0.15|0.2|0.25,bs_delta,deep_hedge_robust,mean_PL,higher,10,0|1|2|3|4|5|6|7|8|9,-0.0002908084485038323,-0.0002806797914672643,1.0128657036567989e-05,1.4059188327241492e-05,4.445905716733581e-06,7.131957433362989e-08,2.0185994498802347e-05,0.04870573932837704,1.4827725849816204e-06,1.7966800857249227e-05
"train=robust|feat=B|obj=cvar|sigtrue=0.2|sigbar=0.25|lam=0.0001|robust=0.15,0.2,0.25",main_benchmark,main,robust,B,cvar,0.2,0.25,0.0001,0.15|0.2|0.25,bs_delta,deep_hedge_robust,std_PL,lower,10,0|1|2|3|4|5|6|7|8|9,0.011766749834533765,0.014685376826673747,0.0029186269921399805,0.00018361259400028805,5.8063400413267745e-05,0.0027872784549986865,0.0030499755292812745,2.4494487409144847e-12,0.0028124950330147406,0.003024496616807906
"train=robust|feat=B|obj=cvar|sigtrue=0.2|sigbar=0.25|lam=0.0001|robust=0.15,0.2,0.25",main_benchmark,main,robust,B,cvar,0.2,0.25,0.0001,0.15|0.2|0.25,bs_delta,deep_hedge_robust,VaR_loss_0.95,lower,10,0|1|2|3|4|5|6|7|8|9,0.017164658043928555,0.021587501093745232,0.004422843049816673,0.000493150137014068,0.00015594776613885624,0.0040700646936232794,0.004775621406010066,4.0982553725778786e-10,0.00413133899891311,0.004708434887411211
"train=robust|feat=B|obj=cvar|sigtrue=0.2|sigbar=0.25|lam=0.0001|robust=0.15,0.2,0.25",main_benchmark,main,robust,B,cvar,0.2,0.25,0.0001,0.15|0.2|0.25,bs_delta,deep_hedge_robust,ES_loss_0.95,lower,10,0|1|2|3|4|5|6|7|8|9,0.020809518443995523,0.02522487621754408,0.004415357773548553,0.0005727804314415608,0.00018112907625292537,0.004005615336311976,0.00482510021078513,1.5752939425803767e-09,0.004084042625921033,0.004743030371661502
"train=robust|feat=B|obj=cvar|sigtrue=0.2|sigbar=0.25|lam=0.0001|robust=0.15,0.2,0.25",main_benchmark,main,robust,B,cvar,0.2,0.25,0.0001,0.15|0.2|0.25,bs_delta,deep_hedge_robust,VaR_loss_0.99,lower,10,0|1|2|3|4|5|6|7|8|9,0.022842443035359143,0.027414908073842524,0.004572465038483379,0.000639398962017972,0.00020219570535242828,0.004115066575333348,0.00502986350163341,3.065247442126827e-09,0.0041983997095263225,0.004945571439558462
"train=robust|feat=B|obj=cvar|sigtrue=0.2|sigbar=0.25|lam=0.0001|robust=0.15,0.2,0.25",main_benchmark,main,robust,B,cvar,0.2,0.25,0.0001,0.15|0.2|0.25,bs_delta,deep_hedge_robust,ES_loss_0.99,lower,10,0|1|2|3|4|5|6|7|8|9,0.02669591375544062,0.030341553688049316,0.003645639932608693,0.0006023037858357931,0.00019046518065833686,0.0032147777599187822,0.004076502105298604,1.3369733559652033e-08,0.003296832774704834,0.004003129198626865
"train=robust|feat=B|obj=cvar|sigtrue=0.2|sigbar=0.25|lam=0.0001|robust=0.15,0.2,0.25",main_benchmark,main,robust,B,cvar,0.2,0.25,0.0001,0.15|0.2|0.25,bs_delta,deep_hedge_robust,mean_turnover,lower,10,0|1|2|3|4|5|6|7|8|9,2.9968138451463204,2.9599385013016466,-0.03687534384467432,0.03091889590351944,0.009777413379277114,-0.058993389554245046,-0.014757298135103597,0.0044063904388876585,-0.05327419509264572,-0.01697358594441538
"train=robust|feat=B|obj=cvar|sigtrue=0.2|sigbar=0.25|lam=0.0001|robust=0.15,0.2,0.25",main_benchmark,main,robust,B,cvar,0.2,0.25,0.0001,0.15|0.2|0.25,bs_delta,deep_hedge_robust,max_turnover,lower,10,0|1|2|3|4|5|6|7|8|9,5.596999811874079,5.079633188247681,-0.5173666236263991,0.121747690251743,0.038500000106018645,-0.6044596746339608,-0.43027357261883736,2.920058353236914e-07,-0.5842748176206466,-0.4444473298216644
"train=robust|feat=B|obj=cvar|sigtrue=0.2|sigbar=0.25|lam=0.0001|robust=0.15,0.2,0.25",main_benchmark,main,robust,B,cvar,0.2,0.25,0.0001,0.15|0.2|0.25,bs_delta,deep_hedge_robust,total_turnover,lower,10,0|1|2|3|4|5|6|7|8|9,299681.38451463205,295993.85013016465,-3687.5343844674353,3091.8895903519365,977.741337927709,-5899.338955424502,-1475.7298135103683,0.004406390438887569,-5306.4115896819685,-1682.2039581933536
"train=robust|feat=B|obj=cvar|sigtrue=0.2|sigbar=0.25|lam=0.0005|robust=0.15,0.2,0.25",main_benchmark,main,robust,B,cvar,0.2,0.25,0.0005,0.15|0.2|0.25,bs_delta,deep_hedge_robust,mean_PL,higher,10,0|1|2|3|4|5|6|7|8|9,-0.0015167013527036177,-0.0014637266169302166,5.2974735773400985e-05,1.4715484587901416e-05,4.653444817087274e-06,4.244791224874083e-05,6.350155929806114e-05,1.2046980579470613e-06,4.403512754963548e-05,6.143716896301185e-05
"train=robust|feat=B|obj=cvar|sigtrue=0.2|sigbar=0.25|lam=0.0005|robust=0.15,0.2,0.25",main_benchmark,main,robust,B,cvar,0.2,0.25,0.0005,0.15|0.2|0.25,bs_delta,deep_hedge_robust,std_PL,lower,10,0|1|2|3|4|5|6|7|8|9,0.011670646816686303,0.014730432722717523,0.00305978590603122,0.00021559046935696704,6.817569249927524e-05,0.0029055617749152566,0.003214010037147183,6.767008143826525e-12,0.0029326371195365405,0.0031841294186820664
"train=robust|feat=B|obj=cvar|sigtrue=0.2|sigbar=0.25|lam=0.0005|robust=0.15,0.2,0.25",main_benchmark,main,robust,B,cvar,0.2,0.25,0.0005,0.15|0.2|0.25,bs_delta,deep_hedge_robust,VaR_loss_0.95,lower,10,0|1|2|3|4|5|6|7|8|9,0.018238280302310197,0.022914392314851283,0.004676112012541084,0.0006518375580517908,0.0002061291347885887,0.0042098155138176815,0.005142408511264487,2.980951421760588e-09,0.004282677669339069,0.0050481532606863
"train=robust|feat=B|obj=cvar|sigtrue=0.2|sigbar=0.25|lam=0.0005|robust=0.15,0.2,0.25",main_benchmark,main,robust,B,cvar,0.2,0.25,0.0005,0.15|0.2|0.25,bs_delta,deep_hedge_robust,ES_loss_0.95,lower,10,0|1|2|3|4|5|6|7|8|9,0.021973573858138865,0.02666034009307623,0.004686766234937365,0.0006725814246865818,0.00021268892139305988,0.00420563046796023,0.0051679020019145,3.855515186166776e-09,0.004271913498124012,0.005067336644228318
"train=robust|feat=B|obj=cvar|sigtrue=0.2|sigbar=0.25|lam=0.0005|robust=0.15,0.2,0.25",main_benchmark,main,robust,B,cvar,0.2,0.25,0.0005,0.15|0.2|0.25,bs_delta,deep_hedge_robust,VaR_loss_0.99,lower,10,0|1|2|3|4|5|6|7|8|9,0.02404994517418809,0.02890562526881695,0.004855680094628857,0.0007208043718201156,0.00022793835623584536,0.004340047709393491,0.0053713124798642235,5.200934890963019e-09,0.004413838854377205,0.005257751531435294
"train=robust|feat=B|obj=cvar|sigtrue=0.2|sigbar=0.25|lam=0.0005|robust=0.15,0.2,0.25",main_benchmark,main,robust,B,cvar,0.2,0.25,0.0005,0.15|0.2|0.25,bs_delta,deep_hedge_robust,ES_loss_0.99,lower,10,0|1|2|3|4|5|6|7|8|9,0.028062116450441578,0.03191555272787809,0.0038534362774365156,0.0006032597082078578,0.00019076746985454036,0.0034218902790761766,0.004284982275796855,8.317782587092066e-09,0.0034647257795776764,0.004169551200561431
"train=robust|feat=B|obj=cvar|sigtrue=0.2|sigbar=0.25|lam=0.0005|robust=0.15,0.2,0.25",main_benchmark,main,robust,B,cvar,0.2,0.25,0.0005,0.15|0.2|0.25,bs_delta,deep_hedge_robust,mean_turnover,lower,10,0|1|2|3|4|5|6|7|8|9,2.9968138451463204,2.9179742153828143,-0.07883962976350625,0.022744400147791576,0.007192410848129168,-0.09510999348138915,-0.06256926604562335,1.6582304167058356e-06,-0.09278114310082212,-0.06610479309723444
"train=robust|feat=B|obj=cvar|sigtrue=0.2|sigbar=0.25|lam=0.0005|robust=0.15,0.2,0.25",main_benchmark,main,robust,B,cvar,0.2,0.25,0.0005,0.15|0.2|0.25,bs_delta,deep_hedge_robust,max_turnover,lower,10,0|1|2|3|4|5|6|7|8|9,5.596999811874079,4.972213077545166,-0.6247867343289137,0.07962536279073697,0.025179750593595,-0.681747287491687,-0.5678261811661405,1.3457425431680702e-09,-0.6681586410585443,-0.5753710644443697
"train=robust|feat=B|obj=cvar|sigtrue=0.2|sigbar=0.25|lam=0.0005|robust=0.15,0.2,0.25",main_benchmark,main,robust,B,cvar,0.2,0.25,0.0005,0.15|0.2|0.25,bs_delta,deep_hedge_robust,total_turnover,lower,10,0|1|2|3|4|5|6|7|8|9,299681.38451463205,291797.4215382814,-7883.962976350618,2274.440014779156,719.2410848129164,-9510.999348138908,-6256.926604562328,1.6582304167058386e-06,-9281.392384711324,-6626.064761751666
"train=robust|feat=B|obj=cvar|sigtrue=0.2|sigbar=0.25|lam=0.001|robust=0.15,0.2,0.25",main_benchmark,main,robust,B,cvar,0.2,0.25,0.001,0.15|0.2|0.25,bs_delta,deep_hedge_robust,mean_PL,higher,10,0|1|2|3|4|5|6|7|8|9,-0.0030490674550755687,-0.0029117192374542356,0.00013734821762133282,2.6887656262374344e-05,8.50262347327928e-06,0.00011811394702867794,0.00015658248821398768,5.918076419446434e-08,0.00012179002853888203,0.0001533313545238698
"train=robust|feat=B|obj=cvar|sigtrue=0.2|sigbar=0.25|lam=0.001|robust=0.15,0.2,0.25",main_benchmark,main,robust,B,cvar,0.2,0.25,0.001,0.15|0.2|0.25,bs_delta,deep_hedge_robust,std_PL,lower,10,0|1|2|3|4|5|6|7|8|9,0.011563958557029913,0.01470199879258871,0.0031380402355587964,0.00021732342021902893,6.872369967900202e-05,0.002982576426075949,0.0032935040450416436,5.797626685407062e-12,0.0030144631944222667,0.003268838319161994
"train=robust|feat=B|obj=cvar|sigtrue=0.2|sigbar=0.25|lam=0.001|robust=0.15,0.2,0.25",main_benchmark,main,robust,B,cvar,0.2,0.25,0.001,0.15|0.2|0.25,bs_delta,deep_hedge_robust,VaR_loss_0.95,lower,10,0|1|2|3|4|5|6|7|8|9,0.019617430376820098,0.02399564478546381,0.0043782144086437135,0.0006145043328845631,0.0001943233323957527,0.003938624490365845,0.004817804326921582,3.1673412752347736e-09,0.004022727493331239,0.004740555332362461
"train=robust|feat=B|obj=cvar|sigtrue=0.2|sigbar=0.25|lam=0.001|robust=0.15,0.2,0.25",main_benchmark,main,robust,B,cvar,0.2,0.25,0.001,0.15|0.2|0.25,bs_delta,deep_hedge_robust,ES_loss_0.95,lower,10,0|1|2|3|4|5|6|7|8|9,0.023488245034768616,0.027690933272242545,0.0042026882374739255,0.0006716471080330712,0.0002123934645249679,0.003722220840367243,0.004683155634580608,9.977311081695087e-09,0.0038260152751951612,0.004604043937395539
"train=robust|feat=B|obj=cvar|sigtrue=0.2|sigbar=0.25|lam=0.001|robust=0.15,0.2,0.25",main_benchmark,main,robust,B,cvar,0.2,0.25,0.001,0.15|0.2|0.25,bs_delta,deep_hedge_robust,VaR_loss_0.99,lower,10,0|1|2|3|4|5|6|7|8|9,0.025640298261479004,0.02987659052014351,0.004236292258664505,0.0007146628346922173,0.0002259962316699806,0.0037250532644268557,0.004747531252902154,1.606817491247062e-08,0.003828640216077883,0.004665202563419941
"train=robust|feat=B|obj=cvar|sigtrue=0.2|sigbar=0.25|lam=0.001|robust=0.15,0.2,0.25",main_benchmark,main,robust,B,cvar,0.2,0.25,0.001,0.15|0.2|0.25,bs_delta,deep_hedge_robust,ES_loss_0.99,lower,10,0|1|2|3|4|5|6|7|8|9,0.02983996535714812,0.033074894547462465,0.0032349291903143464,0.0006837277009379625,0.00021621368343144052,0.00274581985764493,0.003724038522983763,1.1534137031953718e-07,0.0028443116397357288,0.003645445236558253
"train=robust|feat=B|obj=cvar|sigtrue=0.2|sigbar=0.25|lam=0.001|robust=0.15,0.2,0.25",main_benchmark,main,robust,B,cvar,0.2,0.25,0.001,0.15|0.2|0.25,bs_delta,deep_hedge_robust,mean_turnover,lower,10,0|1|2|3|4|5|6|7|8|9,2.9968138451463204,2.8805407770494225,-0.11627306809689833,0.024906674645508633,0.007876182082057414,-0.1340902298093274,-0.09845590638446927,1.2956395785530175e-07,-0.1306409954300945,-0.1016221958756126
"train=robust|feat=B|obj=cvar|sigtrue=0.2|sigbar=0.25|lam=0.001|robust=0.15,0.2,0.25",main_benchmark,main,robust,B,cvar,0.2,0.25,0.001,0.15|0.2|0.25,bs_delta,deep_hedge_robust,max_turnover,lower,10,0|1|2|3|4|5|6|7|8|9,5.596999811874079,4.881856536865234,-0.7151432750088453,0.09321199620088202,0.029476221324574906,-0.7818231202104576,-0.648463429807233,1.642924621836707e-09,-0.7622584906774756,-0.6547103652718952
"train=robust|feat=B|obj=cvar|sigtrue=0.2|sigbar=0.25|lam=0.001|robust=0.15,0.2,0.25",main_benchmark,main,robust,B,cvar,0.2,0.25,0.001,0.15|0.2|0.25,bs_delta,deep_hedge_robust,total_turnover,lower,10,0|1|2|3|4|5|6|7|8|9,299681.38451463205,288054.0777049422,-11627.306809689831,2490.667464550855,787.6182082057387,-13409.022980932732,-9845.59063844693,1.29563957855298e-07,-13048.971616892995,-10143.456758633225
"train=robust|feat=B|obj=cvar|sigtrue=0.2|sigbar=0.25|lam=0|robust=0.15,0.2,0.25",main_benchmark,main,robust,B,cvar,0.2,0.25,0.0,0.15|0.2|0.25,bs_delta,deep_hedge_robust,mean_PL,higher,10,0|1|2|3|4|5|6|7|8|9,1.566474966833332e-05,2.101449787232923e-05,5.349748203995913e-06,1.7385928876774543e-05,5.497913448830046e-06,-7.087396084719557e-06,1.7786892492711383e-05,0.3559529387945071,-4.74164806635965e-06,1.5475101184683262e-05
"train=robust|feat=B|obj=cvar|sigtrue=0.2|sigbar=0.25|lam=0|robust=0.15,0.2,0.25",main_benchmark,main,robust,B,cvar,0.2,0.25,0.0,0.15|0.2|0.25,bs_delta,deep_hedge_robust,std_PL,lower,10,0|1|2|3|4|5|6|7|8|9,0.01179223930652464,0.014635001216083765,0.0028427619095591243,0.00028669547677962815,9.066107014915404e-05,0.002637672320334265,0.0030478514987839836,1.6741860281636686e-10,0.0026689232471725473,0.0030053822274672707
"train=robust|feat=B|obj=cvar|sigtrue=0.2|sigbar=0.25|lam=0|robust=0.15,0.2,0.25",main_benchmark,main,robust,B,cvar,0.2,0.25,0.0,0.15|0.2|0.25,bs_delta,deep_hedge_robust,VaR_loss_0.95,lower,10,0|1|2|3|4|5|6|7|8|9,0.016903158895192776,0.02117314375936985,0.004269984864177069,0.0006286779900014499,0.00019880543632211446,0.003820255722397776,0.004719714005956363,4.836770682361349e-09,0.003891812495400051,0.004628907413374761
"train=robust|feat=B|obj=cvar|sigtrue=0.2|sigbar=0.25|lam=0|robust=0.15,0.2,0.25",main_benchmark,main,robust,B,cvar,0.2,0.25,0.0,0.15|0.2|0.25,bs_delta,deep_hedge_robust,ES_loss_0.95,lower,10,0|1|2|3|4|5|6|7|8|9,0.020525294876095057,0.024860312417149543,0.004335017541054487,0.0007274072038515863,0.00023002635505854177,0.0038146617743264437,0.00485537330778253,1.5327916792776728e-08,0.003912070604774904,0.00473960047334105
"train=robust|feat=B|obj=cvar|sigtrue=0.2|sigbar=0.25|lam=0|robust=0.15,0.2,0.25",main_benchmark,main,robust,B,cvar,0.2,0.25,0.0,0.15|0.2|0.25,bs_delta,deep_hedge_robust,VaR_loss_0.99,lower,10,0|1|2|3|4|5|6|7|8|9,0.022545967761849212,0.027060162648558615,0.004514194886709404,0.0008177281984038518,0.00025858836139022365,0.003929227372774259,0.005099162400644549,3.0019883166093624e-08,0.00402355677391994,0.004979310744874225
"train=robust|feat=B|obj=cvar|sigtrue=0.2|sigbar=0.25|lam=0|robust=0.15,0.2,0.25",main_benchmark,main,robust,B,cvar,0.2,0.25,0.0,0.15|0.2|0.25,bs_delta,deep_hedge_robust,ES_loss_0.99,lower,10,0|1|2|3|4|5|6|7|8|9,0.026362784655406285,0.030102803744375704,0.0037400190889694193,0.0007506401125229534,0.0002373732458657614,0.003203043500577528,0.00427699467736131,7.355383052843878e-08,0.0033002989004371703,0.004175630852837932
"train=robust|feat=B|obj=cvar|sigtrue=0.2|sigbar=0.25|lam=0|robust=0.15,0.2,0.25",main_benchmark,main,robust,B,cvar,0.2,0.25,0.0,0.15|0.2|0.25,bs_delta,deep_hedge_robust,mean_turnover,lower,10,0|1|2|3|4|5|6|7|8|9,2.9968138451463204,2.9819001832518577,-0.014913661894462926,0.026182389666246565,0.008279598593139493,-0.03364341515702737,0.0038160913681015186,0.10518165584142315,-0.03045949753756788,0.00019858364289586806
"train=robust|feat=B|obj=cvar|sigtrue=0.2|sigbar=0.25|lam=0|robust=0.15,0.2,0.25",main_benchmark,main,robust,B,cvar,0.2,0.25,0.0,0.15|0.2|0.25,bs_delta,deep_hedge_robust,max_turnover,lower,10,0|1|2|3|4|5|6|7|8|9,5.596999811874079,5.1263528823852536,-0.4706469294888258,0.11134595669629331,0.03521068314107641,-0.5502990285634298,-0.3909948304142218,3.0573030714105325e-07,-0.5354813759232006,-0.403685639281153
"train=robust|feat=B|obj=cvar|sigtrue=0.2|sigbar=0.25|lam=0|robust=0.15,0.2,0.25",main_benchmark,main,robust,B,cvar,0.2,0.25,0.0,0.15|0.2|0.25,bs_delta,deep_hedge_robust,total_turnover,lower,10,0|1|2|3|4|5|6|7|8|9,299681.38451463205,298190.01832518575,-1491.3661894462828,2618.2389666246613,827.9598593139509,-3364.341515702731,381.6091368101654,0.10518165584142583,-3030.537588516114,49.87130371337266
"train=robust|feat=B|obj=cvar|sigtrue=0.2|sigbar=0.2|lam=0.0001|robust=0.15,0.2,0.25",main_benchmark,main,robust,B,cvar,0.2,0.2,0.0001,0.15|0.2|0.25,bs_delta,deep_hedge_robust,mean_PL,higher,10,0|1|2|3|4|5|6|7|8|9,-0.00031714012177910805,-0.0002806797914672643,3.646033031184381e-05,3.108518154092991e-05,9.829997514916114e-06,1.4223331023187769e-05,5.8697329600499845e-05,0.00485182095415746,1.8707129590741254e-05,5.5378260425133014e-05
"train=robust|feat=B|obj=cvar|sigtrue=0.2|sigbar=0.2|lam=0.0001|robust=0.15,0.2,0.25",main_benchmark,main,robust,B,cvar,0.2,0.2,0.0001,0.15|0.2|0.25,bs_delta,deep_hedge_robust,std_PL,lower,10,0|1|2|3|4|5|6|7|8|9,0.009730768348056175,0.014685376826673747,0.00495460847861757,0.00019184212598797131,6.0665806929096936e-05,0.004817372888935981,0.00509184406829916,3.132469811432992e-14,0.004839573274578788,0.005066519081926554
"train=robust|feat=B|obj=cvar|sigtrue=0.2|sigbar=0.2|lam=0.0001|robust=0.15,0.2,0.25",main_benchmark,main,robust,B,cvar,0.2,0.2,0.0001,0.15|0.2|0.25,bs_delta,deep_hedge_robust,VaR_loss_0.95,lower,10,0|1|2|3|4|5|6|7|8|9,0.016416011687868243,0.021587501093745232,0.005171489405876988,0.0005640390513522769,0.00017836480915538706,0.004768000175254994,0.0055749786364989815,3.3665983834779845e-10,0.004822389884437184,0.005490637449475582
"train=robust|feat=B|obj=cvar|sigtrue=0.2|sigbar=0.2|lam=0.0001|robust=0.15,0.2,0.25",main_benchmark,main,robust,B,cvar,0.2,0.2,0.0001,0.15|0.2|0.25,bs_delta,deep_hedge_robust,ES_loss_0.95,lower,10,0|1|2|3|4|5|6|7|8|9,0.02297457408626479,0.02522487621754408,0.002250302131279289,0.0006313414700277202,0.00019964770266065238,0.001798667650669288,0.0027019366118892904,1.3104485032613694e-06,0.0018906085671190473,0.002619879179074732
"train=robust|feat=B|obj=cvar|sigtrue=0.2|sigbar=0.2|lam=0.0001|robust=0.15,0.2,0.25",main_benchmark,main,robust,B,cvar,0.2,0.2,0.0001,0.15|0.2|0.25,bs_delta,deep_hedge_robust,VaR_loss_0.99,lower,10,0|1|2|3|4|5|6|7|8|9,0.0269837932276151,0.027414908073842524,0.00043111484622742615,0.0007149018422091577,0.00022607181248312388,-8.029512368804513e-05,0.0009425248161428974,0.08888987029924217,2.0741553722671973e-05,0.0008555765872733388
"train=robust|feat=B|obj=cvar|sigtrue=0.2|sigbar=0.2|lam=0.0001|robust=0.15,0.2,0.25",main_benchmark,main,robust,B,cvar,0.2,0.2,0.0001,0.15|0.2|0.25,bs_delta,deep_hedge_robust,ES_loss_0.99,lower,10,0|1|2|3|4|5|6|7|8|9,0.0336017793166257,0.030341553688049316,-0.003260225628576385,0.0006060540992980115,0.00019165113390635704,-0.0036937706139010484,-0.0028266806432517212,3.765470614756553e-08,-0.0035833400030899744,-0.002878378634237322
"train=robust|feat=B|obj=cvar|sigtrue=0.2|sigbar=0.2|lam=0.0001|robust=0.15,0.2,0.25",main_benchmark,main,robust,B,cvar,0.2,0.2,0.0001,0.15|0.2|0.25,bs_delta,deep_hedge_robust,mean_turnover,lower,10,0|1|2|3|4|5|6|7|8|9,3.2283590806727864,2.9599385013016466,-0.2684205793711404,0.030769835560880632,0.009730276360122738,-0.29043199373519807,-0.24640916500708268,5.245232948184695e-10,-0.2844125327013879,-0.24837963569104388
"train=robust|feat=B|obj=cvar|sigtrue=0.2|sigbar=0.2|lam=0.0001|robust=0.15,0.2,0.25",main_benchmark,main,robust,B,cvar,0.2,0.2,0.0001,0.15|0.2|0.25,bs_delta,deep_hedge_robust,max_turnover,lower,10,0|1|2|3|4|5|6|7|8|9,6.413278655629202,5.079633188247681,-1.3336454673815201,0.15394034542480076,0.0486802115335451,-1.4437677565886609,-1.2235231781743794,5.57827453879596e-10,-1.426375629029742,-1.2411433716605065
"train=robust|feat=B|obj=cvar|sigtrue=0.2|sigbar=0.2|lam=0.0001|robust=0.15,0.2,0.25",main_benchmark,main,robust,B,cvar,0.2,0.2,0.0001,0.15|0.2|0.25,bs_delta,deep_hedge_robust,total_turnover,lower,10,0|1|2|3|4|5|6|7|8|9,322835.9080672787,295993.85013016465,-26842.057937114045,3076.983556088059,973.0276360122725,-29043.199373519812,-24640.916500708277,5.245232948184609e-10,-28480.61679102878,-24865.105722188142
"train=robust|feat=B|obj=cvar|sigtrue=0.2|sigbar=0.2|lam=0.0005|robust=0.15,0.2,0.25",main_benchmark,main,robust,B,cvar,0.2,0.2,0.0005,0.15|0.2|0.25,bs_delta,deep_hedge_robust,mean_PL,higher,10,0|1|2|3|4|5|6|7|8|9,-0.0016362549993144567,-0.0014637266169302166,0.00017252838238424026,2.8901898284317457e-05,9.13958272809559e-06,0.00015185320985089206,0.00019320355491758847,1.5105685492635913e-08,0.00015614244791873298,0.00018968977350363988
"train=robust|feat=B|obj=cvar|sigtrue=0.2|sigbar=0.2|lam=0.0005|robust=0.15,0.2,0.25",main_benchmark,main,robust,B,cvar,0.2,0.2,0.0005,0.15|0.2|0.25,bs_delta,deep_hedge_robust,std_PL,lower,10,0|1|2|3|4|5|6|7|8|9,0.009789751824954904,0.014730432722717523,0.004940680897762621,0.00021958287269321862,6.943820128733624e-05,0.004783600773348651,0.005097761022176592,1.0814839814037729e-13,0.004811399419760887,0.005065567996182876
"train=robust|feat=B|obj=cvar|sigtrue=0.2|sigbar=0.2|lam=0.0005|robust=0.15,0.2,0.25",main_benchmark,main,robust,B,cvar,0.2,0.2,0.0005,0.15|0.2|0.25,bs_delta,deep_hedge_robust,VaR_loss_0.95,lower,10,0|1|2|3|4|5|6|7|8|9,0.01802331181079958,0.022914392314851283,0.004891080504051702,0.0007026750124929638,0.00022220534943650364,0.004388417081211837,0.005393743926891567,3.8932674552594374e-09,0.004462183631682946,0.005291694544520011
"train=robust|feat=B|obj=cvar|sigtrue=0.2|sigbar=0.2|lam=0.0005|robust=0.15,0.2,0.25",main_benchmark,main,robust,B,cvar,0.2,0.2,0.0005,0.15|0.2|0.25,bs_delta,deep_hedge_robust,ES_loss_0.95,lower,10,0|1|2|3|4|5|6|7|8|9,0.02470579340774754,0.02666034009307623,0.0019545466853286915,0.0006956124119751197,0.00021997195905247642,0.0014569355425433786,0.0024521578281140044,9.480271371281707e-06,0.0015273365789063974,0.0023493309601706103
"train=robust|feat=B|obj=cvar|sigtrue=0.2|sigbar=0.2|lam=0.0005|robust=0.15,0.2,0.25",main_benchmark,main,robust,B,cvar,0.2,0.2,0.0005,0.15|0.2|0.25,bs_delta,deep_hedge_robust,VaR_loss_0.99,lower,10,0|1|2|3|4|5|6|7|8|9,0.0288025455501272,0.02890562526881695,0.00010307971868974454,0.000726993504269052,0.0002298955317637548,-0.00041698010518493564,0.0006231395425644247,0.664481426710589,-0.0003351847126794528,0.0005113445719165162
"train=robust|feat=B|obj=cvar|sigtrue=0.2|sigbar=0.2|lam=0.0005|robust=0.15,0.2,0.25",main_benchmark,main,robust,B,cvar,0.2,0.2,0.0005,0.15|0.2|0.25,bs_delta,deep_hedge_robust,ES_loss_0.99,lower,10,0|1|2|3|4|5|6|7|8|9,0.03548227623206608,0.03191555272787809,-0.003566723504187986,0.000573317793259544,0.00018129900498016895,-0.003976850346912063,-0.0031565966614639095,1.0499217822218765e-08,-0.003915535282359963,-0.003242792055233382
"train=robust|feat=B|obj=cvar|sigtrue=0.2|sigbar=0.2|lam=0.0005|robust=0.15,0.2,0.25",main_benchmark,main,robust,B,cvar,0.2,0.2,0.0005,0.15|0.2|0.25,bs_delta,deep_hedge_robust,mean_turnover,lower,10,0|1|2|3|4|5|6|7|8|9,3.2283590806727864,2.9179742153828143,-0.31038486528997233,0.022533396846351875,0.007125685745492714,-0.32650428633898776,-0.2942654442409569,8.8470429372899e-12,-0.32441236079604524,-0.2977396410390856
"train=robust|feat=B|obj=cvar|sigtrue=0.2|sigbar=0.2|lam=0.0005|robust=0.15,0.2,0.25",main_benchmark,main,robust,B,cvar,0.2,0.2,0.0005,0.15|0.2|0.25,bs_delta,deep_hedge_robust,max_turnover,lower,10,0|1|2|3|4|5|6|7|8|9,6.413278655629202,4.972213077545166,-1.4410655780840347,0.10170423535673524,0.03216170314131109,-1.5138204052129411,-1.3683107509551282,6.8678619135958625e-12,-1.501166893455229,-1.3822847553837123
"train=robust|feat=B|obj=cvar|sigtrue=0.2|sigbar=0.2|lam=0.0005|robust=0.15,0.2,0.25",main_benchmark,main,robust,B,cvar,0.2,0.2,0.0005,0.15|0.2|0.25,bs_delta,deep_hedge_robust,total_turnover,lower,10,0|1|2|3|4|5|6|7|8|9,322835.9080672787,291797.4215382814,-31038.48652899723,2253.3396846351807,712.5685745492692,-32650.428633898766,-29426.544424095693,8.847042937289657e-12,-32437.53368837028,-29789.90347679751
"train=robust|feat=B|obj=cvar|sigtrue=0.2|sigbar=0.2|lam=0.001|robust=0.15,0.2,0.25",main_benchmark,main,robust,B,cvar,0.2,0.2,0.001,0.15|0.2|0.25,bs_delta,deep_hedge_robust,mean_PL,higher,10,0|1|2|3|4|5|6|7|8|9,-0.003285148566236254,-0.0029117192374542356,0.0003734293287820182,3.999609815422381e-05,1.2647876768700371e-05,0.0003448178437555136,0.0004020408138085228,2.863542268728119e-10,0.00035062148445717177,0.0003974560692110733
"train=robust|feat=B|obj=cvar|sigtrue=0.2|sigbar=0.2|lam=0.001|robust=0.15,0.2,0.25",main_benchmark,main,robust,B,cvar,0.2,0.2,0.001,0.15|0.2|0.25,bs_delta,deep_hedge_robust,std_PL,lower,10,0|1|2|3|4|5|6|7|8|9,0.009885868835280075,0.01470199879258871,0.004816129957308636,0.00020805719322777521,6.579346141815294e-05,0.004667294807296274,0.004964965107320998,8.380115920429442e-14,0.004694043090606954,0.004937493200067552
"train=robust|feat=B|obj=cvar|sigtrue=0.2|sigbar=0.2|lam=0.001|robust=0.15,0.2,0.25",main_benchmark,main,robust,B,cvar,0.2,0.2,0.001,0.15|0.2|0.25,bs_delta,deep_hedge_robust,VaR_loss_0.95,lower,10,0|1|2|3|4|5|6|7|8|9,0.02005896715186049,0.02399564478546381,0.003936677633603318,0.0006538078218107169,0.00020675218689553783,0.003468971693093384,0.004404383574113252,1.4001652236250779e-08,0.003535629309604443,0.004304807980098398
"train=robust|feat=B|obj=cvar|sigtrue=0.2|sigbar=0.2|lam=0.001|robust=0.15,0.2,0.25",main_benchmark,main,robust,B,cvar,0.2,0.2,0.001,0.15|0.2|0.25,bs_delta,deep_hedge_robust,ES_loss_0.95,lower,10,0|1|2|3|4|5|6|7|8|9,0.02689282419607893,0.027690933272242545,0.0007981090761636167,0.0006382683112666418,0.00020183816219118987,0.00034151943183679075,0.0012546987204904428,0.003333413352300905,0.00042750771338212945,0.0011821379900838734
"train=robust|feat=B|obj=cvar|sigtrue=0.2|sigbar=0.2|lam=0.001|robust=0.15,0.2,0.25",main_benchmark,main,robust,B,cvar,0.2,0.2,0.001,0.15|0.2|0.25,bs_delta,deep_hedge_robust,VaR_loss_0.99,lower,10,0|1|2|3|4|5|6|7|8|9,0.031068979524448186,0.02987659052014351,-0.0011923890043046743,0.0006683868446917833,0.00021136247873192583,-0.0016705241495148836,-0.000714253859094465,0.00031703891740822747,-0.0015784983053479574,-0.0007983437060232877
"train=robust|feat=B|obj=cvar|sigtrue=0.2|sigbar=0.2|lam=0.001|robust=0.15,0.2,0.25",main_benchmark,main,robust,B,cvar,0.2,0.2,0.001,0.15|0.2|0.25,bs_delta,deep_hedge_robust,ES_loss_0.99,lower,10,0|1|2|3|4|5|6|7|8|9,0.03784959409048168,0.033074894547462465,-0.004774699543019215,0.0005862021891290166,0.00018537340870244883,-0.005194043327307779,-0.004355355758730651,9.65697890468663e-10,-0.005116062843635557,-0.004431724860078671
"train=robust|feat=B|obj=cvar|sigtrue=0.2|sigbar=0.2|lam=0.001|robust=0.15,0.2,0.25",main_benchmark,main,robust,B,cvar,0.2,0.2,0.001,0.15|0.2|0.25,bs_delta,deep_hedge_robust,mean_turnover,lower,10,0|1|2|3|4|5|6|7|8|9,3.2283590806727864,2.8805407770494225,-0.3478183036233644,0.025004300101951364,0.007907053962054673,-0.36570530238025833,-0.3299313048664705,8.10189324648336e-12,-0.3623678875570335,-0.33293143096926026
"train=robust|feat=B|obj=cvar|sigtrue=0.2|sigbar=0.2|lam=0.001|robust=0.15,0.2,0.25",main_benchmark,main,robust,B,cvar,0.2,0.2,0.001,0.15|0.2|0.25,bs_delta,deep_hedge_robust,max_turnover,lower,10,0|1|2|3|4|5|6|7|8|9,6.413278655629202,4.881856536865234,-1.5314221187639663,0.10512719555264456,0.033244138197228046,-1.6066255841078791,-1.4562186534200534,5.357139430719678e-12,-1.593647038506836,-1.4709130190008717
"train=robust|feat=B|obj=cvar|sigtrue=0.2|sigbar=0.2|lam=0.001|robust=0.15,0.2,0.25",main_benchmark,main,robust,B,cvar,0.2,0.2,0.001,0.15|0.2|0.25,bs_delta,deep_hedge_robust,total_turnover,lower,10,0|1|2|3|4|5|6|7|8|9,322835.9080672787,288054.0777049422,-34781.83036233644,2500.4300101951326,790.7053962054661,-36570.53023802583,-32993.13048664705,8.10189324648327e-12,-36221.36005726969,-33332.01377140021
"train=robust|feat=B|obj=cvar|sigtrue=0.2|sigbar=0.2|lam=0|robust=0.15,0.2,0.25",main_benchmark,main,robust,B,cvar,0.2,0.2,0.0,0.15|0.2|0.25,bs_delta,deep_hedge_robust,mean_PL,higher,10,0|1|2|3|4|5|6|7|8|9,1.2638567607340024e-05,2.101449787232923e-05,8.375930264989203e-06,3.40136653822392e-05,1.0756065417869758e-05,-1.595598016357094e-05,3.2707840693549346e-05,0.4561318058687359,-1.1194786083533859e-05,2.8719948880329295e-05
"train=robust|feat=B|obj=cvar|sigtrue=0.2|sigbar=0.2|lam=0|robust=0.15,0.2,0.25",main_benchmark,main,robust,B,cvar,0.2,0.2,0.0,0.15|0.2|0.25,bs_delta,deep_hedge_robust,std_PL,lower,10,0|1|2|3|4|5|6|7|8|9,0.009718550287948836,0.014635001216083765,0.004916450928134928,0.00028289780385218577,8.94601405232463e-05,0.004714078030465332,0.0051188238258045235,1.0999809761132731e-12,0.00474316638383677,0.0050757132016676
"train=robust|feat=B|obj=cvar|sigtrue=0.2|sigbar=0.2|lam=0|robust=0.15,0.2,0.25",main_benchmark,main,robust,B,cvar,0.2,0.2,0.0,0.15|0.2|0.25,bs_delta,deep_hedge_robust,VaR_loss_0.95,lower,10,0|1|2|3|4|5|6|7|8|9,0.016015042021220824,0.02117314375936985,0.005158101738149025,0.000626826442582411,0.00019821992561811755,0.004709697113602674,0.005606506362695377,8.817131007008123e-10,0.004789102675341474,0.005524723205955193
"train=robust|feat=B|obj=cvar|sigtrue=0.2|sigbar=0.2|lam=0|robust=0.15,0.2,0.25",main_benchmark,main,robust,B,cvar,0.2,0.2,0.0,0.15|0.2|0.25,bs_delta,deep_hedge_robust,ES_loss_0.95,lower,10,0|1|2|3|4|5|6|7|8|9,0.02254443543035514,0.024860312417149543,0.002315876986794404,0.0007104810197744321,0.0002246738256806335,0.0018076294827376839,0.0028241244908511244,2.778828145205178e-06,0.0018827650754490344,0.00271377762042661
"train=robust|feat=B|obj=cvar|sigtrue=0.2|sigbar=0.2|lam=0|robust=0.15,0.2,0.25",main_benchmark,main,robust,B,cvar,0.2,0.2,0.0,0.15|0.2|0.25,bs_delta,deep_hedge_robust,VaR_loss_0.99,lower,10,0|1|2|3|4|5|6|7|8|9,0.026533157129019103,0.027060162648558615,0.0005270055195395158,0.0007651253988486487,0.00024195389560065027,-2.0332218460424305e-05,0.0010743432575394559,0.05734953481932274,7.822428098512441e-05,0.0009656751553530773
"train=robust|feat=B|obj=cvar|sigtrue=0.2|sigbar=0.2|lam=0|robust=0.15,0.2,0.25",main_benchmark,main,robust,B,cvar,0.2,0.2,0.0,0.15|0.2|0.25,bs_delta,deep_hedge_robust,ES_loss_0.99,lower,10,0|1|2|3|4|5|6|7|8|9,0.033133699968136726,0.030102803744375704,-0.003030896223761016,0.000768561438660722,0.0002430404667943671,-0.0035806919565697128,-0.0024811004909523196,5.544312614234805e-07,-0.0035077339017132417,-0.0025977371163946957
"train=robust|feat=B|obj=cvar|sigtrue=0.2|sigbar=0.2|lam=0|robust=0.15,0.2,0.25",main_benchmark,main,robust,B,cvar,0.2,0.2,0.0,0.15|0.2|0.25,bs_delta,deep_hedge_robust,mean_turnover,lower,10,0|1|2|3|4|5|6|7|8|9,3.2283590806727864,2.9819001832518577,-0.24645889742092902,0.02592122058516773,0.008197009678077263,-0.26500182157771773,-0.22791597326414034,2.434826441509699e-10,-0.2616140015542122,-0.2319706482119235
"train=robust|feat=B|obj=cvar|sigtrue=0.2|sigbar=0.2|lam=0|robust=0.15,0.2,0.25",main_benchmark,main,robust,B,cvar,0.2,0.2,0.0,0.15|0.2|0.25,bs_delta,deep_hedge_robust,max_turnover,lower,10,0|1|2|3|4|5|6|7|8|9,6.413278655629202,5.1263528823852536,-1.2869257732439467,0.1394678838323012,0.04410361733538447,-1.3866950871044978,-1.1871564593833956,3.180348808031806e-10,-1.3696776098790766,-1.2078123332650001
"train=robust|feat=B|obj=cvar|sigtrue=0.2|sigbar=0.2|lam=0|robust=0.15,0.2,0.25",main_benchmark,main,robust,B,cvar,0.2,0.2,0.0,0.15|0.2|0.25,bs_delta,deep_hedge_robust,total_turnover,lower,10,0|1|2|3|4|5|6|7|8|9,322835.9080672787,298190.01832518575,-24645.88974209289,2592.1220585167753,819.700967807727,-26500.182157771764,-22791.59732641402,2.434826441509727e-10,-26174.387270663516,-23118.579402222906
"train=robust|feat=B|obj=cvar|sigtrue=0.2|sigbar=0.3|lam=0.0001|robust=0.15,0.2,0.25",main_benchmark,main,robust,B,cvar,0.2,0.3,0.0001,0.15|0.2|0.25,bs_delta,deep_hedge_robust,mean_PL,higher,10,0|1|2|3|4|5|6|7|8|9,-0.00026866864727978745,-0.0002806797914672643,-1.2011144187476832e-05,1.3990952665276601e-05,4.424327705787744e-06,-2.2019668797691128e-05,-2.0026195772625373e-06,0.023809825093254276,-1.959667876532936e-05,-3.040053046835921e-06
"train=robust|feat=B|obj=cvar|sigtrue=0.2|sigbar=0.3|lam=0.0001|robust=0.15,0.2,0.25",main_benchmark,main,robust,B,cvar,0.2,0.3,0.0001,0.15|0.2|0.25,bs_delta,deep_hedge_robust,std_PL,lower,10,0|1|2|3|4|5|6|7|8|9,0.01543553031937421,0.014685376826673747,-0.0007501534927004623,0.0001811245616611561,5.72766155048864e-05,-0.0008797221987256798,-0.0006205847866752448,3.6427381180976135e-07,-0.0008572101891384075,-0.0006452597918674387
"train=robust|feat=B|obj=cvar|sigtrue=0.2|sigbar=0.3|lam=0.0001|robust=0.15,0.2,0.25",main_benchmark,main,robust,B,cvar,0.2,0.3,0.0001,0.15|0.2|0.25,bs_delta,deep_hedge_robust,VaR_loss_0.95,lower,10,0|1|2|3|4|5|6|7|8|9,0.023726690846587854,0.021587501093745232,-0.0021391897528426213,0.00045528459096300046,0.00014397362910211948,-0.002464880729170033,-0.0018134987765152095,1.2250727008725765e-07,-0.0024087523057555083,-0.001867759079169524
"train=robust|feat=B|obj=cvar|sigtrue=0.2|sigbar=0.3|lam=0.0001|robust=0.15,0.2,0.25",main_benchmark,main,robust,B,cvar,0.2,0.3,0.0001,0.15|0.2|0.25,bs_delta,deep_hedge_robust,ES_loss_0.95,lower,10,0|1|2|3|4|5|6|7|8|9,0.027655476667205768,0.02522487621754408,-0.0024306004496616887,0.0005869472647683764,0.00018560902230739713,-0.002850477228954339,-0.0020107236703690383,3.6469417629783026e-07,-0.0027656246647102833,-0.00207963743837287
"train=robust|feat=B|obj=cvar|sigtrue=0.2|sigbar=0.3|lam=0.0001|robust=0.15,0.2,0.25",main_benchmark,main,robust,B,cvar,0.2,0.3,0.0001,0.15|0.2|0.25,bs_delta,deep_hedge_robust,VaR_loss_0.99,lower,10,0|1|2|3|4|5|6|7|8|9,0.03010382053218031,0.027414908073842524,-0.002688912458337781,0.0006785207556277388,0.00021456710274821665,-0.0031742969667205175,-0.002203527949955044,5.317456963795802e-07,-0.0030790408467127025,-0.0022876602617126784
"train=robust|feat=B|obj=cvar|sigtrue=0.2|sigbar=0.3|lam=0.0001|robust=0.15,0.2,0.25",main_benchmark,main,robust,B,cvar,0.2,0.3,0.0001,0.15|0.2|0.25,bs_delta,deep_hedge_robust,ES_loss_0.99,lower,10,0|1|2|3|4|5|6|7|8|9,0.032830373995024364,0.030341553688049316,-0.002488820306975051,0.0006287073094240629,0.0001988147079376283,-0.00293857042260579,-0.002039070191344312,5.36676145811232e-07,-0.002848248065706606,-0.0021018479661039815
"train=robust|feat=B|obj=cvar|sigtrue=0.2|sigbar=0.3|lam=0.0001|robust=0.15,0.2,0.25",main_benchmark,main,robust,B,cvar,0.2,0.3,0.0001,0.15|0.2|0.25,bs_delta,deep_hedge_robust,mean_turnover,lower,10,0|1|2|3|4|5|6|7|8|9,2.814302600889079,2.9599385013016466,0.1456359004125674,0.03109730070600338,0.009833829931413286,0.12339023159548146,0.16788156922965336,1.2603476039643586e-07,0.12913529166670434,0.16526831311540616
"train=robust|feat=B|obj=cvar|sigtrue=0.2|sigbar=0.3|lam=0.0001|robust=0.15,0.2,0.25",main_benchmark,main,robust,B,cvar,0.2,0.3,0.0001,0.15|0.2|0.25,bs_delta,deep_hedge_robust,max_turnover,lower,10,0|1|2|3|4|5|6|7|8|9,5.001619618412653,5.079633188247681,0.07801356983502714,0.1196517974938566,0.03783722062138136,-0.0075801698140066515,0.16360730948406094,0.06927562393667884,0.015448379832804426,0.15387778901774404
"train=robust|feat=B|obj=cvar|sigtrue=0.2|sigbar=0.3|lam=0.0001|robust=0.15,0.2,0.25",main_benchmark,main,robust,B,cvar,0.2,0.3,0.0001,0.15|0.2|0.25,bs_delta,deep_hedge_robust,total_turnover,lower,10,0|1|2|3|4|5|6|7|8|9,281430.2600889079,295993.85013016465,14563.590041256732,3109.7300706003366,983.3829931413281,12339.023159548138,16788.156922965325,1.2603476039643623e-07,12893.295617798489,16481.51078999435
"train=robust|feat=B|obj=cvar|sigtrue=0.2|sigbar=0.3|lam=0.0005|robust=0.15,0.2,0.25",main_benchmark,main,robust,B,cvar,0.2,0.3,0.0005,0.15|0.2|0.25,bs_delta,deep_hedge_robust,mean_PL,higher,10,0|1|2|3|4|5|6|7|8|9,-0.0014210286276666105,-0.0014637266169302166,-4.269798926360615e-05,1.853534706313787e-05,5.861391394122846e-06,-5.59573777897849e-05,-2.9438600737427392e-05,4.640480835827706e-05,-5.291256538379511e-05,-3.1440969405114115e-05
"train=robust|feat=B|obj=cvar|sigtrue=0.2|sigbar=0.3|lam=0.0005|robust=0.15,0.2,0.25",main_benchmark,main,robust,B,cvar,0.2,0.3,0.0005,0.15|0.2|0.25,bs_delta,deep_hedge_robust,std_PL,lower,10,0|1|2|3|4|5|6|7|8|9,0.015310525664469202,0.014730432722717523,-0.00058009294175168,0.00021736475366439267,6.873677046209118e-05,-0.0007355863194001157,-0.00042459956410324437,1.4404626523075715e-05,-0.0007094719787057004,-0.0004581369928145073
"train=robust|feat=B|obj=cvar|sigtrue=0.2|sigbar=0.3|lam=0.0005|robust=0.15,0.2,0.25",main_benchmark,main,robust,B,cvar,0.2,0.3,0.0005,0.15|0.2|0.25,bs_delta,deep_hedge_robust,VaR_loss_0.95,lower,10,0|1|2|3|4|5|6|7|8|9,0.024620697551118155,0.022914392314851283,-0.0017063052362668685,0.0006413340363198407,0.00020280762957598482,-0.0021650879681823078,-0.0012475225043514294,1.4767072972757053e-05,-0.002084981871695974,-0.0013447114551683504
"train=robust|feat=B|obj=cvar|sigtrue=0.2|sigbar=0.3|lam=0.0005|robust=0.15,0.2,0.25",main_benchmark,main,robust,B,cvar,0.2,0.3,0.0005,0.15|0.2|0.25,bs_delta,deep_hedge_robust,ES_loss_0.95,lower,10,0|1|2|3|4|5|6|7|8|9,0.02849440154849664,0.02666034009307623,-0.0018340614554204124,0.00069341661937763,0.00021927758846473593,-0.002330101822807032,-0.001338021088033793,1.5484498510724836e-05,-0.002257521247557994,-0.0014465691538483004
"train=robust|feat=B|obj=cvar|sigtrue=0.2|sigbar=0.3|lam=0.0005|robust=0.15,0.2,0.25",main_benchmark,main,robust,B,cvar,0.2,0.3,0.0005,0.15|0.2|0.25,bs_delta,deep_hedge_robust,VaR_loss_0.99,lower,10,0|1|2|3|4|5|6|7|8|9,0.03091450508452223,0.02890562526881695,-0.0020088798157052784,0.0008098276361898978,0.00025608998425102794,-0.0025881956078996206,-0.0014295640235109362,2.5885954335095002e-05,-0.0025017129456139917,-0.0015504703843338642
"train=robust|feat=B|obj=cvar|sigtrue=0.2|sigbar=0.3|lam=0.0005|robust=0.15,0.2,0.25",main_benchmark,main,robust,B,cvar,0.2,0.3,0.0005,0.15|0.2|0.25,bs_delta,deep_hedge_robust,ES_loss_0.99,lower,10,0|1|2|3|4|5|6|7|8|9,0.03363693675446395,0.03191555272787809,-0.001721384026585858,0.0006611877928424478,0.00020908593864817107,-0.002194369280339204,-0.0012483987728325117,1.7586996487992264e-05,-0.002153903104301461,-0.001360247527060303
"train=robust|feat=B|obj=cvar|sigtrue=0.2|sigbar=0.3|lam=0.0005|robust=0.15,0.2,0.25",main_benchmark,main,robust,B,cvar,0.2,0.3,0.0005,0.15|0.2|0.25,bs_delta,deep_hedge_robust,mean_turnover,lower,10,0|1|2|3|4|5|6|7|8|9,2.814302600889079,2.9179742153828143,0.10367161449373548,0.022938755227025546,0.007253871320649352,0.08726221752771207,0.12008101145975889,1.7156560404489805e-07,0.08909464077882996,0.11629076560096296
"train=robust|feat=B|obj=cvar|sigtrue=0.2|sigbar=0.3|lam=0.0005|robust=0.15,0.2,0.25",main_benchmark,main,robust,B,cvar,0.2,0.3,0.0005,0.15|0.2|0.25,bs_delta,deep_hedge_robust,max_turnover,lower,10,0|1|2|3|4|5|6|7|8|9,5.001619618412653,4.972213077545166,-0.029406540867487507,0.08642487116502678,0.027329943936809452,-0.09123116930301438,0.032418087568039364,0.3099315163935122,-0.07899014726282533,0.022130461818318323
"train=robust|feat=B|obj=cvar|sigtrue=0.2|sigbar=0.3|lam=0.0005|robust=0.15,0.2,0.25",main_benchmark,main,robust,B,cvar,0.2,0.3,0.0005,0.15|0.2|0.25,bs_delta,deep_hedge_robust,total_turnover,lower,10,0|1|2|3|4|5|6|7|8|9,281430.2600889079,291797.4215382814,10367.161449373549,2293.875522702544,725.3871320649318,8726.221752771216,12008.101145975881,1.7156560404489135e-07,8943.757333305988,11648.542880179257
"train=robust|feat=B|obj=cvar|sigtrue=0.2|sigbar=0.3|lam=0.001|robust=0.15,0.2,0.25",main_benchmark,main,robust,B,cvar,0.2,0.3,0.001,0.15|0.2|0.25,bs_delta,deep_hedge_robust,mean_PL,higher,10,0|1|2|3|4|5|6|7|8|9,-0.0028614785769442487,-0.0029117192374542356,-5.0240660509987206e-05,2.6905809942438375e-05,8.508364170970913e-06,-6.948791746304467e-05,-3.099340355692974e-05,0.000227697167053272,-6.626159893199804e-05,-3.494341776307071e-05
"train=robust|feat=B|obj=cvar|sigtrue=0.2|sigbar=0.3|lam=0.001|robust=0.15,0.2,0.25",main_benchmark,main,robust,B,cvar,0.2,0.3,0.001,0.15|0.2|0.25,bs_delta,deep_hedge_robust,std_PL,lower,10,0|1|2|3|4|5|6|7|8|9,0.015161735384359271,0.01470199879258871,-0.000459736591770561,0.000222152048544934,7.025064602742861e-05,-0.00061865459387271,-0.0003008185896684121,0.00010587530596349216,-0.0005884526225864498,-0.0003264719806941633
"train=robust|feat=B|obj=cvar|sigtrue=0.2|sigbar=0.3|lam=0.001|robust=0.15,0.2,0.25",main_benchmark,main,robust,B,cvar,0.2,0.3,0.001,0.15|0.2|0.25,bs_delta,deep_hedge_robust,VaR_loss_0.95,lower,10,0|1|2|3|4|5|6|7|8|9,0.025743916149853247,0.02399564478546381,-0.0017482713643894375,0.0006028135164105565,0.00019062637161926474,-0.0021794981763661896,-0.0013170445524126853,7.3164659304883975e-06,-0.0020961625311830987,-0.0013944838910333337
"train=robust|feat=B|obj=cvar|sigtrue=0.2|sigbar=0.3|lam=0.001|robust=0.15,0.2,0.25",main_benchmark,main,robust,B,cvar,0.2,0.3,0.001,0.15|0.2|0.25,bs_delta,deep_hedge_robust,ES_loss_0.95,lower,10,0|1|2|3|4|5|6|7|8|9,0.02957533641057199,0.027690933272242545,-0.0018844031383294432,0.0006822900076480392,0.0002157590448941507,-0.0023724840071752454,-0.0013963222694836407,1.090739472750847e-05,-0.0022760899594424905,-0.0014840596627022974
"train=robust|feat=B|obj=cvar|sigtrue=0.2|sigbar=0.3|lam=0.001|robust=0.15,0.2,0.25",main_benchmark,main,robust,B,cvar,0.2,0.3,0.001,0.15|0.2|0.25,bs_delta,deep_hedge_robust,VaR_loss_0.99,lower,10,0|1|2|3|4|5|6|7|8|9,0.03196471442296495,0.02987659052014351,-0.002088123902821441,0.0007302074952799073,0.00023091188496111582,-0.0026104828773614646,-0.001565764928281418,8.211800547870754e-06,-0.0025114912463798794,-0.0016559520005515983
"train=robust|feat=B|obj=cvar|sigtrue=0.2|sigbar=0.3|lam=0.001|robust=0.15,0.2,0.25",main_benchmark,main,robust,B,cvar,0.2,0.3,0.001,0.15|0.2|0.25,bs_delta,deep_hedge_robust,ES_loss_0.99,lower,10,0|1|2|3|4|5|6|7|8|9,0.03470263279778383,0.033074894547462465,-0.0016277382503213575,0.0006208874530717779,0.0001963418522327726,-0.0020718943777067907,-0.0011835821229359243,1.663050757609975e-05,-0.0019782999317680223,-0.0012553416820215726
"train=robust|feat=B|obj=cvar|sigtrue=0.2|sigbar=0.3|lam=0.001|robust=0.15,0.2,0.25",main_benchmark,main,robust,B,cvar,0.2,0.3,0.001,0.15|0.2|0.25,bs_delta,deep_hedge_robust,mean_turnover,lower,10,0|1|2|3|4|5|6|7|8|9,2.814302600889079,2.8805407770494225,0.0662381761603434,0.02489114185470407,0.00787127018232128,0.04843212593708539,0.08404422638360141,1.474207564720285e-05,0.05176809143483803,0.08119955421336912
"train=robust|feat=B|obj=cvar|sigtrue=0.2|sigbar=0.3|lam=0.001|robust=0.15,0.2,0.25",main_benchmark,main,robust,B,cvar,0.2,0.3,0.001,0.15|0.2|0.25,bs_delta,deep_hedge_robust,max_turnover,lower,10,0|1|2|3|4|5|6|7|8|9,5.001619618412653,4.881856536865234,-0.11976308154741915,0.10864511592834504,0.03435660229866092,-0.19748311552674422,-0.04204304756809407,0.006874570345212505,-0.17351029890568964,-0.04733523981020563
"train=robust|feat=B|obj=cvar|sigtrue=0.2|sigbar=0.3|lam=0.001|robust=0.15,0.2,0.25",main_benchmark,main,robust,B,cvar,0.2,0.3,0.001,0.15|0.2|0.25,bs_delta,deep_hedge_robust,total_turnover,lower,10,0|1|2|3|4|5|6|7|8|9,281430.2600889079,288054.0777049422,6623.817616034334,2489.114185470401,787.127018232126,4843.212593708537,8404.42263836013,1.4742075647202699e-05,5189.881361407969,8121.733068494447
"train=robust|feat=B|obj=cvar|sigtrue=0.2|sigbar=0.3|lam=0|robust=0.15,0.2,0.25",main_benchmark,main,robust,B,cvar,0.2,0.3,0.0,0.15|0.2|0.25,bs_delta,deep_hedge_robust,mean_PL,higher,10,0|1|2|3|4|5|6|7|8|9,1.9421321611027478e-05,2.101449787232923e-05,1.5931762613017502e-06,1.4002985387246889e-05,4.42813278657551e-06,-8.423956039671614e-06,1.1610308562275115e-05,0.7273056560281371,-6.129075258296698e-06,1.026910739798887e-05
"train=robust|feat=B|obj=cvar|sigtrue=0.2|sigbar=0.3|lam=0|robust=0.15,0.2,0.25",main_benchmark,main,robust,B,cvar,0.2,0.3,0.0,0.15|0.2|0.25,bs_delta,deep_hedge_robust,std_PL,lower,10,0|1|2|3|4|5|6|7|8|9,0.015467594402815425,0.014635001216083765,-0.0008325931867316578,0.00028896523317066585,9.137883014209433e-05,-0.001039306461865717,-0.0006258799115975986,7.719466608399188e-06,-0.0010057642686121624,-0.0006698090614742954
"train=robust|feat=B|obj=cvar|sigtrue=0.2|sigbar=0.3|lam=0|robust=0.15,0.2,0.25",main_benchmark,main,robust,B,cvar,0.2,0.3,0.0,0.15|0.2|0.25,bs_delta,deep_hedge_robust,VaR_loss_0.95,lower,10,0|1|2|3|4|5|6|7|8|9,0.023507341799865154,0.02117314375936985,-0.002334198040495304,0.0006470929877839516,0.00020462876993208,-0.002797100478111745,-0.0018712956028788634,1.1842751859568937e-06,-0.0027159310442961817,-0.0019699690721956455
"train=robust|feat=B|obj=cvar|sigtrue=0.2|sigbar=0.3|lam=0|robust=0.15,0.2,0.25",main_benchmark,main,robust,B,cvar,0.2,0.3,0.0,0.15|0.2|0.25,bs_delta,deep_hedge_robust,ES_loss_0.95,lower,10,0|1|2|3|4|5|6|7|8|9,0.027449045605523543,0.024860312417149543,-0.0025887331883739963,0.0007197892839755044,0.00022761735727443313,-0.003103639423509553,-0.0020738269532384395,1.2144218897952022e-06,-0.0030088670715643488,-0.002170623625212135
"train=robust|feat=B|obj=cvar|sigtrue=0.2|sigbar=0.3|lam=0|robust=0.15,0.2,0.25",main_benchmark,main,robust,B,cvar,0.2,0.3,0.0,0.15|0.2|0.25,bs_delta,deep_hedge_robust,VaR_loss_0.99,lower,10,0|1|2|3|4|5|6|7|8|9,0.029909165620683704,0.027060162648558615,-0.002849002972125083,0.0008450426887853949,0.00026722596166346745,-0.003453510095387734,-0.0022444958488624317,2.094527516642085e-06,-0.0033537452702868294,-0.002370305303527982
"train=robust|feat=B|obj=cvar|sigtrue=0.2|sigbar=0.3|lam=0|robust=0.15,0.2,0.25",main_benchmark,main,robust,B,cvar,0.2,0.3,0.0,0.15|0.2|0.25,bs_delta,deep_hedge_robust,ES_loss_0.99,lower,10,0|1|2|3|4|5|6|7|8|9,0.03263459474416328,0.030102803744375704,-0.0025317909997875795,0.0006656933536929526,0.00021051072209057913,-0.003007999337610605,-0.0020555826619645537,7.554404812368513e-07,-0.0029271867697646965,-0.002153040230775632
"train=robust|feat=B|obj=cvar|sigtrue=0.2|sigbar=0.3|lam=0|robust=0.15,0.2,0.25",main_benchmark,main,robust,B,cvar,0.2,0.3,0.0,0.15|0.2|0.25,bs_delta,deep_hedge_robust,mean_turnover,lower,10,0|1|2|3|4|5|6|7|8|9,2.814302600889079,2.9819001832518577,0.1675975823627788,0.02635762860749813,0.008335014012050631,0.14874247071339505,0.18645269401216255,8.659600517124071e-09,0.15207126627154988,0.18259321316298344
"train=robust|feat=B|obj=cvar|sigtrue=0.2|sigbar=0.3|lam=0|robust=0.15,0.2,0.25",main_benchmark,main,robust,B,cvar,0.2,0.3,0.0,0.15|0.2|0.25,bs_delta,deep_hedge_robust,max_turnover,lower,10,0|1|2|3|4|5|6|7|8|9,5.001619618412653,5.1263528823852536,0.12473326397260039,0.11635116386586192,0.03679346862276055,0.04150065538343162,0.20796587256176916,0.007997929608172692,0.05814549008494303,0.19412381280446658
"train=robust|feat=B|obj=cvar|sigtrue=0.2|sigbar=0.3|lam=0|robust=0.15,0.2,0.25",main_benchmark,main,robust,B,cvar,0.2,0.3,0.0,0.15|0.2|0.25,bs_delta,deep_hedge_robust,total_turnover,lower,10,0|1|2|3|4|5|6|7|8|9,281430.2600889079,298190.01832518575,16759.758236277885,2635.7628607498154,833.501401205064,14874.247071339509,18645.26940121626,8.659600517124107e-09,15202.954185247125,18281.565889300447
