scenario_id,run_id,created_at_utc,status,campaign_id,campaign_role,run_mode,is_benchmark_eligible,method,training_regime,deep_hedge_method,seed,feature_set,objective_name,sigma_true,sigma_bar,lambda_cost,robust_sigmas,mean_PL,std_PL,entropic,VaR_loss_0.95,ES_loss_0.95,VaR_loss_0.99,ES_loss_0.99,mean_turnover,max_turnover,total_turnover,benchmark_run_dir,root_run_dir,config_hash,git_commit,reproduce_command
train=oracle|feat=B|obj=cvar|sigtrue=0.2|sigbar=0.15|lam=0|robust=none,seed_0000__train_oracle__feat_b__obj_cvar_a0.95__sigtrue_0.2__sigbar_0.15__lam_0,2026-04-02T01:17:43Z,completed,main_benchmark,main,benchmark,True,bs_delta,oracle,deep_hedge_oracle,0,B,cvar,0.2,0.15,0.0,,7.771103666760091e-05,0.012963186683688132,6.708501993482607e-06,0.02457205164344324,0.03400416533091313,0.03971067243831731,0.048777392613406585,3.52514630087249,7.611075302816718,352514.630087249,results/gbm_deephedge/benchmark_6_2/runs/seed_0000__train_oracle__feat_b__obj_cvar_a0.95__sigtrue_0.2__sigbar_0.15__lam_0,results/gbm_deephedge,dda3c258922f525597bec47d8dfc9e28621c0b6def306c17ff67e65ad55ff7d8,76e694c21e709359f62f03a0ba5a97ba6db86a88,GBM_CFG=results/gbm_deephedge/benchmark_6_2/runs/seed_0000__train_oracle__feat_b__obj_cvar_a0.95__sigtrue_0.2__sigbar_0.15__lam_0/run_cfg.json python -m src.train_deephedge_gbm
train=oracle|feat=B|obj=cvar|sigtrue=0.2|sigbar=0.15|lam=0|robust=none,seed_0000__train_oracle__feat_b__obj_cvar_a0.95__sigtrue_0.2__sigbar_0.15__lam_0,2026-04-02T01:17:43Z,completed,main_benchmark,main,benchmark,True,deep_hedge_oracle,oracle,deep_hedge_oracle,0,B,cvar,0.2,0.15,0.0,,5.273023998597637e-05,0.011913906782865524,1.8127262592315674e-05,0.016780825331807137,0.021340493112802505,0.023927738890051842,0.028645344078540802,3.1739116676318644,5.685286998748779,317391.16676318645,results/gbm_deephedge/benchmark_6_2/runs/seed_0000__train_oracle__feat_b__obj_cvar_a0.95__sigtrue_0.2__sigbar_0.15__lam_0,results/gbm_deephedge,dda3c258922f525597bec47d8dfc9e28621c0b6def306c17ff67e65ad55ff7d8,76e694c21e709359f62f03a0ba5a97ba6db86a88,GBM_CFG=results/gbm_deephedge/benchmark_6_2/runs/seed_0000__train_oracle__feat_b__obj_cvar_a0.95__sigtrue_0.2__sigbar_0.15__lam_0/run_cfg.json python -m src.train_deephedge_gbm
train=oracle|feat=B|obj=cvar|sigtrue=0.2|sigbar=0.15|lam=0.0001|robust=none,seed_0000__train_oracle__feat_b__obj_cvar_a0.95__sigtrue_0.2__sigbar_0.15__lam_0.0001,2026-04-02T01:18:08Z,completed,main_benchmark,main,benchmark,True,bs_delta,oracle,deep_hedge_oracle,0,B,cvar,0.2,0.15,0.0001,,-0.0002818438711258122,0.013040770520413738,0.0003672778220768086,0.025081880121096422,0.03453551532328279,0.04025530998887167,0.04934579998855613,3.52514630087249,7.611075302816718,352514.630087249,results/gbm_deephedge/benchmark_6_2/runs/seed_0000__train_oracle__feat_b__obj_cvar_a0.95__sigtrue_0.2__sigbar_0.15__lam_0.0001,results/gbm_deephedge,ce4876e5a83bbdbfbf781038923c6db0fb117faa6751c21a12c603f75f523a60,76e694c21e709359f62f03a0ba5a97ba6db86a88,GBM_CFG=results/gbm_deephedge/benchmark_6_2/runs/seed_0000__train_oracle__feat_b__obj_cvar_a0.95__sigtrue_0.2__sigbar_0.15__lam_0.0001/run_cfg.json python -m src.train_deephedge_gbm
train=oracle|feat=B|obj=cvar|sigtrue=0.2|sigbar=0.15|lam=0.0001|robust=none,seed_0000__train_oracle__feat_b__obj_cvar_a0.95__sigtrue_0.2__sigbar_0.15__lam_0.0001,2026-04-02T01:18:08Z,completed,main_benchmark,main,benchmark,True,deep_hedge_oracle,oracle,deep_hedge_oracle,0,B,cvar,0.2,0.15,0.0001,,-0.0002677365264389664,0.011729012243449688,0.00033638253808021545,0.01696350798010826,0.02171100489795208,0.024476606398820877,0.02934315614402294,3.169364105836153,5.67774772644043,316936.4105836153,results/gbm_deephedge/benchmark_6_2/runs/seed_0000__train_oracle__feat_b__obj_cvar_a0.95__sigtrue_0.2__sigbar_0.15__lam_0.0001,results/gbm_deephedge,ce4876e5a83bbdbfbf781038923c6db0fb117faa6751c21a12c603f75f523a60,76e694c21e709359f62f03a0ba5a97ba6db86a88,GBM_CFG=results/gbm_deephedge/benchmark_6_2/runs/seed_0000__train_oracle__feat_b__obj_cvar_a0.95__sigtrue_0.2__sigbar_0.15__lam_0.0001/run_cfg.json python -m src.train_deephedge_gbm
train=oracle|feat=B|obj=cvar|sigtrue=0.2|sigbar=0.15|lam=0.0005|robust=none,seed_0000__train_oracle__feat_b__obj_cvar_a0.95__sigtrue_0.2__sigbar_0.15__lam_0.0005,2026-04-02T01:18:32Z,completed,main_benchmark,main,benchmark,True,bs_delta,oracle,deep_hedge_oracle,0,B,cvar,0.2,0.15,0.0005,,-0.0017200636331215543,0.013357732739844976,0.001809704261070369,0.027130934434297274,0.036667035842016096,0.04251376565012958,0.05162274200314735,3.52514630087249,7.611075302816718,352514.630087249,results/gbm_deephedge/benchmark_6_2/runs/seed_0000__train_oracle__feat_b__obj_cvar_a0.95__sigtrue_0.2__sigbar_0.15__lam_0.0005,results/gbm_deephedge,1ff956b799f9c9fd40e053733588e3cfc9e501a453ef447992e8cc559f5093bd,76e694c21e709359f62f03a0ba5a97ba6db86a88,GBM_CFG=results/gbm_deephedge/benchmark_6_2/runs/seed_0000__train_oracle__feat_b__obj_cvar_a0.95__sigtrue_0.2__sigbar_0.15__lam_0.0005/run_cfg.json python -m src.train_deephedge_gbm
train=oracle|feat=B|obj=cvar|sigtrue=0.2|sigbar=0.15|lam=0.0005|robust=none,seed_0000__train_oracle__feat_b__obj_cvar_a0.95__sigtrue_0.2__sigbar_0.15__lam_0.0005,2026-04-02T01:18:32Z,completed,main_benchmark,main,benchmark,True,deep_hedge_oracle,oracle,deep_hedge_oracle,0,B,cvar,0.2,0.15,0.0005,,-0.001518443925306201,0.012022310867905617,0.0015905052423477173,0.018733743578195572,0.023456823080778122,0.026218872517347336,0.03108583204448223,3.1040105268907547,5.521213054656982,310401.05268907547,results/gbm_deephedge/benchmark_6_2/runs/seed_0000__train_oracle__feat_b__obj_cvar_a0.95__sigtrue_0.2__sigbar_0.15__lam_0.0005,results/gbm_deephedge,1ff956b799f9c9fd40e053733588e3cfc9e501a453ef447992e8cc559f5093bd,76e694c21e709359f62f03a0ba5a97ba6db86a88,GBM_CFG=results/gbm_deephedge/benchmark_6_2/runs/seed_0000__train_oracle__feat_b__obj_cvar_a0.95__sigtrue_0.2__sigbar_0.15__lam_0.0005/run_cfg.json python -m src.train_deephedge_gbm
train=oracle|feat=B|obj=cvar|sigtrue=0.2|sigbar=0.15|lam=0.001|robust=none,seed_0000__train_oracle__feat_b__obj_cvar_a0.95__sigtrue_0.2__sigbar_0.15__lam_0.001,2026-04-02T01:18:57Z,completed,main_benchmark,main,benchmark,True,bs_delta,oracle,deep_hedge_oracle,0,B,cvar,0.2,0.15,0.001,,-0.0035178383029107097,0.013767980600468771,0.003613072585658378,0.029656257529621356,0.0393429083579361,0.045328145221010356,0.05448085501697295,3.52514630087249,7.611075302816718,352514.630087249,results/gbm_deephedge/benchmark_6_2/runs/seed_0000__train_oracle__feat_b__obj_cvar_a0.95__sigtrue_0.2__sigbar_0.15__lam_0.001,results/gbm_deephedge,b95ab1bf709c231eda83e38ef966aa1aab01ab518dd19edcc9e3e11d98f42ab1,76e694c21e709359f62f03a0ba5a97ba6db86a88,GBM_CFG=results/gbm_deephedge/benchmark_6_2/runs/seed_0000__train_oracle__feat_b__obj_cvar_a0.95__sigtrue_0.2__sigbar_0.15__lam_0.001/run_cfg.json python -m src.train_deephedge_gbm
train=oracle|feat=B|obj=cvar|sigtrue=0.2|sigbar=0.15|lam=0.001|robust=none,seed_0000__train_oracle__feat_b__obj_cvar_a0.95__sigtrue_0.2__sigbar_0.15__lam_0.001,2026-04-02T01:18:57Z,completed,main_benchmark,main,benchmark,True,deep_hedge_oracle,oracle,deep_hedge_oracle,0,B,cvar,0.2,0.15,0.001,,-0.003035027999430895,0.012196779251098633,0.003109220415353775,0.02036682516336441,0.024873919785022736,0.027482079342007637,0.03216366097331047,3.0377897412025927,5.377198219299316,303778.9741202593,results/gbm_deephedge/benchmark_6_2/runs/seed_0000__train_oracle__feat_b__obj_cvar_a0.95__sigtrue_0.2__sigbar_0.15__lam_0.001,results/gbm_deephedge,b95ab1bf709c231eda83e38ef966aa1aab01ab518dd19edcc9e3e11d98f42ab1,76e694c21e709359f62f03a0ba5a97ba6db86a88,GBM_CFG=results/gbm_deephedge/benchmark_6_2/runs/seed_0000__train_oracle__feat_b__obj_cvar_a0.95__sigtrue_0.2__sigbar_0.15__lam_0.001/run_cfg.json python -m src.train_deephedge_gbm
train=oracle|feat=B|obj=cvar|sigtrue=0.2|sigbar=0.1|lam=0|robust=none,seed_0000__train_oracle__feat_b__obj_cvar_a0.95__sigtrue_0.2__sigbar_0.1__lam_0,2026-04-02T01:17:40Z,completed,main_benchmark,main,benchmark,True,bs_delta,oracle,deep_hedge_oracle,0,B,cvar,0.2,0.1,0.0,,9.921184196177276e-05,0.02236004143195722,0.00015229222868148873,0.04149925357750904,0.05470844547188581,0.06305149357658318,0.07467422016248947,3.9306978405321167,9.721761183004764,393069.7840532117,results/gbm_deephedge/benchmark_6_2/runs/seed_0000__train_oracle__feat_b__obj_cvar_a0.95__sigtrue_0.2__sigbar_0.1__lam_0,results/gbm_deephedge,af4794883b48a2250ff4a7012d329ce587137a028fa3ac9ddeb3ee9b8aa24591,76e694c21e709359f62f03a0ba5a97ba6db86a88,GBM_CFG=results/gbm_deephedge/benchmark_6_2/runs/seed_0000__train_oracle__feat_b__obj_cvar_a0.95__sigtrue_0.2__sigbar_0.1__lam_0/run_cfg.json python -m src.train_deephedge_gbm
train=oracle|feat=B|obj=cvar|sigtrue=0.2|sigbar=0.1|lam=0|robust=none,seed_0000__train_oracle__feat_b__obj_cvar_a0.95__sigtrue_0.2__sigbar_0.1__lam_0,2026-04-02T01:17:40Z,completed,main_benchmark,main,benchmark,True,deep_hedge_oracle,oracle,deep_hedge_oracle,0,B,cvar,0.2,0.1,0.0,,5.273023998597637e-05,0.011913906782865524,1.8127262592315674e-05,0.016780825331807137,0.021340493112802505,0.023927738890051842,0.028645344078540802,3.1739116676318644,5.685286998748779,317391.16676318645,results/gbm_deephedge/benchmark_6_2/runs/seed_0000__train_oracle__feat_b__obj_cvar_a0.95__sigtrue_0.2__sigbar_0.1__lam_0,results/gbm_deephedge,af4794883b48a2250ff4a7012d329ce587137a028fa3ac9ddeb3ee9b8aa24591,76e694c21e709359f62f03a0ba5a97ba6db86a88,GBM_CFG=results/gbm_deephedge/benchmark_6_2/runs/seed_0000__train_oracle__feat_b__obj_cvar_a0.95__sigtrue_0.2__sigbar_0.1__lam_0/run_cfg.json python -m src.train_deephedge_gbm
train=oracle|feat=B|obj=cvar|sigtrue=0.2|sigbar=0.1|lam=0.0001|robust=none,seed_0000__train_oracle__feat_b__obj_cvar_a0.95__sigtrue_0.2__sigbar_0.1__lam_0.0001,2026-04-02T01:18:05Z,completed,main_benchmark,main,benchmark,True,bs_delta,oracle,deep_hedge_oracle,0,B,cvar,0.2,0.1,0.0001,,-0.0003011492053770047,0.022493416054403807,0.0005556637587002256,0.04214373774035891,0.055376941096204016,0.06375342628947227,0.07539588100163883,3.9306978405321167,9.721761183004764,393069.7840532117,results/gbm_deephedge/benchmark_6_2/runs/seed_0000__train_oracle__feat_b__obj_cvar_a0.95__sigtrue_0.2__sigbar_0.1__lam_0.0001,results/gbm_deephedge,5c6b71dbdcf699221689662c80e8bae1ecbad74c78faddae7c4b3d6d2eb783ed,76e694c21e709359f62f03a0ba5a97ba6db86a88,GBM_CFG=results/gbm_deephedge/benchmark_6_2/runs/seed_0000__train_oracle__feat_b__obj_cvar_a0.95__sigtrue_0.2__sigbar_0.1__lam_0.0001/run_cfg.json python -m src.train_deephedge_gbm
train=oracle|feat=B|obj=cvar|sigtrue=0.2|sigbar=0.1|lam=0.0001|robust=none,seed_0000__train_oracle__feat_b__obj_cvar_a0.95__sigtrue_0.2__sigbar_0.1__lam_0.0001,2026-04-02T01:18:05Z,completed,main_benchmark,main,benchmark,True,deep_hedge_oracle,oracle,deep_hedge_oracle,0,B,cvar,0.2,0.1,0.0001,,-0.0002677365264389664,0.011729012243449688,0.00033638253808021545,0.01696350798010826,0.02171100489795208,0.024476606398820877,0.02934315614402294,3.169364105836153,5.67774772644043,316936.4105836153,results/gbm_deephedge/benchmark_6_2/runs/seed_0000__train_oracle__feat_b__obj_cvar_a0.95__sigtrue_0.2__sigbar_0.1__lam_0.0001,results/gbm_deephedge,5c6b71dbdcf699221689662c80e8bae1ecbad74c78faddae7c4b3d6d2eb783ed,76e694c21e709359f62f03a0ba5a97ba6db86a88,GBM_CFG=results/gbm_deephedge/benchmark_6_2/runs/seed_0000__train_oracle__feat_b__obj_cvar_a0.95__sigtrue_0.2__sigbar_0.1__lam_0.0001/run_cfg.json python -m src.train_deephedge_gbm
train=oracle|feat=B|obj=cvar|sigtrue=0.2|sigbar=0.1|lam=0.0005|robust=none,seed_0000__train_oracle__feat_b__obj_cvar_a0.95__sigtrue_0.2__sigbar_0.1__lam_0.0005,2026-04-02T01:18:29Z,completed,main_benchmark,main,benchmark,True,bs_delta,oracle,deep_hedge_oracle,0,B,cvar,0.2,0.1,0.0005,,-0.0019025935404111541,0.023030042932187775,0.0021694016045468723,0.04472162315362207,0.05805608455134229,0.0665332224943337,0.07828738345288024,3.9306978405321167,9.721761183004764,393069.7840532117,results/gbm_deephedge/benchmark_6_2/runs/seed_0000__train_oracle__feat_b__obj_cvar_a0.95__sigtrue_0.2__sigbar_0.1__lam_0.0005,results/gbm_deephedge,6f47c5788bb65aaf8e2f7654a5b56b4200f078c08446b7cc88889fc5dd0cfce8,76e694c21e709359f62f03a0ba5a97ba6db86a88,GBM_CFG=results/gbm_deephedge/benchmark_6_2/runs/seed_0000__train_oracle__feat_b__obj_cvar_a0.95__sigtrue_0.2__sigbar_0.1__lam_0.0005/run_cfg.json python -m src.train_deephedge_gbm
train=oracle|feat=B|obj=cvar|sigtrue=0.2|sigbar=0.1|lam=0.0005|robust=none,seed_0000__train_oracle__feat_b__obj_cvar_a0.95__sigtrue_0.2__sigbar_0.1__lam_0.0005,2026-04-02T01:18:29Z,completed,main_benchmark,main,benchmark,True,deep_hedge_oracle,oracle,deep_hedge_oracle,0,B,cvar,0.2,0.1,0.0005,,-0.001518443925306201,0.012022310867905617,0.0015905052423477173,0.018733743578195572,0.023456823080778122,0.026218872517347336,0.03108583204448223,3.1040105268907547,5.521213054656982,310401.05268907547,results/gbm_deephedge/benchmark_6_2/runs/seed_0000__train_oracle__feat_b__obj_cvar_a0.95__sigtrue_0.2__sigbar_0.1__lam_0.0005,results/gbm_deephedge,6f47c5788bb65aaf8e2f7654a5b56b4200f078c08446b7cc88889fc5dd0cfce8,76e694c21e709359f62f03a0ba5a97ba6db86a88,GBM_CFG=results/gbm_deephedge/benchmark_6_2/runs/seed_0000__train_oracle__feat_b__obj_cvar_a0.95__sigtrue_0.2__sigbar_0.1__lam_0.0005/run_cfg.json python -m src.train_deephedge_gbm
train=oracle|feat=B|obj=cvar|sigtrue=0.2|sigbar=0.1|lam=0.001|robust=none,seed_0000__train_oracle__feat_b__obj_cvar_a0.95__sigtrue_0.2__sigbar_0.1__lam_0.001,2026-04-02T01:18:54Z,completed,main_benchmark,main,benchmark,True,bs_delta,oracle,deep_hedge_oracle,0,B,cvar,0.2,0.1,0.001,,-0.0039043989227840812,0.023707466043288404,0.004187139985922295,0.047912195432454174,0.06141408413356946,0.07003178132691139,0.08191636075553668,3.9306978405321167,9.721761183004764,393069.7840532117,results/gbm_deephedge/benchmark_6_2/runs/seed_0000__train_oracle__feat_b__obj_cvar_a0.95__sigtrue_0.2__sigbar_0.1__lam_0.001,results/gbm_deephedge,21233867419d9ea3e67bb7fbf49891bd00c1a7e1a8683fcc1b1ba4240f3b3c11,76e694c21e709359f62f03a0ba5a97ba6db86a88,GBM_CFG=results/gbm_deephedge/benchmark_6_2/runs/seed_0000__train_oracle__feat_b__obj_cvar_a0.95__sigtrue_0.2__sigbar_0.1__lam_0.001/run_cfg.json python -m src.train_deephedge_gbm
train=oracle|feat=B|obj=cvar|sigtrue=0.2|sigbar=0.1|lam=0.001|robust=none,seed_0000__train_oracle__feat_b__obj_cvar_a0.95__sigtrue_0.2__sigbar_0.1__lam_0.001,2026-04-02T01:18:54Z,completed,main_benchmark,main,benchmark,True,deep_hedge_oracle,oracle,deep_hedge_oracle,0,B,cvar,0.2,0.1,0.001,,-0.003035027999430895,0.012196779251098633,0.003109220415353775,0.02036682516336441,0.024873919785022736,0.027482079342007637,0.03216366097331047,3.0377897412025927,5.377198219299316,303778.9741202593,results/gbm_deephedge/benchmark_6_2/runs/seed_0000__train_oracle__feat_b__obj_cvar_a0.95__sigtrue_0.2__sigbar_0.1__lam_0.001,results/gbm_deephedge,21233867419d9ea3e67bb7fbf49891bd00c1a7e1a8683fcc1b1ba4240f3b3c11,76e694c21e709359f62f03a0ba5a97ba6db86a88,GBM_CFG=results/gbm_deephedge/benchmark_6_2/runs/seed_0000__train_oracle__feat_b__obj_cvar_a0.95__sigtrue_0.2__sigbar_0.1__lam_0.001/run_cfg.json python -m src.train_deephedge_gbm
train=oracle|feat=B|obj=cvar|sigtrue=0.2|sigbar=0.25|lam=0|robust=none,seed_0000__train_oracle__feat_b__obj_cvar_a0.95__sigtrue_0.2__sigbar_0.25__lam_0,2026-04-02T01:17:46Z,completed,main_benchmark,main,benchmark,True,bs_delta,oracle,deep_hedge_oracle,0,B,cvar,0.2,0.25,0.0,,3.964012822224755e-05,0.011806721135938699,2.992316453010596e-05,0.016914452776011762,0.02053171505030506,0.022515208117927888,0.02642421295074099,2.992644792035415,5.662714501844285,299264.4792035415,results/gbm_deephedge/benchmark_6_2/runs/seed_0000__train_oracle__feat_b__obj_cvar_a0.95__sigtrue_0.2__sigbar_0.25__lam_0,results/gbm_deephedge,099daea73099bf917fd642f1803b7eefb2a588af0dfe2bf0eab8258efea22826,76e694c21e709359f62f03a0ba5a97ba6db86a88,GBM_CFG=results/gbm_deephedge/benchmark_6_2/runs/seed_0000__train_oracle__feat_b__obj_cvar_a0.95__sigtrue_0.2__sigbar_0.25__lam_0/run_cfg.json python -m src.train_deephedge_gbm
train=oracle|feat=B|obj=cvar|sigtrue=0.2|sigbar=0.25|lam=0|robust=none,seed_0000__train_oracle__feat_b__obj_cvar_a0.95__sigtrue_0.2__sigbar_0.25__lam_0,2026-04-02T01:17:46Z,completed,main_benchmark,main,benchmark,True,deep_hedge_oracle,oracle,deep_hedge_oracle,0,B,cvar,0.2,0.25,0.0,,5.273023998597637e-05,0.011913906782865524,1.8127262592315674e-05,0.016780825331807137,0.021340493112802505,0.023927738890051842,0.028645344078540802,3.1739116676318644,5.685286998748779,317391.16676318645,results/gbm_deephedge/benchmark_6_2/runs/seed_0000__train_oracle__feat_b__obj_cvar_a0.95__sigtrue_0.2__sigbar_0.25__lam_0,results/gbm_deephedge,099daea73099bf917fd642f1803b7eefb2a588af0dfe2bf0eab8258efea22826,76e694c21e709359f62f03a0ba5a97ba6db86a88,GBM_CFG=results/gbm_deephedge/benchmark_6_2/runs/seed_0000__train_oracle__feat_b__obj_cvar_a0.95__sigtrue_0.2__sigbar_0.25__lam_0/run_cfg.json python -m src.train_deephedge_gbm
train=oracle|feat=B|obj=cvar|sigtrue=0.2|sigbar=0.25|lam=0.0001|robust=none,seed_0000__train_oracle__feat_b__obj_cvar_a0.95__sigtrue_0.2__sigbar_0.25__lam_0.0001,2026-04-02T01:18:11Z,completed,main_benchmark,main,benchmark,True,bs_delta,oracle,deep_hedge_oracle,0,B,cvar,0.2,0.25,0.0001,,-0.0002663109038026145,0.011780798078530254,0.00033556916545920967,0.01717435161589304,0.02081300248584359,0.0228173481228973,0.026757963969784464,2.992644792035415,5.662714501844285,299264.4792035415,results/gbm_deephedge/benchmark_6_2/runs/seed_0000__train_oracle__feat_b__obj_cvar_a0.95__sigtrue_0.2__sigbar_0.25__lam_0.0001,results/gbm_deephedge,33335954658d4320da72a02ae3d9ca43c4804df20791723f9e6a47c946c7cf93,76e694c21e709359f62f03a0ba5a97ba6db86a88,GBM_CFG=results/gbm_deephedge/benchmark_6_2/runs/seed_0000__train_oracle__feat_b__obj_cvar_a0.95__sigtrue_0.2__sigbar_0.25__lam_0.0001/run_cfg.json python -m src.train_deephedge_gbm
train=oracle|feat=B|obj=cvar|sigtrue=0.2|sigbar=0.25|lam=0.0001|robust=none,seed_0000__train_oracle__feat_b__obj_cvar_a0.95__sigtrue_0.2__sigbar_0.25__lam_0.0001,2026-04-02T01:18:11Z,completed,main_benchmark,main,benchmark,True,deep_hedge_oracle,oracle,deep_hedge_oracle,0,B,cvar,0.2,0.25,0.0001,,-0.0002677365264389664,0.011729012243449688,0.00033638253808021545,0.01696350798010826,0.02171100489795208,0.024476606398820877,0.02934315614402294,3.169364105836153,5.67774772644043,316936.4105836153,results/gbm_deephedge/benchmark_6_2/runs/seed_0000__train_oracle__feat_b__obj_cvar_a0.95__sigtrue_0.2__sigbar_0.25__lam_0.0001,results/gbm_deephedge,33335954658d4320da72a02ae3d9ca43c4804df20791723f9e6a47c946c7cf93,76e694c21e709359f62f03a0ba5a97ba6db86a88,GBM_CFG=results/gbm_deephedge/benchmark_6_2/runs/seed_0000__train_oracle__feat_b__obj_cvar_a0.95__sigtrue_0.2__sigbar_0.25__lam_0.0001/run_cfg.json python -m src.train_deephedge_gbm
train=oracle|feat=B|obj=cvar|sigtrue=0.2|sigbar=0.25|lam=0.0005|robust=none,seed_0000__train_oracle__feat_b__obj_cvar_a0.95__sigtrue_0.2__sigbar_0.25__lam_0.0005,2026-04-02T01:18:35Z,completed,main_benchmark,main,benchmark,True,bs_delta,oracle,deep_hedge_oracle,0,B,cvar,0.2,0.25,0.0005,,-0.001490115143218538,0.011682924987390254,0.0015582282438392075,0.01827731708813655,0.021965996347573714,0.024036958941053045,0.028120763504766947,2.992644792035415,5.662714501844285,299264.4792035415,results/gbm_deephedge/benchmark_6_2/runs/seed_0000__train_oracle__feat_b__obj_cvar_a0.95__sigtrue_0.2__sigbar_0.25__lam_0.0005,results/gbm_deephedge,341eb71c197367af8c9b529c6eaeff632cf53c1b92ade82241f563c2aa6077a9,76e694c21e709359f62f03a0ba5a97ba6db86a88,GBM_CFG=results/gbm_deephedge/benchmark_6_2/runs/seed_0000__train_oracle__feat_b__obj_cvar_a0.95__sigtrue_0.2__sigbar_0.25__lam_0.0005/run_cfg.json python -m src.train_deephedge_gbm
train=oracle|feat=B|obj=cvar|sigtrue=0.2|sigbar=0.25|lam=0.0005|robust=none,seed_0000__train_oracle__feat_b__obj_cvar_a0.95__sigtrue_0.2__sigbar_0.25__lam_0.0005,2026-04-02T01:18:35Z,completed,main_benchmark,main,benchmark,True,deep_hedge_oracle,oracle,deep_hedge_oracle,0,B,cvar,0.2,0.25,0.0005,,-0.001518443925306201,0.012022310867905617,0.0015905052423477173,0.018733743578195572,0.023456823080778122,0.026218872517347336,0.03108583204448223,3.1040105268907547,5.521213054656982,310401.05268907547,results/gbm_deephedge/benchmark_6_2/runs/seed_0000__train_oracle__feat_b__obj_cvar_a0.95__sigtrue_0.2__sigbar_0.25__lam_0.0005,results/gbm_deephedge,341eb71c197367af8c9b529c6eaeff632cf53c1b92ade82241f563c2aa6077a9,76e694c21e709359f62f03a0ba5a97ba6db86a88,GBM_CFG=results/gbm_deephedge/benchmark_6_2/runs/seed_0000__train_oracle__feat_b__obj_cvar_a0.95__sigtrue_0.2__sigbar_0.25__lam_0.0005/run_cfg.json python -m src.train_deephedge_gbm
train=oracle|feat=B|obj=cvar|sigtrue=0.2|sigbar=0.25|lam=0.001|robust=none,seed_0000__train_oracle__feat_b__obj_cvar_a0.95__sigtrue_0.2__sigbar_0.25__lam_0.001,2026-04-02T01:19:00Z,completed,main_benchmark,main,benchmark,True,bs_delta,oracle,deep_hedge_oracle,0,B,cvar,0.2,0.25,0.001,,-0.0030198704146593234,0.011573946927176693,0.003086720718704125,0.019647430759020482,0.023468701031752835,0.02556610107943887,0.0298974400167416,2.992644792035415,5.662714501844285,299264.4792035415,results/gbm_deephedge/benchmark_6_2/runs/seed_0000__train_oracle__feat_b__obj_cvar_a0.95__sigtrue_0.2__sigbar_0.25__lam_0.001,results/gbm_deephedge,5fc348c8a84dd2d68d472affb2ca1568583beb65b4f48640a8daa3942348ccb6,76e694c21e709359f62f03a0ba5a97ba6db86a88,GBM_CFG=results/gbm_deephedge/benchmark_6_2/runs/seed_0000__train_oracle__feat_b__obj_cvar_a0.95__sigtrue_0.2__sigbar_0.25__lam_0.001/run_cfg.json python -m src.train_deephedge_gbm
train=oracle|feat=B|obj=cvar|sigtrue=0.2|sigbar=0.25|lam=0.001|robust=none,seed_0000__train_oracle__feat_b__obj_cvar_a0.95__sigtrue_0.2__sigbar_0.25__lam_0.001,2026-04-02T01:19:00Z,completed,main_benchmark,main,benchmark,True,deep_hedge_oracle,oracle,deep_hedge_oracle,0,B,cvar,0.2,0.25,0.001,,-0.003035027999430895,0.012196779251098633,0.003109220415353775,0.02036682516336441,0.024873919785022736,0.027482079342007637,0.03216366097331047,3.0377897412025927,5.377198219299316,303778.9741202593,results/gbm_deephedge/benchmark_6_2/runs/seed_0000__train_oracle__feat_b__obj_cvar_a0.95__sigtrue_0.2__sigbar_0.25__lam_0.001,results/gbm_deephedge,5fc348c8a84dd2d68d472affb2ca1568583beb65b4f48640a8daa3942348ccb6,76e694c21e709359f62f03a0ba5a97ba6db86a88,GBM_CFG=results/gbm_deephedge/benchmark_6_2/runs/seed_0000__train_oracle__feat_b__obj_cvar_a0.95__sigtrue_0.2__sigbar_0.25__lam_0.001/run_cfg.json python -m src.train_deephedge_gbm
train=oracle|feat=B|obj=cvar|sigtrue=0.2|sigbar=0.2|lam=0|robust=none,seed_0000__train_oracle__feat_b__obj_cvar_a0.95__sigtrue_0.2__sigbar_0.2__lam_0,2026-04-01T21:51:59Z,completed,main_benchmark,main,benchmark,True,bs_delta,oracle,deep_hedge_oracle,0,B,cvar,0.2,0.2,0.0,,5.856974722304779e-05,0.00970659913218003,-1.1424788207425873e-05,0.01593212143344335,0.022462896015033918,0.02632381398442642,0.03327418465365724,3.2238353500242845,6.391471104276813,322383.53500242846,results/gbm_deephedge/benchmark_6_2/runs/seed_0000__train_oracle__feat_b__obj_cvar_a0.95__sigtrue_0.2__sigbar_0.2__lam_0,results/gbm_deephedge,d70bc56a5aad4e552287d8b52e185f521e722bf1eb2f9b1cfb0a5900b2216073,76e694c21e709359f62f03a0ba5a97ba6db86a88,GBM_CFG=results/gbm_deephedge/benchmark_6_2/runs/seed_0000__train_oracle__feat_b__obj_cvar_a0.95__sigtrue_0.2__sigbar_0.2__lam_0/run_cfg.json python -m src.train_deephedge_gbm
train=oracle|feat=B|obj=cvar|sigtrue=0.2|sigbar=0.2|lam=0|robust=none,seed_0000__train_oracle__feat_b__obj_cvar_a0.95__sigtrue_0.2__sigbar_0.2__lam_0,2026-04-01T21:51:59Z,completed,main_benchmark,main,benchmark,True,deep_hedge_oracle,oracle,deep_hedge_oracle,0,B,cvar,0.2,0.2,0.0,,5.273023998597637e-05,0.011913906782865524,1.8127262592315674e-05,0.016780825331807137,0.021340493112802505,0.023927738890051842,0.028645344078540802,3.1739116676318644,5.685286998748779,317391.16676318645,results/gbm_deephedge/benchmark_6_2/runs/seed_0000__train_oracle__feat_b__obj_cvar_a0.95__sigtrue_0.2__sigbar_0.2__lam_0,results/gbm_deephedge,d70bc56a5aad4e552287d8b52e185f521e722bf1eb2f9b1cfb0a5900b2216073,76e694c21e709359f62f03a0ba5a97ba6db86a88,GBM_CFG=results/gbm_deephedge/benchmark_6_2/runs/seed_0000__train_oracle__feat_b__obj_cvar_a0.95__sigtrue_0.2__sigbar_0.2__lam_0/run_cfg.json python -m src.train_deephedge_gbm
train=oracle|feat=B|obj=cvar|sigtrue=0.2|sigbar=0.2|lam=0.0001|robust=none,seed_0000__train_oracle__feat_b__obj_cvar_a0.95__sigtrue_0.2__sigbar_0.2__lam_0.0001,2026-04-01T22:32:35Z,completed,main_benchmark,main,benchmark,True,bs_delta,oracle,deep_hedge_oracle,0,B,cvar,0.2,0.2,0.0001,,-0.0002706580150321908,0.009718125376834036,0.00031791736512300217,0.01633447167209261,0.022890975112794452,0.026749484576691768,0.03374101300605972,3.2238353500242845,6.391471104276813,322383.53500242846,results/gbm_deephedge/benchmark_6_2/runs/seed_0000__train_oracle__feat_b__obj_cvar_a0.95__sigtrue_0.2__sigbar_0.2__lam_0.0001,results/gbm_deephedge,7cb55852f4f09c8ff082c463ffbd3e5ddc87fd98eb9f167b5f41bb59315678ed,76e694c21e709359f62f03a0ba5a97ba6db86a88,GBM_CFG=results/gbm_deephedge/benchmark_6_2/runs/seed_0000__train_oracle__feat_b__obj_cvar_a0.95__sigtrue_0.2__sigbar_0.2__lam_0.0001/run_cfg.json python -m src.train_deephedge_gbm
train=oracle|feat=B|obj=cvar|sigtrue=0.2|sigbar=0.2|lam=0.0001|robust=none,seed_0000__train_oracle__feat_b__obj_cvar_a0.95__sigtrue_0.2__sigbar_0.2__lam_0.0001,2026-04-01T22:32:35Z,completed,main_benchmark,main,benchmark,True,deep_hedge_oracle,oracle,deep_hedge_oracle,0,B,cvar,0.2,0.2,0.0001,,-0.0002677365264389664,0.011729012243449688,0.00033638253808021545,0.01696350798010826,0.02171100489795208,0.024476606398820877,0.02934315614402294,3.169364105836153,5.67774772644043,316936.4105836153,results/gbm_deephedge/benchmark_6_2/runs/seed_0000__train_oracle__feat_b__obj_cvar_a0.95__sigtrue_0.2__sigbar_0.2__lam_0.0001,results/gbm_deephedge,7cb55852f4f09c8ff082c463ffbd3e5ddc87fd98eb9f167b5f41bb59315678ed,76e694c21e709359f62f03a0ba5a97ba6db86a88,GBM_CFG=results/gbm_deephedge/benchmark_6_2/runs/seed_0000__train_oracle__feat_b__obj_cvar_a0.95__sigtrue_0.2__sigbar_0.2__lam_0.0001/run_cfg.json python -m src.train_deephedge_gbm
train=oracle|feat=B|obj=cvar|sigtrue=0.2|sigbar=0.2|lam=0.0005|robust=none,seed_0000__train_oracle__feat_b__obj_cvar_a0.95__sigtrue_0.2__sigbar_0.2__lam_0.0005,2026-04-01T23:15:10Z,completed,main_benchmark,main,benchmark,True,bs_delta,oracle,deep_hedge_oracle,0,B,cvar,0.2,0.2,0.0005,,-0.0015875691838379816,0.009774358077502834,0.0016353865704297338,0.017957616989830456,0.024613696197029345,0.02855325658744163,0.035617638086946936,3.2238353500242845,6.391471104276813,322383.53500242846,results/gbm_deephedge/benchmark_6_2/runs/seed_0000__train_oracle__feat_b__obj_cvar_a0.95__sigtrue_0.2__sigbar_0.2__lam_0.0005,results/gbm_deephedge,d48360e6cf0409986515daa8cfad6482697651cae96395198f8bb3803a229066,76e694c21e709359f62f03a0ba5a97ba6db86a88,GBM_CFG=results/gbm_deephedge/benchmark_6_2/runs/seed_0000__train_oracle__feat_b__obj_cvar_a0.95__sigtrue_0.2__sigbar_0.2__lam_0.0005/run_cfg.json python -m src.train_deephedge_gbm
train=oracle|feat=B|obj=cvar|sigtrue=0.2|sigbar=0.2|lam=0.0005|robust=none,seed_0000__train_oracle__feat_b__obj_cvar_a0.95__sigtrue_0.2__sigbar_0.2__lam_0.0005,2026-04-01T23:15:10Z,completed,main_benchmark,main,benchmark,True,deep_hedge_oracle,oracle,deep_hedge_oracle,0,B,cvar,0.2,0.2,0.0005,,-0.001518443925306201,0.012022310867905617,0.0015905052423477173,0.018733743578195572,0.023456823080778122,0.026218872517347336,0.03108583204448223,3.1040105268907547,5.521213054656982,310401.05268907547,results/gbm_deephedge/benchmark_6_2/runs/seed_0000__train_oracle__feat_b__obj_cvar_a0.95__sigtrue_0.2__sigbar_0.2__lam_0.0005,results/gbm_deephedge,d48360e6cf0409986515daa8cfad6482697651cae96395198f8bb3803a229066,76e694c21e709359f62f03a0ba5a97ba6db86a88,GBM_CFG=results/gbm_deephedge/benchmark_6_2/runs/seed_0000__train_oracle__feat_b__obj_cvar_a0.95__sigtrue_0.2__sigbar_0.2__lam_0.0005/run_cfg.json python -m src.train_deephedge_gbm
train=oracle|feat=B|obj=cvar|sigtrue=0.2|sigbar=0.2|lam=0.001|robust=none,seed_0000__train_oracle__feat_b__obj_cvar_a0.95__sigtrue_0.2__sigbar_0.2__lam_0.001,2026-04-02T00:00:48Z,completed,main_benchmark,main,benchmark,True,bs_delta,oracle,deep_hedge_oracle,0,B,cvar,0.2,0.2,0.001,,-0.0032337081148990114,0.009867088270092531,0.0032824490960542546,0.019999285716509725,0.02679083123453331,0.03077542010264583,0.03797838112885953,3.2238353500242845,6.391471104276813,322383.53500242846,results/gbm_deephedge/benchmark_6_2/runs/seed_0000__train_oracle__feat_b__obj_cvar_a0.95__sigtrue_0.2__sigbar_0.2__lam_0.001,results/gbm_deephedge,3cb7928b66048576fdc8deff7bf81d2768cca71e08f1bc47edc5356cfaddbde9,76e694c21e709359f62f03a0ba5a97ba6db86a88,GBM_CFG=results/gbm_deephedge/benchmark_6_2/runs/seed_0000__train_oracle__feat_b__obj_cvar_a0.95__sigtrue_0.2__sigbar_0.2__lam_0.001/run_cfg.json python -m src.train_deephedge_gbm
train=oracle|feat=B|obj=cvar|sigtrue=0.2|sigbar=0.2|lam=0.001|robust=none,seed_0000__train_oracle__feat_b__obj_cvar_a0.95__sigtrue_0.2__sigbar_0.2__lam_0.001,2026-04-02T00:00:48Z,completed,main_benchmark,main,benchmark,True,deep_hedge_oracle,oracle,deep_hedge_oracle,0,B,cvar,0.2,0.2,0.001,,-0.003035027999430895,0.012196779251098633,0.003109220415353775,0.02036682516336441,0.024873919785022736,0.027482079342007637,0.03216366097331047,3.0377897412025927,5.377198219299316,303778.9741202593,results/gbm_deephedge/benchmark_6_2/runs/seed_0000__train_oracle__feat_b__obj_cvar_a0.95__sigtrue_0.2__sigbar_0.2__lam_0.001,results/gbm_deephedge,3cb7928b66048576fdc8deff7bf81d2768cca71e08f1bc47edc5356cfaddbde9,76e694c21e709359f62f03a0ba5a97ba6db86a88,GBM_CFG=results/gbm_deephedge/benchmark_6_2/runs/seed_0000__train_oracle__feat_b__obj_cvar_a0.95__sigtrue_0.2__sigbar_0.2__lam_0.001/run_cfg.json python -m src.train_deephedge_gbm
train=oracle|feat=B|obj=cvar|sigtrue=0.2|sigbar=0.3|lam=0|robust=none,seed_0000__train_oracle__feat_b__obj_cvar_a0.95__sigtrue_0.2__sigbar_0.3__lam_0,2026-04-02T01:17:49Z,completed,main_benchmark,main,benchmark,True,bs_delta,oracle,deep_hedge_oracle,0,B,cvar,0.2,0.3,0.0,,2.266320696797841e-05,0.015488791700495278,9.710063549664416e-05,0.0235428062289612,0.027503910112341556,0.029962815624256883,0.03265972489405684,2.8105252378870635,5.106864649405738,281052.52378870634,results/gbm_deephedge/benchmark_6_2/runs/seed_0000__train_oracle__feat_b__obj_cvar_a0.95__sigtrue_0.2__sigbar_0.3__lam_0,results/gbm_deephedge,80fe09e6defa877e559e4e0585f9fd476eddcda452580955db6fe40dbf838839,76e694c21e709359f62f03a0ba5a97ba6db86a88,GBM_CFG=results/gbm_deephedge/benchmark_6_2/runs/seed_0000__train_oracle__feat_b__obj_cvar_a0.95__sigtrue_0.2__sigbar_0.3__lam_0/run_cfg.json python -m src.train_deephedge_gbm
train=oracle|feat=B|obj=cvar|sigtrue=0.2|sigbar=0.3|lam=0|robust=none,seed_0000__train_oracle__feat_b__obj_cvar_a0.95__sigtrue_0.2__sigbar_0.3__lam_0,2026-04-02T01:17:49Z,completed,main_benchmark,main,benchmark,True,deep_hedge_oracle,oracle,deep_hedge_oracle,0,B,cvar,0.2,0.3,0.0,,5.273023998597637e-05,0.011913906782865524,1.8127262592315674e-05,0.016780825331807137,0.021340493112802505,0.023927738890051842,0.028645344078540802,3.1739116676318644,5.685286998748779,317391.16676318645,results/gbm_deephedge/benchmark_6_2/runs/seed_0000__train_oracle__feat_b__obj_cvar_a0.95__sigtrue_0.2__sigbar_0.3__lam_0,results/gbm_deephedge,80fe09e6defa877e559e4e0585f9fd476eddcda452580955db6fe40dbf838839,76e694c21e709359f62f03a0ba5a97ba6db86a88,GBM_CFG=results/gbm_deephedge/benchmark_6_2/runs/seed_0000__train_oracle__feat_b__obj_cvar_a0.95__sigtrue_0.2__sigbar_0.3__lam_0/run_cfg.json python -m src.train_deephedge_gbm
train=oracle|feat=B|obj=cvar|sigtrue=0.2|sigbar=0.3|lam=0.0001|robust=none,seed_0000__train_oracle__feat_b__obj_cvar_a0.95__sigtrue_0.2__sigbar_0.3__lam_0.0001,2026-04-02T01:18:14Z,completed,main_benchmark,main,benchmark,True,bs_delta,oracle,deep_hedge_oracle,0,B,cvar,0.2,0.3,0.0001,,-0.00026494049218953015,0.015456462640763243,0.0003842031025580103,0.023775346455371313,0.02770800899013942,0.030174808162047727,0.03285216471290826,2.8105252378870635,5.106864649405738,281052.52378870634,results/gbm_deephedge/benchmark_6_2/runs/seed_0000__train_oracle__feat_b__obj_cvar_a0.95__sigtrue_0.2__sigbar_0.3__lam_0.0001,results/gbm_deephedge,a5b222be713458fb4174faed243c6f8cfcc8a0e7a0334767902ed61b62d39b64,76e694c21e709359f62f03a0ba5a97ba6db86a88,GBM_CFG=results/gbm_deephedge/benchmark_6_2/runs/seed_0000__train_oracle__feat_b__obj_cvar_a0.95__sigtrue_0.2__sigbar_0.3__lam_0.0001/run_cfg.json python -m src.train_deephedge_gbm
train=oracle|feat=B|obj=cvar|sigtrue=0.2|sigbar=0.3|lam=0.0001|robust=none,seed_0000__train_oracle__feat_b__obj_cvar_a0.95__sigtrue_0.2__sigbar_0.3__lam_0.0001,2026-04-02T01:18:14Z,completed,main_benchmark,main,benchmark,True,deep_hedge_oracle,oracle,deep_hedge_oracle,0,B,cvar,0.2,0.3,0.0001,,-0.0002677365264389664,0.011729012243449688,0.00033638253808021545,0.01696350798010826,0.02171100489795208,0.024476606398820877,0.02934315614402294,3.169364105836153,5.67774772644043,316936.4105836153,results/gbm_deephedge/benchmark_6_2/runs/seed_0000__train_oracle__feat_b__obj_cvar_a0.95__sigtrue_0.2__sigbar_0.3__lam_0.0001,results/gbm_deephedge,a5b222be713458fb4174faed243c6f8cfcc8a0e7a0334767902ed61b62d39b64,76e694c21e709359f62f03a0ba5a97ba6db86a88,GBM_CFG=results/gbm_deephedge/benchmark_6_2/runs/seed_0000__train_oracle__feat_b__obj_cvar_a0.95__sigtrue_0.2__sigbar_0.3__lam_0.0001/run_cfg.json python -m src.train_deephedge_gbm
train=oracle|feat=B|obj=cvar|sigtrue=0.2|sigbar=0.3|lam=0.0005|robust=none,seed_0000__train_oracle__feat_b__obj_cvar_a0.95__sigtrue_0.2__sigbar_0.3__lam_0.0005,2026-04-02T01:18:38Z,completed,main_benchmark,main,benchmark,True,bs_delta,oracle,deep_hedge_oracle,0,B,cvar,0.2,0.3,0.0005,,-0.0014153553934624647,0.015330375927901431,0.0015326734021230623,0.024662845489239468,0.02853713914006463,0.030989859457626556,0.03364403436483493,2.8105252378870635,5.106864649405738,281052.52378870634,results/gbm_deephedge/benchmark_6_2/runs/seed_0000__train_oracle__feat_b__obj_cvar_a0.95__sigtrue_0.2__sigbar_0.3__lam_0.0005,results/gbm_deephedge,cda3cebafe07bbf96d497b454395867f0e04d45fadb9e1b134ebc32f21408ef4,76e694c21e709359f62f03a0ba5a97ba6db86a88,GBM_CFG=results/gbm_deephedge/benchmark_6_2/runs/seed_0000__train_oracle__feat_b__obj_cvar_a0.95__sigtrue_0.2__sigbar_0.3__lam_0.0005/run_cfg.json python -m src.train_deephedge_gbm
train=oracle|feat=B|obj=cvar|sigtrue=0.2|sigbar=0.3|lam=0.0005|robust=none,seed_0000__train_oracle__feat_b__obj_cvar_a0.95__sigtrue_0.2__sigbar_0.3__lam_0.0005,2026-04-02T01:18:38Z,completed,main_benchmark,main,benchmark,True,deep_hedge_oracle,oracle,deep_hedge_oracle,0,B,cvar,0.2,0.3,0.0005,,-0.001518443925306201,0.012022310867905617,0.0015905052423477173,0.018733743578195572,0.023456823080778122,0.026218872517347336,0.03108583204448223,3.1040105268907547,5.521213054656982,310401.05268907547,results/gbm_deephedge/benchmark_6_2/runs/seed_0000__train_oracle__feat_b__obj_cvar_a0.95__sigtrue_0.2__sigbar_0.3__lam_0.0005,results/gbm_deephedge,cda3cebafe07bbf96d497b454395867f0e04d45fadb9e1b134ebc32f21408ef4,76e694c21e709359f62f03a0ba5a97ba6db86a88,GBM_CFG=results/gbm_deephedge/benchmark_6_2/runs/seed_0000__train_oracle__feat_b__obj_cvar_a0.95__sigtrue_0.2__sigbar_0.3__lam_0.0005/run_cfg.json python -m src.train_deephedge_gbm
train=oracle|feat=B|obj=cvar|sigtrue=0.2|sigbar=0.3|lam=0.001|robust=none,seed_0000__train_oracle__feat_b__obj_cvar_a0.95__sigtrue_0.2__sigbar_0.3__lam_0.001,2026-04-02T01:19:03Z,completed,main_benchmark,main,benchmark,True,bs_delta,oracle,deep_hedge_oracle,0,B,cvar,0.2,0.3,0.001,,-0.0028533739938929074,0.015180183342735654,0.002968396975247714,0.025777100698096668,0.029603586779463762,0.03199412045009722,0.03468856007385267,2.8105252378870635,5.106864649405738,281052.52378870634,results/gbm_deephedge/benchmark_6_2/runs/seed_0000__train_oracle__feat_b__obj_cvar_a0.95__sigtrue_0.2__sigbar_0.3__lam_0.001,results/gbm_deephedge,dd903e1633ad638a10c5b2310706f6f95dbd3d6baaddb36e0eb4074a9a34b8ea,76e694c21e709359f62f03a0ba5a97ba6db86a88,GBM_CFG=results/gbm_deephedge/benchmark_6_2/runs/seed_0000__train_oracle__feat_b__obj_cvar_a0.95__sigtrue_0.2__sigbar_0.3__lam_0.001/run_cfg.json python -m src.train_deephedge_gbm
train=oracle|feat=B|obj=cvar|sigtrue=0.2|sigbar=0.3|lam=0.001|robust=none,seed_0000__train_oracle__feat_b__obj_cvar_a0.95__sigtrue_0.2__sigbar_0.3__lam_0.001,2026-04-02T01:19:03Z,completed,main_benchmark,main,benchmark,True,deep_hedge_oracle,oracle,deep_hedge_oracle,0,B,cvar,0.2,0.3,0.001,,-0.003035027999430895,0.012196779251098633,0.003109220415353775,0.02036682516336441,0.024873919785022736,0.027482079342007637,0.03216366097331047,3.0377897412025927,5.377198219299316,303778.9741202593,results/gbm_deephedge/benchmark_6_2/runs/seed_0000__train_oracle__feat_b__obj_cvar_a0.95__sigtrue_0.2__sigbar_0.3__lam_0.001,results/gbm_deephedge,dd903e1633ad638a10c5b2310706f6f95dbd3d6baaddb36e0eb4074a9a34b8ea,76e694c21e709359f62f03a0ba5a97ba6db86a88,GBM_CFG=results/gbm_deephedge/benchmark_6_2/runs/seed_0000__train_oracle__feat_b__obj_cvar_a0.95__sigtrue_0.2__sigbar_0.3__lam_0.001/run_cfg.json python -m src.train_deephedge_gbm
"train=robust|feat=B|obj=cvar|sigtrue=0.2|sigbar=0.15|lam=0|robust=0.15,0.2,0.25",seed_0000__train_robust_s0.15-0.2-0.25__feat_b__obj_cvar_a0.95__sigtrue_0.2__sigbar_0.15__lam_0,2026-04-02T01:17:56Z,completed,main_benchmark,main,benchmark,True,bs_delta,robust,deep_hedge_robust,0,B,cvar,0.2,0.15,0.0,0.15|0.2|0.25,7.771103666760091e-05,0.012963186683688132,6.708501993482607e-06,0.02457205164344324,0.03400416533091313,0.03971067243831731,0.048777392613406585,3.52514630087249,7.611075302816718,352514.630087249,results/gbm_deephedge/benchmark_6_2/runs/seed_0000__train_robust_s0.15-0.2-0.25__feat_b__obj_cvar_a0.95__sigtrue_0.2__sigbar_0.15__lam_0,results/gbm_deephedge,ff2dc219090102d69d17121864d6a353ebb42b7d198c7c89468536209dba4601,76e694c21e709359f62f03a0ba5a97ba6db86a88,GBM_CFG=results/gbm_deephedge/benchmark_6_2/runs/seed_0000__train_robust_s0.15-0.2-0.25__feat_b__obj_cvar_a0.95__sigtrue_0.2__sigbar_0.15__lam_0/run_cfg.json python -m src.train_deephedge_gbm
"train=robust|feat=B|obj=cvar|sigtrue=0.2|sigbar=0.15|lam=0|robust=0.15,0.2,0.25",seed_0000__train_robust_s0.15-0.2-0.25__feat_b__obj_cvar_a0.95__sigtrue_0.2__sigbar_0.15__lam_0,2026-04-02T01:17:56Z,completed,main_benchmark,main,benchmark,True,deep_hedge_robust,robust,deep_hedge_robust,0,B,cvar,0.2,0.15,0.0,0.15|0.2|0.25,4.282667941879481e-05,0.014250032603740692,5.8535486459732056e-05,0.020479697734117508,0.024033505469560623,0.026073137298226357,0.029248066246509552,2.99552076708436,5.219639301300049,299552.076708436,results/gbm_deephedge/benchmark_6_2/runs/seed_0000__train_robust_s0.15-0.2-0.25__feat_b__obj_cvar_a0.95__sigtrue_0.2__sigbar_0.15__lam_0,results/gbm_deephedge,ff2dc219090102d69d17121864d6a353ebb42b7d198c7c89468536209dba4601,76e694c21e709359f62f03a0ba5a97ba6db86a88,GBM_CFG=results/gbm_deephedge/benchmark_6_2/runs/seed_0000__train_robust_s0.15-0.2-0.25__feat_b__obj_cvar_a0.95__sigtrue_0.2__sigbar_0.15__lam_0/run_cfg.json python -m src.train_deephedge_gbm
"train=robust|feat=B|obj=cvar|sigtrue=0.2|sigbar=0.15|lam=0.0001|robust=0.15,0.2,0.25",seed_0000__train_robust_s0.15-0.2-0.25__feat_b__obj_cvar_a0.95__sigtrue_0.2__sigbar_0.15__lam_0.0001,2026-04-02T01:18:20Z,completed,main_benchmark,main,benchmark,True,bs_delta,robust,deep_hedge_robust,0,B,cvar,0.2,0.15,0.0001,0.15|0.2|0.25,-0.0002818438711258122,0.013040770520413738,0.0003672778220768086,0.025081880121096422,0.03453551532328279,0.04025530998887167,0.04934579998855613,3.52514630087249,7.611075302816718,352514.630087249,results/gbm_deephedge/benchmark_6_2/runs/seed_0000__train_robust_s0.15-0.2-0.25__feat_b__obj_cvar_a0.95__sigtrue_0.2__sigbar_0.15__lam_0.0001,results/gbm_deephedge,d998dbdebb4e2a796b1958a15a8f93b1980eaee430a7fb0fec5e42c196ed134c,76e694c21e709359f62f03a0ba5a97ba6db86a88,GBM_CFG=results/gbm_deephedge/benchmark_6_2/runs/seed_0000__train_robust_s0.15-0.2-0.25__feat_b__obj_cvar_a0.95__sigtrue_0.2__sigbar_0.15__lam_0.0001/run_cfg.json python -m src.train_deephedge_gbm
"train=robust|feat=B|obj=cvar|sigtrue=0.2|sigbar=0.15|lam=0.0001|robust=0.15,0.2,0.25",seed_0000__train_robust_s0.15-0.2-0.25__feat_b__obj_cvar_a0.95__sigtrue_0.2__sigbar_0.15__lam_0.0001,2026-04-02T01:18:20Z,completed,main_benchmark,main,benchmark,True,deep_hedge_robust,robust,deep_hedge_robust,0,B,cvar,0.2,0.15,0.0001,0.15|0.2|0.25,-0.00024916112306527793,0.014493478462100029,0.0003539137542247772,0.02156851626932621,0.025283310562372208,0.02756902389228344,0.030484043061733246,2.931087488394976,5.107843399047852,293108.74883949757,results/gbm_deephedge/benchmark_6_2/runs/seed_0000__train_robust_s0.15-0.2-0.25__feat_b__obj_cvar_a0.95__sigtrue_0.2__sigbar_0.15__lam_0.0001,results/gbm_deephedge,d998dbdebb4e2a796b1958a15a8f93b1980eaee430a7fb0fec5e42c196ed134c,76e694c21e709359f62f03a0ba5a97ba6db86a88,GBM_CFG=results/gbm_deephedge/benchmark_6_2/runs/seed_0000__train_robust_s0.15-0.2-0.25__feat_b__obj_cvar_a0.95__sigtrue_0.2__sigbar_0.15__lam_0.0001/run_cfg.json python -m src.train_deephedge_gbm
"train=robust|feat=B|obj=cvar|sigtrue=0.2|sigbar=0.15|lam=0.0005|robust=0.15,0.2,0.25",seed_0000__train_robust_s0.15-0.2-0.25__feat_b__obj_cvar_a0.95__sigtrue_0.2__sigbar_0.15__lam_0.0005,2026-04-02T01:18:45Z,completed,main_benchmark,main,benchmark,True,bs_delta,robust,deep_hedge_robust,0,B,cvar,0.2,0.15,0.0005,0.15|0.2|0.25,-0.0017200636331215543,0.013357732739844976,0.001809704261070369,0.027130934434297274,0.036667035842016096,0.04251376565012958,0.05162274200314735,3.52514630087249,7.611075302816718,352514.630087249,results/gbm_deephedge/benchmark_6_2/runs/seed_0000__train_robust_s0.15-0.2-0.25__feat_b__obj_cvar_a0.95__sigtrue_0.2__sigbar_0.15__lam_0.0005,results/gbm_deephedge,63922757298e1bb5d822642c1011320c3f5405c27ea04195074db19df66b19e9,76e694c21e709359f62f03a0ba5a97ba6db86a88,GBM_CFG=results/gbm_deephedge/benchmark_6_2/runs/seed_0000__train_robust_s0.15-0.2-0.25__feat_b__obj_cvar_a0.95__sigtrue_0.2__sigbar_0.15__lam_0.0005/run_cfg.json python -m src.train_deephedge_gbm
"train=robust|feat=B|obj=cvar|sigtrue=0.2|sigbar=0.15|lam=0.0005|robust=0.15,0.2,0.25",seed_0000__train_robust_s0.15-0.2-0.25__feat_b__obj_cvar_a0.95__sigtrue_0.2__sigbar_0.15__lam_0.0005,2026-04-02T01:18:45Z,completed,main_benchmark,main,benchmark,True,deep_hedge_robust,robust,deep_hedge_robust,0,B,cvar,0.2,0.15,0.0005,0.15|0.2|0.25,-0.0014206491177901626,0.014720608480274677,0.001528862863779068,0.023312019184231758,0.027132976800203323,0.0295335091650486,0.03240909427404404,2.8852887355303762,4.986274719238281,288528.87355303764,results/gbm_deephedge/benchmark_6_2/runs/seed_0000__train_robust_s0.15-0.2-0.25__feat_b__obj_cvar_a0.95__sigtrue_0.2__sigbar_0.15__lam_0.0005,results/gbm_deephedge,63922757298e1bb5d822642c1011320c3f5405c27ea04195074db19df66b19e9,76e694c21e709359f62f03a0ba5a97ba6db86a88,GBM_CFG=results/gbm_deephedge/benchmark_6_2/runs/seed_0000__train_robust_s0.15-0.2-0.25__feat_b__obj_cvar_a0.95__sigtrue_0.2__sigbar_0.15__lam_0.0005/run_cfg.json python -m src.train_deephedge_gbm
"train=robust|feat=B|obj=cvar|sigtrue=0.2|sigbar=0.15|lam=0.001|robust=0.15,0.2,0.25",seed_0000__train_robust_s0.15-0.2-0.25__feat_b__obj_cvar_a0.95__sigtrue_0.2__sigbar_0.15__lam_0.001,2026-04-02T01:19:10Z,completed,main_benchmark,main,benchmark,True,bs_delta,robust,deep_hedge_robust,0,B,cvar,0.2,0.15,0.001,0.15|0.2|0.25,-0.0035178383029107097,0.013767980600468771,0.003613072585658378,0.029656257529621356,0.0393429083579361,0.045328145221010356,0.05448085501697295,3.52514630087249,7.611075302816718,352514.630087249,results/gbm_deephedge/benchmark_6_2/runs/seed_0000__train_robust_s0.15-0.2-0.25__feat_b__obj_cvar_a0.95__sigtrue_0.2__sigbar_0.15__lam_0.001,results/gbm_deephedge,d53890fb452dcb7f2d46ae25e0a177f41ba78e8de6aa5be7a2bcff8ccfbda4dc,76e694c21e709359f62f03a0ba5a97ba6db86a88,GBM_CFG=results/gbm_deephedge/benchmark_6_2/runs/seed_0000__train_robust_s0.15-0.2-0.25__feat_b__obj_cvar_a0.95__sigtrue_0.2__sigbar_0.15__lam_0.001/run_cfg.json python -m src.train_deephedge_gbm
"train=robust|feat=B|obj=cvar|sigtrue=0.2|sigbar=0.15|lam=0.001|robust=0.15,0.2,0.25",seed_0000__train_robust_s0.15-0.2-0.25__feat_b__obj_cvar_a0.95__sigtrue_0.2__sigbar_0.15__lam_0.001,2026-04-02T01:19:10Z,completed,main_benchmark,main,benchmark,True,deep_hedge_robust,robust,deep_hedge_robust,0,B,cvar,0.2,0.15,0.001,0.15|0.2|0.25,-0.002888392424210906,0.014752782881259918,0.002996981143951416,0.02411116100847721,0.027740081772208214,0.02988165244460106,0.0330238901078701,2.8797121420633793,4.900285243988037,287971.2142063379,results/gbm_deephedge/benchmark_6_2/runs/seed_0000__train_robust_s0.15-0.2-0.25__feat_b__obj_cvar_a0.95__sigtrue_0.2__sigbar_0.15__lam_0.001,results/gbm_deephedge,d53890fb452dcb7f2d46ae25e0a177f41ba78e8de6aa5be7a2bcff8ccfbda4dc,76e694c21e709359f62f03a0ba5a97ba6db86a88,GBM_CFG=results/gbm_deephedge/benchmark_6_2/runs/seed_0000__train_robust_s0.15-0.2-0.25__feat_b__obj_cvar_a0.95__sigtrue_0.2__sigbar_0.15__lam_0.001/run_cfg.json python -m src.train_deephedge_gbm
"train=robust|feat=B|obj=cvar|sigtrue=0.2|sigbar=0.1|lam=0|robust=0.15,0.2,0.25",seed_0000__train_robust_s0.15-0.2-0.25__feat_b__obj_cvar_a0.95__sigtrue_0.2__sigbar_0.1__lam_0,2026-04-02T01:17:53Z,completed,main_benchmark,main,benchmark,True,bs_delta,robust,deep_hedge_robust,0,B,cvar,0.2,0.1,0.0,0.15|0.2|0.25,9.921184196177276e-05,0.02236004143195722,0.00015229222868148873,0.04149925357750904,0.05470844547188581,0.06305149357658318,0.07467422016248947,3.9306978405321167,9.721761183004764,393069.7840532117,results/gbm_deephedge/benchmark_6_2/runs/seed_0000__train_robust_s0.15-0.2-0.25__feat_b__obj_cvar_a0.95__sigtrue_0.2__sigbar_0.1__lam_0,results/gbm_deephedge,5c70a6761de932091ebc9ecb0849048bb5df8b93ba74a9a2284254e4588cb4b5,76e694c21e709359f62f03a0ba5a97ba6db86a88,GBM_CFG=results/gbm_deephedge/benchmark_6_2/runs/seed_0000__train_robust_s0.15-0.2-0.25__feat_b__obj_cvar_a0.95__sigtrue_0.2__sigbar_0.1__lam_0/run_cfg.json python -m src.train_deephedge_gbm
"train=robust|feat=B|obj=cvar|sigtrue=0.2|sigbar=0.1|lam=0|robust=0.15,0.2,0.25",seed_0000__train_robust_s0.15-0.2-0.25__feat_b__obj_cvar_a0.95__sigtrue_0.2__sigbar_0.1__lam_0,2026-04-02T01:17:53Z,completed,main_benchmark,main,benchmark,True,deep_hedge_robust,robust,deep_hedge_robust,0,B,cvar,0.2,0.1,0.0,0.15|0.2|0.25,4.282667941879481e-05,0.014250032603740692,5.8535486459732056e-05,0.020479697734117508,0.024033505469560623,0.026073137298226357,0.029248066246509552,2.99552076708436,5.219639301300049,299552.076708436,results/gbm_deephedge/benchmark_6_2/runs/seed_0000__train_robust_s0.15-0.2-0.25__feat_b__obj_cvar_a0.95__sigtrue_0.2__sigbar_0.1__lam_0,results/gbm_deephedge,5c70a6761de932091ebc9ecb0849048bb5df8b93ba74a9a2284254e4588cb4b5,76e694c21e709359f62f03a0ba5a97ba6db86a88,GBM_CFG=results/gbm_deephedge/benchmark_6_2/runs/seed_0000__train_robust_s0.15-0.2-0.25__feat_b__obj_cvar_a0.95__sigtrue_0.2__sigbar_0.1__lam_0/run_cfg.json python -m src.train_deephedge_gbm
"train=robust|feat=B|obj=cvar|sigtrue=0.2|sigbar=0.1|lam=0.0001|robust=0.15,0.2,0.25",seed_0000__train_robust_s0.15-0.2-0.25__feat_b__obj_cvar_a0.95__sigtrue_0.2__sigbar_0.1__lam_0.0001,2026-04-02T01:18:17Z,completed,main_benchmark,main,benchmark,True,bs_delta,robust,deep_hedge_robust,0,B,cvar,0.2,0.1,0.0001,0.15|0.2|0.25,-0.0003011492053770047,0.022493416054403807,0.0005556637587002256,0.04214373774035891,0.055376941096204016,0.06375342628947227,0.07539588100163883,3.9306978405321167,9.721761183004764,393069.7840532117,results/gbm_deephedge/benchmark_6_2/runs/seed_0000__train_robust_s0.15-0.2-0.25__feat_b__obj_cvar_a0.95__sigtrue_0.2__sigbar_0.1__lam_0.0001,results/gbm_deephedge,fcd7ebfe10bd5a3637c37668068eeb589a407b948508d35fc7a8cd8e2538a3ca,76e694c21e709359f62f03a0ba5a97ba6db86a88,GBM_CFG=results/gbm_deephedge/benchmark_6_2/runs/seed_0000__train_robust_s0.15-0.2-0.25__feat_b__obj_cvar_a0.95__sigtrue_0.2__sigbar_0.1__lam_0.0001/run_cfg.json python -m src.train_deephedge_gbm
"train=robust|feat=B|obj=cvar|sigtrue=0.2|sigbar=0.1|lam=0.0001|robust=0.15,0.2,0.25",seed_0000__train_robust_s0.15-0.2-0.25__feat_b__obj_cvar_a0.95__sigtrue_0.2__sigbar_0.1__lam_0.0001,2026-04-02T01:18:17Z,completed,main_benchmark,main,benchmark,True,deep_hedge_robust,robust,deep_hedge_robust,0,B,cvar,0.2,0.1,0.0001,0.15|0.2|0.25,-0.00024916112306527793,0.014493478462100029,0.0003539137542247772,0.02156851626932621,0.025283310562372208,0.02756902389228344,0.030484043061733246,2.931087488394976,5.107843399047852,293108.74883949757,results/gbm_deephedge/benchmark_6_2/runs/seed_0000__train_robust_s0.15-0.2-0.25__feat_b__obj_cvar_a0.95__sigtrue_0.2__sigbar_0.1__lam_0.0001,results/gbm_deephedge,fcd7ebfe10bd5a3637c37668068eeb589a407b948508d35fc7a8cd8e2538a3ca,76e694c21e709359f62f03a0ba5a97ba6db86a88,GBM_CFG=results/gbm_deephedge/benchmark_6_2/runs/seed_0000__train_robust_s0.15-0.2-0.25__feat_b__obj_cvar_a0.95__sigtrue_0.2__sigbar_0.1__lam_0.0001/run_cfg.json python -m src.train_deephedge_gbm
"train=robust|feat=B|obj=cvar|sigtrue=0.2|sigbar=0.1|lam=0.0005|robust=0.15,0.2,0.25",seed_0000__train_robust_s0.15-0.2-0.25__feat_b__obj_cvar_a0.95__sigtrue_0.2__sigbar_0.1__lam_0.0005,2026-04-02T01:18:42Z,completed,main_benchmark,main,benchmark,True,bs_delta,robust,deep_hedge_robust,0,B,cvar,0.2,0.1,0.0005,0.15|0.2|0.25,-0.0019025935404111541,0.023030042932187775,0.0021694016045468723,0.04472162315362207,0.05805608455134229,0.0665332224943337,0.07828738345288024,3.9306978405321167,9.721761183004764,393069.7840532117,results/gbm_deephedge/benchmark_6_2/runs/seed_0000__train_robust_s0.15-0.2-0.25__feat_b__obj_cvar_a0.95__sigtrue_0.2__sigbar_0.1__lam_0.0005,results/gbm_deephedge,406759c13fa1143fe69697a3221f25ddf6f9e19668b41ab567ef36e620ce13b4,76e694c21e709359f62f03a0ba5a97ba6db86a88,GBM_CFG=results/gbm_deephedge/benchmark_6_2/runs/seed_0000__train_robust_s0.15-0.2-0.25__feat_b__obj_cvar_a0.95__sigtrue_0.2__sigbar_0.1__lam_0.0005/run_cfg.json python -m src.train_deephedge_gbm
"train=robust|feat=B|obj=cvar|sigtrue=0.2|sigbar=0.1|lam=0.0005|robust=0.15,0.2,0.25",seed_0000__train_robust_s0.15-0.2-0.25__feat_b__obj_cvar_a0.95__sigtrue_0.2__sigbar_0.1__lam_0.0005,2026-04-02T01:18:42Z,completed,main_benchmark,main,benchmark,True,deep_hedge_robust,robust,deep_hedge_robust,0,B,cvar,0.2,0.1,0.0005,0.15|0.2|0.25,-0.0014206491177901626,0.014720608480274677,0.001528862863779068,0.023312019184231758,0.027132976800203323,0.0295335091650486,0.03240909427404404,2.8852887355303762,4.986274719238281,288528.87355303764,results/gbm_deephedge/benchmark_6_2/runs/seed_0000__train_robust_s0.15-0.2-0.25__feat_b__obj_cvar_a0.95__sigtrue_0.2__sigbar_0.1__lam_0.0005,results/gbm_deephedge,406759c13fa1143fe69697a3221f25ddf6f9e19668b41ab567ef36e620ce13b4,76e694c21e709359f62f03a0ba5a97ba6db86a88,GBM_CFG=results/gbm_deephedge/benchmark_6_2/runs/seed_0000__train_robust_s0.15-0.2-0.25__feat_b__obj_cvar_a0.95__sigtrue_0.2__sigbar_0.1__lam_0.0005/run_cfg.json python -m src.train_deephedge_gbm
"train=robust|feat=B|obj=cvar|sigtrue=0.2|sigbar=0.1|lam=0.001|robust=0.15,0.2,0.25",seed_0000__train_robust_s0.15-0.2-0.25__feat_b__obj_cvar_a0.95__sigtrue_0.2__sigbar_0.1__lam_0.001,2026-04-02T01:19:06Z,completed,main_benchmark,main,benchmark,True,bs_delta,robust,deep_hedge_robust,0,B,cvar,0.2,0.1,0.001,0.15|0.2|0.25,-0.0039043989227840812,0.023707466043288404,0.004187139985922295,0.047912195432454174,0.06141408413356946,0.07003178132691139,0.08191636075553668,3.9306978405321167,9.721761183004764,393069.7840532117,results/gbm_deephedge/benchmark_6_2/runs/seed_0000__train_robust_s0.15-0.2-0.25__feat_b__obj_cvar_a0.95__sigtrue_0.2__sigbar_0.1__lam_0.001,results/gbm_deephedge,ba706b9ec21e720337ccd12dd511837f94801714a3b139d741f601575338055e,76e694c21e709359f62f03a0ba5a97ba6db86a88,GBM_CFG=results/gbm_deephedge/benchmark_6_2/runs/seed_0000__train_robust_s0.15-0.2-0.25__feat_b__obj_cvar_a0.95__sigtrue_0.2__sigbar_0.1__lam_0.001/run_cfg.json python -m src.train_deephedge_gbm
"train=robust|feat=B|obj=cvar|sigtrue=0.2|sigbar=0.1|lam=0.001|robust=0.15,0.2,0.25",seed_0000__train_robust_s0.15-0.2-0.25__feat_b__obj_cvar_a0.95__sigtrue_0.2__sigbar_0.1__lam_0.001,2026-04-02T01:19:06Z,completed,main_benchmark,main,benchmark,True,deep_hedge_robust,robust,deep_hedge_robust,0,B,cvar,0.2,0.1,0.001,0.15|0.2|0.25,-0.002888392424210906,0.014752782881259918,0.002996981143951416,0.02411116100847721,0.027740081772208214,0.02988165244460106,0.0330238901078701,2.8797121420633793,4.900285243988037,287971.2142063379,results/gbm_deephedge/benchmark_6_2/runs/seed_0000__train_robust_s0.15-0.2-0.25__feat_b__obj_cvar_a0.95__sigtrue_0.2__sigbar_0.1__lam_0.001,results/gbm_deephedge,ba706b9ec21e720337ccd12dd511837f94801714a3b139d741f601575338055e,76e694c21e709359f62f03a0ba5a97ba6db86a88,GBM_CFG=results/gbm_deephedge/benchmark_6_2/runs/seed_0000__train_robust_s0.15-0.2-0.25__feat_b__obj_cvar_a0.95__sigtrue_0.2__sigbar_0.1__lam_0.001/run_cfg.json python -m src.train_deephedge_gbm
"train=robust|feat=B|obj=cvar|sigtrue=0.2|sigbar=0.25|lam=0|robust=0.15,0.2,0.25",seed_0000__train_robust_s0.15-0.2-0.25__feat_b__obj_cvar_a0.95__sigtrue_0.2__sigbar_0.25__lam_0,2026-04-02T01:17:59Z,completed,main_benchmark,main,benchmark,True,bs_delta,robust,deep_hedge_robust,0,B,cvar,0.2,0.25,0.0,0.15|0.2|0.25,3.964012822224755e-05,0.011806721135938699,2.992316453010596e-05,0.016914452776011762,0.02053171505030506,0.022515208117927888,0.02642421295074099,2.992644792035415,5.662714501844285,299264.4792035415,results/gbm_deephedge/benchmark_6_2/runs/seed_0000__train_robust_s0.15-0.2-0.25__feat_b__obj_cvar_a0.95__sigtrue_0.2__sigbar_0.25__lam_0,results/gbm_deephedge,cfdda1892827fbf61e0c8f6fb9bf5d41529d9c8be72b9b67e95079231a78bc7f,76e694c21e709359f62f03a0ba5a97ba6db86a88,GBM_CFG=results/gbm_deephedge/benchmark_6_2/runs/seed_0000__train_robust_s0.15-0.2-0.25__feat_b__obj_cvar_a0.95__sigtrue_0.2__sigbar_0.25__lam_0/run_cfg.json python -m src.train_deephedge_gbm
"train=robust|feat=B|obj=cvar|sigtrue=0.2|sigbar=0.25|lam=0|robust=0.15,0.2,0.25",seed_0000__train_robust_s0.15-0.2-0.25__feat_b__obj_cvar_a0.95__sigtrue_0.2__sigbar_0.25__lam_0,2026-04-02T01:17:59Z,completed,main_benchmark,main,benchmark,True,deep_hedge_robust,robust,deep_hedge_robust,0,B,cvar,0.2,0.25,0.0,0.15|0.2|0.25,4.282667941879481e-05,0.014250032603740692,5.8535486459732056e-05,0.020479697734117508,0.024033505469560623,0.026073137298226357,0.029248066246509552,2.99552076708436,5.219639301300049,299552.076708436,results/gbm_deephedge/benchmark_6_2/runs/seed_0000__train_robust_s0.15-0.2-0.25__feat_b__obj_cvar_a0.95__sigtrue_0.2__sigbar_0.25__lam_0,results/gbm_deephedge,cfdda1892827fbf61e0c8f6fb9bf5d41529d9c8be72b9b67e95079231a78bc7f,76e694c21e709359f62f03a0ba5a97ba6db86a88,GBM_CFG=results/gbm_deephedge/benchmark_6_2/runs/seed_0000__train_robust_s0.15-0.2-0.25__feat_b__obj_cvar_a0.95__sigtrue_0.2__sigbar_0.25__lam_0/run_cfg.json python -m src.train_deephedge_gbm
"train=robust|feat=B|obj=cvar|sigtrue=0.2|sigbar=0.25|lam=0.0001|robust=0.15,0.2,0.25",seed_0000__train_robust_s0.15-0.2-0.25__feat_b__obj_cvar_a0.95__sigtrue_0.2__sigbar_0.25__lam_0.0001,2026-04-02T01:18:23Z,completed,main_benchmark,main,benchmark,True,bs_delta,robust,deep_hedge_robust,0,B,cvar,0.2,0.25,0.0001,0.15|0.2|0.25,-0.0002663109038026145,0.011780798078530254,0.00033556916545920967,0.01717435161589304,0.02081300248584359,0.0228173481228973,0.026757963969784464,2.992644792035415,5.662714501844285,299264.4792035415,results/gbm_deephedge/benchmark_6_2/runs/seed_0000__train_robust_s0.15-0.2-0.25__feat_b__obj_cvar_a0.95__sigtrue_0.2__sigbar_0.25__lam_0.0001,results/gbm_deephedge,36cd052ea45e7f3d4612e605faae43d6de0bc167fdc920f567e6441480e8c563,76e694c21e709359f62f03a0ba5a97ba6db86a88,GBM_CFG=results/gbm_deephedge/benchmark_6_2/runs/seed_0000__train_robust_s0.15-0.2-0.25__feat_b__obj_cvar_a0.95__sigtrue_0.2__sigbar_0.25__lam_0.0001/run_cfg.json python -m src.train_deephedge_gbm
"train=robust|feat=B|obj=cvar|sigtrue=0.2|sigbar=0.25|lam=0.0001|robust=0.15,0.2,0.25",seed_0000__train_robust_s0.15-0.2-0.25__feat_b__obj_cvar_a0.95__sigtrue_0.2__sigbar_0.25__lam_0.0001,2026-04-02T01:18:23Z,completed,main_benchmark,main,benchmark,True,deep_hedge_robust,robust,deep_hedge_robust,0,B,cvar,0.2,0.25,0.0001,0.15|0.2|0.25,-0.00024916112306527793,0.014493478462100029,0.0003539137542247772,0.02156851626932621,0.025283310562372208,0.02756902389228344,0.030484043061733246,2.931087488394976,5.107843399047852,293108.74883949757,results/gbm_deephedge/benchmark_6_2/runs/seed_0000__train_robust_s0.15-0.2-0.25__feat_b__obj_cvar_a0.95__sigtrue_0.2__sigbar_0.25__lam_0.0001,results/gbm_deephedge,36cd052ea45e7f3d4612e605faae43d6de0bc167fdc920f567e6441480e8c563,76e694c21e709359f62f03a0ba5a97ba6db86a88,GBM_CFG=results/gbm_deephedge/benchmark_6_2/runs/seed_0000__train_robust_s0.15-0.2-0.25__feat_b__obj_cvar_a0.95__sigtrue_0.2__sigbar_0.25__lam_0.0001/run_cfg.json python -m src.train_deephedge_gbm
"train=robust|feat=B|obj=cvar|sigtrue=0.2|sigbar=0.25|lam=0.0005|robust=0.15,0.2,0.25",seed_0000__train_robust_s0.15-0.2-0.25__feat_b__obj_cvar_a0.95__sigtrue_0.2__sigbar_0.25__lam_0.0005,2026-04-02T01:18:48Z,completed,main_benchmark,main,benchmark,True,bs_delta,robust,deep_hedge_robust,0,B,cvar,0.2,0.25,0.0005,0.15|0.2|0.25,-0.001490115143218538,0.011682924987390254,0.0015582282438392075,0.01827731708813655,0.021965996347573714,0.024036958941053045,0.028120763504766947,2.992644792035415,5.662714501844285,299264.4792035415,results/gbm_deephedge/benchmark_6_2/runs/seed_0000__train_robust_s0.15-0.2-0.25__feat_b__obj_cvar_a0.95__sigtrue_0.2__sigbar_0.25__lam_0.0005,results/gbm_deephedge,adf2cccc2722532c747c54f8e386766c6b1707f3a27135c08ac0478955fa8142,76e694c21e709359f62f03a0ba5a97ba6db86a88,GBM_CFG=results/gbm_deephedge/benchmark_6_2/runs/seed_0000__train_robust_s0.15-0.2-0.25__feat_b__obj_cvar_a0.95__sigtrue_0.2__sigbar_0.25__lam_0.0005/run_cfg.json python -m src.train_deephedge_gbm
"train=robust|feat=B|obj=cvar|sigtrue=0.2|sigbar=0.25|lam=0.0005|robust=0.15,0.2,0.25",seed_0000__train_robust_s0.15-0.2-0.25__feat_b__obj_cvar_a0.95__sigtrue_0.2__sigbar_0.25__lam_0.0005,2026-04-02T01:18:48Z,completed,main_benchmark,main,benchmark,True,deep_hedge_robust,robust,deep_hedge_robust,0,B,cvar,0.2,0.25,0.0005,0.15|0.2|0.25,-0.0014206491177901626,0.014720608480274677,0.001528862863779068,0.023312019184231758,0.027132976800203323,0.0295335091650486,0.03240909427404404,2.8852887355303762,4.986274719238281,288528.87355303764,results/gbm_deephedge/benchmark_6_2/runs/seed_0000__train_robust_s0.15-0.2-0.25__feat_b__obj_cvar_a0.95__sigtrue_0.2__sigbar_0.25__lam_0.0005,results/gbm_deephedge,adf2cccc2722532c747c54f8e386766c6b1707f3a27135c08ac0478955fa8142,76e694c21e709359f62f03a0ba5a97ba6db86a88,GBM_CFG=results/gbm_deephedge/benchmark_6_2/runs/seed_0000__train_robust_s0.15-0.2-0.25__feat_b__obj_cvar_a0.95__sigtrue_0.2__sigbar_0.25__lam_0.0005/run_cfg.json python -m src.train_deephedge_gbm
"train=robust|feat=B|obj=cvar|sigtrue=0.2|sigbar=0.25|lam=0.001|robust=0.15,0.2,0.25",seed_0000__train_robust_s0.15-0.2-0.25__feat_b__obj_cvar_a0.95__sigtrue_0.2__sigbar_0.25__lam_0.001,2026-04-02T01:19:13Z,completed,main_benchmark,main,benchmark,True,bs_delta,robust,deep_hedge_robust,0,B,cvar,0.2,0.25,0.001,0.15|0.2|0.25,-0.0030198704146593234,0.011573946927176693,0.003086720718704125,0.019647430759020482,0.023468701031752835,0.02556610107943887,0.0298974400167416,2.992644792035415,5.662714501844285,299264.4792035415,results/gbm_deephedge/benchmark_6_2/runs/seed_0000__train_robust_s0.15-0.2-0.25__feat_b__obj_cvar_a0.95__sigtrue_0.2__sigbar_0.25__lam_0.001,results/gbm_deephedge,713c1106946da3d893ba50533fff758c7ce3f64192611e71ff59df6d63701baa,76e694c21e709359f62f03a0ba5a97ba6db86a88,GBM_CFG=results/gbm_deephedge/benchmark_6_2/runs/seed_0000__train_robust_s0.15-0.2-0.25__feat_b__obj_cvar_a0.95__sigtrue_0.2__sigbar_0.25__lam_0.001/run_cfg.json python -m src.train_deephedge_gbm
"train=robust|feat=B|obj=cvar|sigtrue=0.2|sigbar=0.25|lam=0.001|robust=0.15,0.2,0.25",seed_0000__train_robust_s0.15-0.2-0.25__feat_b__obj_cvar_a0.95__sigtrue_0.2__sigbar_0.25__lam_0.001,2026-04-02T01:19:13Z,completed,main_benchmark,main,benchmark,True,deep_hedge_robust,robust,deep_hedge_robust,0,B,cvar,0.2,0.25,0.001,0.15|0.2|0.25,-0.002888392424210906,0.014752782881259918,0.002996981143951416,0.02411116100847721,0.027740081772208214,0.02988165244460106,0.0330238901078701,2.8797121420633793,4.900285243988037,287971.2142063379,results/gbm_deephedge/benchmark_6_2/runs/seed_0000__train_robust_s0.15-0.2-0.25__feat_b__obj_cvar_a0.95__sigtrue_0.2__sigbar_0.25__lam_0.001,results/gbm_deephedge,713c1106946da3d893ba50533fff758c7ce3f64192611e71ff59df6d63701baa,76e694c21e709359f62f03a0ba5a97ba6db86a88,GBM_CFG=results/gbm_deephedge/benchmark_6_2/runs/seed_0000__train_robust_s0.15-0.2-0.25__feat_b__obj_cvar_a0.95__sigtrue_0.2__sigbar_0.25__lam_0.001/run_cfg.json python -m src.train_deephedge_gbm
"train=robust|feat=B|obj=cvar|sigtrue=0.2|sigbar=0.2|lam=0|robust=0.15,0.2,0.25",seed_0000__train_robust_s0.15-0.2-0.25__feat_b__obj_cvar_a0.95__sigtrue_0.2__sigbar_0.2__lam_0,2026-04-01T21:54:15Z,completed,main_benchmark,main,benchmark,True,bs_delta,robust,deep_hedge_robust,0,B,cvar,0.2,0.2,0.0,0.15|0.2|0.25,5.856974722304779e-05,0.00970659913218003,-1.1424788207425873e-05,0.01593212143344335,0.022462896015033918,0.02632381398442642,0.03327418465365724,3.2238353500242845,6.391471104276813,322383.53500242846,results/gbm_deephedge/benchmark_6_2/runs/seed_0000__train_robust_s0.15-0.2-0.25__feat_b__obj_cvar_a0.95__sigtrue_0.2__sigbar_0.2__lam_0,results/gbm_deephedge,6f63cedd46988b0fcb26792481956777d75c1aaff1a3f207357ddac403256629,76e694c21e709359f62f03a0ba5a97ba6db86a88,GBM_CFG=results/gbm_deephedge/benchmark_6_2/runs/seed_0000__train_robust_s0.15-0.2-0.25__feat_b__obj_cvar_a0.95__sigtrue_0.2__sigbar_0.2__lam_0/run_cfg.json python -m src.train_deephedge_gbm
"train=robust|feat=B|obj=cvar|sigtrue=0.2|sigbar=0.2|lam=0|robust=0.15,0.2,0.25",seed_0000__train_robust_s0.15-0.2-0.25__feat_b__obj_cvar_a0.95__sigtrue_0.2__sigbar_0.2__lam_0,2026-04-01T21:54:15Z,completed,main_benchmark,main,benchmark,True,deep_hedge_robust,robust,deep_hedge_robust,0,B,cvar,0.2,0.2,0.0,0.15|0.2|0.25,4.282667941879481e-05,0.014250032603740692,5.8535486459732056e-05,0.020479697734117508,0.024033505469560623,0.026073137298226357,0.029248066246509552,2.99552076708436,5.219639301300049,299552.076708436,results/gbm_deephedge/benchmark_6_2/runs/seed_0000__train_robust_s0.15-0.2-0.25__feat_b__obj_cvar_a0.95__sigtrue_0.2__sigbar_0.2__lam_0,results/gbm_deephedge,6f63cedd46988b0fcb26792481956777d75c1aaff1a3f207357ddac403256629,76e694c21e709359f62f03a0ba5a97ba6db86a88,GBM_CFG=results/gbm_deephedge/benchmark_6_2/runs/seed_0000__train_robust_s0.15-0.2-0.25__feat_b__obj_cvar_a0.95__sigtrue_0.2__sigbar_0.2__lam_0/run_cfg.json python -m src.train_deephedge_gbm
"train=robust|feat=B|obj=cvar|sigtrue=0.2|sigbar=0.2|lam=0.0001|robust=0.15,0.2,0.25",seed_0000__train_robust_s0.15-0.2-0.25__feat_b__obj_cvar_a0.95__sigtrue_0.2__sigbar_0.2__lam_0.0001,2026-04-01T22:34:46Z,completed,main_benchmark,main,benchmark,True,bs_delta,robust,deep_hedge_robust,0,B,cvar,0.2,0.2,0.0001,0.15|0.2|0.25,-0.0002706580150321908,0.009718125376834036,0.00031791736512300217,0.01633447167209261,0.022890975112794452,0.026749484576691768,0.03374101300605972,3.2238353500242845,6.391471104276813,322383.53500242846,results/gbm_deephedge/benchmark_6_2/runs/seed_0000__train_robust_s0.15-0.2-0.25__feat_b__obj_cvar_a0.95__sigtrue_0.2__sigbar_0.2__lam_0.0001,results/gbm_deephedge,b94638a9fb3da58c143d3a7ae2f086dd399da4821fa4a7536d749c5e42153d38,76e694c21e709359f62f03a0ba5a97ba6db86a88,GBM_CFG=results/gbm_deephedge/benchmark_6_2/runs/seed_0000__train_robust_s0.15-0.2-0.25__feat_b__obj_cvar_a0.95__sigtrue_0.2__sigbar_0.2__lam_0.0001/run_cfg.json python -m src.train_deephedge_gbm
"train=robust|feat=B|obj=cvar|sigtrue=0.2|sigbar=0.2|lam=0.0001|robust=0.15,0.2,0.25",seed_0000__train_robust_s0.15-0.2-0.25__feat_b__obj_cvar_a0.95__sigtrue_0.2__sigbar_0.2__lam_0.0001,2026-04-01T22:34:46Z,completed,main_benchmark,main,benchmark,True,deep_hedge_robust,robust,deep_hedge_robust,0,B,cvar,0.2,0.2,0.0001,0.15|0.2|0.25,-0.00024916112306527793,0.014493478462100029,0.0003539137542247772,0.02156851626932621,0.025283310562372208,0.02756902389228344,0.030484043061733246,2.931087488394976,5.107843399047852,293108.74883949757,results/gbm_deephedge/benchmark_6_2/runs/seed_0000__train_robust_s0.15-0.2-0.25__feat_b__obj_cvar_a0.95__sigtrue_0.2__sigbar_0.2__lam_0.0001,results/gbm_deephedge,b94638a9fb3da58c143d3a7ae2f086dd399da4821fa4a7536d749c5e42153d38,76e694c21e709359f62f03a0ba5a97ba6db86a88,GBM_CFG=results/gbm_deephedge/benchmark_6_2/runs/seed_0000__train_robust_s0.15-0.2-0.25__feat_b__obj_cvar_a0.95__sigtrue_0.2__sigbar_0.2__lam_0.0001/run_cfg.json python -m src.train_deephedge_gbm
"train=robust|feat=B|obj=cvar|sigtrue=0.2|sigbar=0.2|lam=0.0005|robust=0.15,0.2,0.25",seed_0000__train_robust_s0.15-0.2-0.25__feat_b__obj_cvar_a0.95__sigtrue_0.2__sigbar_0.2__lam_0.0005,2026-04-01T23:16:44Z,completed,main_benchmark,main,benchmark,True,bs_delta,robust,deep_hedge_robust,0,B,cvar,0.2,0.2,0.0005,0.15|0.2|0.25,-0.0015875691838379816,0.009774358077502834,0.0016353865704297338,0.017957616989830456,0.024613696197029345,0.02855325658744163,0.035617638086946936,3.2238353500242845,6.391471104276813,322383.53500242846,results/gbm_deephedge/benchmark_6_2/runs/seed_0000__train_robust_s0.15-0.2-0.25__feat_b__obj_cvar_a0.95__sigtrue_0.2__sigbar_0.2__lam_0.0005,results/gbm_deephedge,620b4231de717cf0eba80575fc604ef7bdfa3d8ad21a6eae92503c26216fb8ff,76e694c21e709359f62f03a0ba5a97ba6db86a88,GBM_CFG=results/gbm_deephedge/benchmark_6_2/runs/seed_0000__train_robust_s0.15-0.2-0.25__feat_b__obj_cvar_a0.95__sigtrue_0.2__sigbar_0.2__lam_0.0005/run_cfg.json python -m src.train_deephedge_gbm
"train=robust|feat=B|obj=cvar|sigtrue=0.2|sigbar=0.2|lam=0.0005|robust=0.15,0.2,0.25",seed_0000__train_robust_s0.15-0.2-0.25__feat_b__obj_cvar_a0.95__sigtrue_0.2__sigbar_0.2__lam_0.0005,2026-04-01T23:16:44Z,completed,main_benchmark,main,benchmark,True,deep_hedge_robust,robust,deep_hedge_robust,0,B,cvar,0.2,0.2,0.0005,0.15|0.2|0.25,-0.0014206491177901626,0.014720608480274677,0.001528862863779068,0.023312019184231758,0.027132976800203323,0.0295335091650486,0.03240909427404404,2.8852887355303762,4.986274719238281,288528.87355303764,results/gbm_deephedge/benchmark_6_2/runs/seed_0000__train_robust_s0.15-0.2-0.25__feat_b__obj_cvar_a0.95__sigtrue_0.2__sigbar_0.2__lam_0.0005,results/gbm_deephedge,620b4231de717cf0eba80575fc604ef7bdfa3d8ad21a6eae92503c26216fb8ff,76e694c21e709359f62f03a0ba5a97ba6db86a88,GBM_CFG=results/gbm_deephedge/benchmark_6_2/runs/seed_0000__train_robust_s0.15-0.2-0.25__feat_b__obj_cvar_a0.95__sigtrue_0.2__sigbar_0.2__lam_0.0005/run_cfg.json python -m src.train_deephedge_gbm
"train=robust|feat=B|obj=cvar|sigtrue=0.2|sigbar=0.2|lam=0.001|robust=0.15,0.2,0.25",seed_0000__train_robust_s0.15-0.2-0.25__feat_b__obj_cvar_a0.95__sigtrue_0.2__sigbar_0.2__lam_0.001,2026-04-02T00:02:47Z,completed,main_benchmark,main,benchmark,True,bs_delta,robust,deep_hedge_robust,0,B,cvar,0.2,0.2,0.001,0.15|0.2|0.25,-0.0032337081148990114,0.009867088270092531,0.0032824490960542546,0.019999285716509725,0.02679083123453331,0.03077542010264583,0.03797838112885953,3.2238353500242845,6.391471104276813,322383.53500242846,results/gbm_deephedge/benchmark_6_2/runs/seed_0000__train_robust_s0.15-0.2-0.25__feat_b__obj_cvar_a0.95__sigtrue_0.2__sigbar_0.2__lam_0.001,results/gbm_deephedge,3b64ff4b7179e0a264d35dbe15a680819ebcfb2eb542e2d6248270a50d277541,76e694c21e709359f62f03a0ba5a97ba6db86a88,GBM_CFG=results/gbm_deephedge/benchmark_6_2/runs/seed_0000__train_robust_s0.15-0.2-0.25__feat_b__obj_cvar_a0.95__sigtrue_0.2__sigbar_0.2__lam_0.001/run_cfg.json python -m src.train_deephedge_gbm
"train=robust|feat=B|obj=cvar|sigtrue=0.2|sigbar=0.2|lam=0.001|robust=0.15,0.2,0.25",seed_0000__train_robust_s0.15-0.2-0.25__feat_b__obj_cvar_a0.95__sigtrue_0.2__sigbar_0.2__lam_0.001,2026-04-02T00:02:47Z,completed,main_benchmark,main,benchmark,True,deep_hedge_robust,robust,deep_hedge_robust,0,B,cvar,0.2,0.2,0.001,0.15|0.2|0.25,-0.002888392424210906,0.014752782881259918,0.002996981143951416,0.02411116100847721,0.027740081772208214,0.02988165244460106,0.0330238901078701,2.8797121420633793,4.900285243988037,287971.2142063379,results/gbm_deephedge/benchmark_6_2/runs/seed_0000__train_robust_s0.15-0.2-0.25__feat_b__obj_cvar_a0.95__sigtrue_0.2__sigbar_0.2__lam_0.001,results/gbm_deephedge,3b64ff4b7179e0a264d35dbe15a680819ebcfb2eb542e2d6248270a50d277541,76e694c21e709359f62f03a0ba5a97ba6db86a88,GBM_CFG=results/gbm_deephedge/benchmark_6_2/runs/seed_0000__train_robust_s0.15-0.2-0.25__feat_b__obj_cvar_a0.95__sigtrue_0.2__sigbar_0.2__lam_0.001/run_cfg.json python -m src.train_deephedge_gbm
"train=robust|feat=B|obj=cvar|sigtrue=0.2|sigbar=0.3|lam=0|robust=0.15,0.2,0.25",seed_0000__train_robust_s0.15-0.2-0.25__feat_b__obj_cvar_a0.95__sigtrue_0.2__sigbar_0.3__lam_0,2026-04-02T01:18:02Z,completed,main_benchmark,main,benchmark,True,bs_delta,robust,deep_hedge_robust,0,B,cvar,0.2,0.3,0.0,0.15|0.2|0.25,2.266320696797841e-05,0.015488791700495278,9.710063549664416e-05,0.0235428062289612,0.027503910112341556,0.029962815624256883,0.03265972489405684,2.8105252378870635,5.106864649405738,281052.52378870634,results/gbm_deephedge/benchmark_6_2/runs/seed_0000__train_robust_s0.15-0.2-0.25__feat_b__obj_cvar_a0.95__sigtrue_0.2__sigbar_0.3__lam_0,results/gbm_deephedge,a678719f84398aeff5aa04a876e3a7685953f76d564fed39995a6c064ea6645c,76e694c21e709359f62f03a0ba5a97ba6db86a88,GBM_CFG=results/gbm_deephedge/benchmark_6_2/runs/seed_0000__train_robust_s0.15-0.2-0.25__feat_b__obj_cvar_a0.95__sigtrue_0.2__sigbar_0.3__lam_0/run_cfg.json python -m src.train_deephedge_gbm
"train=robust|feat=B|obj=cvar|sigtrue=0.2|sigbar=0.3|lam=0|robust=0.15,0.2,0.25",seed_0000__train_robust_s0.15-0.2-0.25__feat_b__obj_cvar_a0.95__sigtrue_0.2__sigbar_0.3__lam_0,2026-04-02T01:18:02Z,completed,main_benchmark,main,benchmark,True,deep_hedge_robust,robust,deep_hedge_robust,0,B,cvar,0.2,0.3,0.0,0.15|0.2|0.25,4.282667941879481e-05,0.014250032603740692,5.8535486459732056e-05,0.020479697734117508,0.024033505469560623,0.026073137298226357,0.029248066246509552,2.99552076708436,5.219639301300049,299552.076708436,results/gbm_deephedge/benchmark_6_2/runs/seed_0000__train_robust_s0.15-0.2-0.25__feat_b__obj_cvar_a0.95__sigtrue_0.2__sigbar_0.3__lam_0,results/gbm_deephedge,a678719f84398aeff5aa04a876e3a7685953f76d564fed39995a6c064ea6645c,76e694c21e709359f62f03a0ba5a97ba6db86a88,GBM_CFG=results/gbm_deephedge/benchmark_6_2/runs/seed_0000__train_robust_s0.15-0.2-0.25__feat_b__obj_cvar_a0.95__sigtrue_0.2__sigbar_0.3__lam_0/run_cfg.json python -m src.train_deephedge_gbm
"train=robust|feat=B|obj=cvar|sigtrue=0.2|sigbar=0.3|lam=0.0001|robust=0.15,0.2,0.25",seed_0000__train_robust_s0.15-0.2-0.25__feat_b__obj_cvar_a0.95__sigtrue_0.2__sigbar_0.3__lam_0.0001,2026-04-02T01:18:26Z,completed,main_benchmark,main,benchmark,True,bs_delta,robust,deep_hedge_robust,0,B,cvar,0.2,0.3,0.0001,0.15|0.2|0.25,-0.00026494049218953015,0.015456462640763243,0.0003842031025580103,0.023775346455371313,0.02770800899013942,0.030174808162047727,0.03285216471290826,2.8105252378870635,5.106864649405738,281052.52378870634,results/gbm_deephedge/benchmark_6_2/runs/seed_0000__train_robust_s0.15-0.2-0.25__feat_b__obj_cvar_a0.95__sigtrue_0.2__sigbar_0.3__lam_0.0001,results/gbm_deephedge,4f82fa0eea1df98efaa4780e18a80ec87415a5cd73a5b31d4c927f8cbee9b018,76e694c21e709359f62f03a0ba5a97ba6db86a88,GBM_CFG=results/gbm_deephedge/benchmark_6_2/runs/seed_0000__train_robust_s0.15-0.2-0.25__feat_b__obj_cvar_a0.95__sigtrue_0.2__sigbar_0.3__lam_0.0001/run_cfg.json python -m src.train_deephedge_gbm
"train=robust|feat=B|obj=cvar|sigtrue=0.2|sigbar=0.3|lam=0.0001|robust=0.15,0.2,0.25",seed_0000__train_robust_s0.15-0.2-0.25__feat_b__obj_cvar_a0.95__sigtrue_0.2__sigbar_0.3__lam_0.0001,2026-04-02T01:18:26Z,completed,main_benchmark,main,benchmark,True,deep_hedge_robust,robust,deep_hedge_robust,0,B,cvar,0.2,0.3,0.0001,0.15|0.2|0.25,-0.00024916112306527793,0.014493478462100029,0.0003539137542247772,0.02156851626932621,0.025283310562372208,0.02756902389228344,0.030484043061733246,2.931087488394976,5.107843399047852,293108.74883949757,results/gbm_deephedge/benchmark_6_2/runs/seed_0000__train_robust_s0.15-0.2-0.25__feat_b__obj_cvar_a0.95__sigtrue_0.2__sigbar_0.3__lam_0.0001,results/gbm_deephedge,4f82fa0eea1df98efaa4780e18a80ec87415a5cd73a5b31d4c927f8cbee9b018,76e694c21e709359f62f03a0ba5a97ba6db86a88,GBM_CFG=results/gbm_deephedge/benchmark_6_2/runs/seed_0000__train_robust_s0.15-0.2-0.25__feat_b__obj_cvar_a0.95__sigtrue_0.2__sigbar_0.3__lam_0.0001/run_cfg.json python -m src.train_deephedge_gbm
"train=robust|feat=B|obj=cvar|sigtrue=0.2|sigbar=0.3|lam=0.0005|robust=0.15,0.2,0.25",seed_0000__train_robust_s0.15-0.2-0.25__feat_b__obj_cvar_a0.95__sigtrue_0.2__sigbar_0.3__lam_0.0005,2026-04-02T01:18:52Z,completed,main_benchmark,main,benchmark,True,bs_delta,robust,deep_hedge_robust,0,B,cvar,0.2,0.3,0.0005,0.15|0.2|0.25,-0.0014153553934624647,0.015330375927901431,0.0015326734021230623,0.024662845489239468,0.02853713914006463,0.030989859457626556,0.03364403436483493,2.8105252378870635,5.106864649405738,281052.52378870634,results/gbm_deephedge/benchmark_6_2/runs/seed_0000__train_robust_s0.15-0.2-0.25__feat_b__obj_cvar_a0.95__sigtrue_0.2__sigbar_0.3__lam_0.0005,results/gbm_deephedge,12900afb5f5ba09fb2821009a8e8cbe9119ad46afd213b284648bc72583dfc97,76e694c21e709359f62f03a0ba5a97ba6db86a88,GBM_CFG=results/gbm_deephedge/benchmark_6_2/runs/seed_0000__train_robust_s0.15-0.2-0.25__feat_b__obj_cvar_a0.95__sigtrue_0.2__sigbar_0.3__lam_0.0005/run_cfg.json python -m src.train_deephedge_gbm
"train=robust|feat=B|obj=cvar|sigtrue=0.2|sigbar=0.3|lam=0.0005|robust=0.15,0.2,0.25",seed_0000__train_robust_s0.15-0.2-0.25__feat_b__obj_cvar_a0.95__sigtrue_0.2__sigbar_0.3__lam_0.0005,2026-04-02T01:18:52Z,completed,main_benchmark,main,benchmark,True,deep_hedge_robust,robust,deep_hedge_robust,0,B,cvar,0.2,0.3,0.0005,0.15|0.2|0.25,-0.0014206491177901626,0.014720608480274677,0.001528862863779068,0.023312019184231758,0.027132976800203323,0.0295335091650486,0.03240909427404404,2.8852887355303762,4.986274719238281,288528.87355303764,results/gbm_deephedge/benchmark_6_2/runs/seed_0000__train_robust_s0.15-0.2-0.25__feat_b__obj_cvar_a0.95__sigtrue_0.2__sigbar_0.3__lam_0.0005,results/gbm_deephedge,12900afb5f5ba09fb2821009a8e8cbe9119ad46afd213b284648bc72583dfc97,76e694c21e709359f62f03a0ba5a97ba6db86a88,GBM_CFG=results/gbm_deephedge/benchmark_6_2/runs/seed_0000__train_robust_s0.15-0.2-0.25__feat_b__obj_cvar_a0.95__sigtrue_0.2__sigbar_0.3__lam_0.0005/run_cfg.json python -m src.train_deephedge_gbm
"train=robust|feat=B|obj=cvar|sigtrue=0.2|sigbar=0.3|lam=0.001|robust=0.15,0.2,0.25",seed_0000__train_robust_s0.15-0.2-0.25__feat_b__obj_cvar_a0.95__sigtrue_0.2__sigbar_0.3__lam_0.001,2026-04-02T01:19:16Z,completed,main_benchmark,main,benchmark,True,bs_delta,robust,deep_hedge_robust,0,B,cvar,0.2,0.3,0.001,0.15|0.2|0.25,-0.0028533739938929074,0.015180183342735654,0.002968396975247714,0.025777100698096668,0.029603586779463762,0.03199412045009722,0.03468856007385267,2.8105252378870635,5.106864649405738,281052.52378870634,results/gbm_deephedge/benchmark_6_2/runs/seed_0000__train_robust_s0.15-0.2-0.25__feat_b__obj_cvar_a0.95__sigtrue_0.2__sigbar_0.3__lam_0.001,results/gbm_deephedge,665d7893de2bd5e01323989ff266df23594d0093f1eb01a073e990777fe54692,76e694c21e709359f62f03a0ba5a97ba6db86a88,GBM_CFG=results/gbm_deephedge/benchmark_6_2/runs/seed_0000__train_robust_s0.15-0.2-0.25__feat_b__obj_cvar_a0.95__sigtrue_0.2__sigbar_0.3__lam_0.001/run_cfg.json python -m src.train_deephedge_gbm
"train=robust|feat=B|obj=cvar|sigtrue=0.2|sigbar=0.3|lam=0.001|robust=0.15,0.2,0.25",seed_0000__train_robust_s0.15-0.2-0.25__feat_b__obj_cvar_a0.95__sigtrue_0.2__sigbar_0.3__lam_0.001,2026-04-02T01:19:16Z,completed,main_benchmark,main,benchmark,True,deep_hedge_robust,robust,deep_hedge_robust,0,B,cvar,0.2,0.3,0.001,0.15|0.2|0.25,-0.002888392424210906,0.014752782881259918,0.002996981143951416,0.02411116100847721,0.027740081772208214,0.02988165244460106,0.0330238901078701,2.8797121420633793,4.900285243988037,287971.2142063379,results/gbm_deephedge/benchmark_6_2/runs/seed_0000__train_robust_s0.15-0.2-0.25__feat_b__obj_cvar_a0.95__sigtrue_0.2__sigbar_0.3__lam_0.001,results/gbm_deephedge,665d7893de2bd5e01323989ff266df23594d0093f1eb01a073e990777fe54692,76e694c21e709359f62f03a0ba5a97ba6db86a88,GBM_CFG=results/gbm_deephedge/benchmark_6_2/runs/seed_0000__train_robust_s0.15-0.2-0.25__feat_b__obj_cvar_a0.95__sigtrue_0.2__sigbar_0.3__lam_0.001/run_cfg.json python -m src.train_deephedge_gbm
train=oracle|feat=B|obj=cvar|sigtrue=0.2|sigbar=0.15|lam=0|robust=none,seed_0001__train_oracle__feat_b__obj_cvar_a0.95__sigtrue_0.2__sigbar_0.15__lam_0,2026-04-02T01:19:22Z,completed,main_benchmark,main,benchmark,True,bs_delta,oracle,deep_hedge_oracle,1,B,cvar,0.2,0.15,0.0,,-5.353672195600585e-05,0.013050470652247589,0.00013909093860413335,0.02494953122509732,0.03418849450336968,0.040019223945192084,0.048240720096780765,3.5344967411937764,7.69186703830528,353449.6741193776,results/gbm_deephedge/benchmark_6_2/runs/seed_0001__train_oracle__feat_b__obj_cvar_a0.95__sigtrue_0.2__sigbar_0.15__lam_0,results/gbm_deephedge,8ff46234443d814308b574e77e95b7600e4956ba482612d8ee44a127f8fb1a44,76e694c21e709359f62f03a0ba5a97ba6db86a88,GBM_CFG=results/gbm_deephedge/benchmark_6_2/runs/seed_0001__train_oracle__feat_b__obj_cvar_a0.95__sigtrue_0.2__sigbar_0.15__lam_0/run_cfg.json python -m src.train_deephedge_gbm
train=oracle|feat=B|obj=cvar|sigtrue=0.2|sigbar=0.15|lam=0|robust=none,seed_0001__train_oracle__feat_b__obj_cvar_a0.95__sigtrue_0.2__sigbar_0.15__lam_0,2026-04-02T01:19:22Z,completed,main_benchmark,main,benchmark,True,deep_hedge_oracle,oracle,deep_hedge_oracle,1,B,cvar,0.2,0.15,0.0,,2.180908268201165e-05,0.011833754368126392,4.813075065612793e-05,0.016587037593126297,0.02076824940741062,0.023177962750196457,0.02744935266673565,3.110886316072941,5.6288604736328125,311088.6316072941,results/gbm_deephedge/benchmark_6_2/runs/seed_0001__train_oracle__feat_b__obj_cvar_a0.95__sigtrue_0.2__sigbar_0.15__lam_0,results/gbm_deephedge,8ff46234443d814308b574e77e95b7600e4956ba482612d8ee44a127f8fb1a44,76e694c21e709359f62f03a0ba5a97ba6db86a88,GBM_CFG=results/gbm_deephedge/benchmark_6_2/runs/seed_0001__train_oracle__feat_b__obj_cvar_a0.95__sigtrue_0.2__sigbar_0.15__lam_0/run_cfg.json python -m src.train_deephedge_gbm
train=oracle|feat=B|obj=cvar|sigtrue=0.2|sigbar=0.15|lam=0.0001|robust=none,seed_0001__train_oracle__feat_b__obj_cvar_a0.95__sigtrue_0.2__sigbar_0.15__lam_0.0001,2026-04-02T01:19:47Z,completed,main_benchmark,main,benchmark,True,bs_delta,oracle,deep_hedge_oracle,1,B,cvar,0.2,0.15,0.0001,,-0.0004141277291103266,0.013128620819944252,0.0005007106474111678,0.025469145056635452,0.034722619718066956,0.040612256717161406,0.048811433254143624,3.5344967411937764,7.69186703830528,353449.6741193776,results/gbm_deephedge/benchmark_6_2/runs/seed_0001__train_oracle__feat_b__obj_cvar_a0.95__sigtrue_0.2__sigbar_0.15__lam_0.0001,results/gbm_deephedge,745954b57d22891b7d68c6e91d9753bc2a2de1b79709e86ddae25c803494111f,76e694c21e709359f62f03a0ba5a97ba6db86a88,GBM_CFG=results/gbm_deephedge/benchmark_6_2/runs/seed_0001__train_oracle__feat_b__obj_cvar_a0.95__sigtrue_0.2__sigbar_0.15__lam_0.0001/run_cfg.json python -m src.train_deephedge_gbm
train=oracle|feat=B|obj=cvar|sigtrue=0.2|sigbar=0.15|lam=0.0001|robust=none,seed_0001__train_oracle__feat_b__obj_cvar_a0.95__sigtrue_0.2__sigbar_0.15__lam_0.0001,2026-04-02T01:19:47Z,completed,main_benchmark,main,benchmark,True,deep_hedge_oracle,oracle,deep_hedge_oracle,1,B,cvar,0.2,0.15,0.0001,,-0.00030018691904842854,0.011856317520141602,0.0003703311085700989,0.016962887719273567,0.021210776641964912,0.0236358642578125,0.02814660221338272,3.127731070047617,5.641838073730469,312773.1070047617,results/gbm_deephedge/benchmark_6_2/runs/seed_0001__train_oracle__feat_b__obj_cvar_a0.95__sigtrue_0.2__sigbar_0.15__lam_0.0001,results/gbm_deephedge,745954b57d22891b7d68c6e91d9753bc2a2de1b79709e86ddae25c803494111f,76e694c21e709359f62f03a0ba5a97ba6db86a88,GBM_CFG=results/gbm_deephedge/benchmark_6_2/runs/seed_0001__train_oracle__feat_b__obj_cvar_a0.95__sigtrue_0.2__sigbar_0.15__lam_0.0001/run_cfg.json python -m src.train_deephedge_gbm
train=oracle|feat=B|obj=cvar|sigtrue=0.2|sigbar=0.15|lam=0.0005|robust=none,seed_0001__train_oracle__feat_b__obj_cvar_a0.95__sigtrue_0.2__sigbar_0.15__lam_0.0005,2026-04-02T01:20:12Z,completed,main_benchmark,main,benchmark,True,bs_delta,oracle,deep_hedge_oracle,1,B,cvar,0.2,0.15,0.0005,,-0.001856491888885052,0.013447754085762108,0.0019473388700902428,0.027477888420198285,0.03686397954253785,0.042813303048737004,0.05110156516708027,3.5344967411937764,7.69186703830528,353449.6741193776,results/gbm_deephedge/benchmark_6_2/runs/seed_0001__train_oracle__feat_b__obj_cvar_a0.95__sigtrue_0.2__sigbar_0.15__lam_0.0005,results/gbm_deephedge,bd6ca05ef883e65d4a6317b2042874b1051fa633d849dd5f19ee595cf607271f,76e694c21e709359f62f03a0ba5a97ba6db86a88,GBM_CFG=results/gbm_deephedge/benchmark_6_2/runs/seed_0001__train_oracle__feat_b__obj_cvar_a0.95__sigtrue_0.2__sigbar_0.15__lam_0.0005/run_cfg.json python -m src.train_deephedge_gbm
train=oracle|feat=B|obj=cvar|sigtrue=0.2|sigbar=0.15|lam=0.0005|robust=none,seed_0001__train_oracle__feat_b__obj_cvar_a0.95__sigtrue_0.2__sigbar_0.15__lam_0.0005,2026-04-02T01:20:12Z,completed,main_benchmark,main,benchmark,True,deep_hedge_oracle,oracle,deep_hedge_oracle,1,B,cvar,0.2,0.15,0.0005,,-0.0015421026619151235,0.011845823377370834,0.0016120970249176025,0.018262315541505814,0.022483954206109047,0.02492626942694187,0.02935498207807541,3.067641046746969,5.489678382873535,306764.1046746969,results/gbm_deephedge/benchmark_6_2/runs/seed_0001__train_oracle__feat_b__obj_cvar_a0.95__sigtrue_0.2__sigbar_0.15__lam_0.0005,results/gbm_deephedge,bd6ca05ef883e65d4a6317b2042874b1051fa633d849dd5f19ee595cf607271f,76e694c21e709359f62f03a0ba5a97ba6db86a88,GBM_CFG=results/gbm_deephedge/benchmark_6_2/runs/seed_0001__train_oracle__feat_b__obj_cvar_a0.95__sigtrue_0.2__sigbar_0.15__lam_0.0005/run_cfg.json python -m src.train_deephedge_gbm
train=oracle|feat=B|obj=cvar|sigtrue=0.2|sigbar=0.15|lam=0.001|robust=none,seed_0001__train_oracle__feat_b__obj_cvar_a0.95__sigtrue_0.2__sigbar_0.15__lam_0.001,2026-04-02T01:20:39Z,completed,main_benchmark,main,benchmark,True,bs_delta,oracle,deep_hedge_oracle,1,B,cvar,0.2,0.15,0.001,,-0.0036594470558140983,0.013860515978474644,0.0037559599387172182,0.03004497178068663,0.0395526582644163,0.045527290556702904,0.05397602743535134,3.5344967411937764,7.69186703830528,353449.6741193776,results/gbm_deephedge/benchmark_6_2/runs/seed_0001__train_oracle__feat_b__obj_cvar_a0.95__sigtrue_0.2__sigbar_0.15__lam_0.001,results/gbm_deephedge,eb9d0ca8ac4c06cd9804048e9481b2861cbca7cf2757366a026e3a90e603dd54,76e694c21e709359f62f03a0ba5a97ba6db86a88,GBM_CFG=results/gbm_deephedge/benchmark_6_2/runs/seed_0001__train_oracle__feat_b__obj_cvar_a0.95__sigtrue_0.2__sigbar_0.15__lam_0.001/run_cfg.json python -m src.train_deephedge_gbm
train=oracle|feat=B|obj=cvar|sigtrue=0.2|sigbar=0.15|lam=0.001|robust=none,seed_0001__train_oracle__feat_b__obj_cvar_a0.95__sigtrue_0.2__sigbar_0.15__lam_0.001,2026-04-02T01:20:39Z,completed,main_benchmark,main,benchmark,True,deep_hedge_oracle,oracle,deep_hedge_oracle,1,B,cvar,0.2,0.15,0.001,,-0.003094971878454089,0.011720274575054646,0.0031634196639060974,0.019665203988552094,0.0242465753108263,0.026940910145640373,0.03150809556245804,3.058831017384529,5.433572292327881,305883.1017384529,results/gbm_deephedge/benchmark_6_2/runs/seed_0001__train_oracle__feat_b__obj_cvar_a0.95__sigtrue_0.2__sigbar_0.15__lam_0.001,results/gbm_deephedge,eb9d0ca8ac4c06cd9804048e9481b2861cbca7cf2757366a026e3a90e603dd54,76e694c21e709359f62f03a0ba5a97ba6db86a88,GBM_CFG=results/gbm_deephedge/benchmark_6_2/runs/seed_0001__train_oracle__feat_b__obj_cvar_a0.95__sigtrue_0.2__sigbar_0.15__lam_0.001/run_cfg.json python -m src.train_deephedge_gbm
train=oracle|feat=B|obj=cvar|sigtrue=0.2|sigbar=0.1|lam=0|robust=none,seed_0001__train_oracle__feat_b__obj_cvar_a0.95__sigtrue_0.2__sigbar_0.1__lam_0,2026-04-02T01:19:19Z,completed,main_benchmark,main,benchmark,True,bs_delta,oracle,deep_hedge_oracle,1,B,cvar,0.2,0.1,0.0,,-8.487293518857314e-05,0.02247638739028798,0.0003390041680479128,0.04203701200202521,0.055288718357535266,0.06332107451040597,0.07470519232386724,3.94099420856181,9.929297680598873,394099.420856181,results/gbm_deephedge/benchmark_6_2/runs/seed_0001__train_oracle__feat_b__obj_cvar_a0.95__sigtrue_0.2__sigbar_0.1__lam_0,results/gbm_deephedge,0a046dd9f86998b75a5b99e0b7e09678cc190028c954ea7a0347547eec1aa35e,76e694c21e709359f62f03a0ba5a97ba6db86a88,GBM_CFG=results/gbm_deephedge/benchmark_6_2/runs/seed_0001__train_oracle__feat_b__obj_cvar_a0.95__sigtrue_0.2__sigbar_0.1__lam_0/run_cfg.json python -m src.train_deephedge_gbm
train=oracle|feat=B|obj=cvar|sigtrue=0.2|sigbar=0.1|lam=0|robust=none,seed_0001__train_oracle__feat_b__obj_cvar_a0.95__sigtrue_0.2__sigbar_0.1__lam_0,2026-04-02T01:19:19Z,completed,main_benchmark,main,benchmark,True,deep_hedge_oracle,oracle,deep_hedge_oracle,1,B,cvar,0.2,0.1,0.0,,2.180908268201165e-05,0.011833754368126392,4.813075065612793e-05,0.016587037593126297,0.02076824940741062,0.023177962750196457,0.02744935266673565,3.110886316072941,5.6288604736328125,311088.6316072941,results/gbm_deephedge/benchmark_6_2/runs/seed_0001__train_oracle__feat_b__obj_cvar_a0.95__sigtrue_0.2__sigbar_0.1__lam_0,results/gbm_deephedge,0a046dd9f86998b75a5b99e0b7e09678cc190028c954ea7a0347547eec1aa35e,76e694c21e709359f62f03a0ba5a97ba6db86a88,GBM_CFG=results/gbm_deephedge/benchmark_6_2/runs/seed_0001__train_oracle__feat_b__obj_cvar_a0.95__sigtrue_0.2__sigbar_0.1__lam_0/run_cfg.json python -m src.train_deephedge_gbm
train=oracle|feat=B|obj=cvar|sigtrue=0.2|sigbar=0.1|lam=0.0001|robust=none,seed_0001__train_oracle__feat_b__obj_cvar_a0.95__sigtrue_0.2__sigbar_0.1__lam_0.0001,2026-04-02T01:19:44Z,completed,main_benchmark,main,benchmark,True,bs_delta,oracle,deep_hedge_oracle,1,B,cvar,0.2,0.1,0.0001,,-0.0004863349255123716,0.022610196512981198,0.0007435024881928265,0.04269733172288811,0.05596145118326882,0.06405825795450835,0.07543087539365198,3.94099420856181,9.929297680598873,394099.420856181,results/gbm_deephedge/benchmark_6_2/runs/seed_0001__train_oracle__feat_b__obj_cvar_a0.95__sigtrue_0.2__sigbar_0.1__lam_0.0001,results/gbm_deephedge,1c8691f9775c87ae949f39892cfe76719aa3cdf753494af1929e8e9093a78748,76e694c21e709359f62f03a0ba5a97ba6db86a88,GBM_CFG=results/gbm_deephedge/benchmark_6_2/runs/seed_0001__train_oracle__feat_b__obj_cvar_a0.95__sigtrue_0.2__sigbar_0.1__lam_0.0001/run_cfg.json python -m src.train_deephedge_gbm
train=oracle|feat=B|obj=cvar|sigtrue=0.2|sigbar=0.1|lam=0.0001|robust=none,seed_0001__train_oracle__feat_b__obj_cvar_a0.95__sigtrue_0.2__sigbar_0.1__lam_0.0001,2026-04-02T01:19:44Z,completed,main_benchmark,main,benchmark,True,deep_hedge_oracle,oracle,deep_hedge_oracle,1,B,cvar,0.2,0.1,0.0001,,-0.00030018691904842854,0.011856317520141602,0.0003703311085700989,0.016962887719273567,0.021210776641964912,0.0236358642578125,0.02814660221338272,3.127731070047617,5.641838073730469,312773.1070047617,results/gbm_deephedge/benchmark_6_2/runs/seed_0001__train_oracle__feat_b__obj_cvar_a0.95__sigtrue_0.2__sigbar_0.1__lam_0.0001,results/gbm_deephedge,1c8691f9775c87ae949f39892cfe76719aa3cdf753494af1929e8e9093a78748,76e694c21e709359f62f03a0ba5a97ba6db86a88,GBM_CFG=results/gbm_deephedge/benchmark_6_2/runs/seed_0001__train_oracle__feat_b__obj_cvar_a0.95__sigtrue_0.2__sigbar_0.1__lam_0.0001/run_cfg.json python -m src.train_deephedge_gbm
train=oracle|feat=B|obj=cvar|sigtrue=0.2|sigbar=0.1|lam=0.0005|robust=none,seed_0001__train_oracle__feat_b__obj_cvar_a0.95__sigtrue_0.2__sigbar_0.1__lam_0.0005,2026-04-02T01:20:09Z,completed,main_benchmark,main,benchmark,True,bs_delta,oracle,deep_hedge_oracle,1,B,cvar,0.2,0.1,0.0005,,-0.0020921830328276478,0.023148523623333937,0.0023617482164207115,0.04525552588927923,0.05865610315741208,0.06677726224596603,0.07833960662261992,3.94099420856181,9.929297680598873,394099.420856181,results/gbm_deephedge/benchmark_6_2/runs/seed_0001__train_oracle__feat_b__obj_cvar_a0.95__sigtrue_0.2__sigbar_0.1__lam_0.0005,results/gbm_deephedge,ac37d1c237c59e8f35774f9d480ae7cea745d8f4bc31226014da8f7888866d19,76e694c21e709359f62f03a0ba5a97ba6db86a88,GBM_CFG=results/gbm_deephedge/benchmark_6_2/runs/seed_0001__train_oracle__feat_b__obj_cvar_a0.95__sigtrue_0.2__sigbar_0.1__lam_0.0005/run_cfg.json python -m src.train_deephedge_gbm
train=oracle|feat=B|obj=cvar|sigtrue=0.2|sigbar=0.1|lam=0.0005|robust=none,seed_0001__train_oracle__feat_b__obj_cvar_a0.95__sigtrue_0.2__sigbar_0.1__lam_0.0005,2026-04-02T01:20:09Z,completed,main_benchmark,main,benchmark,True,deep_hedge_oracle,oracle,deep_hedge_oracle,1,B,cvar,0.2,0.1,0.0005,,-0.0015421026619151235,0.011845823377370834,0.0016120970249176025,0.018262315541505814,0.022483954206109047,0.02492626942694187,0.02935498207807541,3.067641046746969,5.489678382873535,306764.1046746969,results/gbm_deephedge/benchmark_6_2/runs/seed_0001__train_oracle__feat_b__obj_cvar_a0.95__sigtrue_0.2__sigbar_0.1__lam_0.0005,results/gbm_deephedge,ac37d1c237c59e8f35774f9d480ae7cea745d8f4bc31226014da8f7888866d19,76e694c21e709359f62f03a0ba5a97ba6db86a88,GBM_CFG=results/gbm_deephedge/benchmark_6_2/runs/seed_0001__train_oracle__feat_b__obj_cvar_a0.95__sigtrue_0.2__sigbar_0.1__lam_0.0005/run_cfg.json python -m src.train_deephedge_gbm
train=oracle|feat=B|obj=cvar|sigtrue=0.2|sigbar=0.1|lam=0.001|robust=none,seed_0001__train_oracle__feat_b__obj_cvar_a0.95__sigtrue_0.2__sigbar_0.1__lam_0.001,2026-04-02T01:20:36Z,completed,main_benchmark,main,benchmark,True,bs_delta,oracle,deep_hedge_oracle,1,B,cvar,0.2,0.1,0.001,,-0.0040994931304667226,0.023827992631437644,0.0043851230762007865,0.04836461974601061,0.06203389648802024,0.07031814739155763,0.08198395421487402,3.94099420856181,9.929297680598873,394099.420856181,results/gbm_deephedge/benchmark_6_2/runs/seed_0001__train_oracle__feat_b__obj_cvar_a0.95__sigtrue_0.2__sigbar_0.1__lam_0.001,results/gbm_deephedge,3053723920290ba06a186ce91bd37578ca64424720618761535b53c2a307e5d0,76e694c21e709359f62f03a0ba5a97ba6db86a88,GBM_CFG=results/gbm_deephedge/benchmark_6_2/runs/seed_0001__train_oracle__feat_b__obj_cvar_a0.95__sigtrue_0.2__sigbar_0.1__lam_0.001/run_cfg.json python -m src.train_deephedge_gbm
train=oracle|feat=B|obj=cvar|sigtrue=0.2|sigbar=0.1|lam=0.001|robust=none,seed_0001__train_oracle__feat_b__obj_cvar_a0.95__sigtrue_0.2__sigbar_0.1__lam_0.001,2026-04-02T01:20:36Z,completed,main_benchmark,main,benchmark,True,deep_hedge_oracle,oracle,deep_hedge_oracle,1,B,cvar,0.2,0.1,0.001,,-0.003094971878454089,0.011720274575054646,0.0031634196639060974,0.019665203988552094,0.0242465753108263,0.026940910145640373,0.03150809556245804,3.058831017384529,5.433572292327881,305883.1017384529,results/gbm_deephedge/benchmark_6_2/runs/seed_0001__train_oracle__feat_b__obj_cvar_a0.95__sigtrue_0.2__sigbar_0.1__lam_0.001,results/gbm_deephedge,3053723920290ba06a186ce91bd37578ca64424720618761535b53c2a307e5d0,76e694c21e709359f62f03a0ba5a97ba6db86a88,GBM_CFG=results/gbm_deephedge/benchmark_6_2/runs/seed_0001__train_oracle__feat_b__obj_cvar_a0.95__sigtrue_0.2__sigbar_0.1__lam_0.001/run_cfg.json python -m src.train_deephedge_gbm
train=oracle|feat=B|obj=cvar|sigtrue=0.2|sigbar=0.25|lam=0|robust=none,seed_0001__train_oracle__feat_b__obj_cvar_a0.95__sigtrue_0.2__sigbar_0.25__lam_0,2026-04-02T01:19:25Z,completed,main_benchmark,main,benchmark,True,bs_delta,oracle,deep_hedge_oracle,1,B,cvar,0.2,0.25,0.0,,1.9829315288641714e-05,0.011815736536004913,4.983743470922397e-05,0.016876954988501332,0.02049917471117345,0.022445979221992884,0.026317803087644975,2.999992654492741,5.503458003523291,299999.2654492741,results/gbm_deephedge/benchmark_6_2/runs/seed_0001__train_oracle__feat_b__obj_cvar_a0.95__sigtrue_0.2__sigbar_0.25__lam_0,results/gbm_deephedge,11a20c1b200877778ad2b9e2ff3baf6403d28b3d153b6e84058c10c6f75aa45c,76e694c21e709359f62f03a0ba5a97ba6db86a88,GBM_CFG=results/gbm_deephedge/benchmark_6_2/runs/seed_0001__train_oracle__feat_b__obj_cvar_a0.95__sigtrue_0.2__sigbar_0.25__lam_0/run_cfg.json python -m src.train_deephedge_gbm
train=oracle|feat=B|obj=cvar|sigtrue=0.2|sigbar=0.25|lam=0|robust=none,seed_0001__train_oracle__feat_b__obj_cvar_a0.95__sigtrue_0.2__sigbar_0.25__lam_0,2026-04-02T01:19:25Z,completed,main_benchmark,main,benchmark,True,deep_hedge_oracle,oracle,deep_hedge_oracle,1,B,cvar,0.2,0.25,0.0,,2.180908268201165e-05,0.011833754368126392,4.813075065612793e-05,0.016587037593126297,0.02076824940741062,0.023177962750196457,0.02744935266673565,3.110886316072941,5.6288604736328125,311088.6316072941,results/gbm_deephedge/benchmark_6_2/runs/seed_0001__train_oracle__feat_b__obj_cvar_a0.95__sigtrue_0.2__sigbar_0.25__lam_0,results/gbm_deephedge,11a20c1b200877778ad2b9e2ff3baf6403d28b3d153b6e84058c10c6f75aa45c,76e694c21e709359f62f03a0ba5a97ba6db86a88,GBM_CFG=results/gbm_deephedge/benchmark_6_2/runs/seed_0001__train_oracle__feat_b__obj_cvar_a0.95__sigtrue_0.2__sigbar_0.25__lam_0/run_cfg.json python -m src.train_deephedge_gbm
train=oracle|feat=B|obj=cvar|sigtrue=0.2|sigbar=0.25|lam=0.0001|robust=none,seed_0001__train_oracle__feat_b__obj_cvar_a0.95__sigtrue_0.2__sigbar_0.25__lam_0.0001,2026-04-02T01:19:50Z,completed,main_benchmark,main,benchmark,True,bs_delta,oracle,deep_hedge_oracle,1,B,cvar,0.2,0.25,0.0001,,-0.0002869849546095396,0.01179060110846698,0.0003563557096314396,0.017142853376517,0.020782318420461257,0.022754194141214712,0.026651836209305172,2.999992654492741,5.503458003523291,299999.2654492741,results/gbm_deephedge/benchmark_6_2/runs/seed_0001__train_oracle__feat_b__obj_cvar_a0.95__sigtrue_0.2__sigbar_0.25__lam_0.0001,results/gbm_deephedge,de505d8dc3359d32af88c4fc259ab36efe5c855dcb10bb7b15e2aec96a2a1ec7,76e694c21e709359f62f03a0ba5a97ba6db86a88,GBM_CFG=results/gbm_deephedge/benchmark_6_2/runs/seed_0001__train_oracle__feat_b__obj_cvar_a0.95__sigtrue_0.2__sigbar_0.25__lam_0.0001/run_cfg.json python -m src.train_deephedge_gbm
train=oracle|feat=B|obj=cvar|sigtrue=0.2|sigbar=0.25|lam=0.0001|robust=none,seed_0001__train_oracle__feat_b__obj_cvar_a0.95__sigtrue_0.2__sigbar_0.25__lam_0.0001,2026-04-02T01:19:50Z,completed,main_benchmark,main,benchmark,True,deep_hedge_oracle,oracle,deep_hedge_oracle,1,B,cvar,0.2,0.25,0.0001,,-0.00030018691904842854,0.011856317520141602,0.0003703311085700989,0.016962887719273567,0.021210776641964912,0.0236358642578125,0.02814660221338272,3.127731070047617,5.641838073730469,312773.1070047617,results/gbm_deephedge/benchmark_6_2/runs/seed_0001__train_oracle__feat_b__obj_cvar_a0.95__sigtrue_0.2__sigbar_0.25__lam_0.0001,results/gbm_deephedge,de505d8dc3359d32af88c4fc259ab36efe5c855dcb10bb7b15e2aec96a2a1ec7,76e694c21e709359f62f03a0ba5a97ba6db86a88,GBM_CFG=results/gbm_deephedge/benchmark_6_2/runs/seed_0001__train_oracle__feat_b__obj_cvar_a0.95__sigtrue_0.2__sigbar_0.25__lam_0.0001/run_cfg.json python -m src.train_deephedge_gbm
train=oracle|feat=B|obj=cvar|sigtrue=0.2|sigbar=0.25|lam=0.0005|robust=none,seed_0001__train_oracle__feat_b__obj_cvar_a0.95__sigtrue_0.2__sigbar_0.25__lam_0.0005,2026-04-02T01:20:15Z,completed,main_benchmark,main,benchmark,True,bs_delta,oracle,deep_hedge_oracle,1,B,cvar,0.2,0.25,0.0005,,-0.0015142421457910353,0.011695909012639793,0.0015825039161731502,0.01823737078899148,0.021942421661827742,0.023978436041758096,0.028016194503616202,2.999992654492741,5.503458003523291,299999.2654492741,results/gbm_deephedge/benchmark_6_2/runs/seed_0001__train_oracle__feat_b__obj_cvar_a0.95__sigtrue_0.2__sigbar_0.25__lam_0.0005,results/gbm_deephedge,475642c8e46b111221c126a9b6be8f1e579488aaf82936777a6bdd39e1b7efef,76e694c21e709359f62f03a0ba5a97ba6db86a88,GBM_CFG=results/gbm_deephedge/benchmark_6_2/runs/seed_0001__train_oracle__feat_b__obj_cvar_a0.95__sigtrue_0.2__sigbar_0.25__lam_0.0005/run_cfg.json python -m src.train_deephedge_gbm
train=oracle|feat=B|obj=cvar|sigtrue=0.2|sigbar=0.25|lam=0.0005|robust=none,seed_0001__train_oracle__feat_b__obj_cvar_a0.95__sigtrue_0.2__sigbar_0.25__lam_0.0005,2026-04-02T01:20:15Z,completed,main_benchmark,main,benchmark,True,deep_hedge_oracle,oracle,deep_hedge_oracle,1,B,cvar,0.2,0.25,0.0005,,-0.0015421026619151235,0.011845823377370834,0.0016120970249176025,0.018262315541505814,0.022483954206109047,0.02492626942694187,0.02935498207807541,3.067641046746969,5.489678382873535,306764.1046746969,results/gbm_deephedge/benchmark_6_2/runs/seed_0001__train_oracle__feat_b__obj_cvar_a0.95__sigtrue_0.2__sigbar_0.25__lam_0.0005,results/gbm_deephedge,475642c8e46b111221c126a9b6be8f1e579488aaf82936777a6bdd39e1b7efef,76e694c21e709359f62f03a0ba5a97ba6db86a88,GBM_CFG=results/gbm_deephedge/benchmark_6_2/runs/seed_0001__train_oracle__feat_b__obj_cvar_a0.95__sigtrue_0.2__sigbar_0.25__lam_0.0005/run_cfg.json python -m src.train_deephedge_gbm
train=oracle|feat=B|obj=cvar|sigtrue=0.2|sigbar=0.25|lam=0.001|robust=none,seed_0001__train_oracle__feat_b__obj_cvar_a0.95__sigtrue_0.2__sigbar_0.25__lam_0.001,2026-04-02T01:20:41Z,completed,main_benchmark,main,benchmark,True,bs_delta,oracle,deep_hedge_oracle,1,B,cvar,0.2,0.25,0.001,,-0.003048313606870712,0.011590967717783368,0.0031153578728968234,0.019632696810051534,0.023454005319963427,0.02553105315708647,0.029790192120609384,2.999992654492741,5.503458003523291,299999.2654492741,results/gbm_deephedge/benchmark_6_2/runs/seed_0001__train_oracle__feat_b__obj_cvar_a0.95__sigtrue_0.2__sigbar_0.25__lam_0.001,results/gbm_deephedge,0c4b020d79d8cf47412224fc220de5305ae3fe8b904f47b9063790d6711252a3,76e694c21e709359f62f03a0ba5a97ba6db86a88,GBM_CFG=results/gbm_deephedge/benchmark_6_2/runs/seed_0001__train_oracle__feat_b__obj_cvar_a0.95__sigtrue_0.2__sigbar_0.25__lam_0.001/run_cfg.json python -m src.train_deephedge_gbm
train=oracle|feat=B|obj=cvar|sigtrue=0.2|sigbar=0.25|lam=0.001|robust=none,seed_0001__train_oracle__feat_b__obj_cvar_a0.95__sigtrue_0.2__sigbar_0.25__lam_0.001,2026-04-02T01:20:41Z,completed,main_benchmark,main,benchmark,True,deep_hedge_oracle,oracle,deep_hedge_oracle,1,B,cvar,0.2,0.25,0.001,,-0.003094971878454089,0.011720274575054646,0.0031634196639060974,0.019665203988552094,0.0242465753108263,0.026940910145640373,0.03150809556245804,3.058831017384529,5.433572292327881,305883.1017384529,results/gbm_deephedge/benchmark_6_2/runs/seed_0001__train_oracle__feat_b__obj_cvar_a0.95__sigtrue_0.2__sigbar_0.25__lam_0.001,results/gbm_deephedge,0c4b020d79d8cf47412224fc220de5305ae3fe8b904f47b9063790d6711252a3,76e694c21e709359f62f03a0ba5a97ba6db86a88,GBM_CFG=results/gbm_deephedge/benchmark_6_2/runs/seed_0001__train_oracle__feat_b__obj_cvar_a0.95__sigtrue_0.2__sigbar_0.25__lam_0.001/run_cfg.json python -m src.train_deephedge_gbm
train=oracle|feat=B|obj=cvar|sigtrue=0.2|sigbar=0.2|lam=0|robust=none,seed_0001__train_oracle__feat_b__obj_cvar_a0.95__sigtrue_0.2__sigbar_0.2__lam_0,2026-04-01T21:56:28Z,completed,main_benchmark,main,benchmark,True,bs_delta,oracle,deep_hedge_oracle,1,B,cvar,0.2,0.2,0.0,,-1.557162950504675e-05,0.009752774557316771,6.316264691304252e-05,0.01624579581442023,0.022549750358101934,0.026420495512185387,0.03273143313739295,3.2321912725186763,6.401758893419643,323219.1272518676,results/gbm_deephedge/benchmark_6_2/runs/seed_0001__train_oracle__feat_b__obj_cvar_a0.95__sigtrue_0.2__sigbar_0.2__lam_0,results/gbm_deephedge,7b20a319d3c3f23a13931e5542fdbc962db5734c07499929388834ea79851ecb,76e694c21e709359f62f03a0ba5a97ba6db86a88,GBM_CFG=results/gbm_deephedge/benchmark_6_2/runs/seed_0001__train_oracle__feat_b__obj_cvar_a0.95__sigtrue_0.2__sigbar_0.2__lam_0/run_cfg.json python -m src.train_deephedge_gbm
train=oracle|feat=B|obj=cvar|sigtrue=0.2|sigbar=0.2|lam=0|robust=none,seed_0001__train_oracle__feat_b__obj_cvar_a0.95__sigtrue_0.2__sigbar_0.2__lam_0,2026-04-01T21:56:28Z,completed,main_benchmark,main,benchmark,True,deep_hedge_oracle,oracle,deep_hedge_oracle,1,B,cvar,0.2,0.2,0.0,,2.180908268201165e-05,0.011833754368126392,4.813075065612793e-05,0.016587037593126297,0.02076824940741062,0.023177962750196457,0.02744935266673565,3.110886316072941,5.6288604736328125,311088.6316072941,results/gbm_deephedge/benchmark_6_2/runs/seed_0001__train_oracle__feat_b__obj_cvar_a0.95__sigtrue_0.2__sigbar_0.2__lam_0,results/gbm_deephedge,7b20a319d3c3f23a13931e5542fdbc962db5734c07499929388834ea79851ecb,76e694c21e709359f62f03a0ba5a97ba6db86a88,GBM_CFG=results/gbm_deephedge/benchmark_6_2/runs/seed_0001__train_oracle__feat_b__obj_cvar_a0.95__sigtrue_0.2__sigbar_0.2__lam_0/run_cfg.json python -m src.train_deephedge_gbm
train=oracle|feat=B|obj=cvar|sigtrue=0.2|sigbar=0.2|lam=0.0001|robust=none,seed_0001__train_oracle__feat_b__obj_cvar_a0.95__sigtrue_0.2__sigbar_0.2__lam_0.0001,2026-04-01T22:36:57Z,completed,main_benchmark,main,benchmark,True,bs_delta,oracle,deep_hedge_oracle,1,B,cvar,0.2,0.2,0.0001,,-0.0003457550512356064,0.009765310890550718,0.00039347085449792374,0.016651850641981856,0.022979239546433248,0.026875387348346394,0.03319762024678898,3.2321912725186763,6.401758893419643,323219.1272518676,results/gbm_deephedge/benchmark_6_2/runs/seed_0001__train_oracle__feat_b__obj_cvar_a0.95__sigtrue_0.2__sigbar_0.2__lam_0.0001,results/gbm_deephedge,cf3f8e1fd0ff7c2635c589c9936200866c1e9ef1cc2ee35b6068892c215f1cc2,76e694c21e709359f62f03a0ba5a97ba6db86a88,GBM_CFG=results/gbm_deephedge/benchmark_6_2/runs/seed_0001__train_oracle__feat_b__obj_cvar_a0.95__sigtrue_0.2__sigbar_0.2__lam_0.0001/run_cfg.json python -m src.train_deephedge_gbm
train=oracle|feat=B|obj=cvar|sigtrue=0.2|sigbar=0.2|lam=0.0001|robust=none,seed_0001__train_oracle__feat_b__obj_cvar_a0.95__sigtrue_0.2__sigbar_0.2__lam_0.0001,2026-04-01T22:36:57Z,completed,main_benchmark,main,benchmark,True,deep_hedge_oracle,oracle,deep_hedge_oracle,1,B,cvar,0.2,0.2,0.0001,,-0.00030018691904842854,0.011856317520141602,0.0003703311085700989,0.016962887719273567,0.021210776641964912,0.0236358642578125,0.02814660221338272,3.127731070047617,5.641838073730469,312773.1070047617,results/gbm_deephedge/benchmark_6_2/runs/seed_0001__train_oracle__feat_b__obj_cvar_a0.95__sigtrue_0.2__sigbar_0.2__lam_0.0001,results/gbm_deephedge,cf3f8e1fd0ff7c2635c589c9936200866c1e9ef1cc2ee35b6068892c215f1cc2,76e694c21e709359f62f03a0ba5a97ba6db86a88,GBM_CFG=results/gbm_deephedge/benchmark_6_2/runs/seed_0001__train_oracle__feat_b__obj_cvar_a0.95__sigtrue_0.2__sigbar_0.2__lam_0.0001/run_cfg.json python -m src.train_deephedge_gbm
train=oracle|feat=B|obj=cvar|sigtrue=0.2|sigbar=0.2|lam=0.0005|robust=none,seed_0001__train_oracle__feat_b__obj_cvar_a0.95__sigtrue_0.2__sigbar_0.2__lam_0.0005,2026-04-01T23:18:55Z,completed,main_benchmark,main,benchmark,True,bs_delta,oracle,deep_hedge_oracle,1,B,cvar,0.2,0.2,0.0005,,-0.0016664888582515866,0.009825515028894647,0.0017148043674239388,0.01829149318173175,0.024707567550339458,0.02867662430735373,0.03507315061457909,3.2321912725186763,6.401758893419643,323219.1272518676,results/gbm_deephedge/benchmark_6_2/runs/seed_0001__train_oracle__feat_b__obj_cvar_a0.95__sigtrue_0.2__sigbar_0.2__lam_0.0005,results/gbm_deephedge,7857415d08bff9b822ffc6e1c1bfd122b992b301c23df52db9bdcc14ae9600bc,76e694c21e709359f62f03a0ba5a97ba6db86a88,GBM_CFG=results/gbm_deephedge/benchmark_6_2/runs/seed_0001__train_oracle__feat_b__obj_cvar_a0.95__sigtrue_0.2__sigbar_0.2__lam_0.0005/run_cfg.json python -m src.train_deephedge_gbm
train=oracle|feat=B|obj=cvar|sigtrue=0.2|sigbar=0.2|lam=0.0005|robust=none,seed_0001__train_oracle__feat_b__obj_cvar_a0.95__sigtrue_0.2__sigbar_0.2__lam_0.0005,2026-04-01T23:18:55Z,completed,main_benchmark,main,benchmark,True,deep_hedge_oracle,oracle,deep_hedge_oracle,1,B,cvar,0.2,0.2,0.0005,,-0.0015421026619151235,0.011845823377370834,0.0016120970249176025,0.018262315541505814,0.022483954206109047,0.02492626942694187,0.02935498207807541,3.067641046746969,5.489678382873535,306764.1046746969,results/gbm_deephedge/benchmark_6_2/runs/seed_0001__train_oracle__feat_b__obj_cvar_a0.95__sigtrue_0.2__sigbar_0.2__lam_0.0005,results/gbm_deephedge,7857415d08bff9b822ffc6e1c1bfd122b992b301c23df52db9bdcc14ae9600bc,76e694c21e709359f62f03a0ba5a97ba6db86a88,GBM_CFG=results/gbm_deephedge/benchmark_6_2/runs/seed_0001__train_oracle__feat_b__obj_cvar_a0.95__sigtrue_0.2__sigbar_0.2__lam_0.0005/run_cfg.json python -m src.train_deephedge_gbm
train=oracle|feat=B|obj=cvar|sigtrue=0.2|sigbar=0.2|lam=0.001|robust=none,seed_0001__train_oracle__feat_b__obj_cvar_a0.95__sigtrue_0.2__sigbar_0.2__lam_0.001,2026-04-02T00:04:59Z,completed,main_benchmark,main,benchmark,True,bs_delta,oracle,deep_hedge_oracle,1,B,cvar,0.2,0.2,0.001,,-0.0033174060869981263,0.009923036285382419,0.003366697480715622,0.020313266553067918,0.026891510703977748,0.030947387959835492,0.0374376050399816,3.2321912725186763,6.401758893419643,323219.1272518676,results/gbm_deephedge/benchmark_6_2/runs/seed_0001__train_oracle__feat_b__obj_cvar_a0.95__sigtrue_0.2__sigbar_0.2__lam_0.001,results/gbm_deephedge,55c56142f0c05d9944ec3342e318f4f171d0c896ed263596a2a6c3e7642798b3,76e694c21e709359f62f03a0ba5a97ba6db86a88,GBM_CFG=results/gbm_deephedge/benchmark_6_2/runs/seed_0001__train_oracle__feat_b__obj_cvar_a0.95__sigtrue_0.2__sigbar_0.2__lam_0.001/run_cfg.json python -m src.train_deephedge_gbm
train=oracle|feat=B|obj=cvar|sigtrue=0.2|sigbar=0.2|lam=0.001|robust=none,seed_0001__train_oracle__feat_b__obj_cvar_a0.95__sigtrue_0.2__sigbar_0.2__lam_0.001,2026-04-02T00:04:59Z,completed,main_benchmark,main,benchmark,True,deep_hedge_oracle,oracle,deep_hedge_oracle,1,B,cvar,0.2,0.2,0.001,,-0.003094971878454089,0.011720274575054646,0.0031634196639060974,0.019665203988552094,0.0242465753108263,0.026940910145640373,0.03150809556245804,3.058831017384529,5.433572292327881,305883.1017384529,results/gbm_deephedge/benchmark_6_2/runs/seed_0001__train_oracle__feat_b__obj_cvar_a0.95__sigtrue_0.2__sigbar_0.2__lam_0.001,results/gbm_deephedge,55c56142f0c05d9944ec3342e318f4f171d0c896ed263596a2a6c3e7642798b3,76e694c21e709359f62f03a0ba5a97ba6db86a88,GBM_CFG=results/gbm_deephedge/benchmark_6_2/runs/seed_0001__train_oracle__feat_b__obj_cvar_a0.95__sigtrue_0.2__sigbar_0.2__lam_0.001/run_cfg.json python -m src.train_deephedge_gbm
train=oracle|feat=B|obj=cvar|sigtrue=0.2|sigbar=0.3|lam=0|robust=none,seed_0001__train_oracle__feat_b__obj_cvar_a0.95__sigtrue_0.2__sigbar_0.3__lam_0,2026-04-02T01:19:28Z,completed,main_benchmark,main,benchmark,True,bs_delta,oracle,deep_hedge_oracle,1,B,cvar,0.2,0.3,0.0,,5.1799962457206214e-05,0.015483865166211341,6.78859743586252e-05,0.02340030565561475,0.027412875504903216,0.029938378123439597,0.03259386334454676,2.816954254738815,4.85179148756946,281695.4254738815,results/gbm_deephedge/benchmark_6_2/runs/seed_0001__train_oracle__feat_b__obj_cvar_a0.95__sigtrue_0.2__sigbar_0.3__lam_0,results/gbm_deephedge,b6065988d04f7e62552e989011453caf4b02a8f4cea3a1a4cab10ea5850fd5bc,76e694c21e709359f62f03a0ba5a97ba6db86a88,GBM_CFG=results/gbm_deephedge/benchmark_6_2/runs/seed_0001__train_oracle__feat_b__obj_cvar_a0.95__sigtrue_0.2__sigbar_0.3__lam_0/run_cfg.json python -m src.train_deephedge_gbm
train=oracle|feat=B|obj=cvar|sigtrue=0.2|sigbar=0.3|lam=0|robust=none,seed_0001__train_oracle__feat_b__obj_cvar_a0.95__sigtrue_0.2__sigbar_0.3__lam_0,2026-04-02T01:19:28Z,completed,main_benchmark,main,benchmark,True,deep_hedge_oracle,oracle,deep_hedge_oracle,1,B,cvar,0.2,0.3,0.0,,2.180908268201165e-05,0.011833754368126392,4.813075065612793e-05,0.016587037593126297,0.02076824940741062,0.023177962750196457,0.02744935266673565,3.110886316072941,5.6288604736328125,311088.6316072941,results/gbm_deephedge/benchmark_6_2/runs/seed_0001__train_oracle__feat_b__obj_cvar_a0.95__sigtrue_0.2__sigbar_0.3__lam_0,results/gbm_deephedge,b6065988d04f7e62552e989011453caf4b02a8f4cea3a1a4cab10ea5850fd5bc,76e694c21e709359f62f03a0ba5a97ba6db86a88,GBM_CFG=results/gbm_deephedge/benchmark_6_2/runs/seed_0001__train_oracle__feat_b__obj_cvar_a0.95__sigtrue_0.2__sigbar_0.3__lam_0/run_cfg.json python -m src.train_deephedge_gbm
train=oracle|feat=B|obj=cvar|sigtrue=0.2|sigbar=0.3|lam=0.0001|robust=none,seed_0001__train_oracle__feat_b__obj_cvar_a0.95__sigtrue_0.2__sigbar_0.3__lam_0.0001,2026-04-02T01:19:53Z,completed,main_benchmark,main,benchmark,True,bs_delta,oracle,deep_hedge_oracle,1,B,cvar,0.2,0.3,0.0001,,-0.00023657720460000715,0.015452095086591407,0.0003557706932125204,0.023611261621591197,0.027620148799320565,0.030150578458247364,0.03279192180560045,2.816954254738815,4.85179148756946,281695.4254738815,results/gbm_deephedge/benchmark_6_2/runs/seed_0001__train_oracle__feat_b__obj_cvar_a0.95__sigtrue_0.2__sigbar_0.3__lam_0.0001,results/gbm_deephedge,db3266879a27742b4de3aa1e2c51a560cf8302297ee74d2dc9cb0f4cbb9fdec4,76e694c21e709359f62f03a0ba5a97ba6db86a88,GBM_CFG=results/gbm_deephedge/benchmark_6_2/runs/seed_0001__train_oracle__feat_b__obj_cvar_a0.95__sigtrue_0.2__sigbar_0.3__lam_0.0001/run_cfg.json python -m src.train_deephedge_gbm
train=oracle|feat=B|obj=cvar|sigtrue=0.2|sigbar=0.3|lam=0.0001|robust=none,seed_0001__train_oracle__feat_b__obj_cvar_a0.95__sigtrue_0.2__sigbar_0.3__lam_0.0001,2026-04-02T01:19:53Z,completed,main_benchmark,main,benchmark,True,deep_hedge_oracle,oracle,deep_hedge_oracle,1,B,cvar,0.2,0.3,0.0001,,-0.00030018691904842854,0.011856317520141602,0.0003703311085700989,0.016962887719273567,0.021210776641964912,0.0236358642578125,0.02814660221338272,3.127731070047617,5.641838073730469,312773.1070047617,results/gbm_deephedge/benchmark_6_2/runs/seed_0001__train_oracle__feat_b__obj_cvar_a0.95__sigtrue_0.2__sigbar_0.3__lam_0.0001,results/gbm_deephedge,db3266879a27742b4de3aa1e2c51a560cf8302297ee74d2dc9cb0f4cbb9fdec4,76e694c21e709359f62f03a0ba5a97ba6db86a88,GBM_CFG=results/gbm_deephedge/benchmark_6_2/runs/seed_0001__train_oracle__feat_b__obj_cvar_a0.95__sigtrue_0.2__sigbar_0.3__lam_0.0001/run_cfg.json python -m src.train_deephedge_gbm
train=oracle|feat=B|obj=cvar|sigtrue=0.2|sigbar=0.3|lam=0.0005|robust=none,seed_0001__train_oracle__feat_b__obj_cvar_a0.95__sigtrue_0.2__sigbar_0.3__lam_0.0005,2026-04-02T01:20:18Z,completed,main_benchmark,main,benchmark,True,bs_delta,oracle,deep_hedge_oracle,1,B,cvar,0.2,0.3,0.0005,,-0.0013900859777074583,0.015328268052074486,0.001507370000694827,0.024530403746231128,0.02846318386085379,0.030963842031564732,0.03361236361616017,2.816954254738815,4.85179148756946,281695.4254738815,results/gbm_deephedge/benchmark_6_2/runs/seed_0001__train_oracle__feat_b__obj_cvar_a0.95__sigtrue_0.2__sigbar_0.3__lam_0.0005,results/gbm_deephedge,728c27a68c132a823d178bc37d1f5379276a6df07e4791186f7bea5a74ec0f4a,76e694c21e709359f62f03a0ba5a97ba6db86a88,GBM_CFG=results/gbm_deephedge/benchmark_6_2/runs/seed_0001__train_oracle__feat_b__obj_cvar_a0.95__sigtrue_0.2__sigbar_0.3__lam_0.0005/run_cfg.json python -m src.train_deephedge_gbm
train=oracle|feat=B|obj=cvar|sigtrue=0.2|sigbar=0.3|lam=0.0005|robust=none,seed_0001__train_oracle__feat_b__obj_cvar_a0.95__sigtrue_0.2__sigbar_0.3__lam_0.0005,2026-04-02T01:20:18Z,completed,main_benchmark,main,benchmark,True,deep_hedge_oracle,oracle,deep_hedge_oracle,1,B,cvar,0.2,0.3,0.0005,,-0.0015421026619151235,0.011845823377370834,0.0016120970249176025,0.018262315541505814,0.022483954206109047,0.02492626942694187,0.02935498207807541,3.067641046746969,5.489678382873535,306764.1046746969,results/gbm_deephedge/benchmark_6_2/runs/seed_0001__train_oracle__feat_b__obj_cvar_a0.95__sigtrue_0.2__sigbar_0.3__lam_0.0005,results/gbm_deephedge,728c27a68c132a823d178bc37d1f5379276a6df07e4791186f7bea5a74ec0f4a,76e694c21e709359f62f03a0ba5a97ba6db86a88,GBM_CFG=results/gbm_deephedge/benchmark_6_2/runs/seed_0001__train_oracle__feat_b__obj_cvar_a0.95__sigtrue_0.2__sigbar_0.3__lam_0.0005/run_cfg.json python -m src.train_deephedge_gbm
train=oracle|feat=B|obj=cvar|sigtrue=0.2|sigbar=0.3|lam=0.001|robust=none,seed_0001__train_oracle__feat_b__obj_cvar_a0.95__sigtrue_0.2__sigbar_0.3__lam_0.001,2026-04-02T01:20:45Z,completed,main_benchmark,main,benchmark,True,bs_delta,oracle,deep_hedge_oracle,1,B,cvar,0.2,0.3,0.001,,-0.0028319719178721233,0.015180951875241808,0.0029470048346761646,0.02564588010483448,0.02955005922027018,0.031984438759299495,0.03469096155053579,2.816954254738815,4.85179148756946,281695.4254738815,results/gbm_deephedge/benchmark_6_2/runs/seed_0001__train_oracle__feat_b__obj_cvar_a0.95__sigtrue_0.2__sigbar_0.3__lam_0.001,results/gbm_deephedge,91471104d215a0af979660fa78f49c395270cf1728ea2713f15a942025bed5d0,76e694c21e709359f62f03a0ba5a97ba6db86a88,GBM_CFG=results/gbm_deephedge/benchmark_6_2/runs/seed_0001__train_oracle__feat_b__obj_cvar_a0.95__sigtrue_0.2__sigbar_0.3__lam_0.001/run_cfg.json python -m src.train_deephedge_gbm
train=oracle|feat=B|obj=cvar|sigtrue=0.2|sigbar=0.3|lam=0.001|robust=none,seed_0001__train_oracle__feat_b__obj_cvar_a0.95__sigtrue_0.2__sigbar_0.3__lam_0.001,2026-04-02T01:20:45Z,completed,main_benchmark,main,benchmark,True,deep_hedge_oracle,oracle,deep_hedge_oracle,1,B,cvar,0.2,0.3,0.001,,-0.003094971878454089,0.011720274575054646,0.0031634196639060974,0.019665203988552094,0.0242465753108263,0.026940910145640373,0.03150809556245804,3.058831017384529,5.433572292327881,305883.1017384529,results/gbm_deephedge/benchmark_6_2/runs/seed_0001__train_oracle__feat_b__obj_cvar_a0.95__sigtrue_0.2__sigbar_0.3__lam_0.001,results/gbm_deephedge,91471104d215a0af979660fa78f49c395270cf1728ea2713f15a942025bed5d0,76e694c21e709359f62f03a0ba5a97ba6db86a88,GBM_CFG=results/gbm_deephedge/benchmark_6_2/runs/seed_0001__train_oracle__feat_b__obj_cvar_a0.95__sigtrue_0.2__sigbar_0.3__lam_0.001/run_cfg.json python -m src.train_deephedge_gbm
"train=robust|feat=B|obj=cvar|sigtrue=0.2|sigbar=0.15|lam=0|robust=0.15,0.2,0.25",seed_0001__train_robust_s0.15-0.2-0.25__feat_b__obj_cvar_a0.95__sigtrue_0.2__sigbar_0.15__lam_0,2026-04-02T01:19:34Z,completed,main_benchmark,main,benchmark,True,bs_delta,robust,deep_hedge_robust,1,B,cvar,0.2,0.15,0.0,0.15|0.2|0.25,-5.353672195600585e-05,0.013050470652247589,0.00013909093860413335,0.02494953122509732,0.03418849450336968,0.040019223945192084,0.048240720096780765,3.5344967411937764,7.69186703830528,353449.6741193776,results/gbm_deephedge/benchmark_6_2/runs/seed_0001__train_robust_s0.15-0.2-0.25__feat_b__obj_cvar_a0.95__sigtrue_0.2__sigbar_0.15__lam_0,results/gbm_deephedge,dcdb7b380196626f4d1acf998be5eb5237d0fc00baa23e14c878ec4d13c93159,76e694c21e709359f62f03a0ba5a97ba6db86a88,GBM_CFG=results/gbm_deephedge/benchmark_6_2/runs/seed_0001__train_robust_s0.15-0.2-0.25__feat_b__obj_cvar_a0.95__sigtrue_0.2__sigbar_0.15__lam_0/run_cfg.json python -m src.train_deephedge_gbm
"train=robust|feat=B|obj=cvar|sigtrue=0.2|sigbar=0.15|lam=0|robust=0.15,0.2,0.25",seed_0001__train_robust_s0.15-0.2-0.25__feat_b__obj_cvar_a0.95__sigtrue_0.2__sigbar_0.15__lam_0,2026-04-02T01:19:34Z,completed,main_benchmark,main,benchmark,True,deep_hedge_robust,robust,deep_hedge_robust,1,B,cvar,0.2,0.15,0.0,0.15|0.2|0.25,4.330976662458852e-05,0.014627198688685894,6.335228681564331e-05,0.020967306569218636,0.024585483595728874,0.026654014363884926,0.029870420694351196,2.9711294669651984,5.178403854370117,297112.94669651985,results/gbm_deephedge/benchmark_6_2/runs/seed_0001__train_robust_s0.15-0.2-0.25__feat_b__obj_cvar_a0.95__sigtrue_0.2__sigbar_0.15__lam_0,results/gbm_deephedge,dcdb7b380196626f4d1acf998be5eb5237d0fc00baa23e14c878ec4d13c93159,76e694c21e709359f62f03a0ba5a97ba6db86a88,GBM_CFG=results/gbm_deephedge/benchmark_6_2/runs/seed_0001__train_robust_s0.15-0.2-0.25__feat_b__obj_cvar_a0.95__sigtrue_0.2__sigbar_0.15__lam_0/run_cfg.json python -m src.train_deephedge_gbm
"train=robust|feat=B|obj=cvar|sigtrue=0.2|sigbar=0.15|lam=0.0001|robust=0.15,0.2,0.25",seed_0001__train_robust_s0.15-0.2-0.25__feat_b__obj_cvar_a0.95__sigtrue_0.2__sigbar_0.15__lam_0.0001,2026-04-02T01:19:59Z,completed,main_benchmark,main,benchmark,True,bs_delta,robust,deep_hedge_robust,1,B,cvar,0.2,0.15,0.0001,0.15|0.2|0.25,-0.0004141277291103266,0.013128620819944252,0.0005007106474111678,0.025469145056635452,0.034722619718066956,0.040612256717161406,0.048811433254143624,3.5344967411937764,7.69186703830528,353449.6741193776,results/gbm_deephedge/benchmark_6_2/runs/seed_0001__train_robust_s0.15-0.2-0.25__feat_b__obj_cvar_a0.95__sigtrue_0.2__sigbar_0.15__lam_0.0001,results/gbm_deephedge,b67eba9728e9fd42075acf23db4d077533e48b444dfb7b1cfc3038896305afa3,76e694c21e709359f62f03a0ba5a97ba6db86a88,GBM_CFG=results/gbm_deephedge/benchmark_6_2/runs/seed_0001__train_robust_s0.15-0.2-0.25__feat_b__obj_cvar_a0.95__sigtrue_0.2__sigbar_0.15__lam_0.0001/run_cfg.json python -m src.train_deephedge_gbm
"train=robust|feat=B|obj=cvar|sigtrue=0.2|sigbar=0.15|lam=0.0001|robust=0.15,0.2,0.25",seed_0001__train_robust_s0.15-0.2-0.25__feat_b__obj_cvar_a0.95__sigtrue_0.2__sigbar_0.15__lam_0.0001,2026-04-02T01:19:59Z,completed,main_benchmark,main,benchmark,True,deep_hedge_robust,robust,deep_hedge_robust,1,B,cvar,0.2,0.15,0.0001,0.15|0.2|0.25,-0.0002590085205156356,0.014590444043278694,0.00036516785621643066,0.02094688080251217,0.024404477328062057,0.026400992646813393,0.029449576511979103,2.9772254238569738,5.148487567901611,297722.54238569736,results/gbm_deephedge/benchmark_6_2/runs/seed_0001__train_robust_s0.15-0.2-0.25__feat_b__obj_cvar_a0.95__sigtrue_0.2__sigbar_0.15__lam_0.0001,results/gbm_deephedge,b67eba9728e9fd42075acf23db4d077533e48b444dfb7b1cfc3038896305afa3,76e694c21e709359f62f03a0ba5a97ba6db86a88,GBM_CFG=results/gbm_deephedge/benchmark_6_2/runs/seed_0001__train_robust_s0.15-0.2-0.25__feat_b__obj_cvar_a0.95__sigtrue_0.2__sigbar_0.15__lam_0.0001/run_cfg.json python -m src.train_deephedge_gbm
"train=robust|feat=B|obj=cvar|sigtrue=0.2|sigbar=0.15|lam=0.0005|robust=0.15,0.2,0.25",seed_0001__train_robust_s0.15-0.2-0.25__feat_b__obj_cvar_a0.95__sigtrue_0.2__sigbar_0.15__lam_0.0005,2026-04-02T01:20:25Z,completed,main_benchmark,main,benchmark,True,bs_delta,robust,deep_hedge_robust,1,B,cvar,0.2,0.15,0.0005,0.15|0.2|0.25,-0.001856491888885052,0.013447754085762108,0.0019473388700902428,0.027477888420198285,0.03686397954253785,0.042813303048737004,0.05110156516708027,3.5344967411937764,7.69186703830528,353449.6741193776,results/gbm_deephedge/benchmark_6_2/runs/seed_0001__train_robust_s0.15-0.2-0.25__feat_b__obj_cvar_a0.95__sigtrue_0.2__sigbar_0.15__lam_0.0005,results/gbm_deephedge,81a136b2395cdaa0d4ef35cc89d471465d1be9179a1e3c55085afa7ba03e83ea,76e694c21e709359f62f03a0ba5a97ba6db86a88,GBM_CFG=results/gbm_deephedge/benchmark_6_2/runs/seed_0001__train_robust_s0.15-0.2-0.25__feat_b__obj_cvar_a0.95__sigtrue_0.2__sigbar_0.15__lam_0.0005/run_cfg.json python -m src.train_deephedge_gbm
"train=robust|feat=B|obj=cvar|sigtrue=0.2|sigbar=0.15|lam=0.0005|robust=0.15,0.2,0.25",seed_0001__train_robust_s0.15-0.2-0.25__feat_b__obj_cvar_a0.95__sigtrue_0.2__sigbar_0.15__lam_0.0005,2026-04-02T01:20:25Z,completed,main_benchmark,main,benchmark,True,deep_hedge_robust,robust,deep_hedge_robust,1,B,cvar,0.2,0.15,0.0005,0.15|0.2|0.25,-0.0014472418697550893,0.014459391124546528,0.0015515461564064026,0.02201448380947113,0.025511575862765312,0.027511222288012505,0.030483776703476906,2.924842182159424,4.966578483581543,292484.2182159424,results/gbm_deephedge/benchmark_6_2/runs/seed_0001__train_robust_s0.15-0.2-0.25__feat_b__obj_cvar_a0.95__sigtrue_0.2__sigbar_0.15__lam_0.0005,results/gbm_deephedge,81a136b2395cdaa0d4ef35cc89d471465d1be9179a1e3c55085afa7ba03e83ea,76e694c21e709359f62f03a0ba5a97ba6db86a88,GBM_CFG=results/gbm_deephedge/benchmark_6_2/runs/seed_0001__train_robust_s0.15-0.2-0.25__feat_b__obj_cvar_a0.95__sigtrue_0.2__sigbar_0.15__lam_0.0005/run_cfg.json python -m src.train_deephedge_gbm
"train=robust|feat=B|obj=cvar|sigtrue=0.2|sigbar=0.15|lam=0.001|robust=0.15,0.2,0.25",seed_0001__train_robust_s0.15-0.2-0.25__feat_b__obj_cvar_a0.95__sigtrue_0.2__sigbar_0.15__lam_0.001,2026-04-02T01:20:51Z,completed,main_benchmark,main,benchmark,True,bs_delta,robust,deep_hedge_robust,1,B,cvar,0.2,0.15,0.001,0.15|0.2|0.25,-0.0036594470558140983,0.013860515978474644,0.0037559599387172182,0.03004497178068663,0.0395526582644163,0.045527290556702904,0.05397602743535134,3.5344967411937764,7.69186703830528,353449.6741193776,results/gbm_deephedge/benchmark_6_2/runs/seed_0001__train_robust_s0.15-0.2-0.25__feat_b__obj_cvar_a0.95__sigtrue_0.2__sigbar_0.15__lam_0.001,results/gbm_deephedge,0ec8741174fcca679d2dfbc61f57f5b23ad30823f495323098d8ac63d8f85f4e,76e694c21e709359f62f03a0ba5a97ba6db86a88,GBM_CFG=results/gbm_deephedge/benchmark_6_2/runs/seed_0001__train_robust_s0.15-0.2-0.25__feat_b__obj_cvar_a0.95__sigtrue_0.2__sigbar_0.15__lam_0.001/run_cfg.json python -m src.train_deephedge_gbm
"train=robust|feat=B|obj=cvar|sigtrue=0.2|sigbar=0.15|lam=0.001|robust=0.15,0.2,0.25",seed_0001__train_robust_s0.15-0.2-0.25__feat_b__obj_cvar_a0.95__sigtrue_0.2__sigbar_0.15__lam_0.001,2026-04-02T01:20:51Z,completed,main_benchmark,main,benchmark,True,deep_hedge_robust,robust,deep_hedge_robust,1,B,cvar,0.2,0.15,0.001,0.15|0.2|0.25,-0.0029299077577888966,0.01444312185049057,0.003033943474292755,0.022935595363378525,0.02661968395113945,0.02875247225165367,0.032153792679309845,2.9272468152952196,5.0055413246154785,292724.68152952194,results/gbm_deephedge/benchmark_6_2/runs/seed_0001__train_robust_s0.15-0.2-0.25__feat_b__obj_cvar_a0.95__sigtrue_0.2__sigbar_0.15__lam_0.001,results/gbm_deephedge,0ec8741174fcca679d2dfbc61f57f5b23ad30823f495323098d8ac63d8f85f4e,76e694c21e709359f62f03a0ba5a97ba6db86a88,GBM_CFG=results/gbm_deephedge/benchmark_6_2/runs/seed_0001__train_robust_s0.15-0.2-0.25__feat_b__obj_cvar_a0.95__sigtrue_0.2__sigbar_0.15__lam_0.001/run_cfg.json python -m src.train_deephedge_gbm
"train=robust|feat=B|obj=cvar|sigtrue=0.2|sigbar=0.1|lam=0|robust=0.15,0.2,0.25",seed_0001__train_robust_s0.15-0.2-0.25__feat_b__obj_cvar_a0.95__sigtrue_0.2__sigbar_0.1__lam_0,2026-04-02T01:19:31Z,completed,main_benchmark,main,benchmark,True,bs_delta,robust,deep_hedge_robust,1,B,cvar,0.2,0.1,0.0,0.15|0.2|0.25,-8.487293518857314e-05,0.02247638739028798,0.0003390041680479128,0.04203701200202521,0.055288718357535266,0.06332107451040597,0.07470519232386724,3.94099420856181,9.929297680598873,394099.420856181,results/gbm_deephedge/benchmark_6_2/runs/seed_0001__train_robust_s0.15-0.2-0.25__feat_b__obj_cvar_a0.95__sigtrue_0.2__sigbar_0.1__lam_0,results/gbm_deephedge,ba5c36aa947865b8a4ee53728ca6b32b4dc407c2784bafcd1efeb2fa9c3c5ee4,76e694c21e709359f62f03a0ba5a97ba6db86a88,GBM_CFG=results/gbm_deephedge/benchmark_6_2/runs/seed_0001__train_robust_s0.15-0.2-0.25__feat_b__obj_cvar_a0.95__sigtrue_0.2__sigbar_0.1__lam_0/run_cfg.json python -m src.train_deephedge_gbm
"train=robust|feat=B|obj=cvar|sigtrue=0.2|sigbar=0.1|lam=0|robust=0.15,0.2,0.25",seed_0001__train_robust_s0.15-0.2-0.25__feat_b__obj_cvar_a0.95__sigtrue_0.2__sigbar_0.1__lam_0,2026-04-02T01:19:31Z,completed,main_benchmark,main,benchmark,True,deep_hedge_robust,robust,deep_hedge_robust,1,B,cvar,0.2,0.1,0.0,0.15|0.2|0.25,4.330976662458852e-05,0.014627198688685894,6.335228681564331e-05,0.020967306569218636,0.024585483595728874,0.026654014363884926,0.029870420694351196,2.9711294669651984,5.178403854370117,297112.94669651985,results/gbm_deephedge/benchmark_6_2/runs/seed_0001__train_robust_s0.15-0.2-0.25__feat_b__obj_cvar_a0.95__sigtrue_0.2__sigbar_0.1__lam_0,results/gbm_deephedge,ba5c36aa947865b8a4ee53728ca6b32b4dc407c2784bafcd1efeb2fa9c3c5ee4,76e694c21e709359f62f03a0ba5a97ba6db86a88,GBM_CFG=results/gbm_deephedge/benchmark_6_2/runs/seed_0001__train_robust_s0.15-0.2-0.25__feat_b__obj_cvar_a0.95__sigtrue_0.2__sigbar_0.1__lam_0/run_cfg.json python -m src.train_deephedge_gbm
"train=robust|feat=B|obj=cvar|sigtrue=0.2|sigbar=0.1|lam=0.0001|robust=0.15,0.2,0.25",seed_0001__train_robust_s0.15-0.2-0.25__feat_b__obj_cvar_a0.95__sigtrue_0.2__sigbar_0.1__lam_0.0001,2026-04-02T01:19:56Z,completed,main_benchmark,main,benchmark,True,bs_delta,robust,deep_hedge_robust,1,B,cvar,0.2,0.1,0.0001,0.15|0.2|0.25,-0.0004863349255123716,0.022610196512981198,0.0007435024881928265,0.04269733172288811,0.05596145118326882,0.06405825795450835,0.07543087539365198,3.94099420856181,9.929297680598873,394099.420856181,results/gbm_deephedge/benchmark_6_2/runs/seed_0001__train_robust_s0.15-0.2-0.25__feat_b__obj_cvar_a0.95__sigtrue_0.2__sigbar_0.1__lam_0.0001,results/gbm_deephedge,7f34a4b0ba8c09f4020b15c7e3250045696bf0981b21e960997db71849f7e4c8,76e694c21e709359f62f03a0ba5a97ba6db86a88,GBM_CFG=results/gbm_deephedge/benchmark_6_2/runs/seed_0001__train_robust_s0.15-0.2-0.25__feat_b__obj_cvar_a0.95__sigtrue_0.2__sigbar_0.1__lam_0.0001/run_cfg.json python -m src.train_deephedge_gbm
"train=robust|feat=B|obj=cvar|sigtrue=0.2|sigbar=0.1|lam=0.0001|robust=0.15,0.2,0.25",seed_0001__train_robust_s0.15-0.2-0.25__feat_b__obj_cvar_a0.95__sigtrue_0.2__sigbar_0.1__lam_0.0001,2026-04-02T01:19:56Z,completed,main_benchmark,main,benchmark,True,deep_hedge_robust,robust,deep_hedge_robust,1,B,cvar,0.2,0.1,0.0001,0.15|0.2|0.25,-0.0002590085205156356,0.014590444043278694,0.00036516785621643066,0.02094688080251217,0.024404477328062057,0.026400992646813393,0.029449576511979103,2.9772254238569738,5.148487567901611,297722.54238569736,results/gbm_deephedge/benchmark_6_2/runs/seed_0001__train_robust_s0.15-0.2-0.25__feat_b__obj_cvar_a0.95__sigtrue_0.2__sigbar_0.1__lam_0.0001,results/gbm_deephedge,7f34a4b0ba8c09f4020b15c7e3250045696bf0981b21e960997db71849f7e4c8,76e694c21e709359f62f03a0ba5a97ba6db86a88,GBM_CFG=results/gbm_deephedge/benchmark_6_2/runs/seed_0001__train_robust_s0.15-0.2-0.25__feat_b__obj_cvar_a0.95__sigtrue_0.2__sigbar_0.1__lam_0.0001/run_cfg.json python -m src.train_deephedge_gbm
"train=robust|feat=B|obj=cvar|sigtrue=0.2|sigbar=0.1|lam=0.0005|robust=0.15,0.2,0.25",seed_0001__train_robust_s0.15-0.2-0.25__feat_b__obj_cvar_a0.95__sigtrue_0.2__sigbar_0.1__lam_0.0005,2026-04-02T01:20:22Z,completed,main_benchmark,main,benchmark,True,bs_delta,robust,deep_hedge_robust,1,B,cvar,0.2,0.1,0.0005,0.15|0.2|0.25,-0.0020921830328276478,0.023148523623333937,0.0023617482164207115,0.04525552588927923,0.05865610315741208,0.06677726224596603,0.07833960662261992,3.94099420856181,9.929297680598873,394099.420856181,results/gbm_deephedge/benchmark_6_2/runs/seed_0001__train_robust_s0.15-0.2-0.25__feat_b__obj_cvar_a0.95__sigtrue_0.2__sigbar_0.1__lam_0.0005,results/gbm_deephedge,6b9ad338a9f258a1d81081c10629d9a9dfd5424524f5fe31627c1fada630b447,76e694c21e709359f62f03a0ba5a97ba6db86a88,GBM_CFG=results/gbm_deephedge/benchmark_6_2/runs/seed_0001__train_robust_s0.15-0.2-0.25__feat_b__obj_cvar_a0.95__sigtrue_0.2__sigbar_0.1__lam_0.0005/run_cfg.json python -m src.train_deephedge_gbm
"train=robust|feat=B|obj=cvar|sigtrue=0.2|sigbar=0.1|lam=0.0005|robust=0.15,0.2,0.25",seed_0001__train_robust_s0.15-0.2-0.25__feat_b__obj_cvar_a0.95__sigtrue_0.2__sigbar_0.1__lam_0.0005,2026-04-02T01:20:22Z,completed,main_benchmark,main,benchmark,True,deep_hedge_robust,robust,deep_hedge_robust,1,B,cvar,0.2,0.1,0.0005,0.15|0.2|0.25,-0.0014472418697550893,0.014459391124546528,0.0015515461564064026,0.02201448380947113,0.025511575862765312,0.027511222288012505,0.030483776703476906,2.924842182159424,4.966578483581543,292484.2182159424,results/gbm_deephedge/benchmark_6_2/runs/seed_0001__train_robust_s0.15-0.2-0.25__feat_b__obj_cvar_a0.95__sigtrue_0.2__sigbar_0.1__lam_0.0005,results/gbm_deephedge,6b9ad338a9f258a1d81081c10629d9a9dfd5424524f5fe31627c1fada630b447,76e694c21e709359f62f03a0ba5a97ba6db86a88,GBM_CFG=results/gbm_deephedge/benchmark_6_2/runs/seed_0001__train_robust_s0.15-0.2-0.25__feat_b__obj_cvar_a0.95__sigtrue_0.2__sigbar_0.1__lam_0.0005/run_cfg.json python -m src.train_deephedge_gbm
"train=robust|feat=B|obj=cvar|sigtrue=0.2|sigbar=0.1|lam=0.001|robust=0.15,0.2,0.25",seed_0001__train_robust_s0.15-0.2-0.25__feat_b__obj_cvar_a0.95__sigtrue_0.2__sigbar_0.1__lam_0.001,2026-04-02T01:20:48Z,completed,main_benchmark,main,benchmark,True,bs_delta,robust,deep_hedge_robust,1,B,cvar,0.2,0.1,0.001,0.15|0.2|0.25,-0.0040994931304667226,0.023827992631437644,0.0043851230762007865,0.04836461974601061,0.06203389648802024,0.07031814739155763,0.08198395421487402,3.94099420856181,9.929297680598873,394099.420856181,results/gbm_deephedge/benchmark_6_2/runs/seed_0001__train_robust_s0.15-0.2-0.25__feat_b__obj_cvar_a0.95__sigtrue_0.2__sigbar_0.1__lam_0.001,results/gbm_deephedge,ed8bed1a81946a6417ca0946cedabb3e1f66b1f54b3093200d1634902ac4ad98,76e694c21e709359f62f03a0ba5a97ba6db86a88,GBM_CFG=results/gbm_deephedge/benchmark_6_2/runs/seed_0001__train_robust_s0.15-0.2-0.25__feat_b__obj_cvar_a0.95__sigtrue_0.2__sigbar_0.1__lam_0.001/run_cfg.json python -m src.train_deephedge_gbm
"train=robust|feat=B|obj=cvar|sigtrue=0.2|sigbar=0.1|lam=0.001|robust=0.15,0.2,0.25",seed_0001__train_robust_s0.15-0.2-0.25__feat_b__obj_cvar_a0.95__sigtrue_0.2__sigbar_0.1__lam_0.001,2026-04-02T01:20:48Z,completed,main_benchmark,main,benchmark,True,deep_hedge_robust,robust,deep_hedge_robust,1,B,cvar,0.2,0.1,0.001,0.15|0.2|0.25,-0.0029299077577888966,0.01444312185049057,0.003033943474292755,0.022935595363378525,0.02661968395113945,0.02875247225165367,0.032153792679309845,2.9272468152952196,5.0055413246154785,292724.68152952194,results/gbm_deephedge/benchmark_6_2/runs/seed_0001__train_robust_s0.15-0.2-0.25__feat_b__obj_cvar_a0.95__sigtrue_0.2__sigbar_0.1__lam_0.001,results/gbm_deephedge,ed8bed1a81946a6417ca0946cedabb3e1f66b1f54b3093200d1634902ac4ad98,76e694c21e709359f62f03a0ba5a97ba6db86a88,GBM_CFG=results/gbm_deephedge/benchmark_6_2/runs/seed_0001__train_robust_s0.15-0.2-0.25__feat_b__obj_cvar_a0.95__sigtrue_0.2__sigbar_0.1__lam_0.001/run_cfg.json python -m src.train_deephedge_gbm
"train=robust|feat=B|obj=cvar|sigtrue=0.2|sigbar=0.25|lam=0|robust=0.15,0.2,0.25",seed_0001__train_robust_s0.15-0.2-0.25__feat_b__obj_cvar_a0.95__sigtrue_0.2__sigbar_0.25__lam_0,2026-04-02T01:19:38Z,completed,main_benchmark,main,benchmark,True,bs_delta,robust,deep_hedge_robust,1,B,cvar,0.2,0.25,0.0,0.15|0.2|0.25,1.9829315288641714e-05,0.011815736536004913,4.983743470922397e-05,0.016876954988501332,0.02049917471117345,0.022445979221992884,0.026317803087644975,2.999992654492741,5.503458003523291,299999.2654492741,results/gbm_deephedge/benchmark_6_2/runs/seed_0001__train_robust_s0.15-0.2-0.25__feat_b__obj_cvar_a0.95__sigtrue_0.2__sigbar_0.25__lam_0,results/gbm_deephedge,d3130231de11fc4126893cf152f0a0e461219b2e19f3c509479e30f05b4943b2,76e694c21e709359f62f03a0ba5a97ba6db86a88,GBM_CFG=results/gbm_deephedge/benchmark_6_2/runs/seed_0001__train_robust_s0.15-0.2-0.25__feat_b__obj_cvar_a0.95__sigtrue_0.2__sigbar_0.25__lam_0/run_cfg.json python -m src.train_deephedge_gbm
"train=robust|feat=B|obj=cvar|sigtrue=0.2|sigbar=0.25|lam=0|robust=0.15,0.2,0.25",seed_0001__train_robust_s0.15-0.2-0.25__feat_b__obj_cvar_a0.95__sigtrue_0.2__sigbar_0.25__lam_0,2026-04-02T01:19:38Z,completed,main_benchmark,main,benchmark,True,deep_hedge_robust,robust,deep_hedge_robust,1,B,cvar,0.2,0.25,0.0,0.15|0.2|0.25,4.330976662458852e-05,0.014627198688685894,6.335228681564331e-05,0.020967306569218636,0.024585483595728874,0.026654014363884926,0.029870420694351196,2.9711294669651984,5.178403854370117,297112.94669651985,results/gbm_deephedge/benchmark_6_2/runs/seed_0001__train_robust_s0.15-0.2-0.25__feat_b__obj_cvar_a0.95__sigtrue_0.2__sigbar_0.25__lam_0,results/gbm_deephedge,d3130231de11fc4126893cf152f0a0e461219b2e19f3c509479e30f05b4943b2,76e694c21e709359f62f03a0ba5a97ba6db86a88,GBM_CFG=results/gbm_deephedge/benchmark_6_2/runs/seed_0001__train_robust_s0.15-0.2-0.25__feat_b__obj_cvar_a0.95__sigtrue_0.2__sigbar_0.25__lam_0/run_cfg.json python -m src.train_deephedge_gbm
"train=robust|feat=B|obj=cvar|sigtrue=0.2|sigbar=0.25|lam=0.0001|robust=0.15,0.2,0.25",seed_0001__train_robust_s0.15-0.2-0.25__feat_b__obj_cvar_a0.95__sigtrue_0.2__sigbar_0.25__lam_0.0001,2026-04-02T01:20:03Z,completed,main_benchmark,main,benchmark,True,bs_delta,robust,deep_hedge_robust,1,B,cvar,0.2,0.25,0.0001,0.15|0.2|0.25,-0.0002869849546095396,0.01179060110846698,0.0003563557096314396,0.017142853376517,0.020782318420461257,0.022754194141214712,0.026651836209305172,2.999992654492741,5.503458003523291,299999.2654492741,results/gbm_deephedge/benchmark_6_2/runs/seed_0001__train_robust_s0.15-0.2-0.25__feat_b__obj_cvar_a0.95__sigtrue_0.2__sigbar_0.25__lam_0.0001,results/gbm_deephedge,56bbcb0fd09590c4cc98fb0699fde5f3e14dc9c56ecd198597644f42d2ba7a01,76e694c21e709359f62f03a0ba5a97ba6db86a88,GBM_CFG=results/gbm_deephedge/benchmark_6_2/runs/seed_0001__train_robust_s0.15-0.2-0.25__feat_b__obj_cvar_a0.95__sigtrue_0.2__sigbar_0.25__lam_0.0001/run_cfg.json python -m src.train_deephedge_gbm
"train=robust|feat=B|obj=cvar|sigtrue=0.2|sigbar=0.25|lam=0.0001|robust=0.15,0.2,0.25",seed_0001__train_robust_s0.15-0.2-0.25__feat_b__obj_cvar_a0.95__sigtrue_0.2__sigbar_0.25__lam_0.0001,2026-04-02T01:20:03Z,completed,main_benchmark,main,benchmark,True,deep_hedge_robust,robust,deep_hedge_robust,1,B,cvar,0.2,0.25,0.0001,0.15|0.2|0.25,-0.0002590085205156356,0.014590444043278694,0.00036516785621643066,0.02094688080251217,0.024404477328062057,0.026400992646813393,0.029449576511979103,2.9772254238569738,5.148487567901611,297722.54238569736,results/gbm_deephedge/benchmark_6_2/runs/seed_0001__train_robust_s0.15-0.2-0.25__feat_b__obj_cvar_a0.95__sigtrue_0.2__sigbar_0.25__lam_0.0001,results/gbm_deephedge,56bbcb0fd09590c4cc98fb0699fde5f3e14dc9c56ecd198597644f42d2ba7a01,76e694c21e709359f62f03a0ba5a97ba6db86a88,GBM_CFG=results/gbm_deephedge/benchmark_6_2/runs/seed_0001__train_robust_s0.15-0.2-0.25__feat_b__obj_cvar_a0.95__sigtrue_0.2__sigbar_0.25__lam_0.0001/run_cfg.json python -m src.train_deephedge_gbm
"train=robust|feat=B|obj=cvar|sigtrue=0.2|sigbar=0.25|lam=0.0005|robust=0.15,0.2,0.25",seed_0001__train_robust_s0.15-0.2-0.25__feat_b__obj_cvar_a0.95__sigtrue_0.2__sigbar_0.25__lam_0.0005,2026-04-02T01:20:29Z,completed,main_benchmark,main,benchmark,True,bs_delta,robust,deep_hedge_robust,1,B,cvar,0.2,0.25,0.0005,0.15|0.2|0.25,-0.0015142421457910353,0.011695909012639793,0.0015825039161731502,0.01823737078899148,0.021942421661827742,0.023978436041758096,0.028016194503616202,2.999992654492741,5.503458003523291,299999.2654492741,results/gbm_deephedge/benchmark_6_2/runs/seed_0001__train_robust_s0.15-0.2-0.25__feat_b__obj_cvar_a0.95__sigtrue_0.2__sigbar_0.25__lam_0.0005,results/gbm_deephedge,5f51afedd1e923359a6e78937b49e112c4f07d96754a4ffdf72ab7af164c15b0,76e694c21e709359f62f03a0ba5a97ba6db86a88,GBM_CFG=results/gbm_deephedge/benchmark_6_2/runs/seed_0001__train_robust_s0.15-0.2-0.25__feat_b__obj_cvar_a0.95__sigtrue_0.2__sigbar_0.25__lam_0.0005/run_cfg.json python -m src.train_deephedge_gbm
"train=robust|feat=B|obj=cvar|sigtrue=0.2|sigbar=0.25|lam=0.0005|robust=0.15,0.2,0.25",seed_0001__train_robust_s0.15-0.2-0.25__feat_b__obj_cvar_a0.95__sigtrue_0.2__sigbar_0.25__lam_0.0005,2026-04-02T01:20:29Z,completed,main_benchmark,main,benchmark,True,deep_hedge_robust,robust,deep_hedge_robust,1,B,cvar,0.2,0.25,0.0005,0.15|0.2|0.25,-0.0014472418697550893,0.014459391124546528,0.0015515461564064026,0.02201448380947113,0.025511575862765312,0.027511222288012505,0.030483776703476906,2.924842182159424,4.966578483581543,292484.2182159424,results/gbm_deephedge/benchmark_6_2/runs/seed_0001__train_robust_s0.15-0.2-0.25__feat_b__obj_cvar_a0.95__sigtrue_0.2__sigbar_0.25__lam_0.0005,results/gbm_deephedge,5f51afedd1e923359a6e78937b49e112c4f07d96754a4ffdf72ab7af164c15b0,76e694c21e709359f62f03a0ba5a97ba6db86a88,GBM_CFG=results/gbm_deephedge/benchmark_6_2/runs/seed_0001__train_robust_s0.15-0.2-0.25__feat_b__obj_cvar_a0.95__sigtrue_0.2__sigbar_0.25__lam_0.0005/run_cfg.json python -m src.train_deephedge_gbm
"train=robust|feat=B|obj=cvar|sigtrue=0.2|sigbar=0.25|lam=0.001|robust=0.15,0.2,0.25",seed_0001__train_robust_s0.15-0.2-0.25__feat_b__obj_cvar_a0.95__sigtrue_0.2__sigbar_0.25__lam_0.001,2026-04-02T01:20:55Z,completed,main_benchmark,main,benchmark,True,bs_delta,robust,deep_hedge_robust,1,B,cvar,0.2,0.25,0.001,0.15|0.2|0.25,-0.003048313606870712,0.011590967717783368,0.0031153578728968234,0.019632696810051534,0.023454005319963427,0.02553105315708647,0.029790192120609384,2.999992654492741,5.503458003523291,299999.2654492741,results/gbm_deephedge/benchmark_6_2/runs/seed_0001__train_robust_s0.15-0.2-0.25__feat_b__obj_cvar_a0.95__sigtrue_0.2__sigbar_0.25__lam_0.001,results/gbm_deephedge,571bc1a5a700679219eafce22d851491c380431f112c76aefab62073c92ada85,76e694c21e709359f62f03a0ba5a97ba6db86a88,GBM_CFG=results/gbm_deephedge/benchmark_6_2/runs/seed_0001__train_robust_s0.15-0.2-0.25__feat_b__obj_cvar_a0.95__sigtrue_0.2__sigbar_0.25__lam_0.001/run_cfg.json python -m src.train_deephedge_gbm
"train=robust|feat=B|obj=cvar|sigtrue=0.2|sigbar=0.25|lam=0.001|robust=0.15,0.2,0.25",seed_0001__train_robust_s0.15-0.2-0.25__feat_b__obj_cvar_a0.95__sigtrue_0.2__sigbar_0.25__lam_0.001,2026-04-02T01:20:55Z,completed,main_benchmark,main,benchmark,True,deep_hedge_robust,robust,deep_hedge_robust,1,B,cvar,0.2,0.25,0.001,0.15|0.2|0.25,-0.0029299077577888966,0.01444312185049057,0.003033943474292755,0.022935595363378525,0.02661968395113945,0.02875247225165367,0.032153792679309845,2.9272468152952196,5.0055413246154785,292724.68152952194,results/gbm_deephedge/benchmark_6_2/runs/seed_0001__train_robust_s0.15-0.2-0.25__feat_b__obj_cvar_a0.95__sigtrue_0.2__sigbar_0.25__lam_0.001,results/gbm_deephedge,571bc1a5a700679219eafce22d851491c380431f112c76aefab62073c92ada85,76e694c21e709359f62f03a0ba5a97ba6db86a88,GBM_CFG=results/gbm_deephedge/benchmark_6_2/runs/seed_0001__train_robust_s0.15-0.2-0.25__feat_b__obj_cvar_a0.95__sigtrue_0.2__sigbar_0.25__lam_0.001/run_cfg.json python -m src.train_deephedge_gbm
"train=robust|feat=B|obj=cvar|sigtrue=0.2|sigbar=0.2|lam=0|robust=0.15,0.2,0.25",seed_0001__train_robust_s0.15-0.2-0.25__feat_b__obj_cvar_a0.95__sigtrue_0.2__sigbar_0.2__lam_0,2026-04-01T21:58:40Z,completed,main_benchmark,main,benchmark,True,bs_delta,robust,deep_hedge_robust,1,B,cvar,0.2,0.2,0.0,0.15|0.2|0.25,-1.557162950504675e-05,0.009752774557316771,6.316264691304252e-05,0.01624579581442023,0.022549750358101934,0.026420495512185387,0.03273143313739295,3.2321912725186763,6.401758893419643,323219.1272518676,results/gbm_deephedge/benchmark_6_2/runs/seed_0001__train_robust_s0.15-0.2-0.25__feat_b__obj_cvar_a0.95__sigtrue_0.2__sigbar_0.2__lam_0,results/gbm_deephedge,1e040de5c0e5f71c0eedbf4f2a0d8a819ada0e2e05a5a2d454ac4a7362373f28,76e694c21e709359f62f03a0ba5a97ba6db86a88,GBM_CFG=results/gbm_deephedge/benchmark_6_2/runs/seed_0001__train_robust_s0.15-0.2-0.25__feat_b__obj_cvar_a0.95__sigtrue_0.2__sigbar_0.2__lam_0/run_cfg.json python -m src.train_deephedge_gbm
"train=robust|feat=B|obj=cvar|sigtrue=0.2|sigbar=0.2|lam=0|robust=0.15,0.2,0.25",seed_0001__train_robust_s0.15-0.2-0.25__feat_b__obj_cvar_a0.95__sigtrue_0.2__sigbar_0.2__lam_0,2026-04-01T21:58:40Z,completed,main_benchmark,main,benchmark,True,deep_hedge_robust,robust,deep_hedge_robust,1,B,cvar,0.2,0.2,0.0,0.15|0.2|0.25,4.330976662458852e-05,0.014627198688685894,6.335228681564331e-05,0.020967306569218636,0.024585483595728874,0.026654014363884926,0.029870420694351196,2.9711294669651984,5.178403854370117,297112.94669651985,results/gbm_deephedge/benchmark_6_2/runs/seed_0001__train_robust_s0.15-0.2-0.25__feat_b__obj_cvar_a0.95__sigtrue_0.2__sigbar_0.2__lam_0,results/gbm_deephedge,1e040de5c0e5f71c0eedbf4f2a0d8a819ada0e2e05a5a2d454ac4a7362373f28,76e694c21e709359f62f03a0ba5a97ba6db86a88,GBM_CFG=results/gbm_deephedge/benchmark_6_2/runs/seed_0001__train_robust_s0.15-0.2-0.25__feat_b__obj_cvar_a0.95__sigtrue_0.2__sigbar_0.2__lam_0/run_cfg.json python -m src.train_deephedge_gbm
"train=robust|feat=B|obj=cvar|sigtrue=0.2|sigbar=0.2|lam=0.0001|robust=0.15,0.2,0.25",seed_0001__train_robust_s0.15-0.2-0.25__feat_b__obj_cvar_a0.95__sigtrue_0.2__sigbar_0.2__lam_0.0001,2026-04-01T22:39:08Z,completed,main_benchmark,main,benchmark,True,bs_delta,robust,deep_hedge_robust,1,B,cvar,0.2,0.2,0.0001,0.15|0.2|0.25,-0.0003457550512356064,0.009765310890550718,0.00039347085449792374,0.016651850641981856,0.022979239546433248,0.026875387348346394,0.03319762024678898,3.2321912725186763,6.401758893419643,323219.1272518676,results/gbm_deephedge/benchmark_6_2/runs/seed_0001__train_robust_s0.15-0.2-0.25__feat_b__obj_cvar_a0.95__sigtrue_0.2__sigbar_0.2__lam_0.0001,results/gbm_deephedge,6ec4f69295e2701c1f8125883fdb4039bdeb347523e4b614cecbca5f8ade38fd,76e694c21e709359f62f03a0ba5a97ba6db86a88,GBM_CFG=results/gbm_deephedge/benchmark_6_2/runs/seed_0001__train_robust_s0.15-0.2-0.25__feat_b__obj_cvar_a0.95__sigtrue_0.2__sigbar_0.2__lam_0.0001/run_cfg.json python -m src.train_deephedge_gbm
"train=robust|feat=B|obj=cvar|sigtrue=0.2|sigbar=0.2|lam=0.0001|robust=0.15,0.2,0.25",seed_0001__train_robust_s0.15-0.2-0.25__feat_b__obj_cvar_a0.95__sigtrue_0.2__sigbar_0.2__lam_0.0001,2026-04-01T22:39:08Z,completed,main_benchmark,main,benchmark,True,deep_hedge_robust,robust,deep_hedge_robust,1,B,cvar,0.2,0.2,0.0001,0.15|0.2|0.25,-0.0002590085205156356,0.014590444043278694,0.00036516785621643066,0.02094688080251217,0.024404477328062057,0.026400992646813393,0.029449576511979103,2.9772254238569738,5.148487567901611,297722.54238569736,results/gbm_deephedge/benchmark_6_2/runs/seed_0001__train_robust_s0.15-0.2-0.25__feat_b__obj_cvar_a0.95__sigtrue_0.2__sigbar_0.2__lam_0.0001,results/gbm_deephedge,6ec4f69295e2701c1f8125883fdb4039bdeb347523e4b614cecbca5f8ade38fd,76e694c21e709359f62f03a0ba5a97ba6db86a88,GBM_CFG=results/gbm_deephedge/benchmark_6_2/runs/seed_0001__train_robust_s0.15-0.2-0.25__feat_b__obj_cvar_a0.95__sigtrue_0.2__sigbar_0.2__lam_0.0001/run_cfg.json python -m src.train_deephedge_gbm
"train=robust|feat=B|obj=cvar|sigtrue=0.2|sigbar=0.2|lam=0.0005|robust=0.15,0.2,0.25",seed_0001__train_robust_s0.15-0.2-0.25__feat_b__obj_cvar_a0.95__sigtrue_0.2__sigbar_0.2__lam_0.0005,2026-04-01T23:21:07Z,completed,main_benchmark,main,benchmark,True,bs_delta,robust,deep_hedge_robust,1,B,cvar,0.2,0.2,0.0005,0.15|0.2|0.25,-0.0016664888582515866,0.009825515028894647,0.0017148043674239388,0.01829149318173175,0.024707567550339458,0.02867662430735373,0.03507315061457909,3.2321912725186763,6.401758893419643,323219.1272518676,results/gbm_deephedge/benchmark_6_2/runs/seed_0001__train_robust_s0.15-0.2-0.25__feat_b__obj_cvar_a0.95__sigtrue_0.2__sigbar_0.2__lam_0.0005,results/gbm_deephedge,cf28db32e78183de1534241fd522d5aa2caf8c9fce1012519a5b68324be6a7a2,76e694c21e709359f62f03a0ba5a97ba6db86a88,GBM_CFG=results/gbm_deephedge/benchmark_6_2/runs/seed_0001__train_robust_s0.15-0.2-0.25__feat_b__obj_cvar_a0.95__sigtrue_0.2__sigbar_0.2__lam_0.0005/run_cfg.json python -m src.train_deephedge_gbm
"train=robust|feat=B|obj=cvar|sigtrue=0.2|sigbar=0.2|lam=0.0005|robust=0.15,0.2,0.25",seed_0001__train_robust_s0.15-0.2-0.25__feat_b__obj_cvar_a0.95__sigtrue_0.2__sigbar_0.2__lam_0.0005,2026-04-01T23:21:07Z,completed,main_benchmark,main,benchmark,True,deep_hedge_robust,robust,deep_hedge_robust,1,B,cvar,0.2,0.2,0.0005,0.15|0.2|0.25,-0.0014472418697550893,0.014459391124546528,0.0015515461564064026,0.02201448380947113,0.025511575862765312,0.027511222288012505,0.030483776703476906,2.924842182159424,4.966578483581543,292484.2182159424,results/gbm_deephedge/benchmark_6_2/runs/seed_0001__train_robust_s0.15-0.2-0.25__feat_b__obj_cvar_a0.95__sigtrue_0.2__sigbar_0.2__lam_0.0005,results/gbm_deephedge,cf28db32e78183de1534241fd522d5aa2caf8c9fce1012519a5b68324be6a7a2,76e694c21e709359f62f03a0ba5a97ba6db86a88,GBM_CFG=results/gbm_deephedge/benchmark_6_2/runs/seed_0001__train_robust_s0.15-0.2-0.25__feat_b__obj_cvar_a0.95__sigtrue_0.2__sigbar_0.2__lam_0.0005/run_cfg.json python -m src.train_deephedge_gbm
"train=robust|feat=B|obj=cvar|sigtrue=0.2|sigbar=0.2|lam=0.001|robust=0.15,0.2,0.25",seed_0001__train_robust_s0.15-0.2-0.25__feat_b__obj_cvar_a0.95__sigtrue_0.2__sigbar_0.2__lam_0.001,2026-04-02T00:07:10Z,completed,main_benchmark,main,benchmark,True,bs_delta,robust,deep_hedge_robust,1,B,cvar,0.2,0.2,0.001,0.15|0.2|0.25,-0.0033174060869981263,0.009923036285382419,0.003366697480715622,0.020313266553067918,0.026891510703977748,0.030947387959835492,0.0374376050399816,3.2321912725186763,6.401758893419643,323219.1272518676,results/gbm_deephedge/benchmark_6_2/runs/seed_0001__train_robust_s0.15-0.2-0.25__feat_b__obj_cvar_a0.95__sigtrue_0.2__sigbar_0.2__lam_0.001,results/gbm_deephedge,5ec58839830ab3849d57d2d1257b4423aef3c7b082b42fcc2a248631a523fdb3,76e694c21e709359f62f03a0ba5a97ba6db86a88,GBM_CFG=results/gbm_deephedge/benchmark_6_2/runs/seed_0001__train_robust_s0.15-0.2-0.25__feat_b__obj_cvar_a0.95__sigtrue_0.2__sigbar_0.2__lam_0.001/run_cfg.json python -m src.train_deephedge_gbm
"train=robust|feat=B|obj=cvar|sigtrue=0.2|sigbar=0.2|lam=0.001|robust=0.15,0.2,0.25",seed_0001__train_robust_s0.15-0.2-0.25__feat_b__obj_cvar_a0.95__sigtrue_0.2__sigbar_0.2__lam_0.001,2026-04-02T00:07:10Z,completed,main_benchmark,main,benchmark,True,deep_hedge_robust,robust,deep_hedge_robust,1,B,cvar,0.2,0.2,0.001,0.15|0.2|0.25,-0.0029299077577888966,0.01444312185049057,0.003033943474292755,0.022935595363378525,0.02661968395113945,0.02875247225165367,0.032153792679309845,2.9272468152952196,5.0055413246154785,292724.68152952194,results/gbm_deephedge/benchmark_6_2/runs/seed_0001__train_robust_s0.15-0.2-0.25__feat_b__obj_cvar_a0.95__sigtrue_0.2__sigbar_0.2__lam_0.001,results/gbm_deephedge,5ec58839830ab3849d57d2d1257b4423aef3c7b082b42fcc2a248631a523fdb3,76e694c21e709359f62f03a0ba5a97ba6db86a88,GBM_CFG=results/gbm_deephedge/benchmark_6_2/runs/seed_0001__train_robust_s0.15-0.2-0.25__feat_b__obj_cvar_a0.95__sigtrue_0.2__sigbar_0.2__lam_0.001/run_cfg.json python -m src.train_deephedge_gbm
"train=robust|feat=B|obj=cvar|sigtrue=0.2|sigbar=0.3|lam=0|robust=0.15,0.2,0.25",seed_0001__train_robust_s0.15-0.2-0.25__feat_b__obj_cvar_a0.95__sigtrue_0.2__sigbar_0.3__lam_0,2026-04-02T01:19:41Z,completed,main_benchmark,main,benchmark,True,bs_delta,robust,deep_hedge_robust,1,B,cvar,0.2,0.3,0.0,0.15|0.2|0.25,5.1799962457206214e-05,0.015483865166211341,6.78859743586252e-05,0.02340030565561475,0.027412875504903216,0.029938378123439597,0.03259386334454676,2.816954254738815,4.85179148756946,281695.4254738815,results/gbm_deephedge/benchmark_6_2/runs/seed_0001__train_robust_s0.15-0.2-0.25__feat_b__obj_cvar_a0.95__sigtrue_0.2__sigbar_0.3__lam_0,results/gbm_deephedge,13ab7661a28f498ef0dc2b60591b93dc25922708234036bd45ad5e4602ce3cdd,76e694c21e709359f62f03a0ba5a97ba6db86a88,GBM_CFG=results/gbm_deephedge/benchmark_6_2/runs/seed_0001__train_robust_s0.15-0.2-0.25__feat_b__obj_cvar_a0.95__sigtrue_0.2__sigbar_0.3__lam_0/run_cfg.json python -m src.train_deephedge_gbm
"train=robust|feat=B|obj=cvar|sigtrue=0.2|sigbar=0.3|lam=0|robust=0.15,0.2,0.25",seed_0001__train_robust_s0.15-0.2-0.25__feat_b__obj_cvar_a0.95__sigtrue_0.2__sigbar_0.3__lam_0,2026-04-02T01:19:41Z,completed,main_benchmark,main,benchmark,True,deep_hedge_robust,robust,deep_hedge_robust,1,B,cvar,0.2,0.3,0.0,0.15|0.2|0.25,4.330976662458852e-05,0.014627198688685894,6.335228681564331e-05,0.020967306569218636,0.024585483595728874,0.026654014363884926,0.029870420694351196,2.9711294669651984,5.178403854370117,297112.94669651985,results/gbm_deephedge/benchmark_6_2/runs/seed_0001__train_robust_s0.15-0.2-0.25__feat_b__obj_cvar_a0.95__sigtrue_0.2__sigbar_0.3__lam_0,results/gbm_deephedge,13ab7661a28f498ef0dc2b60591b93dc25922708234036bd45ad5e4602ce3cdd,76e694c21e709359f62f03a0ba5a97ba6db86a88,GBM_CFG=results/gbm_deephedge/benchmark_6_2/runs/seed_0001__train_robust_s0.15-0.2-0.25__feat_b__obj_cvar_a0.95__sigtrue_0.2__sigbar_0.3__lam_0/run_cfg.json python -m src.train_deephedge_gbm
"train=robust|feat=B|obj=cvar|sigtrue=0.2|sigbar=0.3|lam=0.0001|robust=0.15,0.2,0.25",seed_0001__train_robust_s0.15-0.2-0.25__feat_b__obj_cvar_a0.95__sigtrue_0.2__sigbar_0.3__lam_0.0001,2026-04-02T01:20:06Z,completed,main_benchmark,main,benchmark,True,bs_delta,robust,deep_hedge_robust,1,B,cvar,0.2,0.3,0.0001,0.15|0.2|0.25,-0.00023657720460000715,0.015452095086591407,0.0003557706932125204,0.023611261621591197,0.027620148799320565,0.030150578458247364,0.03279192180560045,2.816954254738815,4.85179148756946,281695.4254738815,results/gbm_deephedge/benchmark_6_2/runs/seed_0001__train_robust_s0.15-0.2-0.25__feat_b__obj_cvar_a0.95__sigtrue_0.2__sigbar_0.3__lam_0.0001,results/gbm_deephedge,863c6eb25348db8a23665ffb14e071b11584f8d57fc85e6d12860506ba6c57b5,76e694c21e709359f62f03a0ba5a97ba6db86a88,GBM_CFG=results/gbm_deephedge/benchmark_6_2/runs/seed_0001__train_robust_s0.15-0.2-0.25__feat_b__obj_cvar_a0.95__sigtrue_0.2__sigbar_0.3__lam_0.0001/run_cfg.json python -m src.train_deephedge_gbm
"train=robust|feat=B|obj=cvar|sigtrue=0.2|sigbar=0.3|lam=0.0001|robust=0.15,0.2,0.25",seed_0001__train_robust_s0.15-0.2-0.25__feat_b__obj_cvar_a0.95__sigtrue_0.2__sigbar_0.3__lam_0.0001,2026-04-02T01:20:06Z,completed,main_benchmark,main,benchmark,True,deep_hedge_robust,robust,deep_hedge_robust,1,B,cvar,0.2,0.3,0.0001,0.15|0.2|0.25,-0.0002590085205156356,0.014590444043278694,0.00036516785621643066,0.02094688080251217,0.024404477328062057,0.026400992646813393,0.029449576511979103,2.9772254238569738,5.148487567901611,297722.54238569736,results/gbm_deephedge/benchmark_6_2/runs/seed_0001__train_robust_s0.15-0.2-0.25__feat_b__obj_cvar_a0.95__sigtrue_0.2__sigbar_0.3__lam_0.0001,results/gbm_deephedge,863c6eb25348db8a23665ffb14e071b11584f8d57fc85e6d12860506ba6c57b5,76e694c21e709359f62f03a0ba5a97ba6db86a88,GBM_CFG=results/gbm_deephedge/benchmark_6_2/runs/seed_0001__train_robust_s0.15-0.2-0.25__feat_b__obj_cvar_a0.95__sigtrue_0.2__sigbar_0.3__lam_0.0001/run_cfg.json python -m src.train_deephedge_gbm
"train=robust|feat=B|obj=cvar|sigtrue=0.2|sigbar=0.3|lam=0.0005|robust=0.15,0.2,0.25",seed_0001__train_robust_s0.15-0.2-0.25__feat_b__obj_cvar_a0.95__sigtrue_0.2__sigbar_0.3__lam_0.0005,2026-04-02T01:20:32Z,completed,main_benchmark,main,benchmark,True,bs_delta,robust,deep_hedge_robust,1,B,cvar,0.2,0.3,0.0005,0.15|0.2|0.25,-0.0013900859777074583,0.015328268052074486,0.001507370000694827,0.024530403746231128,0.02846318386085379,0.030963842031564732,0.03361236361616017,2.816954254738815,4.85179148756946,281695.4254738815,results/gbm_deephedge/benchmark_6_2/runs/seed_0001__train_robust_s0.15-0.2-0.25__feat_b__obj_cvar_a0.95__sigtrue_0.2__sigbar_0.3__lam_0.0005,results/gbm_deephedge,021db42a4118e55c5f3ba428b31aadd63d3d8d65f389001ef86d96681c201ba2,76e694c21e709359f62f03a0ba5a97ba6db86a88,GBM_CFG=results/gbm_deephedge/benchmark_6_2/runs/seed_0001__train_robust_s0.15-0.2-0.25__feat_b__obj_cvar_a0.95__sigtrue_0.2__sigbar_0.3__lam_0.0005/run_cfg.json python -m src.train_deephedge_gbm
"train=robust|feat=B|obj=cvar|sigtrue=0.2|sigbar=0.3|lam=0.0005|robust=0.15,0.2,0.25",seed_0001__train_robust_s0.15-0.2-0.25__feat_b__obj_cvar_a0.95__sigtrue_0.2__sigbar_0.3__lam_0.0005,2026-04-02T01:20:32Z,completed,main_benchmark,main,benchmark,True,deep_hedge_robust,robust,deep_hedge_robust,1,B,cvar,0.2,0.3,0.0005,0.15|0.2|0.25,-0.0014472418697550893,0.014459391124546528,0.0015515461564064026,0.02201448380947113,0.025511575862765312,0.027511222288012505,0.030483776703476906,2.924842182159424,4.966578483581543,292484.2182159424,results/gbm_deephedge/benchmark_6_2/runs/seed_0001__train_robust_s0.15-0.2-0.25__feat_b__obj_cvar_a0.95__sigtrue_0.2__sigbar_0.3__lam_0.0005,results/gbm_deephedge,021db42a4118e55c5f3ba428b31aadd63d3d8d65f389001ef86d96681c201ba2,76e694c21e709359f62f03a0ba5a97ba6db86a88,GBM_CFG=results/gbm_deephedge/benchmark_6_2/runs/seed_0001__train_robust_s0.15-0.2-0.25__feat_b__obj_cvar_a0.95__sigtrue_0.2__sigbar_0.3__lam_0.0005/run_cfg.json python -m src.train_deephedge_gbm
"train=robust|feat=B|obj=cvar|sigtrue=0.2|sigbar=0.3|lam=0.001|robust=0.15,0.2,0.25",seed_0001__train_robust_s0.15-0.2-0.25__feat_b__obj_cvar_a0.95__sigtrue_0.2__sigbar_0.3__lam_0.001,2026-04-02T01:20:58Z,completed,main_benchmark,main,benchmark,True,bs_delta,robust,deep_hedge_robust,1,B,cvar,0.2,0.3,0.001,0.15|0.2|0.25,-0.0028319719178721233,0.015180951875241808,0.0029470048346761646,0.02564588010483448,0.02955005922027018,0.031984438759299495,0.03469096155053579,2.816954254738815,4.85179148756946,281695.4254738815,results/gbm_deephedge/benchmark_6_2/runs/seed_0001__train_robust_s0.15-0.2-0.25__feat_b__obj_cvar_a0.95__sigtrue_0.2__sigbar_0.3__lam_0.001,results/gbm_deephedge,9025216e50eb22bf30466742d977f7601eb56d25f1630ad84259c88ea72ffbc3,76e694c21e709359f62f03a0ba5a97ba6db86a88,GBM_CFG=results/gbm_deephedge/benchmark_6_2/runs/seed_0001__train_robust_s0.15-0.2-0.25__feat_b__obj_cvar_a0.95__sigtrue_0.2__sigbar_0.3__lam_0.001/run_cfg.json python -m src.train_deephedge_gbm
"train=robust|feat=B|obj=cvar|sigtrue=0.2|sigbar=0.3|lam=0.001|robust=0.15,0.2,0.25",seed_0001__train_robust_s0.15-0.2-0.25__feat_b__obj_cvar_a0.95__sigtrue_0.2__sigbar_0.3__lam_0.001,2026-04-02T01:20:58Z,completed,main_benchmark,main,benchmark,True,deep_hedge_robust,robust,deep_hedge_robust,1,B,cvar,0.2,0.3,0.001,0.15|0.2|0.25,-0.0029299077577888966,0.01444312185049057,0.003033943474292755,0.022935595363378525,0.02661968395113945,0.02875247225165367,0.032153792679309845,2.9272468152952196,5.0055413246154785,292724.68152952194,results/gbm_deephedge/benchmark_6_2/runs/seed_0001__train_robust_s0.15-0.2-0.25__feat_b__obj_cvar_a0.95__sigtrue_0.2__sigbar_0.3__lam_0.001,results/gbm_deephedge,9025216e50eb22bf30466742d977f7601eb56d25f1630ad84259c88ea72ffbc3,76e694c21e709359f62f03a0ba5a97ba6db86a88,GBM_CFG=results/gbm_deephedge/benchmark_6_2/runs/seed_0001__train_robust_s0.15-0.2-0.25__feat_b__obj_cvar_a0.95__sigtrue_0.2__sigbar_0.3__lam_0.001/run_cfg.json python -m src.train_deephedge_gbm
train=oracle|feat=B|obj=cvar|sigtrue=0.2|sigbar=0.15|lam=0|robust=none,seed_0002__train_oracle__feat_b__obj_cvar_a0.95__sigtrue_0.2__sigbar_0.15__lam_0,2026-04-02T01:21:04Z,completed,main_benchmark,main,benchmark,True,bs_delta,oracle,deep_hedge_oracle,2,B,cvar,0.2,0.15,0.0,,-2.4708769601440598e-05,0.013034313235399666,0.00011006179346689793,0.02498449159905424,0.03434443030292503,0.04016557240583673,0.04889517167502512,3.533515074541844,7.623808553684021,353351.5074541844,results/gbm_deephedge/benchmark_6_2/runs/seed_0002__train_oracle__feat_b__obj_cvar_a0.95__sigtrue_0.2__sigbar_0.15__lam_0,results/gbm_deephedge,6c37de8e36089e223356182dd35471513a0e3bdabcebbe7a297f7dc5a534823d,76e694c21e709359f62f03a0ba5a97ba6db86a88,GBM_CFG=results/gbm_deephedge/benchmark_6_2/runs/seed_0002__train_oracle__feat_b__obj_cvar_a0.95__sigtrue_0.2__sigbar_0.15__lam_0/run_cfg.json python -m src.train_deephedge_gbm
train=oracle|feat=B|obj=cvar|sigtrue=0.2|sigbar=0.15|lam=0|robust=none,seed_0002__train_oracle__feat_b__obj_cvar_a0.95__sigtrue_0.2__sigbar_0.15__lam_0,2026-04-02T01:21:04Z,completed,main_benchmark,main,benchmark,True,deep_hedge_oracle,oracle,deep_hedge_oracle,2,B,cvar,0.2,0.15,0.0,,2.3151493223849684e-05,0.012023958377540112,4.902109503746033e-05,0.01694975607097149,0.021295059472322464,0.02393166348338127,0.028360599651932716,3.133122631046772,5.3638176918029785,313312.2631046772,results/gbm_deephedge/benchmark_6_2/runs/seed_0002__train_oracle__feat_b__obj_cvar_a0.95__sigtrue_0.2__sigbar_0.15__lam_0,results/gbm_deephedge,6c37de8e36089e223356182dd35471513a0e3bdabcebbe7a297f7dc5a534823d,76e694c21e709359f62f03a0ba5a97ba6db86a88,GBM_CFG=results/gbm_deephedge/benchmark_6_2/runs/seed_0002__train_oracle__feat_b__obj_cvar_a0.95__sigtrue_0.2__sigbar_0.15__lam_0/run_cfg.json python -m src.train_deephedge_gbm
train=oracle|feat=B|obj=cvar|sigtrue=0.2|sigbar=0.15|lam=0.0001|robust=none,seed_0002__train_oracle__feat_b__obj_cvar_a0.95__sigtrue_0.2__sigbar_0.15__lam_0.0001,2026-04-02T01:21:30Z,completed,main_benchmark,main,benchmark,True,bs_delta,oracle,deep_hedge_oracle,2,B,cvar,0.2,0.15,0.0001,,-0.00038520962164888294,0.013112755388348132,0.00047159396239160323,0.0254868090016451,0.03487780310868348,0.040733031748115996,0.04946584750518524,3.533515074541844,7.623808553684021,353351.5074541844,results/gbm_deephedge/benchmark_6_2/runs/seed_0002__train_oracle__feat_b__obj_cvar_a0.95__sigtrue_0.2__sigbar_0.15__lam_0.0001,results/gbm_deephedge,e5015a7651a520c2dd9d8ac2263b3c478192be3759fdc4049a382d3ba24d4707,76e694c21e709359f62f03a0ba5a97ba6db86a88,GBM_CFG=results/gbm_deephedge/benchmark_6_2/runs/seed_0002__train_oracle__feat_b__obj_cvar_a0.95__sigtrue_0.2__sigbar_0.15__lam_0.0001/run_cfg.json python -m src.train_deephedge_gbm
train=oracle|feat=B|obj=cvar|sigtrue=0.2|sigbar=0.15|lam=0.0001|robust=none,seed_0002__train_oracle__feat_b__obj_cvar_a0.95__sigtrue_0.2__sigbar_0.15__lam_0.0001,2026-04-02T01:21:30Z,completed,main_benchmark,main,benchmark,True,deep_hedge_oracle,oracle,deep_hedge_oracle,2,B,cvar,0.2,0.15,0.0001,,-0.00029596526292152703,0.0119673702865839,0.0003675036132335663,0.017239326611161232,0.021694278344511986,0.024391764774918556,0.02891717106103897,3.134061215671301,5.363861560821533,313406.1215671301,results/gbm_deephedge/benchmark_6_2/runs/seed_0002__train_oracle__feat_b__obj_cvar_a0.95__sigtrue_0.2__sigbar_0.15__lam_0.0001,results/gbm_deephedge,e5015a7651a520c2dd9d8ac2263b3c478192be3759fdc4049a382d3ba24d4707,76e694c21e709359f62f03a0ba5a97ba6db86a88,GBM_CFG=results/gbm_deephedge/benchmark_6_2/runs/seed_0002__train_oracle__feat_b__obj_cvar_a0.95__sigtrue_0.2__sigbar_0.15__lam_0.0001/run_cfg.json python -m src.train_deephedge_gbm
train=oracle|feat=B|obj=cvar|sigtrue=0.2|sigbar=0.15|lam=0.0005|robust=none,seed_0002__train_oracle__feat_b__obj_cvar_a0.95__sigtrue_0.2__sigbar_0.15__lam_0.0005,2026-04-02T01:21:54Z,completed,main_benchmark,main,benchmark,True,bs_delta,oracle,deep_hedge_oracle,2,B,cvar,0.2,0.15,0.0005,,-0.001827213161050346,0.013433077538179175,0.0019178726626597892,0.027523902651463757,0.03701774961520355,0.042925562472960296,0.051755312221774756,3.533515074541844,7.623808553684021,353351.5074541844,results/gbm_deephedge/benchmark_6_2/runs/seed_0002__train_oracle__feat_b__obj_cvar_a0.95__sigtrue_0.2__sigbar_0.15__lam_0.0005,results/gbm_deephedge,815994e7eb5318a0a2864867569cc9059f8330d0d41f5b2763a7de309e972d74,76e694c21e709359f62f03a0ba5a97ba6db86a88,GBM_CFG=results/gbm_deephedge/benchmark_6_2/runs/seed_0002__train_oracle__feat_b__obj_cvar_a0.95__sigtrue_0.2__sigbar_0.15__lam_0.0005/run_cfg.json python -m src.train_deephedge_gbm
train=oracle|feat=B|obj=cvar|sigtrue=0.2|sigbar=0.15|lam=0.0005|robust=none,seed_0002__train_oracle__feat_b__obj_cvar_a0.95__sigtrue_0.2__sigbar_0.15__lam_0.0005,2026-04-02T01:21:54Z,completed,main_benchmark,main,benchmark,True,deep_hedge_oracle,oracle,deep_hedge_oracle,2,B,cvar,0.2,0.15,0.0005,,-0.001542503829114139,0.012337845750153065,0.0016184374690055847,0.019142691045999527,0.02333582192659378,0.025815026834607124,0.030129138380289078,3.0810305627405645,5.263660430908203,308103.05627405643,results/gbm_deephedge/benchmark_6_2/runs/seed_0002__train_oracle__feat_b__obj_cvar_a0.95__sigtrue_0.2__sigbar_0.15__lam_0.0005,results/gbm_deephedge,815994e7eb5318a0a2864867569cc9059f8330d0d41f5b2763a7de309e972d74,76e694c21e709359f62f03a0ba5a97ba6db86a88,GBM_CFG=results/gbm_deephedge/benchmark_6_2/runs/seed_0002__train_oracle__feat_b__obj_cvar_a0.95__sigtrue_0.2__sigbar_0.15__lam_0.0005/run_cfg.json python -m src.train_deephedge_gbm
train=oracle|feat=B|obj=cvar|sigtrue=0.2|sigbar=0.15|lam=0.001|robust=none,seed_0002__train_oracle__feat_b__obj_cvar_a0.95__sigtrue_0.2__sigbar_0.15__lam_0.001,2026-04-02T01:22:19Z,completed,main_benchmark,main,benchmark,True,bs_delta,oracle,deep_hedge_oracle,2,B,cvar,0.2,0.15,0.001,,-0.003629717552499252,0.013847365923346048,0.003726058261390608,0.030034698841897346,0.03970527792423233,0.04569666881167068,0.05463049552492538,3.533515074541844,7.623808553684021,353351.5074541844,results/gbm_deephedge/benchmark_6_2/runs/seed_0002__train_oracle__feat_b__obj_cvar_a0.95__sigtrue_0.2__sigbar_0.15__lam_0.001,results/gbm_deephedge,6de0c5cb3f2daa3a109ef3738bb6aa1229f80f190b63015abfa6aa5f6a9484b2,76e694c21e709359f62f03a0ba5a97ba6db86a88,GBM_CFG=results/gbm_deephedge/benchmark_6_2/runs/seed_0002__train_oracle__feat_b__obj_cvar_a0.95__sigtrue_0.2__sigbar_0.15__lam_0.001/run_cfg.json python -m src.train_deephedge_gbm
train=oracle|feat=B|obj=cvar|sigtrue=0.2|sigbar=0.15|lam=0.001|robust=none,seed_0002__train_oracle__feat_b__obj_cvar_a0.95__sigtrue_0.2__sigbar_0.15__lam_0.001,2026-04-02T01:22:19Z,completed,main_benchmark,main,benchmark,True,deep_hedge_oracle,oracle,deep_hedge_oracle,2,B,cvar,0.2,0.15,0.001,,-0.0030389663297683,0.012356309220194817,0.0031151212751865387,0.02053513377904892,0.02479892410337925,0.027326952666044235,0.03168192505836487,3.0084468280804155,5.123096466064453,300844.6828080416,results/gbm_deephedge/benchmark_6_2/runs/seed_0002__train_oracle__feat_b__obj_cvar_a0.95__sigtrue_0.2__sigbar_0.15__lam_0.001,results/gbm_deephedge,6de0c5cb3f2daa3a109ef3738bb6aa1229f80f190b63015abfa6aa5f6a9484b2,76e694c21e709359f62f03a0ba5a97ba6db86a88,GBM_CFG=results/gbm_deephedge/benchmark_6_2/runs/seed_0002__train_oracle__feat_b__obj_cvar_a0.95__sigtrue_0.2__sigbar_0.15__lam_0.001/run_cfg.json python -m src.train_deephedge_gbm
train=oracle|feat=B|obj=cvar|sigtrue=0.2|sigbar=0.1|lam=0|robust=none,seed_0002__train_oracle__feat_b__obj_cvar_a0.95__sigtrue_0.2__sigbar_0.1__lam_0,2026-04-02T01:21:01Z,completed,main_benchmark,main,benchmark,True,bs_delta,oracle,deep_hedge_oracle,2,B,cvar,0.2,0.1,0.0,,-8.578649653293634e-05,0.02251223022353081,0.0003407315826690904,0.04188908366209807,0.05525982285358375,0.0637063057978819,0.074946074654625,3.9424597233688634,10.121177694396884,394245.97233688633,results/gbm_deephedge/benchmark_6_2/runs/seed_0002__train_oracle__feat_b__obj_cvar_a0.95__sigtrue_0.2__sigbar_0.1__lam_0,results/gbm_deephedge,d889aa1924b3138a45b5d3a717f71fa31083599603ab5036a5c5a148c3908371,76e694c21e709359f62f03a0ba5a97ba6db86a88,GBM_CFG=results/gbm_deephedge/benchmark_6_2/runs/seed_0002__train_oracle__feat_b__obj_cvar_a0.95__sigtrue_0.2__sigbar_0.1__lam_0/run_cfg.json python -m src.train_deephedge_gbm
train=oracle|feat=B|obj=cvar|sigtrue=0.2|sigbar=0.1|lam=0|robust=none,seed_0002__train_oracle__feat_b__obj_cvar_a0.95__sigtrue_0.2__sigbar_0.1__lam_0,2026-04-02T01:21:01Z,completed,main_benchmark,main,benchmark,True,deep_hedge_oracle,oracle,deep_hedge_oracle,2,B,cvar,0.2,0.1,0.0,,2.3151493223849684e-05,0.012023958377540112,4.902109503746033e-05,0.01694975607097149,0.021295059472322464,0.02393166348338127,0.028360599651932716,3.133122631046772,5.3638176918029785,313312.2631046772,results/gbm_deephedge/benchmark_6_2/runs/seed_0002__train_oracle__feat_b__obj_cvar_a0.95__sigtrue_0.2__sigbar_0.1__lam_0,results/gbm_deephedge,d889aa1924b3138a45b5d3a717f71fa31083599603ab5036a5c5a148c3908371,76e694c21e709359f62f03a0ba5a97ba6db86a88,GBM_CFG=results/gbm_deephedge/benchmark_6_2/runs/seed_0002__train_oracle__feat_b__obj_cvar_a0.95__sigtrue_0.2__sigbar_0.1__lam_0/run_cfg.json python -m src.train_deephedge_gbm
train=oracle|feat=B|obj=cvar|sigtrue=0.2|sigbar=0.1|lam=0.0001|robust=none,seed_0002__train_oracle__feat_b__obj_cvar_a0.95__sigtrue_0.2__sigbar_0.1__lam_0.0001,2026-04-02T01:21:27Z,completed,main_benchmark,main,benchmark,True,bs_delta,oracle,deep_hedge_oracle,2,B,cvar,0.2,0.1,0.0001,,-0.00048741913015654576,0.02264661853056353,0.0007454183288079785,0.0425024221346191,0.05593003066568117,0.06436968776042358,0.07567012975969996,3.9424597233688634,10.121177694396884,394245.97233688633,results/gbm_deephedge/benchmark_6_2/runs/seed_0002__train_oracle__feat_b__obj_cvar_a0.95__sigtrue_0.2__sigbar_0.1__lam_0.0001,results/gbm_deephedge,ba4ec0830a1e6e91bef86ee311a0c84f00e14906b9ca94aaad94f666b39b0eb9,76e694c21e709359f62f03a0ba5a97ba6db86a88,GBM_CFG=results/gbm_deephedge/benchmark_6_2/runs/seed_0002__train_oracle__feat_b__obj_cvar_a0.95__sigtrue_0.2__sigbar_0.1__lam_0.0001/run_cfg.json python -m src.train_deephedge_gbm
train=oracle|feat=B|obj=cvar|sigtrue=0.2|sigbar=0.1|lam=0.0001|robust=none,seed_0002__train_oracle__feat_b__obj_cvar_a0.95__sigtrue_0.2__sigbar_0.1__lam_0.0001,2026-04-02T01:21:27Z,completed,main_benchmark,main,benchmark,True,deep_hedge_oracle,oracle,deep_hedge_oracle,2,B,cvar,0.2,0.1,0.0001,,-0.00029596526292152703,0.0119673702865839,0.0003675036132335663,0.017239326611161232,0.021694278344511986,0.024391764774918556,0.02891717106103897,3.134061215671301,5.363861560821533,313406.1215671301,results/gbm_deephedge/benchmark_6_2/runs/seed_0002__train_oracle__feat_b__obj_cvar_a0.95__sigtrue_0.2__sigbar_0.1__lam_0.0001,results/gbm_deephedge,ba4ec0830a1e6e91bef86ee311a0c84f00e14906b9ca94aaad94f666b39b0eb9,76e694c21e709359f62f03a0ba5a97ba6db86a88,GBM_CFG=results/gbm_deephedge/benchmark_6_2/runs/seed_0002__train_oracle__feat_b__obj_cvar_a0.95__sigtrue_0.2__sigbar_0.1__lam_0.0001/run_cfg.json python -m src.train_deephedge_gbm
train=oracle|feat=B|obj=cvar|sigtrue=0.2|sigbar=0.1|lam=0.0005|robust=none,seed_0002__train_oracle__feat_b__obj_cvar_a0.95__sigtrue_0.2__sigbar_0.1__lam_0.0005,2026-04-02T01:21:51Z,completed,main_benchmark,main,benchmark,True,bs_delta,oracle,deep_hedge_oracle,2,B,cvar,0.2,0.1,0.0005,,-0.00209394981083811,0.023187258830720762,0.002364419321904454,0.045057971080140286,0.058616146539838904,0.06707022159760169,0.07857064484582443,3.9424597233688634,10.121177694396884,394245.97233688633,results/gbm_deephedge/benchmark_6_2/runs/seed_0002__train_oracle__feat_b__obj_cvar_a0.95__sigtrue_0.2__sigbar_0.1__lam_0.0005,results/gbm_deephedge,6808c146eb7fe387d99d7216aa7deb38546292fec7d7e01c501bb102a247f2ea,76e694c21e709359f62f03a0ba5a97ba6db86a88,GBM_CFG=results/gbm_deephedge/benchmark_6_2/runs/seed_0002__train_oracle__feat_b__obj_cvar_a0.95__sigtrue_0.2__sigbar_0.1__lam_0.0005/run_cfg.json python -m src.train_deephedge_gbm
train=oracle|feat=B|obj=cvar|sigtrue=0.2|sigbar=0.1|lam=0.0005|robust=none,seed_0002__train_oracle__feat_b__obj_cvar_a0.95__sigtrue_0.2__sigbar_0.1__lam_0.0005,2026-04-02T01:21:51Z,completed,main_benchmark,main,benchmark,True,deep_hedge_oracle,oracle,deep_hedge_oracle,2,B,cvar,0.2,0.1,0.0005,,-0.001542503829114139,0.012337845750153065,0.0016184374690055847,0.019142691045999527,0.02333582192659378,0.025815026834607124,0.030129138380289078,3.0810305627405645,5.263660430908203,308103.05627405643,results/gbm_deephedge/benchmark_6_2/runs/seed_0002__train_oracle__feat_b__obj_cvar_a0.95__sigtrue_0.2__sigbar_0.1__lam_0.0005,results/gbm_deephedge,6808c146eb7fe387d99d7216aa7deb38546292fec7d7e01c501bb102a247f2ea,76e694c21e709359f62f03a0ba5a97ba6db86a88,GBM_CFG=results/gbm_deephedge/benchmark_6_2/runs/seed_0002__train_oracle__feat_b__obj_cvar_a0.95__sigtrue_0.2__sigbar_0.1__lam_0.0005/run_cfg.json python -m src.train_deephedge_gbm
train=oracle|feat=B|obj=cvar|sigtrue=0.2|sigbar=0.1|lam=0.001|robust=none,seed_0002__train_oracle__feat_b__obj_cvar_a0.95__sigtrue_0.2__sigbar_0.1__lam_0.001,2026-04-02T01:22:16Z,completed,main_benchmark,main,benchmark,True,bs_delta,oracle,deep_hedge_oracle,2,B,cvar,0.2,0.1,0.001,,-0.004102113125143284,0.02386961079920203,0.0043887417730661404,0.048220634935007674,0.061983538059557836,0.07062076437590281,0.08220727721581193,3.9424597233688634,10.121177694396884,394245.97233688633,results/gbm_deephedge/benchmark_6_2/runs/seed_0002__train_oracle__feat_b__obj_cvar_a0.95__sigtrue_0.2__sigbar_0.1__lam_0.001,results/gbm_deephedge,27780305c1c791774a72e1dd1bdd846e59f3509c869eec5f983167f6245315c6,76e694c21e709359f62f03a0ba5a97ba6db86a88,GBM_CFG=results/gbm_deephedge/benchmark_6_2/runs/seed_0002__train_oracle__feat_b__obj_cvar_a0.95__sigtrue_0.2__sigbar_0.1__lam_0.001/run_cfg.json python -m src.train_deephedge_gbm
train=oracle|feat=B|obj=cvar|sigtrue=0.2|sigbar=0.1|lam=0.001|robust=none,seed_0002__train_oracle__feat_b__obj_cvar_a0.95__sigtrue_0.2__sigbar_0.1__lam_0.001,2026-04-02T01:22:16Z,completed,main_benchmark,main,benchmark,True,deep_hedge_oracle,oracle,deep_hedge_oracle,2,B,cvar,0.2,0.1,0.001,,-0.0030389663297683,0.012356309220194817,0.0031151212751865387,0.02053513377904892,0.02479892410337925,0.027326952666044235,0.03168192505836487,3.0084468280804155,5.123096466064453,300844.6828080416,results/gbm_deephedge/benchmark_6_2/runs/seed_0002__train_oracle__feat_b__obj_cvar_a0.95__sigtrue_0.2__sigbar_0.1__lam_0.001,results/gbm_deephedge,27780305c1c791774a72e1dd1bdd846e59f3509c869eec5f983167f6245315c6,76e694c21e709359f62f03a0ba5a97ba6db86a88,GBM_CFG=results/gbm_deephedge/benchmark_6_2/runs/seed_0002__train_oracle__feat_b__obj_cvar_a0.95__sigtrue_0.2__sigbar_0.1__lam_0.001/run_cfg.json python -m src.train_deephedge_gbm
train=oracle|feat=B|obj=cvar|sigtrue=0.2|sigbar=0.25|lam=0|robust=none,seed_0002__train_oracle__feat_b__obj_cvar_a0.95__sigtrue_0.2__sigbar_0.25__lam_0,2026-04-02T01:21:07Z,completed,main_benchmark,main,benchmark,True,bs_delta,oracle,deep_hedge_oracle,2,B,cvar,0.2,0.25,0.0,,2.0006860391393336e-05,0.011801911942501147,4.950007155002378e-05,0.01690641569509107,0.02055618959840646,0.022652861900718545,0.026407714552404295,2.99783483143767,5.516664124030178,299783.483143767,results/gbm_deephedge/benchmark_6_2/runs/seed_0002__train_oracle__feat_b__obj_cvar_a0.95__sigtrue_0.2__sigbar_0.25__lam_0,results/gbm_deephedge,472f15d33509d45e34bc6805af2db752191701435ed9cfced85449effeb6f701,76e694c21e709359f62f03a0ba5a97ba6db86a88,GBM_CFG=results/gbm_deephedge/benchmark_6_2/runs/seed_0002__train_oracle__feat_b__obj_cvar_a0.95__sigtrue_0.2__sigbar_0.25__lam_0/run_cfg.json python -m src.train_deephedge_gbm
train=oracle|feat=B|obj=cvar|sigtrue=0.2|sigbar=0.25|lam=0|robust=none,seed_0002__train_oracle__feat_b__obj_cvar_a0.95__sigtrue_0.2__sigbar_0.25__lam_0,2026-04-02T01:21:07Z,completed,main_benchmark,main,benchmark,True,deep_hedge_oracle,oracle,deep_hedge_oracle,2,B,cvar,0.2,0.25,0.0,,2.3151493223849684e-05,0.012023958377540112,4.902109503746033e-05,0.01694975607097149,0.021295059472322464,0.02393166348338127,0.028360599651932716,3.133122631046772,5.3638176918029785,313312.2631046772,results/gbm_deephedge/benchmark_6_2/runs/seed_0002__train_oracle__feat_b__obj_cvar_a0.95__sigtrue_0.2__sigbar_0.25__lam_0,results/gbm_deephedge,472f15d33509d45e34bc6805af2db752191701435ed9cfced85449effeb6f701,76e694c21e709359f62f03a0ba5a97ba6db86a88,GBM_CFG=results/gbm_deephedge/benchmark_6_2/runs/seed_0002__train_oracle__feat_b__obj_cvar_a0.95__sigtrue_0.2__sigbar_0.25__lam_0/run_cfg.json python -m src.train_deephedge_gbm
train=oracle|feat=B|obj=cvar|sigtrue=0.2|sigbar=0.25|lam=0.0001|robust=none,seed_0002__train_oracle__feat_b__obj_cvar_a0.95__sigtrue_0.2__sigbar_0.25__lam_0.0001,2026-04-02T01:21:32Z,completed,main_benchmark,main,benchmark,True,bs_delta,oracle,deep_hedge_oracle,2,B,cvar,0.2,0.25,0.0001,,-0.0002865914652254761,0.011776215260500808,0.00035579617822841664,0.017155797485729457,0.020841514022650786,0.022932438231095732,0.026740096979892044,2.99783483143767,5.516664124030178,299783.483143767,results/gbm_deephedge/benchmark_6_2/runs/seed_0002__train_oracle__feat_b__obj_cvar_a0.95__sigtrue_0.2__sigbar_0.25__lam_0.0001,results/gbm_deephedge,7d0e519d5ec6607d44d5624c756b4924a6e209129de45174f1191fd3534aad4f,76e694c21e709359f62f03a0ba5a97ba6db86a88,GBM_CFG=results/gbm_deephedge/benchmark_6_2/runs/seed_0002__train_oracle__feat_b__obj_cvar_a0.95__sigtrue_0.2__sigbar_0.25__lam_0.0001/run_cfg.json python -m src.train_deephedge_gbm
train=oracle|feat=B|obj=cvar|sigtrue=0.2|sigbar=0.25|lam=0.0001|robust=none,seed_0002__train_oracle__feat_b__obj_cvar_a0.95__sigtrue_0.2__sigbar_0.25__lam_0.0001,2026-04-02T01:21:32Z,completed,main_benchmark,main,benchmark,True,deep_hedge_oracle,oracle,deep_hedge_oracle,2,B,cvar,0.2,0.25,0.0001,,-0.00029596526292152703,0.0119673702865839,0.0003675036132335663,0.017239326611161232,0.021694278344511986,0.024391764774918556,0.02891717106103897,3.134061215671301,5.363861560821533,313406.1215671301,results/gbm_deephedge/benchmark_6_2/runs/seed_0002__train_oracle__feat_b__obj_cvar_a0.95__sigtrue_0.2__sigbar_0.25__lam_0.0001,results/gbm_deephedge,7d0e519d5ec6607d44d5624c756b4924a6e209129de45174f1191fd3534aad4f,76e694c21e709359f62f03a0ba5a97ba6db86a88,GBM_CFG=results/gbm_deephedge/benchmark_6_2/runs/seed_0002__train_oracle__feat_b__obj_cvar_a0.95__sigtrue_0.2__sigbar_0.25__lam_0.0001/run_cfg.json python -m src.train_deephedge_gbm
train=oracle|feat=B|obj=cvar|sigtrue=0.2|sigbar=0.25|lam=0.0005|robust=none,seed_0002__train_oracle__feat_b__obj_cvar_a0.95__sigtrue_0.2__sigbar_0.25__lam_0.0005,2026-04-02T01:21:57Z,completed,main_benchmark,main,benchmark,True,bs_delta,oracle,deep_hedge_oracle,2,B,cvar,0.2,0.25,0.0005,,-0.0015129848792835548,0.01167927339748664,0.001581055843076301,0.018218970449156276,0.02201037370031067,0.024128999167133895,0.028107749566445114,2.99783483143767,5.516664124030178,299783.483143767,results/gbm_deephedge/benchmark_6_2/runs/seed_0002__train_oracle__feat_b__obj_cvar_a0.95__sigtrue_0.2__sigbar_0.25__lam_0.0005,results/gbm_deephedge,27657c7e01cbd889320d392d7eb5f44464a9b7580984c79d7e16fd48eed30da4,76e694c21e709359f62f03a0ba5a97ba6db86a88,GBM_CFG=results/gbm_deephedge/benchmark_6_2/runs/seed_0002__train_oracle__feat_b__obj_cvar_a0.95__sigtrue_0.2__sigbar_0.25__lam_0.0005/run_cfg.json python -m src.train_deephedge_gbm
train=oracle|feat=B|obj=cvar|sigtrue=0.2|sigbar=0.25|lam=0.0005|robust=none,seed_0002__train_oracle__feat_b__obj_cvar_a0.95__sigtrue_0.2__sigbar_0.25__lam_0.0005,2026-04-02T01:21:57Z,completed,main_benchmark,main,benchmark,True,deep_hedge_oracle,oracle,deep_hedge_oracle,2,B,cvar,0.2,0.25,0.0005,,-0.001542503829114139,0.012337845750153065,0.0016184374690055847,0.019142691045999527,0.02333582192659378,0.025815026834607124,0.030129138380289078,3.0810305627405645,5.263660430908203,308103.05627405643,results/gbm_deephedge/benchmark_6_2/runs/seed_0002__train_oracle__feat_b__obj_cvar_a0.95__sigtrue_0.2__sigbar_0.25__lam_0.0005,results/gbm_deephedge,27657c7e01cbd889320d392d7eb5f44464a9b7580984c79d7e16fd48eed30da4,76e694c21e709359f62f03a0ba5a97ba6db86a88,GBM_CFG=results/gbm_deephedge/benchmark_6_2/runs/seed_0002__train_oracle__feat_b__obj_cvar_a0.95__sigtrue_0.2__sigbar_0.25__lam_0.0005/run_cfg.json python -m src.train_deephedge_gbm
train=oracle|feat=B|obj=cvar|sigtrue=0.2|sigbar=0.25|lam=0.001|robust=none,seed_0002__train_oracle__feat_b__obj_cvar_a0.95__sigtrue_0.2__sigbar_0.25__lam_0.001,2026-04-02T01:22:22Z,completed,main_benchmark,main,benchmark,True,bs_delta,oracle,deep_hedge_oracle,2,B,cvar,0.2,0.25,0.001,,-0.0030459766189585027,0.011571515833277242,0.0031127994179262,0.019617927095060588,0.023530641779474455,0.025709685931265883,0.029888235392603022,2.99783483143767,5.516664124030178,299783.483143767,results/gbm_deephedge/benchmark_6_2/runs/seed_0002__train_oracle__feat_b__obj_cvar_a0.95__sigtrue_0.2__sigbar_0.25__lam_0.001,results/gbm_deephedge,5b13240681f2a8fd7773521122b0c535c8ef4cc106e4276a014d84b4480039c4,76e694c21e709359f62f03a0ba5a97ba6db86a88,GBM_CFG=results/gbm_deephedge/benchmark_6_2/runs/seed_0002__train_oracle__feat_b__obj_cvar_a0.95__sigtrue_0.2__sigbar_0.25__lam_0.001/run_cfg.json python -m src.train_deephedge_gbm
train=oracle|feat=B|obj=cvar|sigtrue=0.2|sigbar=0.25|lam=0.001|robust=none,seed_0002__train_oracle__feat_b__obj_cvar_a0.95__sigtrue_0.2__sigbar_0.25__lam_0.001,2026-04-02T01:22:22Z,completed,main_benchmark,main,benchmark,True,deep_hedge_oracle,oracle,deep_hedge_oracle,2,B,cvar,0.2,0.25,0.001,,-0.0030389663297683,0.012356309220194817,0.0031151212751865387,0.02053513377904892,0.02479892410337925,0.027326952666044235,0.03168192505836487,3.0084468280804155,5.123096466064453,300844.6828080416,results/gbm_deephedge/benchmark_6_2/runs/seed_0002__train_oracle__feat_b__obj_cvar_a0.95__sigtrue_0.2__sigbar_0.25__lam_0.001,results/gbm_deephedge,5b13240681f2a8fd7773521122b0c535c8ef4cc106e4276a014d84b4480039c4,76e694c21e709359f62f03a0ba5a97ba6db86a88,GBM_CFG=results/gbm_deephedge/benchmark_6_2/runs/seed_0002__train_oracle__feat_b__obj_cvar_a0.95__sigtrue_0.2__sigbar_0.25__lam_0.001/run_cfg.json python -m src.train_deephedge_gbm
train=oracle|feat=B|obj=cvar|sigtrue=0.2|sigbar=0.2|lam=0|robust=none,seed_0002__train_oracle__feat_b__obj_cvar_a0.95__sigtrue_0.2__sigbar_0.2__lam_0,2026-04-01T22:00:37Z,completed,main_benchmark,main,benchmark,True,bs_delta,oracle,deep_hedge_oracle,2,B,cvar,0.2,0.2,0.0,,5.697912136075325e-06,0.009712464371244664,4.150576244320303e-05,0.01597757720924642,0.022632521343317762,0.026764890092093412,0.033283179541724425,3.230316048897515,6.247462812298547,323031.6048897515,results/gbm_deephedge/benchmark_6_2/runs/seed_0002__train_oracle__feat_b__obj_cvar_a0.95__sigtrue_0.2__sigbar_0.2__lam_0,results/gbm_deephedge,4a787618e6234aabeeea96167eace6405f04000e406dc30bf8dc8828fefa4427,76e694c21e709359f62f03a0ba5a97ba6db86a88,GBM_CFG=results/gbm_deephedge/benchmark_6_2/runs/seed_0002__train_oracle__feat_b__obj_cvar_a0.95__sigtrue_0.2__sigbar_0.2__lam_0/run_cfg.json python -m src.train_deephedge_gbm
train=oracle|feat=B|obj=cvar|sigtrue=0.2|sigbar=0.2|lam=0|robust=none,seed_0002__train_oracle__feat_b__obj_cvar_a0.95__sigtrue_0.2__sigbar_0.2__lam_0,2026-04-01T22:00:37Z,completed,main_benchmark,main,benchmark,True,deep_hedge_oracle,oracle,deep_hedge_oracle,2,B,cvar,0.2,0.2,0.0,,2.3151493223849684e-05,0.012023958377540112,4.902109503746033e-05,0.01694975607097149,0.021295059472322464,0.02393166348338127,0.028360599651932716,3.133122631046772,5.3638176918029785,313312.2631046772,results/gbm_deephedge/benchmark_6_2/runs/seed_0002__train_oracle__feat_b__obj_cvar_a0.95__sigtrue_0.2__sigbar_0.2__lam_0,results/gbm_deephedge,4a787618e6234aabeeea96167eace6405f04000e406dc30bf8dc8828fefa4427,76e694c21e709359f62f03a0ba5a97ba6db86a88,GBM_CFG=results/gbm_deephedge/benchmark_6_2/runs/seed_0002__train_oracle__feat_b__obj_cvar_a0.95__sigtrue_0.2__sigbar_0.2__lam_0/run_cfg.json python -m src.train_deephedge_gbm
train=oracle|feat=B|obj=cvar|sigtrue=0.2|sigbar=0.2|lam=0.0001|robust=none,seed_0002__train_oracle__feat_b__obj_cvar_a0.95__sigtrue_0.2__sigbar_0.2__lam_0.0001,2026-04-01T22:41:07Z,completed,main_benchmark,main,benchmark,True,bs_delta,oracle,deep_hedge_oracle,2,B,cvar,0.2,0.2,0.0001,,-0.00032429876978154167,0.009724691866861765,0.00037162376691447785,0.01637816992593286,0.02306286004803931,0.02720669711246971,0.033749911988864734,3.230316048897515,6.247462812298547,323031.6048897515,results/gbm_deephedge/benchmark_6_2/runs/seed_0002__train_oracle__feat_b__obj_cvar_a0.95__sigtrue_0.2__sigbar_0.2__lam_0.0001,results/gbm_deephedge,49e9ab48f4231835181393cb97dfa9bcf3e2cb7cf809c13151bca51856013c88,76e694c21e709359f62f03a0ba5a97ba6db86a88,GBM_CFG=results/gbm_deephedge/benchmark_6_2/runs/seed_0002__train_oracle__feat_b__obj_cvar_a0.95__sigtrue_0.2__sigbar_0.2__lam_0.0001/run_cfg.json python -m src.train_deephedge_gbm
train=oracle|feat=B|obj=cvar|sigtrue=0.2|sigbar=0.2|lam=0.0001|robust=none,seed_0002__train_oracle__feat_b__obj_cvar_a0.95__sigtrue_0.2__sigbar_0.2__lam_0.0001,2026-04-01T22:41:07Z,completed,main_benchmark,main,benchmark,True,deep_hedge_oracle,oracle,deep_hedge_oracle,2,B,cvar,0.2,0.2,0.0001,,-0.00029596526292152703,0.0119673702865839,0.0003675036132335663,0.017239326611161232,0.021694278344511986,0.024391764774918556,0.02891717106103897,3.134061215671301,5.363861560821533,313406.1215671301,results/gbm_deephedge/benchmark_6_2/runs/seed_0002__train_oracle__feat_b__obj_cvar_a0.95__sigtrue_0.2__sigbar_0.2__lam_0.0001,results/gbm_deephedge,49e9ab48f4231835181393cb97dfa9bcf3e2cb7cf809c13151bca51856013c88,76e694c21e709359f62f03a0ba5a97ba6db86a88,GBM_CFG=results/gbm_deephedge/benchmark_6_2/runs/seed_0002__train_oracle__feat_b__obj_cvar_a0.95__sigtrue_0.2__sigbar_0.2__lam_0.0001/run_cfg.json python -m src.train_deephedge_gbm
train=oracle|feat=B|obj=cvar|sigtrue=0.2|sigbar=0.2|lam=0.0005|robust=none,seed_0002__train_oracle__feat_b__obj_cvar_a0.95__sigtrue_0.2__sigbar_0.2__lam_0.0005,2026-04-01T23:23:20Z,completed,main_benchmark,main,benchmark,True,bs_delta,oracle,deep_hedge_oracle,2,B,cvar,0.2,0.2,0.0005,,-0.0016442856175590643,0.009783739359349107,0.0016921967372744845,0.01799494698892851,0.024794390324074395,0.029016267935034645,0.03562630878431185,3.230316048897515,6.247462812298547,323031.6048897515,results/gbm_deephedge/benchmark_6_2/runs/seed_0002__train_oracle__feat_b__obj_cvar_a0.95__sigtrue_0.2__sigbar_0.2__lam_0.0005,results/gbm_deephedge,2e8a76c0432c8805c768057273ac73af4b7f2ddde4741f2adf621e30b8c6ee61,76e694c21e709359f62f03a0ba5a97ba6db86a88,GBM_CFG=results/gbm_deephedge/benchmark_6_2/runs/seed_0002__train_oracle__feat_b__obj_cvar_a0.95__sigtrue_0.2__sigbar_0.2__lam_0.0005/run_cfg.json python -m src.train_deephedge_gbm
train=oracle|feat=B|obj=cvar|sigtrue=0.2|sigbar=0.2|lam=0.0005|robust=none,seed_0002__train_oracle__feat_b__obj_cvar_a0.95__sigtrue_0.2__sigbar_0.2__lam_0.0005,2026-04-01T23:23:20Z,completed,main_benchmark,main,benchmark,True,deep_hedge_oracle,oracle,deep_hedge_oracle,2,B,cvar,0.2,0.2,0.0005,,-0.001542503829114139,0.012337845750153065,0.0016184374690055847,0.019142691045999527,0.02333582192659378,0.025815026834607124,0.030129138380289078,3.0810305627405645,5.263660430908203,308103.05627405643,results/gbm_deephedge/benchmark_6_2/runs/seed_0002__train_oracle__feat_b__obj_cvar_a0.95__sigtrue_0.2__sigbar_0.2__lam_0.0005,results/gbm_deephedge,2e8a76c0432c8805c768057273ac73af4b7f2ddde4741f2adf621e30b8c6ee61,76e694c21e709359f62f03a0ba5a97ba6db86a88,GBM_CFG=results/gbm_deephedge/benchmark_6_2/runs/seed_0002__train_oracle__feat_b__obj_cvar_a0.95__sigtrue_0.2__sigbar_0.2__lam_0.0005/run_cfg.json python -m src.train_deephedge_gbm
train=oracle|feat=B|obj=cvar|sigtrue=0.2|sigbar=0.2|lam=0.001|robust=none,seed_0002__train_oracle__feat_b__obj_cvar_a0.95__sigtrue_0.2__sigbar_0.2__lam_0.001,2026-04-02T00:09:22Z,completed,main_benchmark,main,benchmark,True,bs_delta,oracle,deep_hedge_oracle,2,B,cvar,0.2,0.2,0.001,,-0.003294269147254204,0.009879993914691286,0.0033431397794113082,0.020010576640694396,0.026982865827520585,0.031283083219564495,0.03798811300868519,3.230316048897515,6.247462812298547,323031.6048897515,results/gbm_deephedge/benchmark_6_2/runs/seed_0002__train_oracle__feat_b__obj_cvar_a0.95__sigtrue_0.2__sigbar_0.2__lam_0.001,results/gbm_deephedge,0085653e369f4408426d6ee68d53d03d5f0e45eb31164afafe6a7cb55640eabf,76e694c21e709359f62f03a0ba5a97ba6db86a88,GBM_CFG=results/gbm_deephedge/benchmark_6_2/runs/seed_0002__train_oracle__feat_b__obj_cvar_a0.95__sigtrue_0.2__sigbar_0.2__lam_0.001/run_cfg.json python -m src.train_deephedge_gbm
train=oracle|feat=B|obj=cvar|sigtrue=0.2|sigbar=0.2|lam=0.001|robust=none,seed_0002__train_oracle__feat_b__obj_cvar_a0.95__sigtrue_0.2__sigbar_0.2__lam_0.001,2026-04-02T00:09:22Z,completed,main_benchmark,main,benchmark,True,deep_hedge_oracle,oracle,deep_hedge_oracle,2,B,cvar,0.2,0.2,0.001,,-0.0030389663297683,0.012356309220194817,0.0031151212751865387,0.02053513377904892,0.02479892410337925,0.027326952666044235,0.03168192505836487,3.0084468280804155,5.123096466064453,300844.6828080416,results/gbm_deephedge/benchmark_6_2/runs/seed_0002__train_oracle__feat_b__obj_cvar_a0.95__sigtrue_0.2__sigbar_0.2__lam_0.001,results/gbm_deephedge,0085653e369f4408426d6ee68d53d03d5f0e45eb31164afafe6a7cb55640eabf,76e694c21e709359f62f03a0ba5a97ba6db86a88,GBM_CFG=results/gbm_deephedge/benchmark_6_2/runs/seed_0002__train_oracle__feat_b__obj_cvar_a0.95__sigtrue_0.2__sigbar_0.2__lam_0.001/run_cfg.json python -m src.train_deephedge_gbm
train=oracle|feat=B|obj=cvar|sigtrue=0.2|sigbar=0.3|lam=0|robust=none,seed_0002__train_oracle__feat_b__obj_cvar_a0.95__sigtrue_0.2__sigbar_0.3__lam_0,2026-04-02T01:21:10Z,completed,main_benchmark,main,benchmark,True,bs_delta,oracle,deep_hedge_oracle,2,B,cvar,0.2,0.3,0.0,,2.5874977262153518e-05,0.01550452228726593,9.413550540162546e-05,0.023635415785720176,0.027537375038291304,0.029886520659244672,0.03278447093535087,2.8147846105190566,4.9481157060437555,281478.46105190564,results/gbm_deephedge/benchmark_6_2/runs/seed_0002__train_oracle__feat_b__obj_cvar_a0.95__sigtrue_0.2__sigbar_0.3__lam_0,results/gbm_deephedge,116621cb79a31a74be2fc784b9fbe7661fc27f3ea0bbcde7813c0515d2b1e998,76e694c21e709359f62f03a0ba5a97ba6db86a88,GBM_CFG=results/gbm_deephedge/benchmark_6_2/runs/seed_0002__train_oracle__feat_b__obj_cvar_a0.95__sigtrue_0.2__sigbar_0.3__lam_0/run_cfg.json python -m src.train_deephedge_gbm
train=oracle|feat=B|obj=cvar|sigtrue=0.2|sigbar=0.3|lam=0|robust=none,seed_0002__train_oracle__feat_b__obj_cvar_a0.95__sigtrue_0.2__sigbar_0.3__lam_0,2026-04-02T01:21:10Z,completed,main_benchmark,main,benchmark,True,deep_hedge_oracle,oracle,deep_hedge_oracle,2,B,cvar,0.2,0.3,0.0,,2.3151493223849684e-05,0.012023958377540112,4.902109503746033e-05,0.01694975607097149,0.021295059472322464,0.02393166348338127,0.028360599651932716,3.133122631046772,5.3638176918029785,313312.2631046772,results/gbm_deephedge/benchmark_6_2/runs/seed_0002__train_oracle__feat_b__obj_cvar_a0.95__sigtrue_0.2__sigbar_0.3__lam_0,results/gbm_deephedge,116621cb79a31a74be2fc784b9fbe7661fc27f3ea0bbcde7813c0515d2b1e998,76e694c21e709359f62f03a0ba5a97ba6db86a88,GBM_CFG=results/gbm_deephedge/benchmark_6_2/runs/seed_0002__train_oracle__feat_b__obj_cvar_a0.95__sigtrue_0.2__sigbar_0.3__lam_0/run_cfg.json python -m src.train_deephedge_gbm
train=oracle|feat=B|obj=cvar|sigtrue=0.2|sigbar=0.3|lam=0.0001|robust=none,seed_0002__train_oracle__feat_b__obj_cvar_a0.95__sigtrue_0.2__sigbar_0.3__lam_0.0001,2026-04-02T01:21:35Z,completed,main_benchmark,main,benchmark,True,bs_delta,oracle,deep_hedge_oracle,2,B,cvar,0.2,0.3,0.0001,,-0.00026228694575642546,0.015472302657653267,0.00038179740172775145,0.02386157348708589,0.027745286849113152,0.03008903109973721,0.03298305007954531,2.8147846105190566,4.9481157060437555,281478.46105190564,results/gbm_deephedge/benchmark_6_2/runs/seed_0002__train_oracle__feat_b__obj_cvar_a0.95__sigtrue_0.2__sigbar_0.3__lam_0.0001,results/gbm_deephedge,e6fbf3760bd4352fef3ae9e19ce19268dcee7b25996ac59fe25e0d0e4c518d6a,76e694c21e709359f62f03a0ba5a97ba6db86a88,GBM_CFG=results/gbm_deephedge/benchmark_6_2/runs/seed_0002__train_oracle__feat_b__obj_cvar_a0.95__sigtrue_0.2__sigbar_0.3__lam_0.0001/run_cfg.json python -m src.train_deephedge_gbm
train=oracle|feat=B|obj=cvar|sigtrue=0.2|sigbar=0.3|lam=0.0001|robust=none,seed_0002__train_oracle__feat_b__obj_cvar_a0.95__sigtrue_0.2__sigbar_0.3__lam_0.0001,2026-04-02T01:21:35Z,completed,main_benchmark,main,benchmark,True,deep_hedge_oracle,oracle,deep_hedge_oracle,2,B,cvar,0.2,0.3,0.0001,,-0.00029596526292152703,0.0119673702865839,0.0003675036132335663,0.017239326611161232,0.021694278344511986,0.024391764774918556,0.02891717106103897,3.134061215671301,5.363861560821533,313406.1215671301,results/gbm_deephedge/benchmark_6_2/runs/seed_0002__train_oracle__feat_b__obj_cvar_a0.95__sigtrue_0.2__sigbar_0.3__lam_0.0001,results/gbm_deephedge,e6fbf3760bd4352fef3ae9e19ce19268dcee7b25996ac59fe25e0d0e4c518d6a,76e694c21e709359f62f03a0ba5a97ba6db86a88,GBM_CFG=results/gbm_deephedge/benchmark_6_2/runs/seed_0002__train_oracle__feat_b__obj_cvar_a0.95__sigtrue_0.2__sigbar_0.3__lam_0.0001/run_cfg.json python -m src.train_deephedge_gbm
train=oracle|feat=B|obj=cvar|sigtrue=0.2|sigbar=0.3|lam=0.0005|robust=none,seed_0002__train_oracle__feat_b__obj_cvar_a0.95__sigtrue_0.2__sigbar_0.3__lam_0.0005,2026-04-02T01:22:00Z,completed,main_benchmark,main,benchmark,True,bs_delta,oracle,deep_hedge_oracle,2,B,cvar,0.2,0.3,0.0005,,-0.0014149347427117403,0.015346659876408299,0.0015325054972477395,0.024737341471585645,0.028588191072185652,0.03093831336587424,0.033796034304261834,2.8147846105190566,4.9481157060437555,281478.46105190564,results/gbm_deephedge/benchmark_6_2/runs/seed_0002__train_oracle__feat_b__obj_cvar_a0.95__sigtrue_0.2__sigbar_0.3__lam_0.0005,results/gbm_deephedge,63b63efe49a0ccc82d1d2b0dd6b681e07d323a0e7acc6580336b1ad0a69ae5be,76e694c21e709359f62f03a0ba5a97ba6db86a88,GBM_CFG=results/gbm_deephedge/benchmark_6_2/runs/seed_0002__train_oracle__feat_b__obj_cvar_a0.95__sigtrue_0.2__sigbar_0.3__lam_0.0005/run_cfg.json python -m src.train_deephedge_gbm
train=oracle|feat=B|obj=cvar|sigtrue=0.2|sigbar=0.3|lam=0.0005|robust=none,seed_0002__train_oracle__feat_b__obj_cvar_a0.95__sigtrue_0.2__sigbar_0.3__lam_0.0005,2026-04-02T01:22:00Z,completed,main_benchmark,main,benchmark,True,deep_hedge_oracle,oracle,deep_hedge_oracle,2,B,cvar,0.2,0.3,0.0005,,-0.001542503829114139,0.012337845750153065,0.0016184374690055847,0.019142691045999527,0.02333582192659378,0.025815026834607124,0.030129138380289078,3.0810305627405645,5.263660430908203,308103.05627405643,results/gbm_deephedge/benchmark_6_2/runs/seed_0002__train_oracle__feat_b__obj_cvar_a0.95__sigtrue_0.2__sigbar_0.3__lam_0.0005,results/gbm_deephedge,63b63efe49a0ccc82d1d2b0dd6b681e07d323a0e7acc6580336b1ad0a69ae5be,76e694c21e709359f62f03a0ba5a97ba6db86a88,GBM_CFG=results/gbm_deephedge/benchmark_6_2/runs/seed_0002__train_oracle__feat_b__obj_cvar_a0.95__sigtrue_0.2__sigbar_0.3__lam_0.0005/run_cfg.json python -m src.train_deephedge_gbm
train=oracle|feat=B|obj=cvar|sigtrue=0.2|sigbar=0.3|lam=0.001|robust=none,seed_0002__train_oracle__feat_b__obj_cvar_a0.95__sigtrue_0.2__sigbar_0.3__lam_0.001,2026-04-02T01:22:25Z,completed,main_benchmark,main,benchmark,True,bs_delta,oracle,deep_hedge_oracle,2,B,cvar,0.2,0.3,0.001,,-0.002855744462685634,0.015197035767283443,0.002971026491995994,0.02583976057623942,0.029672305736926825,0.03202578497428103,0.034869196111390624,2.8147846105190566,4.9481157060437555,281478.46105190564,results/gbm_deephedge/benchmark_6_2/runs/seed_0002__train_oracle__feat_b__obj_cvar_a0.95__sigtrue_0.2__sigbar_0.3__lam_0.001,results/gbm_deephedge,f1fb300c6b782c1cfca39befadbf95259b243086d971adf5066857382fa2e49b,76e694c21e709359f62f03a0ba5a97ba6db86a88,GBM_CFG=results/gbm_deephedge/benchmark_6_2/runs/seed_0002__train_oracle__feat_b__obj_cvar_a0.95__sigtrue_0.2__sigbar_0.3__lam_0.001/run_cfg.json python -m src.train_deephedge_gbm
train=oracle|feat=B|obj=cvar|sigtrue=0.2|sigbar=0.3|lam=0.001|robust=none,seed_0002__train_oracle__feat_b__obj_cvar_a0.95__sigtrue_0.2__sigbar_0.3__lam_0.001,2026-04-02T01:22:25Z,completed,main_benchmark,main,benchmark,True,deep_hedge_oracle,oracle,deep_hedge_oracle,2,B,cvar,0.2,0.3,0.001,,-0.0030389663297683,0.012356309220194817,0.0031151212751865387,0.02053513377904892,0.02479892410337925,0.027326952666044235,0.03168192505836487,3.0084468280804155,5.123096466064453,300844.6828080416,results/gbm_deephedge/benchmark_6_2/runs/seed_0002__train_oracle__feat_b__obj_cvar_a0.95__sigtrue_0.2__sigbar_0.3__lam_0.001,results/gbm_deephedge,f1fb300c6b782c1cfca39befadbf95259b243086d971adf5066857382fa2e49b,76e694c21e709359f62f03a0ba5a97ba6db86a88,GBM_CFG=results/gbm_deephedge/benchmark_6_2/runs/seed_0002__train_oracle__feat_b__obj_cvar_a0.95__sigtrue_0.2__sigbar_0.3__lam_0.001/run_cfg.json python -m src.train_deephedge_gbm
"train=robust|feat=B|obj=cvar|sigtrue=0.2|sigbar=0.15|lam=0|robust=0.15,0.2,0.25",seed_0002__train_robust_s0.15-0.2-0.25__feat_b__obj_cvar_a0.95__sigtrue_0.2__sigbar_0.15__lam_0,2026-04-02T01:21:17Z,completed,main_benchmark,main,benchmark,True,bs_delta,robust,deep_hedge_robust,2,B,cvar,0.2,0.15,0.0,0.15|0.2|0.25,-2.4708769601440598e-05,0.013034313235399666,0.00011006179346689793,0.02498449159905424,0.03434443030292503,0.04016557240583673,0.04889517167502512,3.533515074541844,7.623808553684021,353351.5074541844,results/gbm_deephedge/benchmark_6_2/runs/seed_0002__train_robust_s0.15-0.2-0.25__feat_b__obj_cvar_a0.95__sigtrue_0.2__sigbar_0.15__lam_0,results/gbm_deephedge,358a6319cf04c9fd64275261d17bfa5687e19045a9442069d6cb112a04df3e8a,76e694c21e709359f62f03a0ba5a97ba6db86a88,GBM_CFG=results/gbm_deephedge/benchmark_6_2/runs/seed_0002__train_robust_s0.15-0.2-0.25__feat_b__obj_cvar_a0.95__sigtrue_0.2__sigbar_0.15__lam_0/run_cfg.json python -m src.train_deephedge_gbm
"train=robust|feat=B|obj=cvar|sigtrue=0.2|sigbar=0.15|lam=0|robust=0.15,0.2,0.25",seed_0002__train_robust_s0.15-0.2-0.25__feat_b__obj_cvar_a0.95__sigtrue_0.2__sigbar_0.15__lam_0,2026-04-02T01:21:17Z,completed,main_benchmark,main,benchmark,True,deep_hedge_robust,robust,deep_hedge_robust,2,B,cvar,0.2,0.15,0.0,0.15|0.2|0.25,3.0856503144605085e-05,0.01470428891479969,7.698312401771545e-05,0.021182052791118622,0.02488240785896778,0.027171345427632332,0.030213864520192146,2.9959632460677623,4.941349983215332,299596.32460677624,results/gbm_deephedge/benchmark_6_2/runs/seed_0002__train_robust_s0.15-0.2-0.25__feat_b__obj_cvar_a0.95__sigtrue_0.2__sigbar_0.15__lam_0,results/gbm_deephedge,358a6319cf04c9fd64275261d17bfa5687e19045a9442069d6cb112a04df3e8a,76e694c21e709359f62f03a0ba5a97ba6db86a88,GBM_CFG=results/gbm_deephedge/benchmark_6_2/runs/seed_0002__train_robust_s0.15-0.2-0.25__feat_b__obj_cvar_a0.95__sigtrue_0.2__sigbar_0.15__lam_0/run_cfg.json python -m src.train_deephedge_gbm
"train=robust|feat=B|obj=cvar|sigtrue=0.2|sigbar=0.15|lam=0.0001|robust=0.15,0.2,0.25",seed_0002__train_robust_s0.15-0.2-0.25__feat_b__obj_cvar_a0.95__sigtrue_0.2__sigbar_0.15__lam_0.0001,2026-04-02T01:21:42Z,completed,main_benchmark,main,benchmark,True,bs_delta,robust,deep_hedge_robust,2,B,cvar,0.2,0.15,0.0001,0.15|0.2|0.25,-0.00038520962164888294,0.013112755388348132,0.00047159396239160323,0.0254868090016451,0.03487780310868348,0.040733031748115996,0.04946584750518524,3.533515074541844,7.623808553684021,353351.5074541844,results/gbm_deephedge/benchmark_6_2/runs/seed_0002__train_robust_s0.15-0.2-0.25__feat_b__obj_cvar_a0.95__sigtrue_0.2__sigbar_0.15__lam_0.0001,results/gbm_deephedge,df426b24ce0cf274b27ab4df55a07b7b8d6efd515c37f28d2b9dcd34abf183c9,76e694c21e709359f62f03a0ba5a97ba6db86a88,GBM_CFG=results/gbm_deephedge/benchmark_6_2/runs/seed_0002__train_robust_s0.15-0.2-0.25__feat_b__obj_cvar_a0.95__sigtrue_0.2__sigbar_0.15__lam_0.0001/run_cfg.json python -m src.train_deephedge_gbm
"train=robust|feat=B|obj=cvar|sigtrue=0.2|sigbar=0.15|lam=0.0001|robust=0.15,0.2,0.25",seed_0002__train_robust_s0.15-0.2-0.25__feat_b__obj_cvar_a0.95__sigtrue_0.2__sigbar_0.15__lam_0.0001,2026-04-02T01:21:42Z,completed,main_benchmark,main,benchmark,True,deep_hedge_robust,robust,deep_hedge_robust,2,B,cvar,0.2,0.15,0.0001,0.15|0.2|0.25,-0.0002682762569747865,0.014746504835784435,0.0003767721354961395,0.021990906447172165,0.025658857077360153,0.02784617617726326,0.030585262924432755,2.964116424833536,4.908597469329834,296411.6424833536,results/gbm_deephedge/benchmark_6_2/runs/seed_0002__train_robust_s0.15-0.2-0.25__feat_b__obj_cvar_a0.95__sigtrue_0.2__sigbar_0.15__lam_0.0001,results/gbm_deephedge,df426b24ce0cf274b27ab4df55a07b7b8d6efd515c37f28d2b9dcd34abf183c9,76e694c21e709359f62f03a0ba5a97ba6db86a88,GBM_CFG=results/gbm_deephedge/benchmark_6_2/runs/seed_0002__train_robust_s0.15-0.2-0.25__feat_b__obj_cvar_a0.95__sigtrue_0.2__sigbar_0.15__lam_0.0001/run_cfg.json python -m src.train_deephedge_gbm
"train=robust|feat=B|obj=cvar|sigtrue=0.2|sigbar=0.15|lam=0.0005|robust=0.15,0.2,0.25",seed_0002__train_robust_s0.15-0.2-0.25__feat_b__obj_cvar_a0.95__sigtrue_0.2__sigbar_0.15__lam_0.0005,2026-04-02T01:22:07Z,completed,main_benchmark,main,benchmark,True,bs_delta,robust,deep_hedge_robust,2,B,cvar,0.2,0.15,0.0005,0.15|0.2|0.25,-0.001827213161050346,0.013433077538179175,0.0019178726626597892,0.027523902651463757,0.03701774961520355,0.042925562472960296,0.051755312221774756,3.533515074541844,7.623808553684021,353351.5074541844,results/gbm_deephedge/benchmark_6_2/runs/seed_0002__train_robust_s0.15-0.2-0.25__feat_b__obj_cvar_a0.95__sigtrue_0.2__sigbar_0.15__lam_0.0005,results/gbm_deephedge,072553b6c8ac0241b49af66f8a95273b8642afcc0dc0f37993456e1721f98507,76e694c21e709359f62f03a0ba5a97ba6db86a88,GBM_CFG=results/gbm_deephedge/benchmark_6_2/runs/seed_0002__train_robust_s0.15-0.2-0.25__feat_b__obj_cvar_a0.95__sigtrue_0.2__sigbar_0.15__lam_0.0005/run_cfg.json python -m src.train_deephedge_gbm
"train=robust|feat=B|obj=cvar|sigtrue=0.2|sigbar=0.15|lam=0.0005|robust=0.15,0.2,0.25",seed_0002__train_robust_s0.15-0.2-0.25__feat_b__obj_cvar_a0.95__sigtrue_0.2__sigbar_0.15__lam_0.0005,2026-04-02T01:22:07Z,completed,main_benchmark,main,benchmark,True,deep_hedge_robust,robust,deep_hedge_robust,2,B,cvar,0.2,0.15,0.0005,0.15|0.2|0.25,-0.0014460725942626595,0.014982295222580433,0.001558057963848114,0.023564159870147705,0.027345897629857063,0.029669100418686867,0.0325951986014843,2.903997084710598,4.800692081451416,290399.7084710598,results/gbm_deephedge/benchmark_6_2/runs/seed_0002__train_robust_s0.15-0.2-0.25__feat_b__obj_cvar_a0.95__sigtrue_0.2__sigbar_0.15__lam_0.0005,results/gbm_deephedge,072553b6c8ac0241b49af66f8a95273b8642afcc0dc0f37993456e1721f98507,76e694c21e709359f62f03a0ba5a97ba6db86a88,GBM_CFG=results/gbm_deephedge/benchmark_6_2/runs/seed_0002__train_robust_s0.15-0.2-0.25__feat_b__obj_cvar_a0.95__sigtrue_0.2__sigbar_0.15__lam_0.0005/run_cfg.json python -m src.train_deephedge_gbm
"train=robust|feat=B|obj=cvar|sigtrue=0.2|sigbar=0.15|lam=0.001|robust=0.15,0.2,0.25",seed_0002__train_robust_s0.15-0.2-0.25__feat_b__obj_cvar_a0.95__sigtrue_0.2__sigbar_0.15__lam_0.001,2026-04-02T01:22:31Z,completed,main_benchmark,main,benchmark,True,bs_delta,robust,deep_hedge_robust,2,B,cvar,0.2,0.15,0.001,0.15|0.2|0.25,-0.003629717552499252,0.013847365923346048,0.003726058261390608,0.030034698841897346,0.03970527792423233,0.04569666881167068,0.05463049552492538,3.533515074541844,7.623808553684021,353351.5074541844,results/gbm_deephedge/benchmark_6_2/runs/seed_0002__train_robust_s0.15-0.2-0.25__feat_b__obj_cvar_a0.95__sigtrue_0.2__sigbar_0.15__lam_0.001,results/gbm_deephedge,da2a321f8269845dd41e41f7cf780cbb00c87abdb4d2901761dab08fa5815302,76e694c21e709359f62f03a0ba5a97ba6db86a88,GBM_CFG=results/gbm_deephedge/benchmark_6_2/runs/seed_0002__train_robust_s0.15-0.2-0.25__feat_b__obj_cvar_a0.95__sigtrue_0.2__sigbar_0.15__lam_0.001/run_cfg.json python -m src.train_deephedge_gbm
"train=robust|feat=B|obj=cvar|sigtrue=0.2|sigbar=0.15|lam=0.001|robust=0.15,0.2,0.25",seed_0002__train_robust_s0.15-0.2-0.25__feat_b__obj_cvar_a0.95__sigtrue_0.2__sigbar_0.15__lam_0.001,2026-04-02T01:22:31Z,completed,main_benchmark,main,benchmark,True,deep_hedge_robust,robust,deep_hedge_robust,2,B,cvar,0.2,0.15,0.001,0.15|0.2|0.25,-0.0028705322183668613,0.014839403331279755,0.002980399876832962,0.0242909025400877,0.02811179868876934,0.030428430065512657,0.03374108299612999,2.847272368811369,4.7242937088012695,284727.2368811369,results/gbm_deephedge/benchmark_6_2/runs/seed_0002__train_robust_s0.15-0.2-0.25__feat_b__obj_cvar_a0.95__sigtrue_0.2__sigbar_0.15__lam_0.001,results/gbm_deephedge,da2a321f8269845dd41e41f7cf780cbb00c87abdb4d2901761dab08fa5815302,76e694c21e709359f62f03a0ba5a97ba6db86a88,GBM_CFG=results/gbm_deephedge/benchmark_6_2/runs/seed_0002__train_robust_s0.15-0.2-0.25__feat_b__obj_cvar_a0.95__sigtrue_0.2__sigbar_0.15__lam_0.001/run_cfg.json python -m src.train_deephedge_gbm
"train=robust|feat=B|obj=cvar|sigtrue=0.2|sigbar=0.1|lam=0|robust=0.15,0.2,0.25",seed_0002__train_robust_s0.15-0.2-0.25__feat_b__obj_cvar_a0.95__sigtrue_0.2__sigbar_0.1__lam_0,2026-04-02T01:21:14Z,completed,main_benchmark,main,benchmark,True,bs_delta,robust,deep_hedge_robust,2,B,cvar,0.2,0.1,0.0,0.15|0.2|0.25,-8.578649653293634e-05,0.02251223022353081,0.0003407315826690904,0.04188908366209807,0.05525982285358375,0.0637063057978819,0.074946074654625,3.9424597233688634,10.121177694396884,394245.97233688633,results/gbm_deephedge/benchmark_6_2/runs/seed_0002__train_robust_s0.15-0.2-0.25__feat_b__obj_cvar_a0.95__sigtrue_0.2__sigbar_0.1__lam_0,results/gbm_deephedge,1f5249f2c6f6f36ee1a87929b754809f990046a439348471cb7ef22db6f5a676,76e694c21e709359f62f03a0ba5a97ba6db86a88,GBM_CFG=results/gbm_deephedge/benchmark_6_2/runs/seed_0002__train_robust_s0.15-0.2-0.25__feat_b__obj_cvar_a0.95__sigtrue_0.2__sigbar_0.1__lam_0/run_cfg.json python -m src.train_deephedge_gbm
"train=robust|feat=B|obj=cvar|sigtrue=0.2|sigbar=0.1|lam=0|robust=0.15,0.2,0.25",seed_0002__train_robust_s0.15-0.2-0.25__feat_b__obj_cvar_a0.95__sigtrue_0.2__sigbar_0.1__lam_0,2026-04-02T01:21:14Z,completed,main_benchmark,main,benchmark,True,deep_hedge_robust,robust,deep_hedge_robust,2,B,cvar,0.2,0.1,0.0,0.15|0.2|0.25,3.0856503144605085e-05,0.01470428891479969,7.698312401771545e-05,0.021182052791118622,0.02488240785896778,0.027171345427632332,0.030213864520192146,2.9959632460677623,4.941349983215332,299596.32460677624,results/gbm_deephedge/benchmark_6_2/runs/seed_0002__train_robust_s0.15-0.2-0.25__feat_b__obj_cvar_a0.95__sigtrue_0.2__sigbar_0.1__lam_0,results/gbm_deephedge,1f5249f2c6f6f36ee1a87929b754809f990046a439348471cb7ef22db6f5a676,76e694c21e709359f62f03a0ba5a97ba6db86a88,GBM_CFG=results/gbm_deephedge/benchmark_6_2/runs/seed_0002__train_robust_s0.15-0.2-0.25__feat_b__obj_cvar_a0.95__sigtrue_0.2__sigbar_0.1__lam_0/run_cfg.json python -m src.train_deephedge_gbm
"train=robust|feat=B|obj=cvar|sigtrue=0.2|sigbar=0.1|lam=0.0001|robust=0.15,0.2,0.25",seed_0002__train_robust_s0.15-0.2-0.25__feat_b__obj_cvar_a0.95__sigtrue_0.2__sigbar_0.1__lam_0.0001,2026-04-02T01:21:39Z,completed,main_benchmark,main,benchmark,True,bs_delta,robust,deep_hedge_robust,2,B,cvar,0.2,0.1,0.0001,0.15|0.2|0.25,-0.00048741913015654576,0.02264661853056353,0.0007454183288079785,0.0425024221346191,0.05593003066568117,0.06436968776042358,0.07567012975969996,3.9424597233688634,10.121177694396884,394245.97233688633,results/gbm_deephedge/benchmark_6_2/runs/seed_0002__train_robust_s0.15-0.2-0.25__feat_b__obj_cvar_a0.95__sigtrue_0.2__sigbar_0.1__lam_0.0001,results/gbm_deephedge,607df8fa83d5ae8f49c562890e018c1b7f7187049618def5711f653b7120b554,76e694c21e709359f62f03a0ba5a97ba6db86a88,GBM_CFG=results/gbm_deephedge/benchmark_6_2/runs/seed_0002__train_robust_s0.15-0.2-0.25__feat_b__obj_cvar_a0.95__sigtrue_0.2__sigbar_0.1__lam_0.0001/run_cfg.json python -m src.train_deephedge_gbm
"train=robust|feat=B|obj=cvar|sigtrue=0.2|sigbar=0.1|lam=0.0001|robust=0.15,0.2,0.25",seed_0002__train_robust_s0.15-0.2-0.25__feat_b__obj_cvar_a0.95__sigtrue_0.2__sigbar_0.1__lam_0.0001,2026-04-02T01:21:39Z,completed,main_benchmark,main,benchmark,True,deep_hedge_robust,robust,deep_hedge_robust,2,B,cvar,0.2,0.1,0.0001,0.15|0.2|0.25,-0.0002682762569747865,0.014746504835784435,0.0003767721354961395,0.021990906447172165,0.025658857077360153,0.02784617617726326,0.030585262924432755,2.964116424833536,4.908597469329834,296411.6424833536,results/gbm_deephedge/benchmark_6_2/runs/seed_0002__train_robust_s0.15-0.2-0.25__feat_b__obj_cvar_a0.95__sigtrue_0.2__sigbar_0.1__lam_0.0001,results/gbm_deephedge,607df8fa83d5ae8f49c562890e018c1b7f7187049618def5711f653b7120b554,76e694c21e709359f62f03a0ba5a97ba6db86a88,GBM_CFG=results/gbm_deephedge/benchmark_6_2/runs/seed_0002__train_robust_s0.15-0.2-0.25__feat_b__obj_cvar_a0.95__sigtrue_0.2__sigbar_0.1__lam_0.0001/run_cfg.json python -m src.train_deephedge_gbm
"train=robust|feat=B|obj=cvar|sigtrue=0.2|sigbar=0.1|lam=0.0005|robust=0.15,0.2,0.25",seed_0002__train_robust_s0.15-0.2-0.25__feat_b__obj_cvar_a0.95__sigtrue_0.2__sigbar_0.1__lam_0.0005,2026-04-02T01:22:03Z,completed,main_benchmark,main,benchmark,True,bs_delta,robust,deep_hedge_robust,2,B,cvar,0.2,0.1,0.0005,0.15|0.2|0.25,-0.00209394981083811,0.023187258830720762,0.002364419321904454,0.045057971080140286,0.058616146539838904,0.06707022159760169,0.07857064484582443,3.9424597233688634,10.121177694396884,394245.97233688633,results/gbm_deephedge/benchmark_6_2/runs/seed_0002__train_robust_s0.15-0.2-0.25__feat_b__obj_cvar_a0.95__sigtrue_0.2__sigbar_0.1__lam_0.0005,results/gbm_deephedge,164a151f7ea00b591d7d6157b04b5056d35b9c7cba3241a3279085e36e27e5ee,76e694c21e709359f62f03a0ba5a97ba6db86a88,GBM_CFG=results/gbm_deephedge/benchmark_6_2/runs/seed_0002__train_robust_s0.15-0.2-0.25__feat_b__obj_cvar_a0.95__sigtrue_0.2__sigbar_0.1__lam_0.0005/run_cfg.json python -m src.train_deephedge_gbm
"train=robust|feat=B|obj=cvar|sigtrue=0.2|sigbar=0.1|lam=0.0005|robust=0.15,0.2,0.25",seed_0002__train_robust_s0.15-0.2-0.25__feat_b__obj_cvar_a0.95__sigtrue_0.2__sigbar_0.1__lam_0.0005,2026-04-02T01:22:03Z,completed,main_benchmark,main,benchmark,True,deep_hedge_robust,robust,deep_hedge_robust,2,B,cvar,0.2,0.1,0.0005,0.15|0.2|0.25,-0.0014460725942626595,0.014982295222580433,0.001558057963848114,0.023564159870147705,0.027345897629857063,0.029669100418686867,0.0325951986014843,2.903997084710598,4.800692081451416,290399.7084710598,results/gbm_deephedge/benchmark_6_2/runs/seed_0002__train_robust_s0.15-0.2-0.25__feat_b__obj_cvar_a0.95__sigtrue_0.2__sigbar_0.1__lam_0.0005,results/gbm_deephedge,164a151f7ea00b591d7d6157b04b5056d35b9c7cba3241a3279085e36e27e5ee,76e694c21e709359f62f03a0ba5a97ba6db86a88,GBM_CFG=results/gbm_deephedge/benchmark_6_2/runs/seed_0002__train_robust_s0.15-0.2-0.25__feat_b__obj_cvar_a0.95__sigtrue_0.2__sigbar_0.1__lam_0.0005/run_cfg.json python -m src.train_deephedge_gbm
"train=robust|feat=B|obj=cvar|sigtrue=0.2|sigbar=0.1|lam=0.001|robust=0.15,0.2,0.25",seed_0002__train_robust_s0.15-0.2-0.25__feat_b__obj_cvar_a0.95__sigtrue_0.2__sigbar_0.1__lam_0.001,2026-04-02T01:22:28Z,completed,main_benchmark,main,benchmark,True,bs_delta,robust,deep_hedge_robust,2,B,cvar,0.2,0.1,0.001,0.15|0.2|0.25,-0.004102113125143284,0.02386961079920203,0.0043887417730661404,0.048220634935007674,0.061983538059557836,0.07062076437590281,0.08220727721581193,3.9424597233688634,10.121177694396884,394245.97233688633,results/gbm_deephedge/benchmark_6_2/runs/seed_0002__train_robust_s0.15-0.2-0.25__feat_b__obj_cvar_a0.95__sigtrue_0.2__sigbar_0.1__lam_0.001,results/gbm_deephedge,b19ed5229acca011ef4ff41ae2b9792b40755d2fd1a78f55cf8fe1985d14d32e,76e694c21e709359f62f03a0ba5a97ba6db86a88,GBM_CFG=results/gbm_deephedge/benchmark_6_2/runs/seed_0002__train_robust_s0.15-0.2-0.25__feat_b__obj_cvar_a0.95__sigtrue_0.2__sigbar_0.1__lam_0.001/run_cfg.json python -m src.train_deephedge_gbm
"train=robust|feat=B|obj=cvar|sigtrue=0.2|sigbar=0.1|lam=0.001|robust=0.15,0.2,0.25",seed_0002__train_robust_s0.15-0.2-0.25__feat_b__obj_cvar_a0.95__sigtrue_0.2__sigbar_0.1__lam_0.001,2026-04-02T01:22:28Z,completed,main_benchmark,main,benchmark,True,deep_hedge_robust,robust,deep_hedge_robust,2,B,cvar,0.2,0.1,0.001,0.15|0.2|0.25,-0.0028705322183668613,0.014839403331279755,0.002980399876832962,0.0242909025400877,0.02811179868876934,0.030428430065512657,0.03374108299612999,2.847272368811369,4.7242937088012695,284727.2368811369,results/gbm_deephedge/benchmark_6_2/runs/seed_0002__train_robust_s0.15-0.2-0.25__feat_b__obj_cvar_a0.95__sigtrue_0.2__sigbar_0.1__lam_0.001,results/gbm_deephedge,b19ed5229acca011ef4ff41ae2b9792b40755d2fd1a78f55cf8fe1985d14d32e,76e694c21e709359f62f03a0ba5a97ba6db86a88,GBM_CFG=results/gbm_deephedge/benchmark_6_2/runs/seed_0002__train_robust_s0.15-0.2-0.25__feat_b__obj_cvar_a0.95__sigtrue_0.2__sigbar_0.1__lam_0.001/run_cfg.json python -m src.train_deephedge_gbm
"train=robust|feat=B|obj=cvar|sigtrue=0.2|sigbar=0.25|lam=0|robust=0.15,0.2,0.25",seed_0002__train_robust_s0.15-0.2-0.25__feat_b__obj_cvar_a0.95__sigtrue_0.2__sigbar_0.25__lam_0,2026-04-02T01:21:20Z,completed,main_benchmark,main,benchmark,True,bs_delta,robust,deep_hedge_robust,2,B,cvar,0.2,0.25,0.0,0.15|0.2|0.25,2.0006860391393336e-05,0.011801911942501147,4.950007155002378e-05,0.01690641569509107,0.02055618959840646,0.022652861900718545,0.026407714552404295,2.99783483143767,5.516664124030178,299783.483143767,results/gbm_deephedge/benchmark_6_2/runs/seed_0002__train_robust_s0.15-0.2-0.25__feat_b__obj_cvar_a0.95__sigtrue_0.2__sigbar_0.25__lam_0,results/gbm_deephedge,268f0b1f0daa59590ecac54efbf4774c8a4644f27011aa1aec89df72210958f0,76e694c21e709359f62f03a0ba5a97ba6db86a88,GBM_CFG=results/gbm_deephedge/benchmark_6_2/runs/seed_0002__train_robust_s0.15-0.2-0.25__feat_b__obj_cvar_a0.95__sigtrue_0.2__sigbar_0.25__lam_0/run_cfg.json python -m src.train_deephedge_gbm
"train=robust|feat=B|obj=cvar|sigtrue=0.2|sigbar=0.25|lam=0|robust=0.15,0.2,0.25",seed_0002__train_robust_s0.15-0.2-0.25__feat_b__obj_cvar_a0.95__sigtrue_0.2__sigbar_0.25__lam_0,2026-04-02T01:21:20Z,completed,main_benchmark,main,benchmark,True,deep_hedge_robust,robust,deep_hedge_robust,2,B,cvar,0.2,0.25,0.0,0.15|0.2|0.25,3.0856503144605085e-05,0.01470428891479969,7.698312401771545e-05,0.021182052791118622,0.02488240785896778,0.027171345427632332,0.030213864520192146,2.9959632460677623,4.941349983215332,299596.32460677624,results/gbm_deephedge/benchmark_6_2/runs/seed_0002__train_robust_s0.15-0.2-0.25__feat_b__obj_cvar_a0.95__sigtrue_0.2__sigbar_0.25__lam_0,results/gbm_deephedge,268f0b1f0daa59590ecac54efbf4774c8a4644f27011aa1aec89df72210958f0,76e694c21e709359f62f03a0ba5a97ba6db86a88,GBM_CFG=results/gbm_deephedge/benchmark_6_2/runs/seed_0002__train_robust_s0.15-0.2-0.25__feat_b__obj_cvar_a0.95__sigtrue_0.2__sigbar_0.25__lam_0/run_cfg.json python -m src.train_deephedge_gbm
"train=robust|feat=B|obj=cvar|sigtrue=0.2|sigbar=0.25|lam=0.0001|robust=0.15,0.2,0.25",seed_0002__train_robust_s0.15-0.2-0.25__feat_b__obj_cvar_a0.95__sigtrue_0.2__sigbar_0.25__lam_0.0001,2026-04-02T01:21:45Z,completed,main_benchmark,main,benchmark,True,bs_delta,robust,deep_hedge_robust,2,B,cvar,0.2,0.25,0.0001,0.15|0.2|0.25,-0.0002865914652254761,0.011776215260500808,0.00035579617822841664,0.017155797485729457,0.020841514022650786,0.022932438231095732,0.026740096979892044,2.99783483143767,5.516664124030178,299783.483143767,results/gbm_deephedge/benchmark_6_2/runs/seed_0002__train_robust_s0.15-0.2-0.25__feat_b__obj_cvar_a0.95__sigtrue_0.2__sigbar_0.25__lam_0.0001,results/gbm_deephedge,33d73a7cfe7e7734d7b6a98e05e96d4aef5cadf0caa3927d0a5bf78ac1b00c50,76e694c21e709359f62f03a0ba5a97ba6db86a88,GBM_CFG=results/gbm_deephedge/benchmark_6_2/runs/seed_0002__train_robust_s0.15-0.2-0.25__feat_b__obj_cvar_a0.95__sigtrue_0.2__sigbar_0.25__lam_0.0001/run_cfg.json python -m src.train_deephedge_gbm
"train=robust|feat=B|obj=cvar|sigtrue=0.2|sigbar=0.25|lam=0.0001|robust=0.15,0.2,0.25",seed_0002__train_robust_s0.15-0.2-0.25__feat_b__obj_cvar_a0.95__sigtrue_0.2__sigbar_0.25__lam_0.0001,2026-04-02T01:21:45Z,completed,main_benchmark,main,benchmark,True,deep_hedge_robust,robust,deep_hedge_robust,2,B,cvar,0.2,0.25,0.0001,0.15|0.2|0.25,-0.0002682762569747865,0.014746504835784435,0.0003767721354961395,0.021990906447172165,0.025658857077360153,0.02784617617726326,0.030585262924432755,2.964116424833536,4.908597469329834,296411.6424833536,results/gbm_deephedge/benchmark_6_2/runs/seed_0002__train_robust_s0.15-0.2-0.25__feat_b__obj_cvar_a0.95__sigtrue_0.2__sigbar_0.25__lam_0.0001,results/gbm_deephedge,33d73a7cfe7e7734d7b6a98e05e96d4aef5cadf0caa3927d0a5bf78ac1b00c50,76e694c21e709359f62f03a0ba5a97ba6db86a88,GBM_CFG=results/gbm_deephedge/benchmark_6_2/runs/seed_0002__train_robust_s0.15-0.2-0.25__feat_b__obj_cvar_a0.95__sigtrue_0.2__sigbar_0.25__lam_0.0001/run_cfg.json python -m src.train_deephedge_gbm
"train=robust|feat=B|obj=cvar|sigtrue=0.2|sigbar=0.25|lam=0.0005|robust=0.15,0.2,0.25",seed_0002__train_robust_s0.15-0.2-0.25__feat_b__obj_cvar_a0.95__sigtrue_0.2__sigbar_0.25__lam_0.0005,2026-04-02T01:22:10Z,completed,main_benchmark,main,benchmark,True,bs_delta,robust,deep_hedge_robust,2,B,cvar,0.2,0.25,0.0005,0.15|0.2|0.25,-0.0015129848792835548,0.01167927339748664,0.001581055843076301,0.018218970449156276,0.02201037370031067,0.024128999167133895,0.028107749566445114,2.99783483143767,5.516664124030178,299783.483143767,results/gbm_deephedge/benchmark_6_2/runs/seed_0002__train_robust_s0.15-0.2-0.25__feat_b__obj_cvar_a0.95__sigtrue_0.2__sigbar_0.25__lam_0.0005,results/gbm_deephedge,dd02807a72deb86c53a4d5cfe04f77ccc19af14d3f3a1fa063348a88b22fd34f,76e694c21e709359f62f03a0ba5a97ba6db86a88,GBM_CFG=results/gbm_deephedge/benchmark_6_2/runs/seed_0002__train_robust_s0.15-0.2-0.25__feat_b__obj_cvar_a0.95__sigtrue_0.2__sigbar_0.25__lam_0.0005/run_cfg.json python -m src.train_deephedge_gbm
"train=robust|feat=B|obj=cvar|sigtrue=0.2|sigbar=0.25|lam=0.0005|robust=0.15,0.2,0.25",seed_0002__train_robust_s0.15-0.2-0.25__feat_b__obj_cvar_a0.95__sigtrue_0.2__sigbar_0.25__lam_0.0005,2026-04-02T01:22:10Z,completed,main_benchmark,main,benchmark,True,deep_hedge_robust,robust,deep_hedge_robust,2,B,cvar,0.2,0.25,0.0005,0.15|0.2|0.25,-0.0014460725942626595,0.014982295222580433,0.001558057963848114,0.023564159870147705,0.027345897629857063,0.029669100418686867,0.0325951986014843,2.903997084710598,4.800692081451416,290399.7084710598,results/gbm_deephedge/benchmark_6_2/runs/seed_0002__train_robust_s0.15-0.2-0.25__feat_b__obj_cvar_a0.95__sigtrue_0.2__sigbar_0.25__lam_0.0005,results/gbm_deephedge,dd02807a72deb86c53a4d5cfe04f77ccc19af14d3f3a1fa063348a88b22fd34f,76e694c21e709359f62f03a0ba5a97ba6db86a88,GBM_CFG=results/gbm_deephedge/benchmark_6_2/runs/seed_0002__train_robust_s0.15-0.2-0.25__feat_b__obj_cvar_a0.95__sigtrue_0.2__sigbar_0.25__lam_0.0005/run_cfg.json python -m src.train_deephedge_gbm
"train=robust|feat=B|obj=cvar|sigtrue=0.2|sigbar=0.25|lam=0.001|robust=0.15,0.2,0.25",seed_0002__train_robust_s0.15-0.2-0.25__feat_b__obj_cvar_a0.95__sigtrue_0.2__sigbar_0.25__lam_0.001,2026-04-02T01:22:34Z,completed,main_benchmark,main,benchmark,True,bs_delta,robust,deep_hedge_robust,2,B,cvar,0.2,0.25,0.001,0.15|0.2|0.25,-0.0030459766189585027,0.011571515833277242,0.0031127994179262,0.019617927095060588,0.023530641779474455,0.025709685931265883,0.029888235392603022,2.99783483143767,5.516664124030178,299783.483143767,results/gbm_deephedge/benchmark_6_2/runs/seed_0002__train_robust_s0.15-0.2-0.25__feat_b__obj_cvar_a0.95__sigtrue_0.2__sigbar_0.25__lam_0.001,results/gbm_deephedge,220c26a5f27c3e37a2d038f4faf8620288b9cf64f3b211f07e33e8a0a8f017f4,76e694c21e709359f62f03a0ba5a97ba6db86a88,GBM_CFG=results/gbm_deephedge/benchmark_6_2/runs/seed_0002__train_robust_s0.15-0.2-0.25__feat_b__obj_cvar_a0.95__sigtrue_0.2__sigbar_0.25__lam_0.001/run_cfg.json python -m src.train_deephedge_gbm
"train=robust|feat=B|obj=cvar|sigtrue=0.2|sigbar=0.25|lam=0.001|robust=0.15,0.2,0.25",seed_0002__train_robust_s0.15-0.2-0.25__feat_b__obj_cvar_a0.95__sigtrue_0.2__sigbar_0.25__lam_0.001,2026-04-02T01:22:34Z,completed,main_benchmark,main,benchmark,True,deep_hedge_robust,robust,deep_hedge_robust,2,B,cvar,0.2,0.25,0.001,0.15|0.2|0.25,-0.0028705322183668613,0.014839403331279755,0.002980399876832962,0.0242909025400877,0.02811179868876934,0.030428430065512657,0.03374108299612999,2.847272368811369,4.7242937088012695,284727.2368811369,results/gbm_deephedge/benchmark_6_2/runs/seed_0002__train_robust_s0.15-0.2-0.25__feat_b__obj_cvar_a0.95__sigtrue_0.2__sigbar_0.25__lam_0.001,results/gbm_deephedge,220c26a5f27c3e37a2d038f4faf8620288b9cf64f3b211f07e33e8a0a8f017f4,76e694c21e709359f62f03a0ba5a97ba6db86a88,GBM_CFG=results/gbm_deephedge/benchmark_6_2/runs/seed_0002__train_robust_s0.15-0.2-0.25__feat_b__obj_cvar_a0.95__sigtrue_0.2__sigbar_0.25__lam_0.001/run_cfg.json python -m src.train_deephedge_gbm
"train=robust|feat=B|obj=cvar|sigtrue=0.2|sigbar=0.2|lam=0|robust=0.15,0.2,0.25",seed_0002__train_robust_s0.15-0.2-0.25__feat_b__obj_cvar_a0.95__sigtrue_0.2__sigbar_0.2__lam_0,2026-04-01T22:02:50Z,completed,main_benchmark,main,benchmark,True,bs_delta,robust,deep_hedge_robust,2,B,cvar,0.2,0.2,0.0,0.15|0.2|0.25,5.697912136075325e-06,0.009712464371244664,4.150576244320303e-05,0.01597757720924642,0.022632521343317762,0.026764890092093412,0.033283179541724425,3.230316048897515,6.247462812298547,323031.6048897515,results/gbm_deephedge/benchmark_6_2/runs/seed_0002__train_robust_s0.15-0.2-0.25__feat_b__obj_cvar_a0.95__sigtrue_0.2__sigbar_0.2__lam_0,results/gbm_deephedge,ce98ebaf60dae69154a3293ffce184e9f637173862df7ae434a95296ca5464d4,76e694c21e709359f62f03a0ba5a97ba6db86a88,GBM_CFG=results/gbm_deephedge/benchmark_6_2/runs/seed_0002__train_robust_s0.15-0.2-0.25__feat_b__obj_cvar_a0.95__sigtrue_0.2__sigbar_0.2__lam_0/run_cfg.json python -m src.train_deephedge_gbm
"train=robust|feat=B|obj=cvar|sigtrue=0.2|sigbar=0.2|lam=0|robust=0.15,0.2,0.25",seed_0002__train_robust_s0.15-0.2-0.25__feat_b__obj_cvar_a0.95__sigtrue_0.2__sigbar_0.2__lam_0,2026-04-01T22:02:50Z,completed,main_benchmark,main,benchmark,True,deep_hedge_robust,robust,deep_hedge_robust,2,B,cvar,0.2,0.2,0.0,0.15|0.2|0.25,3.0856503144605085e-05,0.01470428891479969,7.698312401771545e-05,0.021182052791118622,0.02488240785896778,0.027171345427632332,0.030213864520192146,2.9959632460677623,4.941349983215332,299596.32460677624,results/gbm_deephedge/benchmark_6_2/runs/seed_0002__train_robust_s0.15-0.2-0.25__feat_b__obj_cvar_a0.95__sigtrue_0.2__sigbar_0.2__lam_0,results/gbm_deephedge,ce98ebaf60dae69154a3293ffce184e9f637173862df7ae434a95296ca5464d4,76e694c21e709359f62f03a0ba5a97ba6db86a88,GBM_CFG=results/gbm_deephedge/benchmark_6_2/runs/seed_0002__train_robust_s0.15-0.2-0.25__feat_b__obj_cvar_a0.95__sigtrue_0.2__sigbar_0.2__lam_0/run_cfg.json python -m src.train_deephedge_gbm
"train=robust|feat=B|obj=cvar|sigtrue=0.2|sigbar=0.2|lam=0.0001|robust=0.15,0.2,0.25",seed_0002__train_robust_s0.15-0.2-0.25__feat_b__obj_cvar_a0.95__sigtrue_0.2__sigbar_0.2__lam_0.0001,2026-04-01T22:43:18Z,completed,main_benchmark,main,benchmark,True,bs_delta,robust,deep_hedge_robust,2,B,cvar,0.2,0.2,0.0001,0.15|0.2|0.25,-0.00032429876978154167,0.009724691866861765,0.00037162376691447785,0.01637816992593286,0.02306286004803931,0.02720669711246971,0.033749911988864734,3.230316048897515,6.247462812298547,323031.6048897515,results/gbm_deephedge/benchmark_6_2/runs/seed_0002__train_robust_s0.15-0.2-0.25__feat_b__obj_cvar_a0.95__sigtrue_0.2__sigbar_0.2__lam_0.0001,results/gbm_deephedge,551ac9617861f0c9e7a606a3d094dc4f5b6b43c6622c34783737ba1e90b9dcb0,76e694c21e709359f62f03a0ba5a97ba6db86a88,GBM_CFG=results/gbm_deephedge/benchmark_6_2/runs/seed_0002__train_robust_s0.15-0.2-0.25__feat_b__obj_cvar_a0.95__sigtrue_0.2__sigbar_0.2__lam_0.0001/run_cfg.json python -m src.train_deephedge_gbm
"train=robust|feat=B|obj=cvar|sigtrue=0.2|sigbar=0.2|lam=0.0001|robust=0.15,0.2,0.25",seed_0002__train_robust_s0.15-0.2-0.25__feat_b__obj_cvar_a0.95__sigtrue_0.2__sigbar_0.2__lam_0.0001,2026-04-01T22:43:18Z,completed,main_benchmark,main,benchmark,True,deep_hedge_robust,robust,deep_hedge_robust,2,B,cvar,0.2,0.2,0.0001,0.15|0.2|0.25,-0.0002682762569747865,0.014746504835784435,0.0003767721354961395,0.021990906447172165,0.025658857077360153,0.02784617617726326,0.030585262924432755,2.964116424833536,4.908597469329834,296411.6424833536,results/gbm_deephedge/benchmark_6_2/runs/seed_0002__train_robust_s0.15-0.2-0.25__feat_b__obj_cvar_a0.95__sigtrue_0.2__sigbar_0.2__lam_0.0001,results/gbm_deephedge,551ac9617861f0c9e7a606a3d094dc4f5b6b43c6622c34783737ba1e90b9dcb0,76e694c21e709359f62f03a0ba5a97ba6db86a88,GBM_CFG=results/gbm_deephedge/benchmark_6_2/runs/seed_0002__train_robust_s0.15-0.2-0.25__feat_b__obj_cvar_a0.95__sigtrue_0.2__sigbar_0.2__lam_0.0001/run_cfg.json python -m src.train_deephedge_gbm
"train=robust|feat=B|obj=cvar|sigtrue=0.2|sigbar=0.2|lam=0.0005|robust=0.15,0.2,0.25",seed_0002__train_robust_s0.15-0.2-0.25__feat_b__obj_cvar_a0.95__sigtrue_0.2__sigbar_0.2__lam_0.0005,2026-04-01T23:25:31Z,completed,main_benchmark,main,benchmark,True,bs_delta,robust,deep_hedge_robust,2,B,cvar,0.2,0.2,0.0005,0.15|0.2|0.25,-0.0016442856175590643,0.009783739359349107,0.0016921967372744845,0.01799494698892851,0.024794390324074395,0.029016267935034645,0.03562630878431185,3.230316048897515,6.247462812298547,323031.6048897515,results/gbm_deephedge/benchmark_6_2/runs/seed_0002__train_robust_s0.15-0.2-0.25__feat_b__obj_cvar_a0.95__sigtrue_0.2__sigbar_0.2__lam_0.0005,results/gbm_deephedge,3bd972af76a04c3e76b7f724386c9f7074b950b6fe1902f6509d3fa98c8b6a96,76e694c21e709359f62f03a0ba5a97ba6db86a88,GBM_CFG=results/gbm_deephedge/benchmark_6_2/runs/seed_0002__train_robust_s0.15-0.2-0.25__feat_b__obj_cvar_a0.95__sigtrue_0.2__sigbar_0.2__lam_0.0005/run_cfg.json python -m src.train_deephedge_gbm
"train=robust|feat=B|obj=cvar|sigtrue=0.2|sigbar=0.2|lam=0.0005|robust=0.15,0.2,0.25",seed_0002__train_robust_s0.15-0.2-0.25__feat_b__obj_cvar_a0.95__sigtrue_0.2__sigbar_0.2__lam_0.0005,2026-04-01T23:25:31Z,completed,main_benchmark,main,benchmark,True,deep_hedge_robust,robust,deep_hedge_robust,2,B,cvar,0.2,0.2,0.0005,0.15|0.2|0.25,-0.0014460725942626595,0.014982295222580433,0.001558057963848114,0.023564159870147705,0.027345897629857063,0.029669100418686867,0.0325951986014843,2.903997084710598,4.800692081451416,290399.7084710598,results/gbm_deephedge/benchmark_6_2/runs/seed_0002__train_robust_s0.15-0.2-0.25__feat_b__obj_cvar_a0.95__sigtrue_0.2__sigbar_0.2__lam_0.0005,results/gbm_deephedge,3bd972af76a04c3e76b7f724386c9f7074b950b6fe1902f6509d3fa98c8b6a96,76e694c21e709359f62f03a0ba5a97ba6db86a88,GBM_CFG=results/gbm_deephedge/benchmark_6_2/runs/seed_0002__train_robust_s0.15-0.2-0.25__feat_b__obj_cvar_a0.95__sigtrue_0.2__sigbar_0.2__lam_0.0005/run_cfg.json python -m src.train_deephedge_gbm
"train=robust|feat=B|obj=cvar|sigtrue=0.2|sigbar=0.2|lam=0.001|robust=0.15,0.2,0.25",seed_0002__train_robust_s0.15-0.2-0.25__feat_b__obj_cvar_a0.95__sigtrue_0.2__sigbar_0.2__lam_0.001,2026-04-02T00:11:33Z,completed,main_benchmark,main,benchmark,True,bs_delta,robust,deep_hedge_robust,2,B,cvar,0.2,0.2,0.001,0.15|0.2|0.25,-0.003294269147254204,0.009879993914691286,0.0033431397794113082,0.020010576640694396,0.026982865827520585,0.031283083219564495,0.03798811300868519,3.230316048897515,6.247462812298547,323031.6048897515,results/gbm_deephedge/benchmark_6_2/runs/seed_0002__train_robust_s0.15-0.2-0.25__feat_b__obj_cvar_a0.95__sigtrue_0.2__sigbar_0.2__lam_0.001,results/gbm_deephedge,5e6197553f0726863ec63eff4c8fcf439380c2be37abe5b7ebe4bccc9892e6c4,76e694c21e709359f62f03a0ba5a97ba6db86a88,GBM_CFG=results/gbm_deephedge/benchmark_6_2/runs/seed_0002__train_robust_s0.15-0.2-0.25__feat_b__obj_cvar_a0.95__sigtrue_0.2__sigbar_0.2__lam_0.001/run_cfg.json python -m src.train_deephedge_gbm
"train=robust|feat=B|obj=cvar|sigtrue=0.2|sigbar=0.2|lam=0.001|robust=0.15,0.2,0.25",seed_0002__train_robust_s0.15-0.2-0.25__feat_b__obj_cvar_a0.95__sigtrue_0.2__sigbar_0.2__lam_0.001,2026-04-02T00:11:33Z,completed,main_benchmark,main,benchmark,True,deep_hedge_robust,robust,deep_hedge_robust,2,B,cvar,0.2,0.2,0.001,0.15|0.2|0.25,-0.0028705322183668613,0.014839403331279755,0.002980399876832962,0.0242909025400877,0.02811179868876934,0.030428430065512657,0.03374108299612999,2.847272368811369,4.7242937088012695,284727.2368811369,results/gbm_deephedge/benchmark_6_2/runs/seed_0002__train_robust_s0.15-0.2-0.25__feat_b__obj_cvar_a0.95__sigtrue_0.2__sigbar_0.2__lam_0.001,results/gbm_deephedge,5e6197553f0726863ec63eff4c8fcf439380c2be37abe5b7ebe4bccc9892e6c4,76e694c21e709359f62f03a0ba5a97ba6db86a88,GBM_CFG=results/gbm_deephedge/benchmark_6_2/runs/seed_0002__train_robust_s0.15-0.2-0.25__feat_b__obj_cvar_a0.95__sigtrue_0.2__sigbar_0.2__lam_0.001/run_cfg.json python -m src.train_deephedge_gbm
"train=robust|feat=B|obj=cvar|sigtrue=0.2|sigbar=0.3|lam=0|robust=0.15,0.2,0.25",seed_0002__train_robust_s0.15-0.2-0.25__feat_b__obj_cvar_a0.95__sigtrue_0.2__sigbar_0.3__lam_0,2026-04-02T01:21:24Z,completed,main_benchmark,main,benchmark,True,bs_delta,robust,deep_hedge_robust,2,B,cvar,0.2,0.3,0.0,0.15|0.2|0.25,2.5874977262153518e-05,0.01550452228726593,9.413550540162546e-05,0.023635415785720176,0.027537375038291304,0.029886520659244672,0.03278447093535087,2.8147846105190566,4.9481157060437555,281478.46105190564,results/gbm_deephedge/benchmark_6_2/runs/seed_0002__train_robust_s0.15-0.2-0.25__feat_b__obj_cvar_a0.95__sigtrue_0.2__sigbar_0.3__lam_0,results/gbm_deephedge,fa0d7cce46cb8af43901a1204b135d13f58700e26eef70302e96b2903c89ea0f,76e694c21e709359f62f03a0ba5a97ba6db86a88,GBM_CFG=results/gbm_deephedge/benchmark_6_2/runs/seed_0002__train_robust_s0.15-0.2-0.25__feat_b__obj_cvar_a0.95__sigtrue_0.2__sigbar_0.3__lam_0/run_cfg.json python -m src.train_deephedge_gbm
"train=robust|feat=B|obj=cvar|sigtrue=0.2|sigbar=0.3|lam=0|robust=0.15,0.2,0.25",seed_0002__train_robust_s0.15-0.2-0.25__feat_b__obj_cvar_a0.95__sigtrue_0.2__sigbar_0.3__lam_0,2026-04-02T01:21:24Z,completed,main_benchmark,main,benchmark,True,deep_hedge_robust,robust,deep_hedge_robust,2,B,cvar,0.2,0.3,0.0,0.15|0.2|0.25,3.0856503144605085e-05,0.01470428891479969,7.698312401771545e-05,0.021182052791118622,0.02488240785896778,0.027171345427632332,0.030213864520192146,2.9959632460677623,4.941349983215332,299596.32460677624,results/gbm_deephedge/benchmark_6_2/runs/seed_0002__train_robust_s0.15-0.2-0.25__feat_b__obj_cvar_a0.95__sigtrue_0.2__sigbar_0.3__lam_0,results/gbm_deephedge,fa0d7cce46cb8af43901a1204b135d13f58700e26eef70302e96b2903c89ea0f,76e694c21e709359f62f03a0ba5a97ba6db86a88,GBM_CFG=results/gbm_deephedge/benchmark_6_2/runs/seed_0002__train_robust_s0.15-0.2-0.25__feat_b__obj_cvar_a0.95__sigtrue_0.2__sigbar_0.3__lam_0/run_cfg.json python -m src.train_deephedge_gbm
"train=robust|feat=B|obj=cvar|sigtrue=0.2|sigbar=0.3|lam=0.0001|robust=0.15,0.2,0.25",seed_0002__train_robust_s0.15-0.2-0.25__feat_b__obj_cvar_a0.95__sigtrue_0.2__sigbar_0.3__lam_0.0001,2026-04-02T01:21:48Z,completed,main_benchmark,main,benchmark,True,bs_delta,robust,deep_hedge_robust,2,B,cvar,0.2,0.3,0.0001,0.15|0.2|0.25,-0.00026228694575642546,0.015472302657653267,0.00038179740172775145,0.02386157348708589,0.027745286849113152,0.03008903109973721,0.03298305007954531,2.8147846105190566,4.9481157060437555,281478.46105190564,results/gbm_deephedge/benchmark_6_2/runs/seed_0002__train_robust_s0.15-0.2-0.25__feat_b__obj_cvar_a0.95__sigtrue_0.2__sigbar_0.3__lam_0.0001,results/gbm_deephedge,ba6634805cae7c5f8e537e91f3a1d3fd284a4c0a5bfc8f4d43171a6e02c3baa7,76e694c21e709359f62f03a0ba5a97ba6db86a88,GBM_CFG=results/gbm_deephedge/benchmark_6_2/runs/seed_0002__train_robust_s0.15-0.2-0.25__feat_b__obj_cvar_a0.95__sigtrue_0.2__sigbar_0.3__lam_0.0001/run_cfg.json python -m src.train_deephedge_gbm
"train=robust|feat=B|obj=cvar|sigtrue=0.2|sigbar=0.3|lam=0.0001|robust=0.15,0.2,0.25",seed_0002__train_robust_s0.15-0.2-0.25__feat_b__obj_cvar_a0.95__sigtrue_0.2__sigbar_0.3__lam_0.0001,2026-04-02T01:21:48Z,completed,main_benchmark,main,benchmark,True,deep_hedge_robust,robust,deep_hedge_robust,2,B,cvar,0.2,0.3,0.0001,0.15|0.2|0.25,-0.0002682762569747865,0.014746504835784435,0.0003767721354961395,0.021990906447172165,0.025658857077360153,0.02784617617726326,0.030585262924432755,2.964116424833536,4.908597469329834,296411.6424833536,results/gbm_deephedge/benchmark_6_2/runs/seed_0002__train_robust_s0.15-0.2-0.25__feat_b__obj_cvar_a0.95__sigtrue_0.2__sigbar_0.3__lam_0.0001,results/gbm_deephedge,ba6634805cae7c5f8e537e91f3a1d3fd284a4c0a5bfc8f4d43171a6e02c3baa7,76e694c21e709359f62f03a0ba5a97ba6db86a88,GBM_CFG=results/gbm_deephedge/benchmark_6_2/runs/seed_0002__train_robust_s0.15-0.2-0.25__feat_b__obj_cvar_a0.95__sigtrue_0.2__sigbar_0.3__lam_0.0001/run_cfg.json python -m src.train_deephedge_gbm
"train=robust|feat=B|obj=cvar|sigtrue=0.2|sigbar=0.3|lam=0.0005|robust=0.15,0.2,0.25",seed_0002__train_robust_s0.15-0.2-0.25__feat_b__obj_cvar_a0.95__sigtrue_0.2__sigbar_0.3__lam_0.0005,2026-04-02T01:22:13Z,completed,main_benchmark,main,benchmark,True,bs_delta,robust,deep_hedge_robust,2,B,cvar,0.2,0.3,0.0005,0.15|0.2|0.25,-0.0014149347427117403,0.015346659876408299,0.0015325054972477395,0.024737341471585645,0.028588191072185652,0.03093831336587424,0.033796034304261834,2.8147846105190566,4.9481157060437555,281478.46105190564,results/gbm_deephedge/benchmark_6_2/runs/seed_0002__train_robust_s0.15-0.2-0.25__feat_b__obj_cvar_a0.95__sigtrue_0.2__sigbar_0.3__lam_0.0005,results/gbm_deephedge,9b55534c02d4a5d4e5b778568a6e39775cc31d8e2994662026067412ab5b80ff,76e694c21e709359f62f03a0ba5a97ba6db86a88,GBM_CFG=results/gbm_deephedge/benchmark_6_2/runs/seed_0002__train_robust_s0.15-0.2-0.25__feat_b__obj_cvar_a0.95__sigtrue_0.2__sigbar_0.3__lam_0.0005/run_cfg.json python -m src.train_deephedge_gbm
"train=robust|feat=B|obj=cvar|sigtrue=0.2|sigbar=0.3|lam=0.0005|robust=0.15,0.2,0.25",seed_0002__train_robust_s0.15-0.2-0.25__feat_b__obj_cvar_a0.95__sigtrue_0.2__sigbar_0.3__lam_0.0005,2026-04-02T01:22:13Z,completed,main_benchmark,main,benchmark,True,deep_hedge_robust,robust,deep_hedge_robust,2,B,cvar,0.2,0.3,0.0005,0.15|0.2|0.25,-0.0014460725942626595,0.014982295222580433,0.001558057963848114,0.023564159870147705,0.027345897629857063,0.029669100418686867,0.0325951986014843,2.903997084710598,4.800692081451416,290399.7084710598,results/gbm_deephedge/benchmark_6_2/runs/seed_0002__train_robust_s0.15-0.2-0.25__feat_b__obj_cvar_a0.95__sigtrue_0.2__sigbar_0.3__lam_0.0005,results/gbm_deephedge,9b55534c02d4a5d4e5b778568a6e39775cc31d8e2994662026067412ab5b80ff,76e694c21e709359f62f03a0ba5a97ba6db86a88,GBM_CFG=results/gbm_deephedge/benchmark_6_2/runs/seed_0002__train_robust_s0.15-0.2-0.25__feat_b__obj_cvar_a0.95__sigtrue_0.2__sigbar_0.3__lam_0.0005/run_cfg.json python -m src.train_deephedge_gbm
"train=robust|feat=B|obj=cvar|sigtrue=0.2|sigbar=0.3|lam=0.001|robust=0.15,0.2,0.25",seed_0002__train_robust_s0.15-0.2-0.25__feat_b__obj_cvar_a0.95__sigtrue_0.2__sigbar_0.3__lam_0.001,2026-04-02T01:22:38Z,completed,main_benchmark,main,benchmark,True,bs_delta,robust,deep_hedge_robust,2,B,cvar,0.2,0.3,0.001,0.15|0.2|0.25,-0.002855744462685634,0.015197035767283443,0.002971026491995994,0.02583976057623942,0.029672305736926825,0.03202578497428103,0.034869196111390624,2.8147846105190566,4.9481157060437555,281478.46105190564,results/gbm_deephedge/benchmark_6_2/runs/seed_0002__train_robust_s0.15-0.2-0.25__feat_b__obj_cvar_a0.95__sigtrue_0.2__sigbar_0.3__lam_0.001,results/gbm_deephedge,edcc31b853148347703a7f87ea23d758fab34137fe5776989012a9f79b20b248,76e694c21e709359f62f03a0ba5a97ba6db86a88,GBM_CFG=results/gbm_deephedge/benchmark_6_2/runs/seed_0002__train_robust_s0.15-0.2-0.25__feat_b__obj_cvar_a0.95__sigtrue_0.2__sigbar_0.3__lam_0.001/run_cfg.json python -m src.train_deephedge_gbm
"train=robust|feat=B|obj=cvar|sigtrue=0.2|sigbar=0.3|lam=0.001|robust=0.15,0.2,0.25",seed_0002__train_robust_s0.15-0.2-0.25__feat_b__obj_cvar_a0.95__sigtrue_0.2__sigbar_0.3__lam_0.001,2026-04-02T01:22:38Z,completed,main_benchmark,main,benchmark,True,deep_hedge_robust,robust,deep_hedge_robust,2,B,cvar,0.2,0.3,0.001,0.15|0.2|0.25,-0.0028705322183668613,0.014839403331279755,0.002980399876832962,0.0242909025400877,0.02811179868876934,0.030428430065512657,0.03374108299612999,2.847272368811369,4.7242937088012695,284727.2368811369,results/gbm_deephedge/benchmark_6_2/runs/seed_0002__train_robust_s0.15-0.2-0.25__feat_b__obj_cvar_a0.95__sigtrue_0.2__sigbar_0.3__lam_0.001,results/gbm_deephedge,edcc31b853148347703a7f87ea23d758fab34137fe5776989012a9f79b20b248,76e694c21e709359f62f03a0ba5a97ba6db86a88,GBM_CFG=results/gbm_deephedge/benchmark_6_2/runs/seed_0002__train_robust_s0.15-0.2-0.25__feat_b__obj_cvar_a0.95__sigtrue_0.2__sigbar_0.3__lam_0.001/run_cfg.json python -m src.train_deephedge_gbm
train=oracle|feat=B|obj=cvar|sigtrue=0.2|sigbar=0.15|lam=0|robust=none,seed_0003__train_oracle__feat_b__obj_cvar_a0.95__sigtrue_0.2__sigbar_0.15__lam_0,2026-04-02T01:22:43Z,completed,main_benchmark,main,benchmark,True,bs_delta,oracle,deep_hedge_oracle,3,B,cvar,0.2,0.15,0.0,,7.747686798350986e-05,0.012926380589438367,6.455634368102148e-06,0.02454077243079183,0.03373708098645096,0.039387644694417044,0.04796473154136297,3.5271324801833526,7.5317388021522715,352713.24801833526,results/gbm_deephedge/benchmark_6_2/runs/seed_0003__train_oracle__feat_b__obj_cvar_a0.95__sigtrue_0.2__sigbar_0.15__lam_0,results/gbm_deephedge,f153e87a50fffbfbeacadd851a107681d546fd7ed198d24bd95879cb74c6cb09,76e694c21e709359f62f03a0ba5a97ba6db86a88,GBM_CFG=results/gbm_deephedge/benchmark_6_2/runs/seed_0003__train_oracle__feat_b__obj_cvar_a0.95__sigtrue_0.2__sigbar_0.15__lam_0/run_cfg.json python -m src.train_deephedge_gbm
train=oracle|feat=B|obj=cvar|sigtrue=0.2|sigbar=0.15|lam=0|robust=none,seed_0003__train_oracle__feat_b__obj_cvar_a0.95__sigtrue_0.2__sigbar_0.15__lam_0,2026-04-02T01:22:43Z,completed,main_benchmark,main,benchmark,True,deep_hedge_oracle,oracle,deep_hedge_oracle,3,B,cvar,0.2,0.15,0.0,,2.46920626523206e-05,0.012082635425031185,4.816427826881409e-05,0.016936346888542175,0.021441299468278885,0.02412259206175804,0.028657520189881325,3.175453796057701,5.601478099822998,317545.3796057701,results/gbm_deephedge/benchmark_6_2/runs/seed_0003__train_oracle__feat_b__obj_cvar_a0.95__sigtrue_0.2__sigbar_0.15__lam_0,results/gbm_deephedge,f153e87a50fffbfbeacadd851a107681d546fd7ed198d24bd95879cb74c6cb09,76e694c21e709359f62f03a0ba5a97ba6db86a88,GBM_CFG=results/gbm_deephedge/benchmark_6_2/runs/seed_0003__train_oracle__feat_b__obj_cvar_a0.95__sigtrue_0.2__sigbar_0.15__lam_0/run_cfg.json python -m src.train_deephedge_gbm
train=oracle|feat=B|obj=cvar|sigtrue=0.2|sigbar=0.15|lam=0.0001|robust=none,seed_0003__train_oracle__feat_b__obj_cvar_a0.95__sigtrue_0.2__sigbar_0.15__lam_0.0001,2026-04-02T01:23:08Z,completed,main_benchmark,main,benchmark,True,bs_delta,oracle,deep_hedge_oracle,3,B,cvar,0.2,0.15,0.0001,,-0.00028236731125178823,0.013003782110664833,0.0003673089154167253,0.025044645370896276,0.03426852262584193,0.03995364039685445,0.048534960807561534,3.5271324801833526,7.5317388021522715,352713.24801833526,results/gbm_deephedge/benchmark_6_2/runs/seed_0003__train_oracle__feat_b__obj_cvar_a0.95__sigtrue_0.2__sigbar_0.15__lam_0.0001,results/gbm_deephedge,4d59c83efcb759be881bb303143e211ac3c0ddfa62994ac19fe8d01bdfde74b2,76e694c21e709359f62f03a0ba5a97ba6db86a88,GBM_CFG=results/gbm_deephedge/benchmark_6_2/runs/seed_0003__train_oracle__feat_b__obj_cvar_a0.95__sigtrue_0.2__sigbar_0.15__lam_0.0001/run_cfg.json python -m src.train_deephedge_gbm
train=oracle|feat=B|obj=cvar|sigtrue=0.2|sigbar=0.15|lam=0.0001|robust=none,seed_0003__train_oracle__feat_b__obj_cvar_a0.95__sigtrue_0.2__sigbar_0.15__lam_0.0001,2026-04-02T01:23:08Z,completed,main_benchmark,main,benchmark,True,deep_hedge_oracle,oracle,deep_hedge_oracle,3,B,cvar,0.2,0.15,0.0001,,-0.00030144333140924573,0.011860543861985207,0.00037156417965888977,0.01709132455289364,0.021749816834926605,0.02456650510430336,0.029249869287014008,3.179542266625166,5.592862129211426,317954.2266625166,results/gbm_deephedge/benchmark_6_2/runs/seed_0003__train_oracle__feat_b__obj_cvar_a0.95__sigtrue_0.2__sigbar_0.15__lam_0.0001,results/gbm_deephedge,4d59c83efcb759be881bb303143e211ac3c0ddfa62994ac19fe8d01bdfde74b2,76e694c21e709359f62f03a0ba5a97ba6db86a88,GBM_CFG=results/gbm_deephedge/benchmark_6_2/runs/seed_0003__train_oracle__feat_b__obj_cvar_a0.95__sigtrue_0.2__sigbar_0.15__lam_0.0001/run_cfg.json python -m src.train_deephedge_gbm
train=oracle|feat=B|obj=cvar|sigtrue=0.2|sigbar=0.15|lam=0.0005|robust=none,seed_0003__train_oracle__feat_b__obj_cvar_a0.95__sigtrue_0.2__sigbar_0.15__lam_0.0005,2026-04-02T01:23:33Z,completed,main_benchmark,main,benchmark,True,bs_delta,oracle,deep_hedge_oracle,3,B,cvar,0.2,0.15,0.0005,,-0.0017217441591589242,0.01332001148551426,0.0018108706194231716,0.027031610947577087,0.03640086573177754,0.04220937656347418,0.050823237380712497,3.5271324801833526,7.5317388021522715,352713.24801833526,results/gbm_deephedge/benchmark_6_2/runs/seed_0003__train_oracle__feat_b__obj_cvar_a0.95__sigtrue_0.2__sigbar_0.15__lam_0.0005,results/gbm_deephedge,b4ba21471257714213befb49379f1a3e686d2491612e715fcaaa8df0cf9b71eb,76e694c21e709359f62f03a0ba5a97ba6db86a88,GBM_CFG=results/gbm_deephedge/benchmark_6_2/runs/seed_0003__train_oracle__feat_b__obj_cvar_a0.95__sigtrue_0.2__sigbar_0.15__lam_0.0005/run_cfg.json python -m src.train_deephedge_gbm
train=oracle|feat=B|obj=cvar|sigtrue=0.2|sigbar=0.15|lam=0.0005|robust=none,seed_0003__train_oracle__feat_b__obj_cvar_a0.95__sigtrue_0.2__sigbar_0.15__lam_0.0005,2026-04-02T01:23:33Z,completed,main_benchmark,main,benchmark,True,deep_hedge_oracle,oracle,deep_hedge_oracle,3,B,cvar,0.2,0.15,0.0005,,-0.0015546237118542194,0.012196541763842106,0.0016287751495838165,0.018755115568637848,0.0231959018856287,0.025867577642202377,0.030460979789495468,3.1000948984348775,5.4032206535339355,310009.48984348774,results/gbm_deephedge/benchmark_6_2/runs/seed_0003__train_oracle__feat_b__obj_cvar_a0.95__sigtrue_0.2__sigbar_0.15__lam_0.0005,results/gbm_deephedge,b4ba21471257714213befb49379f1a3e686d2491612e715fcaaa8df0cf9b71eb,76e694c21e709359f62f03a0ba5a97ba6db86a88,GBM_CFG=results/gbm_deephedge/benchmark_6_2/runs/seed_0003__train_oracle__feat_b__obj_cvar_a0.95__sigtrue_0.2__sigbar_0.15__lam_0.0005/run_cfg.json python -m src.train_deephedge_gbm
train=oracle|feat=B|obj=cvar|sigtrue=0.2|sigbar=0.15|lam=0.001|robust=none,seed_0003__train_oracle__feat_b__obj_cvar_a0.95__sigtrue_0.2__sigbar_0.15__lam_0.001,2026-04-02T01:23:57Z,completed,main_benchmark,main,benchmark,True,bs_delta,oracle,deep_hedge_oracle,3,B,cvar,0.2,0.15,0.001,,-0.003520965186301357,0.013729335255323659,0.0036156567229649744,0.029595777087523627,0.03907885596999388,0.04492247780334791,0.05369589798099862,3.5271324801833526,7.5317388021522715,352713.24801833526,results/gbm_deephedge/benchmark_6_2/runs/seed_0003__train_oracle__feat_b__obj_cvar_a0.95__sigtrue_0.2__sigbar_0.15__lam_0.001,results/gbm_deephedge,db2322c6b18b0736d182cf3b4b88785fe00d3919d2ea8823bd8d0aacbe46d7ee,76e694c21e709359f62f03a0ba5a97ba6db86a88,GBM_CFG=results/gbm_deephedge/benchmark_6_2/runs/seed_0003__train_oracle__feat_b__obj_cvar_a0.95__sigtrue_0.2__sigbar_0.15__lam_0.001/run_cfg.json python -m src.train_deephedge_gbm
train=oracle|feat=B|obj=cvar|sigtrue=0.2|sigbar=0.15|lam=0.001|robust=none,seed_0003__train_oracle__feat_b__obj_cvar_a0.95__sigtrue_0.2__sigbar_0.15__lam_0.001,2026-04-02T01:23:57Z,completed,main_benchmark,main,benchmark,True,deep_hedge_oracle,oracle,deep_hedge_oracle,3,B,cvar,0.2,0.15,0.001,,-0.003065751399844885,0.01260192971676588,0.003144938498735428,0.02107490412890911,0.02563163824379444,0.028345689177513123,0.033042993396520615,3.03903448417902,5.257631778717041,303903.448417902,results/gbm_deephedge/benchmark_6_2/runs/seed_0003__train_oracle__feat_b__obj_cvar_a0.95__sigtrue_0.2__sigbar_0.15__lam_0.001,results/gbm_deephedge,db2322c6b18b0736d182cf3b4b88785fe00d3919d2ea8823bd8d0aacbe46d7ee,76e694c21e709359f62f03a0ba5a97ba6db86a88,GBM_CFG=results/gbm_deephedge/benchmark_6_2/runs/seed_0003__train_oracle__feat_b__obj_cvar_a0.95__sigtrue_0.2__sigbar_0.15__lam_0.001/run_cfg.json python -m src.train_deephedge_gbm
train=oracle|feat=B|obj=cvar|sigtrue=0.2|sigbar=0.1|lam=0|robust=none,seed_0003__train_oracle__feat_b__obj_cvar_a0.95__sigtrue_0.2__sigbar_0.1__lam_0,2026-04-02T01:22:41Z,completed,main_benchmark,main,benchmark,True,bs_delta,oracle,deep_hedge_oracle,3,B,cvar,0.2,0.1,0.0,,0.0001118426028566246,0.022277613905071707,0.0001377971375993714,0.04148310517007105,0.05451355374210947,0.06240855625944568,0.0739699244062444,3.931711240914904,9.75383756160489,393171.1240914904,results/gbm_deephedge/benchmark_6_2/runs/seed_0003__train_oracle__feat_b__obj_cvar_a0.95__sigtrue_0.2__sigbar_0.1__lam_0,results/gbm_deephedge,858f34769739c1bb6e5780c3e1957e807053473146a41712b21421783dc27f7b,76e694c21e709359f62f03a0ba5a97ba6db86a88,GBM_CFG=results/gbm_deephedge/benchmark_6_2/runs/seed_0003__train_oracle__feat_b__obj_cvar_a0.95__sigtrue_0.2__sigbar_0.1__lam_0/run_cfg.json python -m src.train_deephedge_gbm
train=oracle|feat=B|obj=cvar|sigtrue=0.2|sigbar=0.1|lam=0|robust=none,seed_0003__train_oracle__feat_b__obj_cvar_a0.95__sigtrue_0.2__sigbar_0.1__lam_0,2026-04-02T01:22:41Z,completed,main_benchmark,main,benchmark,True,deep_hedge_oracle,oracle,deep_hedge_oracle,3,B,cvar,0.2,0.1,0.0,,2.46920626523206e-05,0.012082635425031185,4.816427826881409e-05,0.016936346888542175,0.021441299468278885,0.02412259206175804,0.028657520189881325,3.175453796057701,5.601478099822998,317545.3796057701,results/gbm_deephedge/benchmark_6_2/runs/seed_0003__train_oracle__feat_b__obj_cvar_a0.95__sigtrue_0.2__sigbar_0.1__lam_0,results/gbm_deephedge,858f34769739c1bb6e5780c3e1957e807053473146a41712b21421783dc27f7b,76e694c21e709359f62f03a0ba5a97ba6db86a88,GBM_CFG=results/gbm_deephedge/benchmark_6_2/runs/seed_0003__train_oracle__feat_b__obj_cvar_a0.95__sigtrue_0.2__sigbar_0.1__lam_0/run_cfg.json python -m src.train_deephedge_gbm
train=oracle|feat=B|obj=cvar|sigtrue=0.2|sigbar=0.1|lam=0.0001|robust=none,seed_0003__train_oracle__feat_b__obj_cvar_a0.95__sigtrue_0.2__sigbar_0.1__lam_0.0001,2026-04-02T01:23:05Z,completed,main_benchmark,main,benchmark,True,bs_delta,oracle,deep_hedge_oracle,3,B,cvar,0.2,0.1,0.0001,,-0.0002887088776616875,0.02241084574836268,0.0005413448559701828,0.04212013096844667,0.05518397738344942,0.06312043787677712,0.07469767297175071,3.931711240914904,9.75383756160489,393171.1240914904,results/gbm_deephedge/benchmark_6_2/runs/seed_0003__train_oracle__feat_b__obj_cvar_a0.95__sigtrue_0.2__sigbar_0.1__lam_0.0001,results/gbm_deephedge,9eea36ea1b23d249c0d53a12041c4c6c601dfd1177d0ecb0f992b28bf1ec5e86,76e694c21e709359f62f03a0ba5a97ba6db86a88,GBM_CFG=results/gbm_deephedge/benchmark_6_2/runs/seed_0003__train_oracle__feat_b__obj_cvar_a0.95__sigtrue_0.2__sigbar_0.1__lam_0.0001/run_cfg.json python -m src.train_deephedge_gbm
train=oracle|feat=B|obj=cvar|sigtrue=0.2|sigbar=0.1|lam=0.0001|robust=none,seed_0003__train_oracle__feat_b__obj_cvar_a0.95__sigtrue_0.2__sigbar_0.1__lam_0.0001,2026-04-02T01:23:05Z,completed,main_benchmark,main,benchmark,True,deep_hedge_oracle,oracle,deep_hedge_oracle,3,B,cvar,0.2,0.1,0.0001,,-0.00030144333140924573,0.011860543861985207,0.00037156417965888977,0.01709132455289364,0.021749816834926605,0.02456650510430336,0.029249869287014008,3.179542266625166,5.592862129211426,317954.2266625166,results/gbm_deephedge/benchmark_6_2/runs/seed_0003__train_oracle__feat_b__obj_cvar_a0.95__sigtrue_0.2__sigbar_0.1__lam_0.0001,results/gbm_deephedge,9eea36ea1b23d249c0d53a12041c4c6c601dfd1177d0ecb0f992b28bf1ec5e86,76e694c21e709359f62f03a0ba5a97ba6db86a88,GBM_CFG=results/gbm_deephedge/benchmark_6_2/runs/seed_0003__train_oracle__feat_b__obj_cvar_a0.95__sigtrue_0.2__sigbar_0.1__lam_0.0001/run_cfg.json python -m src.train_deephedge_gbm
train=oracle|feat=B|obj=cvar|sigtrue=0.2|sigbar=0.1|lam=0.0005|robust=none,seed_0003__train_oracle__feat_b__obj_cvar_a0.95__sigtrue_0.2__sigbar_0.1__lam_0.0005,2026-04-02T01:23:30Z,completed,main_benchmark,main,benchmark,True,bs_delta,oracle,deep_hedge_oracle,3,B,cvar,0.2,0.1,0.0005,,-0.0018909149455001101,0.02294689699973789,0.002155786730032472,0.04463573421939199,0.05787126195314888,0.06585414945900978,0.07761467136049333,3.931711240914904,9.75383756160489,393171.1240914904,results/gbm_deephedge/benchmark_6_2/runs/seed_0003__train_oracle__feat_b__obj_cvar_a0.95__sigtrue_0.2__sigbar_0.1__lam_0.0005,results/gbm_deephedge,897392fed4d5da4e09133faf8331f2dfcb5bafa904aedbd2eed829007b7e08dc,76e694c21e709359f62f03a0ba5a97ba6db86a88,GBM_CFG=results/gbm_deephedge/benchmark_6_2/runs/seed_0003__train_oracle__feat_b__obj_cvar_a0.95__sigtrue_0.2__sigbar_0.1__lam_0.0005/run_cfg.json python -m src.train_deephedge_gbm
train=oracle|feat=B|obj=cvar|sigtrue=0.2|sigbar=0.1|lam=0.0005|robust=none,seed_0003__train_oracle__feat_b__obj_cvar_a0.95__sigtrue_0.2__sigbar_0.1__lam_0.0005,2026-04-02T01:23:30Z,completed,main_benchmark,main,benchmark,True,deep_hedge_oracle,oracle,deep_hedge_oracle,3,B,cvar,0.2,0.1,0.0005,,-0.0015546237118542194,0.012196541763842106,0.0016287751495838165,0.018755115568637848,0.0231959018856287,0.025867577642202377,0.030460979789495468,3.1000948984348775,5.4032206535339355,310009.48984348774,results/gbm_deephedge/benchmark_6_2/runs/seed_0003__train_oracle__feat_b__obj_cvar_a0.95__sigtrue_0.2__sigbar_0.1__lam_0.0005,results/gbm_deephedge,897392fed4d5da4e09133faf8331f2dfcb5bafa904aedbd2eed829007b7e08dc,76e694c21e709359f62f03a0ba5a97ba6db86a88,GBM_CFG=results/gbm_deephedge/benchmark_6_2/runs/seed_0003__train_oracle__feat_b__obj_cvar_a0.95__sigtrue_0.2__sigbar_0.1__lam_0.0005/run_cfg.json python -m src.train_deephedge_gbm
train=oracle|feat=B|obj=cvar|sigtrue=0.2|sigbar=0.1|lam=0.001|robust=none,seed_0003__train_oracle__feat_b__obj_cvar_a0.95__sigtrue_0.2__sigbar_0.1__lam_0.001,2026-04-02T01:23:55Z,completed,main_benchmark,main,benchmark,True,bs_delta,oracle,deep_hedge_oracle,3,B,cvar,0.2,0.1,0.001,,-0.0038936724938568455,0.02362359002009772,0.004174403515807806,0.04775411827949464,0.061241578938780364,0.06928542739080597,0.08127120358647456,3.931711240914904,9.75383756160489,393171.1240914904,results/gbm_deephedge/benchmark_6_2/runs/seed_0003__train_oracle__feat_b__obj_cvar_a0.95__sigtrue_0.2__sigbar_0.1__lam_0.001,results/gbm_deephedge,f7a158b886c35dfff451ad82afb8eae5d73681fa29692c81609bf9ee416479ce,76e694c21e709359f62f03a0ba5a97ba6db86a88,GBM_CFG=results/gbm_deephedge/benchmark_6_2/runs/seed_0003__train_oracle__feat_b__obj_cvar_a0.95__sigtrue_0.2__sigbar_0.1__lam_0.001/run_cfg.json python -m src.train_deephedge_gbm
train=oracle|feat=B|obj=cvar|sigtrue=0.2|sigbar=0.1|lam=0.001|robust=none,seed_0003__train_oracle__feat_b__obj_cvar_a0.95__sigtrue_0.2__sigbar_0.1__lam_0.001,2026-04-02T01:23:55Z,completed,main_benchmark,main,benchmark,True,deep_hedge_oracle,oracle,deep_hedge_oracle,3,B,cvar,0.2,0.1,0.001,,-0.003065751399844885,0.01260192971676588,0.003144938498735428,0.02107490412890911,0.02563163824379444,0.028345689177513123,0.033042993396520615,3.03903448417902,5.257631778717041,303903.448417902,results/gbm_deephedge/benchmark_6_2/runs/seed_0003__train_oracle__feat_b__obj_cvar_a0.95__sigtrue_0.2__sigbar_0.1__lam_0.001,results/gbm_deephedge,f7a158b886c35dfff451ad82afb8eae5d73681fa29692c81609bf9ee416479ce,76e694c21e709359f62f03a0ba5a97ba6db86a88,GBM_CFG=results/gbm_deephedge/benchmark_6_2/runs/seed_0003__train_oracle__feat_b__obj_cvar_a0.95__sigtrue_0.2__sigbar_0.1__lam_0.001/run_cfg.json python -m src.train_deephedge_gbm
train=oracle|feat=B|obj=cvar|sigtrue=0.2|sigbar=0.25|lam=0|robust=none,seed_0003__train_oracle__feat_b__obj_cvar_a0.95__sigtrue_0.2__sigbar_0.25__lam_0,2026-04-02T01:22:46Z,completed,main_benchmark,main,benchmark,True,bs_delta,oracle,deep_hedge_oracle,3,B,cvar,0.2,0.25,0.0,,4.181638363632726e-05,0.011825701130345964,2.796954008904562e-05,0.0169471427934562,0.020586192233421983,0.022626112668676802,0.026433883628458006,2.9957230332436486,5.505233764327011,299572.3033243649,results/gbm_deephedge/benchmark_6_2/runs/seed_0003__train_oracle__feat_b__obj_cvar_a0.95__sigtrue_0.2__sigbar_0.25__lam_0,results/gbm_deephedge,da9689d5a399608e4f504eb504007dc97d954866ed2bd832d55b1abd30c7305c,76e694c21e709359f62f03a0ba5a97ba6db86a88,GBM_CFG=results/gbm_deephedge/benchmark_6_2/runs/seed_0003__train_oracle__feat_b__obj_cvar_a0.95__sigtrue_0.2__sigbar_0.25__lam_0/run_cfg.json python -m src.train_deephedge_gbm
train=oracle|feat=B|obj=cvar|sigtrue=0.2|sigbar=0.25|lam=0|robust=none,seed_0003__train_oracle__feat_b__obj_cvar_a0.95__sigtrue_0.2__sigbar_0.25__lam_0,2026-04-02T01:22:46Z,completed,main_benchmark,main,benchmark,True,deep_hedge_oracle,oracle,deep_hedge_oracle,3,B,cvar,0.2,0.25,0.0,,2.46920626523206e-05,0.012082635425031185,4.816427826881409e-05,0.016936346888542175,0.021441299468278885,0.02412259206175804,0.028657520189881325,3.175453796057701,5.601478099822998,317545.3796057701,results/gbm_deephedge/benchmark_6_2/runs/seed_0003__train_oracle__feat_b__obj_cvar_a0.95__sigtrue_0.2__sigbar_0.25__lam_0,results/gbm_deephedge,da9689d5a399608e4f504eb504007dc97d954866ed2bd832d55b1abd30c7305c,76e694c21e709359f62f03a0ba5a97ba6db86a88,GBM_CFG=results/gbm_deephedge/benchmark_6_2/runs/seed_0003__train_oracle__feat_b__obj_cvar_a0.95__sigtrue_0.2__sigbar_0.25__lam_0/run_cfg.json python -m src.train_deephedge_gbm
train=oracle|feat=B|obj=cvar|sigtrue=0.2|sigbar=0.25|lam=0.0001|robust=none,seed_0003__train_oracle__feat_b__obj_cvar_a0.95__sigtrue_0.2__sigbar_0.25__lam_0.0001,2026-04-02T01:23:11Z,completed,main_benchmark,main,benchmark,True,bs_delta,oracle,deep_hedge_oracle,3,B,cvar,0.2,0.25,0.0001,,-0.00026454472976135835,0.01180053670880902,0.00033403409817415325,0.017216631666788582,0.020873075187331277,0.022935455241770163,0.026769507402693394,2.9957230332436486,5.505233764327011,299572.3033243649,results/gbm_deephedge/benchmark_6_2/runs/seed_0003__train_oracle__feat_b__obj_cvar_a0.95__sigtrue_0.2__sigbar_0.25__lam_0.0001,results/gbm_deephedge,e287df272e5e285c07876678aae69f4f19775306b8a45cd9b4e3d8ec69d0d701,76e694c21e709359f62f03a0ba5a97ba6db86a88,GBM_CFG=results/gbm_deephedge/benchmark_6_2/runs/seed_0003__train_oracle__feat_b__obj_cvar_a0.95__sigtrue_0.2__sigbar_0.25__lam_0.0001/run_cfg.json python -m src.train_deephedge_gbm
train=oracle|feat=B|obj=cvar|sigtrue=0.2|sigbar=0.25|lam=0.0001|robust=none,seed_0003__train_oracle__feat_b__obj_cvar_a0.95__sigtrue_0.2__sigbar_0.25__lam_0.0001,2026-04-02T01:23:11Z,completed,main_benchmark,main,benchmark,True,deep_hedge_oracle,oracle,deep_hedge_oracle,3,B,cvar,0.2,0.25,0.0001,,-0.00030144333140924573,0.011860543861985207,0.00037156417965888977,0.01709132455289364,0.021749816834926605,0.02456650510430336,0.029249869287014008,3.179542266625166,5.592862129211426,317954.2266625166,results/gbm_deephedge/benchmark_6_2/runs/seed_0003__train_oracle__feat_b__obj_cvar_a0.95__sigtrue_0.2__sigbar_0.25__lam_0.0001,results/gbm_deephedge,e287df272e5e285c07876678aae69f4f19775306b8a45cd9b4e3d8ec69d0d701,76e694c21e709359f62f03a0ba5a97ba6db86a88,GBM_CFG=results/gbm_deephedge/benchmark_6_2/runs/seed_0003__train_oracle__feat_b__obj_cvar_a0.95__sigtrue_0.2__sigbar_0.25__lam_0.0001/run_cfg.json python -m src.train_deephedge_gbm
train=oracle|feat=B|obj=cvar|sigtrue=0.2|sigbar=0.25|lam=0.0005|robust=none,seed_0003__train_oracle__feat_b__obj_cvar_a0.95__sigtrue_0.2__sigbar_0.25__lam_0.0005,2026-04-02T01:23:36Z,completed,main_benchmark,main,benchmark,True,bs_delta,oracle,deep_hedge_oracle,3,B,cvar,0.2,0.25,0.0005,,-0.0014899892948589974,0.011705709795935907,0.0015583672839402235,0.018287201017685942,0.022047149431265164,0.024172986757444483,0.02814802826792893,2.9957230332436486,5.505233764327011,299572.3033243649,results/gbm_deephedge/benchmark_6_2/runs/seed_0003__train_oracle__feat_b__obj_cvar_a0.95__sigtrue_0.2__sigbar_0.25__lam_0.0005,results/gbm_deephedge,3ba3b79f0ce47a6aa884f00e2bec379683d0e7bf1a56f0358ab2d9340b92c3e0,76e694c21e709359f62f03a0ba5a97ba6db86a88,GBM_CFG=results/gbm_deephedge/benchmark_6_2/runs/seed_0003__train_oracle__feat_b__obj_cvar_a0.95__sigtrue_0.2__sigbar_0.25__lam_0.0005/run_cfg.json python -m src.train_deephedge_gbm
train=oracle|feat=B|obj=cvar|sigtrue=0.2|sigbar=0.25|lam=0.0005|robust=none,seed_0003__train_oracle__feat_b__obj_cvar_a0.95__sigtrue_0.2__sigbar_0.25__lam_0.0005,2026-04-02T01:23:36Z,completed,main_benchmark,main,benchmark,True,deep_hedge_oracle,oracle,deep_hedge_oracle,3,B,cvar,0.2,0.25,0.0005,,-0.0015546237118542194,0.012196541763842106,0.0016287751495838165,0.018755115568637848,0.0231959018856287,0.025867577642202377,0.030460979789495468,3.1000948984348775,5.4032206535339355,310009.48984348774,results/gbm_deephedge/benchmark_6_2/runs/seed_0003__train_oracle__feat_b__obj_cvar_a0.95__sigtrue_0.2__sigbar_0.25__lam_0.0005,results/gbm_deephedge,3ba3b79f0ce47a6aa884f00e2bec379683d0e7bf1a56f0358ab2d9340b92c3e0,76e694c21e709359f62f03a0ba5a97ba6db86a88,GBM_CFG=results/gbm_deephedge/benchmark_6_2/runs/seed_0003__train_oracle__feat_b__obj_cvar_a0.95__sigtrue_0.2__sigbar_0.25__lam_0.0005/run_cfg.json python -m src.train_deephedge_gbm
train=oracle|feat=B|obj=cvar|sigtrue=0.2|sigbar=0.25|lam=0.001|robust=none,seed_0003__train_oracle__feat_b__obj_cvar_a0.95__sigtrue_0.2__sigbar_0.25__lam_0.001,2026-04-02T01:24:00Z,completed,main_benchmark,main,benchmark,True,bs_delta,oracle,deep_hedge_oracle,3,B,cvar,0.2,0.25,0.001,,-0.003021794973354322,0.011600556929569353,0.0030889521200309633,0.01968985513420284,0.023573855763793727,0.025764147049050706,0.029941140791847565,2.9957230332436486,5.505233764327011,299572.3033243649,results/gbm_deephedge/benchmark_6_2/runs/seed_0003__train_oracle__feat_b__obj_cvar_a0.95__sigtrue_0.2__sigbar_0.25__lam_0.001,results/gbm_deephedge,0d1052bc11d72f6eb35437d92d782360c19106ada165579f0434137372cb94bd,76e694c21e709359f62f03a0ba5a97ba6db86a88,GBM_CFG=results/gbm_deephedge/benchmark_6_2/runs/seed_0003__train_oracle__feat_b__obj_cvar_a0.95__sigtrue_0.2__sigbar_0.25__lam_0.001/run_cfg.json python -m src.train_deephedge_gbm
train=oracle|feat=B|obj=cvar|sigtrue=0.2|sigbar=0.25|lam=0.001|robust=none,seed_0003__train_oracle__feat_b__obj_cvar_a0.95__sigtrue_0.2__sigbar_0.25__lam_0.001,2026-04-02T01:24:00Z,completed,main_benchmark,main,benchmark,True,deep_hedge_oracle,oracle,deep_hedge_oracle,3,B,cvar,0.2,0.25,0.001,,-0.003065751399844885,0.01260192971676588,0.003144938498735428,0.02107490412890911,0.02563163824379444,0.028345689177513123,0.033042993396520615,3.03903448417902,5.257631778717041,303903.448417902,results/gbm_deephedge/benchmark_6_2/runs/seed_0003__train_oracle__feat_b__obj_cvar_a0.95__sigtrue_0.2__sigbar_0.25__lam_0.001,results/gbm_deephedge,0d1052bc11d72f6eb35437d92d782360c19106ada165579f0434137372cb94bd,76e694c21e709359f62f03a0ba5a97ba6db86a88,GBM_CFG=results/gbm_deephedge/benchmark_6_2/runs/seed_0003__train_oracle__feat_b__obj_cvar_a0.95__sigtrue_0.2__sigbar_0.25__lam_0.001/run_cfg.json python -m src.train_deephedge_gbm
train=oracle|feat=B|obj=cvar|sigtrue=0.2|sigbar=0.2|lam=0|robust=none,seed_0003__train_oracle__feat_b__obj_cvar_a0.95__sigtrue_0.2__sigbar_0.2__lam_0,2026-04-01T22:04:37Z,completed,main_benchmark,main,benchmark,True,bs_delta,oracle,deep_hedge_oracle,3,B,cvar,0.2,0.2,0.0,,5.4268940744834174e-05,0.009726146495400082,-6.937113490340652e-06,0.016026294331881123,0.022418557678685464,0.02641820662025736,0.03288058462786965,3.226586882423328,6.238429410651832,322658.6882423328,results/gbm_deephedge/benchmark_6_2/runs/seed_0003__train_oracle__feat_b__obj_cvar_a0.95__sigtrue_0.2__sigbar_0.2__lam_0,results/gbm_deephedge,d3c67241dc8e8e677fdadc61de4c6666184d71299370fc157a310bdd5082cc43,76e694c21e709359f62f03a0ba5a97ba6db86a88,GBM_CFG=results/gbm_deephedge/benchmark_6_2/runs/seed_0003__train_oracle__feat_b__obj_cvar_a0.95__sigtrue_0.2__sigbar_0.2__lam_0/run_cfg.json python -m src.train_deephedge_gbm
train=oracle|feat=B|obj=cvar|sigtrue=0.2|sigbar=0.2|lam=0|robust=none,seed_0003__train_oracle__feat_b__obj_cvar_a0.95__sigtrue_0.2__sigbar_0.2__lam_0,2026-04-01T22:04:37Z,completed,main_benchmark,main,benchmark,True,deep_hedge_oracle,oracle,deep_hedge_oracle,3,B,cvar,0.2,0.2,0.0,,2.46920626523206e-05,0.012082635425031185,4.816427826881409e-05,0.016936346888542175,0.021441299468278885,0.02412259206175804,0.028657520189881325,3.175453796057701,5.601478099822998,317545.3796057701,results/gbm_deephedge/benchmark_6_2/runs/seed_0003__train_oracle__feat_b__obj_cvar_a0.95__sigtrue_0.2__sigbar_0.2__lam_0,results/gbm_deephedge,d3c67241dc8e8e677fdadc61de4c6666184d71299370fc157a310bdd5082cc43,76e694c21e709359f62f03a0ba5a97ba6db86a88,GBM_CFG=results/gbm_deephedge/benchmark_6_2/runs/seed_0003__train_oracle__feat_b__obj_cvar_a0.95__sigtrue_0.2__sigbar_0.2__lam_0/run_cfg.json python -m src.train_deephedge_gbm
train=oracle|feat=B|obj=cvar|sigtrue=0.2|sigbar=0.2|lam=0.0001|robust=none,seed_0003__train_oracle__feat_b__obj_cvar_a0.95__sigtrue_0.2__sigbar_0.2__lam_0.0001,2026-04-01T22:45:30Z,completed,main_benchmark,main,benchmark,True,bs_delta,oracle,deep_hedge_oracle,3,B,cvar,0.2,0.2,0.0001,,-0.0002753300053153088,0.009737984684273976,0.00032277946101709476,0.016412427618615617,0.022846581016461216,0.026891772506029643,0.033346586160558855,3.226586882423328,6.238429410651832,322658.6882423328,results/gbm_deephedge/benchmark_6_2/runs/seed_0003__train_oracle__feat_b__obj_cvar_a0.95__sigtrue_0.2__sigbar_0.2__lam_0.0001,results/gbm_deephedge,4fef78e8fb3e083c7836e1e2924748d1cb500c03726be303c6c19b026e0d63e3,76e694c21e709359f62f03a0ba5a97ba6db86a88,GBM_CFG=results/gbm_deephedge/benchmark_6_2/runs/seed_0003__train_oracle__feat_b__obj_cvar_a0.95__sigtrue_0.2__sigbar_0.2__lam_0.0001/run_cfg.json python -m src.train_deephedge_gbm
train=oracle|feat=B|obj=cvar|sigtrue=0.2|sigbar=0.2|lam=0.0001|robust=none,seed_0003__train_oracle__feat_b__obj_cvar_a0.95__sigtrue_0.2__sigbar_0.2__lam_0.0001,2026-04-01T22:45:30Z,completed,main_benchmark,main,benchmark,True,deep_hedge_oracle,oracle,deep_hedge_oracle,3,B,cvar,0.2,0.2,0.0001,,-0.00030144333140924573,0.011860543861985207,0.00037156417965888977,0.01709132455289364,0.021749816834926605,0.02456650510430336,0.029249869287014008,3.179542266625166,5.592862129211426,317954.2266625166,results/gbm_deephedge/benchmark_6_2/runs/seed_0003__train_oracle__feat_b__obj_cvar_a0.95__sigtrue_0.2__sigbar_0.2__lam_0.0001,results/gbm_deephedge,4fef78e8fb3e083c7836e1e2924748d1cb500c03726be303c6c19b026e0d63e3,76e694c21e709359f62f03a0ba5a97ba6db86a88,GBM_CFG=results/gbm_deephedge/benchmark_6_2/runs/seed_0003__train_oracle__feat_b__obj_cvar_a0.95__sigtrue_0.2__sigbar_0.2__lam_0.0001/run_cfg.json python -m src.train_deephedge_gbm
train=oracle|feat=B|obj=cvar|sigtrue=0.2|sigbar=0.2|lam=0.0005|robust=none,seed_0003__train_oracle__feat_b__obj_cvar_a0.95__sigtrue_0.2__sigbar_0.2__lam_0.0005,2026-04-01T23:27:26Z,completed,main_benchmark,main,benchmark,True,bs_delta,oracle,deep_hedge_oracle,3,B,cvar,0.2,0.2,0.0005,,-0.0015937259095181598,0.009795404596882015,0.0016417460431442515,0.017984387491996264,0.02457002100717974,0.028658035020930006,0.035219920280395584,3.226586882423328,6.238429410651832,322658.6882423328,results/gbm_deephedge/benchmark_6_2/runs/seed_0003__train_oracle__feat_b__obj_cvar_a0.95__sigtrue_0.2__sigbar_0.2__lam_0.0005,results/gbm_deephedge,882a002778fbb6fc418c3847514e4eef349b50cdca16d5d79a52e50b8fe73d39,76e694c21e709359f62f03a0ba5a97ba6db86a88,GBM_CFG=results/gbm_deephedge/benchmark_6_2/runs/seed_0003__train_oracle__feat_b__obj_cvar_a0.95__sigtrue_0.2__sigbar_0.2__lam_0.0005/run_cfg.json python -m src.train_deephedge_gbm
train=oracle|feat=B|obj=cvar|sigtrue=0.2|sigbar=0.2|lam=0.0005|robust=none,seed_0003__train_oracle__feat_b__obj_cvar_a0.95__sigtrue_0.2__sigbar_0.2__lam_0.0005,2026-04-01T23:27:26Z,completed,main_benchmark,main,benchmark,True,deep_hedge_oracle,oracle,deep_hedge_oracle,3,B,cvar,0.2,0.2,0.0005,,-0.0015546237118542194,0.012196541763842106,0.0016287751495838165,0.018755115568637848,0.0231959018856287,0.025867577642202377,0.030460979789495468,3.1000948984348775,5.4032206535339355,310009.48984348774,results/gbm_deephedge/benchmark_6_2/runs/seed_0003__train_oracle__feat_b__obj_cvar_a0.95__sigtrue_0.2__sigbar_0.2__lam_0.0005,results/gbm_deephedge,882a002778fbb6fc418c3847514e4eef349b50cdca16d5d79a52e50b8fe73d39,76e694c21e709359f62f03a0ba5a97ba6db86a88,GBM_CFG=results/gbm_deephedge/benchmark_6_2/runs/seed_0003__train_oracle__feat_b__obj_cvar_a0.95__sigtrue_0.2__sigbar_0.2__lam_0.0005/run_cfg.json python -m src.train_deephedge_gbm
train=oracle|feat=B|obj=cvar|sigtrue=0.2|sigbar=0.2|lam=0.001|robust=none,seed_0003__train_oracle__feat_b__obj_cvar_a0.95__sigtrue_0.2__sigbar_0.2__lam_0.001,2026-04-02T00:13:45Z,completed,main_benchmark,main,benchmark,True,bs_delta,oracle,deep_hedge_oracle,3,B,cvar,0.2,0.2,0.001,,-0.0032417207597811547,0.009889478738283513,0.0032906795969424446,0.019990639544866007,0.02674707620916222,0.03090230782450238,0.03758062244593385,3.226586882423328,6.238429410651832,322658.6882423328,results/gbm_deephedge/benchmark_6_2/runs/seed_0003__train_oracle__feat_b__obj_cvar_a0.95__sigtrue_0.2__sigbar_0.2__lam_0.001,results/gbm_deephedge,3d4547a54d95148aeebb56c321e6207c8b037f002ce9ea706d48c7e06f0271d7,76e694c21e709359f62f03a0ba5a97ba6db86a88,GBM_CFG=results/gbm_deephedge/benchmark_6_2/runs/seed_0003__train_oracle__feat_b__obj_cvar_a0.95__sigtrue_0.2__sigbar_0.2__lam_0.001/run_cfg.json python -m src.train_deephedge_gbm
train=oracle|feat=B|obj=cvar|sigtrue=0.2|sigbar=0.2|lam=0.001|robust=none,seed_0003__train_oracle__feat_b__obj_cvar_a0.95__sigtrue_0.2__sigbar_0.2__lam_0.001,2026-04-02T00:13:45Z,completed,main_benchmark,main,benchmark,True,deep_hedge_oracle,oracle,deep_hedge_oracle,3,B,cvar,0.2,0.2,0.001,,-0.003065751399844885,0.01260192971676588,0.003144938498735428,0.02107490412890911,0.02563163824379444,0.028345689177513123,0.033042993396520615,3.03903448417902,5.257631778717041,303903.448417902,results/gbm_deephedge/benchmark_6_2/runs/seed_0003__train_oracle__feat_b__obj_cvar_a0.95__sigtrue_0.2__sigbar_0.2__lam_0.001,results/gbm_deephedge,3d4547a54d95148aeebb56c321e6207c8b037f002ce9ea706d48c7e06f0271d7,76e694c21e709359f62f03a0ba5a97ba6db86a88,GBM_CFG=results/gbm_deephedge/benchmark_6_2/runs/seed_0003__train_oracle__feat_b__obj_cvar_a0.95__sigtrue_0.2__sigbar_0.2__lam_0.001/run_cfg.json python -m src.train_deephedge_gbm
train=oracle|feat=B|obj=cvar|sigtrue=0.2|sigbar=0.3|lam=0|robust=none,seed_0003__train_oracle__feat_b__obj_cvar_a0.95__sigtrue_0.2__sigbar_0.3__lam_0,2026-04-02T01:22:49Z,completed,main_benchmark,main,benchmark,True,bs_delta,oracle,deep_hedge_oracle,3,B,cvar,0.2,0.3,0.0,,3.671889257312258e-05,0.015483522391126239,8.296113775317637e-05,0.02353227963207964,0.027355159047158746,0.029739589227739848,0.03249805974423491,2.8136543571830948,4.933358935313145,281365.4357183095,results/gbm_deephedge/benchmark_6_2/runs/seed_0003__train_oracle__feat_b__obj_cvar_a0.95__sigtrue_0.2__sigbar_0.3__lam_0,results/gbm_deephedge,ceaeca0caf3232f4a317a8e336d5e88895759c2422aed99de5a393284232056c,76e694c21e709359f62f03a0ba5a97ba6db86a88,GBM_CFG=results/gbm_deephedge/benchmark_6_2/runs/seed_0003__train_oracle__feat_b__obj_cvar_a0.95__sigtrue_0.2__sigbar_0.3__lam_0/run_cfg.json python -m src.train_deephedge_gbm
train=oracle|feat=B|obj=cvar|sigtrue=0.2|sigbar=0.3|lam=0|robust=none,seed_0003__train_oracle__feat_b__obj_cvar_a0.95__sigtrue_0.2__sigbar_0.3__lam_0,2026-04-02T01:22:49Z,completed,main_benchmark,main,benchmark,True,deep_hedge_oracle,oracle,deep_hedge_oracle,3,B,cvar,0.2,0.3,0.0,,2.46920626523206e-05,0.012082635425031185,4.816427826881409e-05,0.016936346888542175,0.021441299468278885,0.02412259206175804,0.028657520189881325,3.175453796057701,5.601478099822998,317545.3796057701,results/gbm_deephedge/benchmark_6_2/runs/seed_0003__train_oracle__feat_b__obj_cvar_a0.95__sigtrue_0.2__sigbar_0.3__lam_0,results/gbm_deephedge,ceaeca0caf3232f4a317a8e336d5e88895759c2422aed99de5a393284232056c,76e694c21e709359f62f03a0ba5a97ba6db86a88,GBM_CFG=results/gbm_deephedge/benchmark_6_2/runs/seed_0003__train_oracle__feat_b__obj_cvar_a0.95__sigtrue_0.2__sigbar_0.3__lam_0/run_cfg.json python -m src.train_deephedge_gbm
train=oracle|feat=B|obj=cvar|sigtrue=0.2|sigbar=0.3|lam=0.0001|robust=none,seed_0003__train_oracle__feat_b__obj_cvar_a0.95__sigtrue_0.2__sigbar_0.3__lam_0.0001,2026-04-02T01:23:14Z,completed,main_benchmark,main,benchmark,True,bs_delta,oracle,deep_hedge_oracle,3,B,cvar,0.2,0.3,0.0001,,-0.00025130530210435033,0.015451925197603914,0.0003704956281906299,0.02375325683675164,0.027563494642657168,0.029931401854920374,0.03269690967146059,2.8136543571830948,4.933358935313145,281365.4357183095,results/gbm_deephedge/benchmark_6_2/runs/seed_0003__train_oracle__feat_b__obj_cvar_a0.95__sigtrue_0.2__sigbar_0.3__lam_0.0001,results/gbm_deephedge,bf57bfbf3bc0ba001ad8560ae98294e39f17f2228e82b5bdfaec713c958bd9fa,76e694c21e709359f62f03a0ba5a97ba6db86a88,GBM_CFG=results/gbm_deephedge/benchmark_6_2/runs/seed_0003__train_oracle__feat_b__obj_cvar_a0.95__sigtrue_0.2__sigbar_0.3__lam_0.0001/run_cfg.json python -m src.train_deephedge_gbm
train=oracle|feat=B|obj=cvar|sigtrue=0.2|sigbar=0.3|lam=0.0001|robust=none,seed_0003__train_oracle__feat_b__obj_cvar_a0.95__sigtrue_0.2__sigbar_0.3__lam_0.0001,2026-04-02T01:23:14Z,completed,main_benchmark,main,benchmark,True,deep_hedge_oracle,oracle,deep_hedge_oracle,3,B,cvar,0.2,0.3,0.0001,,-0.00030144333140924573,0.011860543861985207,0.00037156417965888977,0.01709132455289364,0.021749816834926605,0.02456650510430336,0.029249869287014008,3.179542266625166,5.592862129211426,317954.2266625166,results/gbm_deephedge/benchmark_6_2/runs/seed_0003__train_oracle__feat_b__obj_cvar_a0.95__sigtrue_0.2__sigbar_0.3__lam_0.0001,results/gbm_deephedge,bf57bfbf3bc0ba001ad8560ae98294e39f17f2228e82b5bdfaec713c958bd9fa,76e694c21e709359f62f03a0ba5a97ba6db86a88,GBM_CFG=results/gbm_deephedge/benchmark_6_2/runs/seed_0003__train_oracle__feat_b__obj_cvar_a0.95__sigtrue_0.2__sigbar_0.3__lam_0.0001/run_cfg.json python -m src.train_deephedge_gbm
train=oracle|feat=B|obj=cvar|sigtrue=0.2|sigbar=0.3|lam=0.0005|robust=none,seed_0003__train_oracle__feat_b__obj_cvar_a0.95__sigtrue_0.2__sigbar_0.3__lam_0.0005,2026-04-02T01:23:39Z,completed,main_benchmark,main,benchmark,True,bs_delta,oracle,deep_hedge_oracle,3,B,cvar,0.2,0.3,0.0005,,-0.0014034021856490545,0.015328796527166847,0.0015206940140384609,0.02464856472323616,0.0284114156342361,0.03072263315707897,0.033517246103207256,2.8136543571830948,4.933358935313145,281365.4357183095,results/gbm_deephedge/benchmark_6_2/runs/seed_0003__train_oracle__feat_b__obj_cvar_a0.95__sigtrue_0.2__sigbar_0.3__lam_0.0005,results/gbm_deephedge,fc781e6c0216eea95471739aeda3235d52ab23b7b157c47879fe2bb33d12cec6,76e694c21e709359f62f03a0ba5a97ba6db86a88,GBM_CFG=results/gbm_deephedge/benchmark_6_2/runs/seed_0003__train_oracle__feat_b__obj_cvar_a0.95__sigtrue_0.2__sigbar_0.3__lam_0.0005/run_cfg.json python -m src.train_deephedge_gbm
train=oracle|feat=B|obj=cvar|sigtrue=0.2|sigbar=0.3|lam=0.0005|robust=none,seed_0003__train_oracle__feat_b__obj_cvar_a0.95__sigtrue_0.2__sigbar_0.3__lam_0.0005,2026-04-02T01:23:39Z,completed,main_benchmark,main,benchmark,True,deep_hedge_oracle,oracle,deep_hedge_oracle,3,B,cvar,0.2,0.3,0.0005,,-0.0015546237118542194,0.012196541763842106,0.0016287751495838165,0.018755115568637848,0.0231959018856287,0.025867577642202377,0.030460979789495468,3.1000948984348775,5.4032206535339355,310009.48984348774,results/gbm_deephedge/benchmark_6_2/runs/seed_0003__train_oracle__feat_b__obj_cvar_a0.95__sigtrue_0.2__sigbar_0.3__lam_0.0005,results/gbm_deephedge,fc781e6c0216eea95471739aeda3235d52ab23b7b157c47879fe2bb33d12cec6,76e694c21e709359f62f03a0ba5a97ba6db86a88,GBM_CFG=results/gbm_deephedge/benchmark_6_2/runs/seed_0003__train_oracle__feat_b__obj_cvar_a0.95__sigtrue_0.2__sigbar_0.3__lam_0.0005/run_cfg.json python -m src.train_deephedge_gbm
train=oracle|feat=B|obj=cvar|sigtrue=0.2|sigbar=0.3|lam=0.001|robust=none,seed_0003__train_oracle__feat_b__obj_cvar_a0.95__sigtrue_0.2__sigbar_0.3__lam_0.001,2026-04-02T01:24:03Z,completed,main_benchmark,main,benchmark,True,bs_delta,oracle,deep_hedge_oracle,3,B,cvar,0.2,0.3,0.001,,-0.002843523263871232,0.015182368098721253,0.0029585776784838633,0.025767822181877665,0.02950435365588605,0.03179823088045761,0.03460196540520936,2.8136543571830948,4.933358935313145,281365.4357183095,results/gbm_deephedge/benchmark_6_2/runs/seed_0003__train_oracle__feat_b__obj_cvar_a0.95__sigtrue_0.2__sigbar_0.3__lam_0.001,results/gbm_deephedge,6d98742557c037a2d04fef138f91761c166b0eb9db5bd92c0eb422418f57be90,76e694c21e709359f62f03a0ba5a97ba6db86a88,GBM_CFG=results/gbm_deephedge/benchmark_6_2/runs/seed_0003__train_oracle__feat_b__obj_cvar_a0.95__sigtrue_0.2__sigbar_0.3__lam_0.001/run_cfg.json python -m src.train_deephedge_gbm
train=oracle|feat=B|obj=cvar|sigtrue=0.2|sigbar=0.3|lam=0.001|robust=none,seed_0003__train_oracle__feat_b__obj_cvar_a0.95__sigtrue_0.2__sigbar_0.3__lam_0.001,2026-04-02T01:24:03Z,completed,main_benchmark,main,benchmark,True,deep_hedge_oracle,oracle,deep_hedge_oracle,3,B,cvar,0.2,0.3,0.001,,-0.003065751399844885,0.01260192971676588,0.003144938498735428,0.02107490412890911,0.02563163824379444,0.028345689177513123,0.033042993396520615,3.03903448417902,5.257631778717041,303903.448417902,results/gbm_deephedge/benchmark_6_2/runs/seed_0003__train_oracle__feat_b__obj_cvar_a0.95__sigtrue_0.2__sigbar_0.3__lam_0.001,results/gbm_deephedge,6d98742557c037a2d04fef138f91761c166b0eb9db5bd92c0eb422418f57be90,76e694c21e709359f62f03a0ba5a97ba6db86a88,GBM_CFG=results/gbm_deephedge/benchmark_6_2/runs/seed_0003__train_oracle__feat_b__obj_cvar_a0.95__sigtrue_0.2__sigbar_0.3__lam_0.001/run_cfg.json python -m src.train_deephedge_gbm
"train=robust|feat=B|obj=cvar|sigtrue=0.2|sigbar=0.15|lam=0|robust=0.15,0.2,0.25",seed_0003__train_robust_s0.15-0.2-0.25__feat_b__obj_cvar_a0.95__sigtrue_0.2__sigbar_0.15__lam_0,2026-04-02T01:22:56Z,completed,main_benchmark,main,benchmark,True,bs_delta,robust,deep_hedge_robust,3,B,cvar,0.2,0.15,0.0,0.15|0.2|0.25,7.747686798350986e-05,0.012926380589438367,6.455634368102148e-06,0.02454077243079183,0.03373708098645096,0.039387644694417044,0.04796473154136297,3.5271324801833526,7.5317388021522715,352713.24801833526,results/gbm_deephedge/benchmark_6_2/runs/seed_0003__train_robust_s0.15-0.2-0.25__feat_b__obj_cvar_a0.95__sigtrue_0.2__sigbar_0.15__lam_0,results/gbm_deephedge,0463045189c643feec2ebd8ed4bdb43f160f1582e4d23beb3c166c6a84263c94,76e694c21e709359f62f03a0ba5a97ba6db86a88,GBM_CFG=results/gbm_deephedge/benchmark_6_2/runs/seed_0003__train_robust_s0.15-0.2-0.25__feat_b__obj_cvar_a0.95__sigtrue_0.2__sigbar_0.15__lam_0/run_cfg.json python -m src.train_deephedge_gbm
"train=robust|feat=B|obj=cvar|sigtrue=0.2|sigbar=0.15|lam=0|robust=0.15,0.2,0.25",seed_0003__train_robust_s0.15-0.2-0.25__feat_b__obj_cvar_a0.95__sigtrue_0.2__sigbar_0.15__lam_0,2026-04-02T01:22:56Z,completed,main_benchmark,main,benchmark,True,deep_hedge_robust,robust,deep_hedge_robust,3,B,cvar,0.2,0.15,0.0,0.15|0.2|0.25,2.3892716853879392e-05,0.01477795746177435,8.502975106239319e-05,0.021302759647369385,0.024850230664014816,0.027011454105377197,0.030094651505351067,2.943122547984123,5.021960258483887,294312.2547984123,results/gbm_deephedge/benchmark_6_2/runs/seed_0003__train_robust_s0.15-0.2-0.25__feat_b__obj_cvar_a0.95__sigtrue_0.2__sigbar_0.15__lam_0,results/gbm_deephedge,0463045189c643feec2ebd8ed4bdb43f160f1582e4d23beb3c166c6a84263c94,76e694c21e709359f62f03a0ba5a97ba6db86a88,GBM_CFG=results/gbm_deephedge/benchmark_6_2/runs/seed_0003__train_robust_s0.15-0.2-0.25__feat_b__obj_cvar_a0.95__sigtrue_0.2__sigbar_0.15__lam_0/run_cfg.json python -m src.train_deephedge_gbm
"train=robust|feat=B|obj=cvar|sigtrue=0.2|sigbar=0.15|lam=0.0001|robust=0.15,0.2,0.25",seed_0003__train_robust_s0.15-0.2-0.25__feat_b__obj_cvar_a0.95__sigtrue_0.2__sigbar_0.15__lam_0.0001,2026-04-02T01:23:21Z,completed,main_benchmark,main,benchmark,True,bs_delta,robust,deep_hedge_robust,3,B,cvar,0.2,0.15,0.0001,0.15|0.2|0.25,-0.00028236731125178823,0.013003782110664833,0.0003673089154167253,0.025044645370896276,0.03426852262584193,0.03995364039685445,0.048534960807561534,3.5271324801833526,7.5317388021522715,352713.24801833526,results/gbm_deephedge/benchmark_6_2/runs/seed_0003__train_robust_s0.15-0.2-0.25__feat_b__obj_cvar_a0.95__sigtrue_0.2__sigbar_0.15__lam_0.0001,results/gbm_deephedge,eb9cd9193995ab4d80ea92f68f5a24127abed63c5d9b2ca09ca4c5baf564b9e2,76e694c21e709359f62f03a0ba5a97ba6db86a88,GBM_CFG=results/gbm_deephedge/benchmark_6_2/runs/seed_0003__train_robust_s0.15-0.2-0.25__feat_b__obj_cvar_a0.95__sigtrue_0.2__sigbar_0.15__lam_0.0001/run_cfg.json python -m src.train_deephedge_gbm
"train=robust|feat=B|obj=cvar|sigtrue=0.2|sigbar=0.15|lam=0.0001|robust=0.15,0.2,0.25",seed_0003__train_robust_s0.15-0.2-0.25__feat_b__obj_cvar_a0.95__sigtrue_0.2__sigbar_0.15__lam_0.0001,2026-04-02T01:23:21Z,completed,main_benchmark,main,benchmark,True,deep_hedge_robust,robust,deep_hedge_robust,3,B,cvar,0.2,0.15,0.0001,0.15|0.2|0.25,-0.00027561900787986815,0.014986487105488777,0.00038760527968406677,0.02238931506872177,0.02616230398416519,0.02850666455924511,0.03141779825091362,2.9489555293989183,5.053598403930664,294895.5529398918,results/gbm_deephedge/benchmark_6_2/runs/seed_0003__train_robust_s0.15-0.2-0.25__feat_b__obj_cvar_a0.95__sigtrue_0.2__sigbar_0.15__lam_0.0001,results/gbm_deephedge,eb9cd9193995ab4d80ea92f68f5a24127abed63c5d9b2ca09ca4c5baf564b9e2,76e694c21e709359f62f03a0ba5a97ba6db86a88,GBM_CFG=results/gbm_deephedge/benchmark_6_2/runs/seed_0003__train_robust_s0.15-0.2-0.25__feat_b__obj_cvar_a0.95__sigtrue_0.2__sigbar_0.15__lam_0.0001/run_cfg.json python -m src.train_deephedge_gbm
"train=robust|feat=B|obj=cvar|sigtrue=0.2|sigbar=0.15|lam=0.0005|robust=0.15,0.2,0.25",seed_0003__train_robust_s0.15-0.2-0.25__feat_b__obj_cvar_a0.95__sigtrue_0.2__sigbar_0.15__lam_0.0005,2026-04-02T01:23:45Z,completed,main_benchmark,main,benchmark,True,bs_delta,robust,deep_hedge_robust,3,B,cvar,0.2,0.15,0.0005,0.15|0.2|0.25,-0.0017217441591589242,0.01332001148551426,0.0018108706194231716,0.027031610947577087,0.03640086573177754,0.04220937656347418,0.050823237380712497,3.5271324801833526,7.5317388021522715,352713.24801833526,results/gbm_deephedge/benchmark_6_2/runs/seed_0003__train_robust_s0.15-0.2-0.25__feat_b__obj_cvar_a0.95__sigtrue_0.2__sigbar_0.15__lam_0.0005,results/gbm_deephedge,549f9f937cd6e6e01ff6b7aeeaa765f643cb10671ac97b8aa6a232cd6d60c09e,76e694c21e709359f62f03a0ba5a97ba6db86a88,GBM_CFG=results/gbm_deephedge/benchmark_6_2/runs/seed_0003__train_robust_s0.15-0.2-0.25__feat_b__obj_cvar_a0.95__sigtrue_0.2__sigbar_0.15__lam_0.0005/run_cfg.json python -m src.train_deephedge_gbm
"train=robust|feat=B|obj=cvar|sigtrue=0.2|sigbar=0.15|lam=0.0005|robust=0.15,0.2,0.25",seed_0003__train_robust_s0.15-0.2-0.25__feat_b__obj_cvar_a0.95__sigtrue_0.2__sigbar_0.15__lam_0.0005,2026-04-02T01:23:45Z,completed,main_benchmark,main,benchmark,True,deep_hedge_robust,robust,deep_hedge_robust,3,B,cvar,0.2,0.15,0.0005,0.15|0.2|0.25,-0.0014392458833754063,0.014977162703871727,0.0015511289238929749,0.023503921926021576,0.02722356654703617,0.02945651113986969,0.03231362625956535,2.8739443745589255,4.839079856872559,287394.43745589256,results/gbm_deephedge/benchmark_6_2/runs/seed_0003__train_robust_s0.15-0.2-0.25__feat_b__obj_cvar_a0.95__sigtrue_0.2__sigbar_0.15__lam_0.0005,results/gbm_deephedge,549f9f937cd6e6e01ff6b7aeeaa765f643cb10671ac97b8aa6a232cd6d60c09e,76e694c21e709359f62f03a0ba5a97ba6db86a88,GBM_CFG=results/gbm_deephedge/benchmark_6_2/runs/seed_0003__train_robust_s0.15-0.2-0.25__feat_b__obj_cvar_a0.95__sigtrue_0.2__sigbar_0.15__lam_0.0005/run_cfg.json python -m src.train_deephedge_gbm
"train=robust|feat=B|obj=cvar|sigtrue=0.2|sigbar=0.15|lam=0.001|robust=0.15,0.2,0.25",seed_0003__train_robust_s0.15-0.2-0.25__feat_b__obj_cvar_a0.95__sigtrue_0.2__sigbar_0.15__lam_0.001,2026-04-02T01:24:10Z,completed,main_benchmark,main,benchmark,True,bs_delta,robust,deep_hedge_robust,3,B,cvar,0.2,0.15,0.001,0.15|0.2|0.25,-0.003520965186301357,0.013729335255323659,0.0036156567229649744,0.029595777087523627,0.03907885596999388,0.04492247780334791,0.05369589798099862,3.5271324801833526,7.5317388021522715,352713.24801833526,results/gbm_deephedge/benchmark_6_2/runs/seed_0003__train_robust_s0.15-0.2-0.25__feat_b__obj_cvar_a0.95__sigtrue_0.2__sigbar_0.15__lam_0.001,results/gbm_deephedge,d8d9cb4509695c5e9a836ef87646e2e7c89a94536dd65606d716c7002e73d890,76e694c21e709359f62f03a0ba5a97ba6db86a88,GBM_CFG=results/gbm_deephedge/benchmark_6_2/runs/seed_0003__train_robust_s0.15-0.2-0.25__feat_b__obj_cvar_a0.95__sigtrue_0.2__sigbar_0.15__lam_0.001/run_cfg.json python -m src.train_deephedge_gbm
"train=robust|feat=B|obj=cvar|sigtrue=0.2|sigbar=0.15|lam=0.001|robust=0.15,0.2,0.25",seed_0003__train_robust_s0.15-0.2-0.25__feat_b__obj_cvar_a0.95__sigtrue_0.2__sigbar_0.15__lam_0.001,2026-04-02T01:24:10Z,completed,main_benchmark,main,benchmark,True,deep_hedge_robust,robust,deep_hedge_robust,3,B,cvar,0.2,0.15,0.001,0.15|0.2|0.25,-0.0029162548016756773,0.014553147368133068,0.0030218027532100677,0.023791441693902016,0.02734486013650894,0.029413582757115364,0.03259535878896713,2.8839213743817806,4.7760443687438965,288392.13743817806,results/gbm_deephedge/benchmark_6_2/runs/seed_0003__train_robust_s0.15-0.2-0.25__feat_b__obj_cvar_a0.95__sigtrue_0.2__sigbar_0.15__lam_0.001,results/gbm_deephedge,d8d9cb4509695c5e9a836ef87646e2e7c89a94536dd65606d716c7002e73d890,76e694c21e709359f62f03a0ba5a97ba6db86a88,GBM_CFG=results/gbm_deephedge/benchmark_6_2/runs/seed_0003__train_robust_s0.15-0.2-0.25__feat_b__obj_cvar_a0.95__sigtrue_0.2__sigbar_0.15__lam_0.001/run_cfg.json python -m src.train_deephedge_gbm
"train=robust|feat=B|obj=cvar|sigtrue=0.2|sigbar=0.1|lam=0|robust=0.15,0.2,0.25",seed_0003__train_robust_s0.15-0.2-0.25__feat_b__obj_cvar_a0.95__sigtrue_0.2__sigbar_0.1__lam_0,2026-04-02T01:22:52Z,completed,main_benchmark,main,benchmark,True,bs_delta,robust,deep_hedge_robust,3,B,cvar,0.2,0.1,0.0,0.15|0.2|0.25,0.0001118426028566246,0.022277613905071707,0.0001377971375993714,0.04148310517007105,0.05451355374210947,0.06240855625944568,0.0739699244062444,3.931711240914904,9.75383756160489,393171.1240914904,results/gbm_deephedge/benchmark_6_2/runs/seed_0003__train_robust_s0.15-0.2-0.25__feat_b__obj_cvar_a0.95__sigtrue_0.2__sigbar_0.1__lam_0,results/gbm_deephedge,d0d6beb79d9fef25aad51bbb2fdb885d8995e995eb250f96f0e6b3cb3d89e76f,76e694c21e709359f62f03a0ba5a97ba6db86a88,GBM_CFG=results/gbm_deephedge/benchmark_6_2/runs/seed_0003__train_robust_s0.15-0.2-0.25__feat_b__obj_cvar_a0.95__sigtrue_0.2__sigbar_0.1__lam_0/run_cfg.json python -m src.train_deephedge_gbm
"train=robust|feat=B|obj=cvar|sigtrue=0.2|sigbar=0.1|lam=0|robust=0.15,0.2,0.25",seed_0003__train_robust_s0.15-0.2-0.25__feat_b__obj_cvar_a0.95__sigtrue_0.2__sigbar_0.1__lam_0,2026-04-02T01:22:52Z,completed,main_benchmark,main,benchmark,True,deep_hedge_robust,robust,deep_hedge_robust,3,B,cvar,0.2,0.1,0.0,0.15|0.2|0.25,2.3892716853879392e-05,0.01477795746177435,8.502975106239319e-05,0.021302759647369385,0.024850230664014816,0.027011454105377197,0.030094651505351067,2.943122547984123,5.021960258483887,294312.2547984123,results/gbm_deephedge/benchmark_6_2/runs/seed_0003__train_robust_s0.15-0.2-0.25__feat_b__obj_cvar_a0.95__sigtrue_0.2__sigbar_0.1__lam_0,results/gbm_deephedge,d0d6beb79d9fef25aad51bbb2fdb885d8995e995eb250f96f0e6b3cb3d89e76f,76e694c21e709359f62f03a0ba5a97ba6db86a88,GBM_CFG=results/gbm_deephedge/benchmark_6_2/runs/seed_0003__train_robust_s0.15-0.2-0.25__feat_b__obj_cvar_a0.95__sigtrue_0.2__sigbar_0.1__lam_0/run_cfg.json python -m src.train_deephedge_gbm
"train=robust|feat=B|obj=cvar|sigtrue=0.2|sigbar=0.1|lam=0.0001|robust=0.15,0.2,0.25",seed_0003__train_robust_s0.15-0.2-0.25__feat_b__obj_cvar_a0.95__sigtrue_0.2__sigbar_0.1__lam_0.0001,2026-04-02T01:23:18Z,completed,main_benchmark,main,benchmark,True,bs_delta,robust,deep_hedge_robust,3,B,cvar,0.2,0.1,0.0001,0.15|0.2|0.25,-0.0002887088776616875,0.02241084574836268,0.0005413448559701828,0.04212013096844667,0.05518397738344942,0.06312043787677712,0.07469767297175071,3.931711240914904,9.75383756160489,393171.1240914904,results/gbm_deephedge/benchmark_6_2/runs/seed_0003__train_robust_s0.15-0.2-0.25__feat_b__obj_cvar_a0.95__sigtrue_0.2__sigbar_0.1__lam_0.0001,results/gbm_deephedge,483e80f7bead52bb11a8a4d1ba41dd8a55e94814fa387134418a5664a60dcc89,76e694c21e709359f62f03a0ba5a97ba6db86a88,GBM_CFG=results/gbm_deephedge/benchmark_6_2/runs/seed_0003__train_robust_s0.15-0.2-0.25__feat_b__obj_cvar_a0.95__sigtrue_0.2__sigbar_0.1__lam_0.0001/run_cfg.json python -m src.train_deephedge_gbm
"train=robust|feat=B|obj=cvar|sigtrue=0.2|sigbar=0.1|lam=0.0001|robust=0.15,0.2,0.25",seed_0003__train_robust_s0.15-0.2-0.25__feat_b__obj_cvar_a0.95__sigtrue_0.2__sigbar_0.1__lam_0.0001,2026-04-02T01:23:18Z,completed,main_benchmark,main,benchmark,True,deep_hedge_robust,robust,deep_hedge_robust,3,B,cvar,0.2,0.1,0.0001,0.15|0.2|0.25,-0.00027561900787986815,0.014986487105488777,0.00038760527968406677,0.02238931506872177,0.02616230398416519,0.02850666455924511,0.03141779825091362,2.9489555293989183,5.053598403930664,294895.5529398918,results/gbm_deephedge/benchmark_6_2/runs/seed_0003__train_robust_s0.15-0.2-0.25__feat_b__obj_cvar_a0.95__sigtrue_0.2__sigbar_0.1__lam_0.0001,results/gbm_deephedge,483e80f7bead52bb11a8a4d1ba41dd8a55e94814fa387134418a5664a60dcc89,76e694c21e709359f62f03a0ba5a97ba6db86a88,GBM_CFG=results/gbm_deephedge/benchmark_6_2/runs/seed_0003__train_robust_s0.15-0.2-0.25__feat_b__obj_cvar_a0.95__sigtrue_0.2__sigbar_0.1__lam_0.0001/run_cfg.json python -m src.train_deephedge_gbm
"train=robust|feat=B|obj=cvar|sigtrue=0.2|sigbar=0.1|lam=0.0005|robust=0.15,0.2,0.25",seed_0003__train_robust_s0.15-0.2-0.25__feat_b__obj_cvar_a0.95__sigtrue_0.2__sigbar_0.1__lam_0.0005,2026-04-02T01:23:42Z,completed,main_benchmark,main,benchmark,True,bs_delta,robust,deep_hedge_robust,3,B,cvar,0.2,0.1,0.0005,0.15|0.2|0.25,-0.0018909149455001101,0.02294689699973789,0.002155786730032472,0.04463573421939199,0.05787126195314888,0.06585414945900978,0.07761467136049333,3.931711240914904,9.75383756160489,393171.1240914904,results/gbm_deephedge/benchmark_6_2/runs/seed_0003__train_robust_s0.15-0.2-0.25__feat_b__obj_cvar_a0.95__sigtrue_0.2__sigbar_0.1__lam_0.0005,results/gbm_deephedge,443acdf2705e9344b61e95a03db57e5337eeae74e1b3012aecc46eb5cb9ca17d,76e694c21e709359f62f03a0ba5a97ba6db86a88,GBM_CFG=results/gbm_deephedge/benchmark_6_2/runs/seed_0003__train_robust_s0.15-0.2-0.25__feat_b__obj_cvar_a0.95__sigtrue_0.2__sigbar_0.1__lam_0.0005/run_cfg.json python -m src.train_deephedge_gbm
"train=robust|feat=B|obj=cvar|sigtrue=0.2|sigbar=0.1|lam=0.0005|robust=0.15,0.2,0.25",seed_0003__train_robust_s0.15-0.2-0.25__feat_b__obj_cvar_a0.95__sigtrue_0.2__sigbar_0.1__lam_0.0005,2026-04-02T01:23:42Z,completed,main_benchmark,main,benchmark,True,deep_hedge_robust,robust,deep_hedge_robust,3,B,cvar,0.2,0.1,0.0005,0.15|0.2|0.25,-0.0014392458833754063,0.014977162703871727,0.0015511289238929749,0.023503921926021576,0.02722356654703617,0.02945651113986969,0.03231362625956535,2.8739443745589255,4.839079856872559,287394.43745589256,results/gbm_deephedge/benchmark_6_2/runs/seed_0003__train_robust_s0.15-0.2-0.25__feat_b__obj_cvar_a0.95__sigtrue_0.2__sigbar_0.1__lam_0.0005,results/gbm_deephedge,443acdf2705e9344b61e95a03db57e5337eeae74e1b3012aecc46eb5cb9ca17d,76e694c21e709359f62f03a0ba5a97ba6db86a88,GBM_CFG=results/gbm_deephedge/benchmark_6_2/runs/seed_0003__train_robust_s0.15-0.2-0.25__feat_b__obj_cvar_a0.95__sigtrue_0.2__sigbar_0.1__lam_0.0005/run_cfg.json python -m src.train_deephedge_gbm
"train=robust|feat=B|obj=cvar|sigtrue=0.2|sigbar=0.1|lam=0.001|robust=0.15,0.2,0.25",seed_0003__train_robust_s0.15-0.2-0.25__feat_b__obj_cvar_a0.95__sigtrue_0.2__sigbar_0.1__lam_0.001,2026-04-02T01:24:07Z,completed,main_benchmark,main,benchmark,True,bs_delta,robust,deep_hedge_robust,3,B,cvar,0.2,0.1,0.001,0.15|0.2|0.25,-0.0038936724938568455,0.02362359002009772,0.004174403515807806,0.04775411827949464,0.061241578938780364,0.06928542739080597,0.08127120358647456,3.931711240914904,9.75383756160489,393171.1240914904,results/gbm_deephedge/benchmark_6_2/runs/seed_0003__train_robust_s0.15-0.2-0.25__feat_b__obj_cvar_a0.95__sigtrue_0.2__sigbar_0.1__lam_0.001,results/gbm_deephedge,4d7f4cec8f2d07a78dbc861dc7169a73ef855105c28236300791a1d034ece267,76e694c21e709359f62f03a0ba5a97ba6db86a88,GBM_CFG=results/gbm_deephedge/benchmark_6_2/runs/seed_0003__train_robust_s0.15-0.2-0.25__feat_b__obj_cvar_a0.95__sigtrue_0.2__sigbar_0.1__lam_0.001/run_cfg.json python -m src.train_deephedge_gbm
"train=robust|feat=B|obj=cvar|sigtrue=0.2|sigbar=0.1|lam=0.001|robust=0.15,0.2,0.25",seed_0003__train_robust_s0.15-0.2-0.25__feat_b__obj_cvar_a0.95__sigtrue_0.2__sigbar_0.1__lam_0.001,2026-04-02T01:24:07Z,completed,main_benchmark,main,benchmark,True,deep_hedge_robust,robust,deep_hedge_robust,3,B,cvar,0.2,0.1,0.001,0.15|0.2|0.25,-0.0029162548016756773,0.014553147368133068,0.0030218027532100677,0.023791441693902016,0.02734486013650894,0.029413582757115364,0.03259535878896713,2.8839213743817806,4.7760443687438965,288392.13743817806,results/gbm_deephedge/benchmark_6_2/runs/seed_0003__train_robust_s0.15-0.2-0.25__feat_b__obj_cvar_a0.95__sigtrue_0.2__sigbar_0.1__lam_0.001,results/gbm_deephedge,4d7f4cec8f2d07a78dbc861dc7169a73ef855105c28236300791a1d034ece267,76e694c21e709359f62f03a0ba5a97ba6db86a88,GBM_CFG=results/gbm_deephedge/benchmark_6_2/runs/seed_0003__train_robust_s0.15-0.2-0.25__feat_b__obj_cvar_a0.95__sigtrue_0.2__sigbar_0.1__lam_0.001/run_cfg.json python -m src.train_deephedge_gbm
"train=robust|feat=B|obj=cvar|sigtrue=0.2|sigbar=0.25|lam=0|robust=0.15,0.2,0.25",seed_0003__train_robust_s0.15-0.2-0.25__feat_b__obj_cvar_a0.95__sigtrue_0.2__sigbar_0.25__lam_0,2026-04-02T01:22:59Z,completed,main_benchmark,main,benchmark,True,bs_delta,robust,deep_hedge_robust,3,B,cvar,0.2,0.25,0.0,0.15|0.2|0.25,4.181638363632726e-05,0.011825701130345964,2.796954008904562e-05,0.0169471427934562,0.020586192233421983,0.022626112668676802,0.026433883628458006,2.9957230332436486,5.505233764327011,299572.3033243649,results/gbm_deephedge/benchmark_6_2/runs/seed_0003__train_robust_s0.15-0.2-0.25__feat_b__obj_cvar_a0.95__sigtrue_0.2__sigbar_0.25__lam_0,results/gbm_deephedge,af572c359dbeae074373c9532a9765d2c2ea8da14440355b58acfd85ff6f6a46,76e694c21e709359f62f03a0ba5a97ba6db86a88,GBM_CFG=results/gbm_deephedge/benchmark_6_2/runs/seed_0003__train_robust_s0.15-0.2-0.25__feat_b__obj_cvar_a0.95__sigtrue_0.2__sigbar_0.25__lam_0/run_cfg.json python -m src.train_deephedge_gbm
"train=robust|feat=B|obj=cvar|sigtrue=0.2|sigbar=0.25|lam=0|robust=0.15,0.2,0.25",seed_0003__train_robust_s0.15-0.2-0.25__feat_b__obj_cvar_a0.95__sigtrue_0.2__sigbar_0.25__lam_0,2026-04-02T01:22:59Z,completed,main_benchmark,main,benchmark,True,deep_hedge_robust,robust,deep_hedge_robust,3,B,cvar,0.2,0.25,0.0,0.15|0.2|0.25,2.3892716853879392e-05,0.01477795746177435,8.502975106239319e-05,0.021302759647369385,0.024850230664014816,0.027011454105377197,0.030094651505351067,2.943122547984123,5.021960258483887,294312.2547984123,results/gbm_deephedge/benchmark_6_2/runs/seed_0003__train_robust_s0.15-0.2-0.25__feat_b__obj_cvar_a0.95__sigtrue_0.2__sigbar_0.25__lam_0,results/gbm_deephedge,af572c359dbeae074373c9532a9765d2c2ea8da14440355b58acfd85ff6f6a46,76e694c21e709359f62f03a0ba5a97ba6db86a88,GBM_CFG=results/gbm_deephedge/benchmark_6_2/runs/seed_0003__train_robust_s0.15-0.2-0.25__feat_b__obj_cvar_a0.95__sigtrue_0.2__sigbar_0.25__lam_0/run_cfg.json python -m src.train_deephedge_gbm
"train=robust|feat=B|obj=cvar|sigtrue=0.2|sigbar=0.25|lam=0.0001|robust=0.15,0.2,0.25",seed_0003__train_robust_s0.15-0.2-0.25__feat_b__obj_cvar_a0.95__sigtrue_0.2__sigbar_0.25__lam_0.0001,2026-04-02T01:23:24Z,completed,main_benchmark,main,benchmark,True,bs_delta,robust,deep_hedge_robust,3,B,cvar,0.2,0.25,0.0001,0.15|0.2|0.25,-0.00026454472976135835,0.01180053670880902,0.00033403409817415325,0.017216631666788582,0.020873075187331277,0.022935455241770163,0.026769507402693394,2.9957230332436486,5.505233764327011,299572.3033243649,results/gbm_deephedge/benchmark_6_2/runs/seed_0003__train_robust_s0.15-0.2-0.25__feat_b__obj_cvar_a0.95__sigtrue_0.2__sigbar_0.25__lam_0.0001,results/gbm_deephedge,0b6a5ca73cf0847d97c8de00b0cac29812b67f8d08106058d5cb5850b4f9c9a5,76e694c21e709359f62f03a0ba5a97ba6db86a88,GBM_CFG=results/gbm_deephedge/benchmark_6_2/runs/seed_0003__train_robust_s0.15-0.2-0.25__feat_b__obj_cvar_a0.95__sigtrue_0.2__sigbar_0.25__lam_0.0001/run_cfg.json python -m src.train_deephedge_gbm
"train=robust|feat=B|obj=cvar|sigtrue=0.2|sigbar=0.25|lam=0.0001|robust=0.15,0.2,0.25",seed_0003__train_robust_s0.15-0.2-0.25__feat_b__obj_cvar_a0.95__sigtrue_0.2__sigbar_0.25__lam_0.0001,2026-04-02T01:23:24Z,completed,main_benchmark,main,benchmark,True,deep_hedge_robust,robust,deep_hedge_robust,3,B,cvar,0.2,0.25,0.0001,0.15|0.2|0.25,-0.00027561900787986815,0.014986487105488777,0.00038760527968406677,0.02238931506872177,0.02616230398416519,0.02850666455924511,0.03141779825091362,2.9489555293989183,5.053598403930664,294895.5529398918,results/gbm_deephedge/benchmark_6_2/runs/seed_0003__train_robust_s0.15-0.2-0.25__feat_b__obj_cvar_a0.95__sigtrue_0.2__sigbar_0.25__lam_0.0001,results/gbm_deephedge,0b6a5ca73cf0847d97c8de00b0cac29812b67f8d08106058d5cb5850b4f9c9a5,76e694c21e709359f62f03a0ba5a97ba6db86a88,GBM_CFG=results/gbm_deephedge/benchmark_6_2/runs/seed_0003__train_robust_s0.15-0.2-0.25__feat_b__obj_cvar_a0.95__sigtrue_0.2__sigbar_0.25__lam_0.0001/run_cfg.json python -m src.train_deephedge_gbm
"train=robust|feat=B|obj=cvar|sigtrue=0.2|sigbar=0.25|lam=0.0005|robust=0.15,0.2,0.25",seed_0003__train_robust_s0.15-0.2-0.25__feat_b__obj_cvar_a0.95__sigtrue_0.2__sigbar_0.25__lam_0.0005,2026-04-02T01:23:48Z,completed,main_benchmark,main,benchmark,True,bs_delta,robust,deep_hedge_robust,3,B,cvar,0.2,0.25,0.0005,0.15|0.2|0.25,-0.0014899892948589974,0.011705709795935907,0.0015583672839402235,0.018287201017685942,0.022047149431265164,0.024172986757444483,0.02814802826792893,2.9957230332436486,5.505233764327011,299572.3033243649,results/gbm_deephedge/benchmark_6_2/runs/seed_0003__train_robust_s0.15-0.2-0.25__feat_b__obj_cvar_a0.95__sigtrue_0.2__sigbar_0.25__lam_0.0005,results/gbm_deephedge,a165b6f2baf5f628924a5349d815414b3394c39f0fed47ca2241c373ef6cc371,76e694c21e709359f62f03a0ba5a97ba6db86a88,GBM_CFG=results/gbm_deephedge/benchmark_6_2/runs/seed_0003__train_robust_s0.15-0.2-0.25__feat_b__obj_cvar_a0.95__sigtrue_0.2__sigbar_0.25__lam_0.0005/run_cfg.json python -m src.train_deephedge_gbm
"train=robust|feat=B|obj=cvar|sigtrue=0.2|sigbar=0.25|lam=0.0005|robust=0.15,0.2,0.25",seed_0003__train_robust_s0.15-0.2-0.25__feat_b__obj_cvar_a0.95__sigtrue_0.2__sigbar_0.25__lam_0.0005,2026-04-02T01:23:48Z,completed,main_benchmark,main,benchmark,True,deep_hedge_robust,robust,deep_hedge_robust,3,B,cvar,0.2,0.25,0.0005,0.15|0.2|0.25,-0.0014392458833754063,0.014977162703871727,0.0015511289238929749,0.023503921926021576,0.02722356654703617,0.02945651113986969,0.03231362625956535,2.8739443745589255,4.839079856872559,287394.43745589256,results/gbm_deephedge/benchmark_6_2/runs/seed_0003__train_robust_s0.15-0.2-0.25__feat_b__obj_cvar_a0.95__sigtrue_0.2__sigbar_0.25__lam_0.0005,results/gbm_deephedge,a165b6f2baf5f628924a5349d815414b3394c39f0fed47ca2241c373ef6cc371,76e694c21e709359f62f03a0ba5a97ba6db86a88,GBM_CFG=results/gbm_deephedge/benchmark_6_2/runs/seed_0003__train_robust_s0.15-0.2-0.25__feat_b__obj_cvar_a0.95__sigtrue_0.2__sigbar_0.25__lam_0.0005/run_cfg.json python -m src.train_deephedge_gbm
"train=robust|feat=B|obj=cvar|sigtrue=0.2|sigbar=0.25|lam=0.001|robust=0.15,0.2,0.25",seed_0003__train_robust_s0.15-0.2-0.25__feat_b__obj_cvar_a0.95__sigtrue_0.2__sigbar_0.25__lam_0.001,2026-04-02T01:24:13Z,completed,main_benchmark,main,benchmark,True,bs_delta,robust,deep_hedge_robust,3,B,cvar,0.2,0.25,0.001,0.15|0.2|0.25,-0.003021794973354322,0.011600556929569353,0.0030889521200309633,0.01968985513420284,0.023573855763793727,0.025764147049050706,0.029941140791847565,2.9957230332436486,5.505233764327011,299572.3033243649,results/gbm_deephedge/benchmark_6_2/runs/seed_0003__train_robust_s0.15-0.2-0.25__feat_b__obj_cvar_a0.95__sigtrue_0.2__sigbar_0.25__lam_0.001,results/gbm_deephedge,70c3e7ece54e92b3b7c28aeb375e949b6e9bbd1fe95682f3cd691ae7157e3600,76e694c21e709359f62f03a0ba5a97ba6db86a88,GBM_CFG=results/gbm_deephedge/benchmark_6_2/runs/seed_0003__train_robust_s0.15-0.2-0.25__feat_b__obj_cvar_a0.95__sigtrue_0.2__sigbar_0.25__lam_0.001/run_cfg.json python -m src.train_deephedge_gbm
"train=robust|feat=B|obj=cvar|sigtrue=0.2|sigbar=0.25|lam=0.001|robust=0.15,0.2,0.25",seed_0003__train_robust_s0.15-0.2-0.25__feat_b__obj_cvar_a0.95__sigtrue_0.2__sigbar_0.25__lam_0.001,2026-04-02T01:24:13Z,completed,main_benchmark,main,benchmark,True,deep_hedge_robust,robust,deep_hedge_robust,3,B,cvar,0.2,0.25,0.001,0.15|0.2|0.25,-0.0029162548016756773,0.014553147368133068,0.0030218027532100677,0.023791441693902016,0.02734486013650894,0.029413582757115364,0.03259535878896713,2.8839213743817806,4.7760443687438965,288392.13743817806,results/gbm_deephedge/benchmark_6_2/runs/seed_0003__train_robust_s0.15-0.2-0.25__feat_b__obj_cvar_a0.95__sigtrue_0.2__sigbar_0.25__lam_0.001,results/gbm_deephedge,70c3e7ece54e92b3b7c28aeb375e949b6e9bbd1fe95682f3cd691ae7157e3600,76e694c21e709359f62f03a0ba5a97ba6db86a88,GBM_CFG=results/gbm_deephedge/benchmark_6_2/runs/seed_0003__train_robust_s0.15-0.2-0.25__feat_b__obj_cvar_a0.95__sigtrue_0.2__sigbar_0.25__lam_0.001/run_cfg.json python -m src.train_deephedge_gbm
"train=robust|feat=B|obj=cvar|sigtrue=0.2|sigbar=0.2|lam=0|robust=0.15,0.2,0.25",seed_0003__train_robust_s0.15-0.2-0.25__feat_b__obj_cvar_a0.95__sigtrue_0.2__sigbar_0.2__lam_0,2026-04-01T22:06:48Z,completed,main_benchmark,main,benchmark,True,bs_delta,robust,deep_hedge_robust,3,B,cvar,0.2,0.2,0.0,0.15|0.2|0.25,5.4268940744834174e-05,0.009726146495400082,-6.937113490340652e-06,0.016026294331881123,0.022418557678685464,0.02641820662025736,0.03288058462786965,3.226586882423328,6.238429410651832,322658.6882423328,results/gbm_deephedge/benchmark_6_2/runs/seed_0003__train_robust_s0.15-0.2-0.25__feat_b__obj_cvar_a0.95__sigtrue_0.2__sigbar_0.2__lam_0,results/gbm_deephedge,e75eb5e193ac9b48dde3402ec2e145408d8c02951ebf2da64d2121cf7e71dc37,76e694c21e709359f62f03a0ba5a97ba6db86a88,GBM_CFG=results/gbm_deephedge/benchmark_6_2/runs/seed_0003__train_robust_s0.15-0.2-0.25__feat_b__obj_cvar_a0.95__sigtrue_0.2__sigbar_0.2__lam_0/run_cfg.json python -m src.train_deephedge_gbm
"train=robust|feat=B|obj=cvar|sigtrue=0.2|sigbar=0.2|lam=0|robust=0.15,0.2,0.25",seed_0003__train_robust_s0.15-0.2-0.25__feat_b__obj_cvar_a0.95__sigtrue_0.2__sigbar_0.2__lam_0,2026-04-01T22:06:48Z,completed,main_benchmark,main,benchmark,True,deep_hedge_robust,robust,deep_hedge_robust,3,B,cvar,0.2,0.2,0.0,0.15|0.2|0.25,2.3892716853879392e-05,0.01477795746177435,8.502975106239319e-05,0.021302759647369385,0.024850230664014816,0.027011454105377197,0.030094651505351067,2.943122547984123,5.021960258483887,294312.2547984123,results/gbm_deephedge/benchmark_6_2/runs/seed_0003__train_robust_s0.15-0.2-0.25__feat_b__obj_cvar_a0.95__sigtrue_0.2__sigbar_0.2__lam_0,results/gbm_deephedge,e75eb5e193ac9b48dde3402ec2e145408d8c02951ebf2da64d2121cf7e71dc37,76e694c21e709359f62f03a0ba5a97ba6db86a88,GBM_CFG=results/gbm_deephedge/benchmark_6_2/runs/seed_0003__train_robust_s0.15-0.2-0.25__feat_b__obj_cvar_a0.95__sigtrue_0.2__sigbar_0.2__lam_0/run_cfg.json python -m src.train_deephedge_gbm
"train=robust|feat=B|obj=cvar|sigtrue=0.2|sigbar=0.2|lam=0.0001|robust=0.15,0.2,0.25",seed_0003__train_robust_s0.15-0.2-0.25__feat_b__obj_cvar_a0.95__sigtrue_0.2__sigbar_0.2__lam_0.0001,2026-04-01T22:47:41Z,completed,main_benchmark,main,benchmark,True,bs_delta,robust,deep_hedge_robust,3,B,cvar,0.2,0.2,0.0001,0.15|0.2|0.25,-0.0002753300053153088,0.009737984684273976,0.00032277946101709476,0.016412427618615617,0.022846581016461216,0.026891772506029643,0.033346586160558855,3.226586882423328,6.238429410651832,322658.6882423328,results/gbm_deephedge/benchmark_6_2/runs/seed_0003__train_robust_s0.15-0.2-0.25__feat_b__obj_cvar_a0.95__sigtrue_0.2__sigbar_0.2__lam_0.0001,results/gbm_deephedge,3346fdb98a0a075f2afc4316fa71200c2b525adfc768c771ae83aa1e13fad15e,76e694c21e709359f62f03a0ba5a97ba6db86a88,GBM_CFG=results/gbm_deephedge/benchmark_6_2/runs/seed_0003__train_robust_s0.15-0.2-0.25__feat_b__obj_cvar_a0.95__sigtrue_0.2__sigbar_0.2__lam_0.0001/run_cfg.json python -m src.train_deephedge_gbm
"train=robust|feat=B|obj=cvar|sigtrue=0.2|sigbar=0.2|lam=0.0001|robust=0.15,0.2,0.25",seed_0003__train_robust_s0.15-0.2-0.25__feat_b__obj_cvar_a0.95__sigtrue_0.2__sigbar_0.2__lam_0.0001,2026-04-01T22:47:41Z,completed,main_benchmark,main,benchmark,True,deep_hedge_robust,robust,deep_hedge_robust,3,B,cvar,0.2,0.2,0.0001,0.15|0.2|0.25,-0.00027561900787986815,0.014986487105488777,0.00038760527968406677,0.02238931506872177,0.02616230398416519,0.02850666455924511,0.03141779825091362,2.9489555293989183,5.053598403930664,294895.5529398918,results/gbm_deephedge/benchmark_6_2/runs/seed_0003__train_robust_s0.15-0.2-0.25__feat_b__obj_cvar_a0.95__sigtrue_0.2__sigbar_0.2__lam_0.0001,results/gbm_deephedge,3346fdb98a0a075f2afc4316fa71200c2b525adfc768c771ae83aa1e13fad15e,76e694c21e709359f62f03a0ba5a97ba6db86a88,GBM_CFG=results/gbm_deephedge/benchmark_6_2/runs/seed_0003__train_robust_s0.15-0.2-0.25__feat_b__obj_cvar_a0.95__sigtrue_0.2__sigbar_0.2__lam_0.0001/run_cfg.json python -m src.train_deephedge_gbm
"train=robust|feat=B|obj=cvar|sigtrue=0.2|sigbar=0.2|lam=0.0005|robust=0.15,0.2,0.25",seed_0003__train_robust_s0.15-0.2-0.25__feat_b__obj_cvar_a0.95__sigtrue_0.2__sigbar_0.2__lam_0.0005,2026-04-01T23:29:37Z,completed,main_benchmark,main,benchmark,True,bs_delta,robust,deep_hedge_robust,3,B,cvar,0.2,0.2,0.0005,0.15|0.2|0.25,-0.0015937259095181598,0.009795404596882015,0.0016417460431442515,0.017984387491996264,0.02457002100717974,0.028658035020930006,0.035219920280395584,3.226586882423328,6.238429410651832,322658.6882423328,results/gbm_deephedge/benchmark_6_2/runs/seed_0003__train_robust_s0.15-0.2-0.25__feat_b__obj_cvar_a0.95__sigtrue_0.2__sigbar_0.2__lam_0.0005,results/gbm_deephedge,caa5ad58487689a18505b2db166e2d196f5093eab64af0d63bdacb352c44b593,76e694c21e709359f62f03a0ba5a97ba6db86a88,GBM_CFG=results/gbm_deephedge/benchmark_6_2/runs/seed_0003__train_robust_s0.15-0.2-0.25__feat_b__obj_cvar_a0.95__sigtrue_0.2__sigbar_0.2__lam_0.0005/run_cfg.json python -m src.train_deephedge_gbm
"train=robust|feat=B|obj=cvar|sigtrue=0.2|sigbar=0.2|lam=0.0005|robust=0.15,0.2,0.25",seed_0003__train_robust_s0.15-0.2-0.25__feat_b__obj_cvar_a0.95__sigtrue_0.2__sigbar_0.2__lam_0.0005,2026-04-01T23:29:37Z,completed,main_benchmark,main,benchmark,True,deep_hedge_robust,robust,deep_hedge_robust,3,B,cvar,0.2,0.2,0.0005,0.15|0.2|0.25,-0.0014392458833754063,0.014977162703871727,0.0015511289238929749,0.023503921926021576,0.02722356654703617,0.02945651113986969,0.03231362625956535,2.8739443745589255,4.839079856872559,287394.43745589256,results/gbm_deephedge/benchmark_6_2/runs/seed_0003__train_robust_s0.15-0.2-0.25__feat_b__obj_cvar_a0.95__sigtrue_0.2__sigbar_0.2__lam_0.0005,results/gbm_deephedge,caa5ad58487689a18505b2db166e2d196f5093eab64af0d63bdacb352c44b593,76e694c21e709359f62f03a0ba5a97ba6db86a88,GBM_CFG=results/gbm_deephedge/benchmark_6_2/runs/seed_0003__train_robust_s0.15-0.2-0.25__feat_b__obj_cvar_a0.95__sigtrue_0.2__sigbar_0.2__lam_0.0005/run_cfg.json python -m src.train_deephedge_gbm
"train=robust|feat=B|obj=cvar|sigtrue=0.2|sigbar=0.2|lam=0.001|robust=0.15,0.2,0.25",seed_0003__train_robust_s0.15-0.2-0.25__feat_b__obj_cvar_a0.95__sigtrue_0.2__sigbar_0.2__lam_0.001,2026-04-02T00:14:52Z,completed,main_benchmark,main,benchmark,True,bs_delta,robust,deep_hedge_robust,3,B,cvar,0.2,0.2,0.001,0.15|0.2|0.25,-0.0032417207597811547,0.009889478738283513,0.0032906795969424446,0.019990639544866007,0.02674707620916222,0.03090230782450238,0.03758062244593385,3.226586882423328,6.238429410651832,322658.6882423328,results/gbm_deephedge/benchmark_6_2/runs/seed_0003__train_robust_s0.15-0.2-0.25__feat_b__obj_cvar_a0.95__sigtrue_0.2__sigbar_0.2__lam_0.001,results/gbm_deephedge,90de30abb486a3d1848a4b5109dcc0f9ba507deb41148248cd533d52d851b220,76e694c21e709359f62f03a0ba5a97ba6db86a88,GBM_CFG=results/gbm_deephedge/benchmark_6_2/runs/seed_0003__train_robust_s0.15-0.2-0.25__feat_b__obj_cvar_a0.95__sigtrue_0.2__sigbar_0.2__lam_0.001/run_cfg.json python -m src.train_deephedge_gbm
"train=robust|feat=B|obj=cvar|sigtrue=0.2|sigbar=0.2|lam=0.001|robust=0.15,0.2,0.25",seed_0003__train_robust_s0.15-0.2-0.25__feat_b__obj_cvar_a0.95__sigtrue_0.2__sigbar_0.2__lam_0.001,2026-04-02T00:14:52Z,completed,main_benchmark,main,benchmark,True,deep_hedge_robust,robust,deep_hedge_robust,3,B,cvar,0.2,0.2,0.001,0.15|0.2|0.25,-0.0029162548016756773,0.014553147368133068,0.0030218027532100677,0.023791441693902016,0.02734486013650894,0.029413582757115364,0.03259535878896713,2.8839213743817806,4.7760443687438965,288392.13743817806,results/gbm_deephedge/benchmark_6_2/runs/seed_0003__train_robust_s0.15-0.2-0.25__feat_b__obj_cvar_a0.95__sigtrue_0.2__sigbar_0.2__lam_0.001,results/gbm_deephedge,90de30abb486a3d1848a4b5109dcc0f9ba507deb41148248cd533d52d851b220,76e694c21e709359f62f03a0ba5a97ba6db86a88,GBM_CFG=results/gbm_deephedge/benchmark_6_2/runs/seed_0003__train_robust_s0.15-0.2-0.25__feat_b__obj_cvar_a0.95__sigtrue_0.2__sigbar_0.2__lam_0.001/run_cfg.json python -m src.train_deephedge_gbm
"train=robust|feat=B|obj=cvar|sigtrue=0.2|sigbar=0.3|lam=0|robust=0.15,0.2,0.25",seed_0003__train_robust_s0.15-0.2-0.25__feat_b__obj_cvar_a0.95__sigtrue_0.2__sigbar_0.3__lam_0,2026-04-02T01:23:02Z,completed,main_benchmark,main,benchmark,True,bs_delta,robust,deep_hedge_robust,3,B,cvar,0.2,0.3,0.0,0.15|0.2|0.25,3.671889257312258e-05,0.015483522391126239,8.296113775317637e-05,0.02353227963207964,0.027355159047158746,0.029739589227739848,0.03249805974423491,2.8136543571830948,4.933358935313145,281365.4357183095,results/gbm_deephedge/benchmark_6_2/runs/seed_0003__train_robust_s0.15-0.2-0.25__feat_b__obj_cvar_a0.95__sigtrue_0.2__sigbar_0.3__lam_0,results/gbm_deephedge,17cc4fc490503628e68506bfd931f90ec788f2b35eaf30419481fed8bacc1f3a,76e694c21e709359f62f03a0ba5a97ba6db86a88,GBM_CFG=results/gbm_deephedge/benchmark_6_2/runs/seed_0003__train_robust_s0.15-0.2-0.25__feat_b__obj_cvar_a0.95__sigtrue_0.2__sigbar_0.3__lam_0/run_cfg.json python -m src.train_deephedge_gbm
"train=robust|feat=B|obj=cvar|sigtrue=0.2|sigbar=0.3|lam=0|robust=0.15,0.2,0.25",seed_0003__train_robust_s0.15-0.2-0.25__feat_b__obj_cvar_a0.95__sigtrue_0.2__sigbar_0.3__lam_0,2026-04-02T01:23:02Z,completed,main_benchmark,main,benchmark,True,deep_hedge_robust,robust,deep_hedge_robust,3,B,cvar,0.2,0.3,0.0,0.15|0.2|0.25,2.3892716853879392e-05,0.01477795746177435,8.502975106239319e-05,0.021302759647369385,0.024850230664014816,0.027011454105377197,0.030094651505351067,2.943122547984123,5.021960258483887,294312.2547984123,results/gbm_deephedge/benchmark_6_2/runs/seed_0003__train_robust_s0.15-0.2-0.25__feat_b__obj_cvar_a0.95__sigtrue_0.2__sigbar_0.3__lam_0,results/gbm_deephedge,17cc4fc490503628e68506bfd931f90ec788f2b35eaf30419481fed8bacc1f3a,76e694c21e709359f62f03a0ba5a97ba6db86a88,GBM_CFG=results/gbm_deephedge/benchmark_6_2/runs/seed_0003__train_robust_s0.15-0.2-0.25__feat_b__obj_cvar_a0.95__sigtrue_0.2__sigbar_0.3__lam_0/run_cfg.json python -m src.train_deephedge_gbm
"train=robust|feat=B|obj=cvar|sigtrue=0.2|sigbar=0.3|lam=0.0001|robust=0.15,0.2,0.25",seed_0003__train_robust_s0.15-0.2-0.25__feat_b__obj_cvar_a0.95__sigtrue_0.2__sigbar_0.3__lam_0.0001,2026-04-02T01:23:27Z,completed,main_benchmark,main,benchmark,True,bs_delta,robust,deep_hedge_robust,3,B,cvar,0.2,0.3,0.0001,0.15|0.2|0.25,-0.00025130530210435033,0.015451925197603914,0.0003704956281906299,0.02375325683675164,0.027563494642657168,0.029931401854920374,0.03269690967146059,2.8136543571830948,4.933358935313145,281365.4357183095,results/gbm_deephedge/benchmark_6_2/runs/seed_0003__train_robust_s0.15-0.2-0.25__feat_b__obj_cvar_a0.95__sigtrue_0.2__sigbar_0.3__lam_0.0001,results/gbm_deephedge,f214f584a6fc86dae1db07a23814334ee63292d0d1b320d1f302daab58071cbf,76e694c21e709359f62f03a0ba5a97ba6db86a88,GBM_CFG=results/gbm_deephedge/benchmark_6_2/runs/seed_0003__train_robust_s0.15-0.2-0.25__feat_b__obj_cvar_a0.95__sigtrue_0.2__sigbar_0.3__lam_0.0001/run_cfg.json python -m src.train_deephedge_gbm
"train=robust|feat=B|obj=cvar|sigtrue=0.2|sigbar=0.3|lam=0.0001|robust=0.15,0.2,0.25",seed_0003__train_robust_s0.15-0.2-0.25__feat_b__obj_cvar_a0.95__sigtrue_0.2__sigbar_0.3__lam_0.0001,2026-04-02T01:23:27Z,completed,main_benchmark,main,benchmark,True,deep_hedge_robust,robust,deep_hedge_robust,3,B,cvar,0.2,0.3,0.0001,0.15|0.2|0.25,-0.00027561900787986815,0.014986487105488777,0.00038760527968406677,0.02238931506872177,0.02616230398416519,0.02850666455924511,0.03141779825091362,2.9489555293989183,5.053598403930664,294895.5529398918,results/gbm_deephedge/benchmark_6_2/runs/seed_0003__train_robust_s0.15-0.2-0.25__feat_b__obj_cvar_a0.95__sigtrue_0.2__sigbar_0.3__lam_0.0001,results/gbm_deephedge,f214f584a6fc86dae1db07a23814334ee63292d0d1b320d1f302daab58071cbf,76e694c21e709359f62f03a0ba5a97ba6db86a88,GBM_CFG=results/gbm_deephedge/benchmark_6_2/runs/seed_0003__train_robust_s0.15-0.2-0.25__feat_b__obj_cvar_a0.95__sigtrue_0.2__sigbar_0.3__lam_0.0001/run_cfg.json python -m src.train_deephedge_gbm
"train=robust|feat=B|obj=cvar|sigtrue=0.2|sigbar=0.3|lam=0.0005|robust=0.15,0.2,0.25",seed_0003__train_robust_s0.15-0.2-0.25__feat_b__obj_cvar_a0.95__sigtrue_0.2__sigbar_0.3__lam_0.0005,2026-04-02T01:23:52Z,completed,main_benchmark,main,benchmark,True,bs_delta,robust,deep_hedge_robust,3,B,cvar,0.2,0.3,0.0005,0.15|0.2|0.25,-0.0014034021856490545,0.015328796527166847,0.0015206940140384609,0.02464856472323616,0.0284114156342361,0.03072263315707897,0.033517246103207256,2.8136543571830948,4.933358935313145,281365.4357183095,results/gbm_deephedge/benchmark_6_2/runs/seed_0003__train_robust_s0.15-0.2-0.25__feat_b__obj_cvar_a0.95__sigtrue_0.2__sigbar_0.3__lam_0.0005,results/gbm_deephedge,4e4dee775af1dde599780653b7995b51d032768e426ce3c2d34d60822b90770f,76e694c21e709359f62f03a0ba5a97ba6db86a88,GBM_CFG=results/gbm_deephedge/benchmark_6_2/runs/seed_0003__train_robust_s0.15-0.2-0.25__feat_b__obj_cvar_a0.95__sigtrue_0.2__sigbar_0.3__lam_0.0005/run_cfg.json python -m src.train_deephedge_gbm
"train=robust|feat=B|obj=cvar|sigtrue=0.2|sigbar=0.3|lam=0.0005|robust=0.15,0.2,0.25",seed_0003__train_robust_s0.15-0.2-0.25__feat_b__obj_cvar_a0.95__sigtrue_0.2__sigbar_0.3__lam_0.0005,2026-04-02T01:23:52Z,completed,main_benchmark,main,benchmark,True,deep_hedge_robust,robust,deep_hedge_robust,3,B,cvar,0.2,0.3,0.0005,0.15|0.2|0.25,-0.0014392458833754063,0.014977162703871727,0.0015511289238929749,0.023503921926021576,0.02722356654703617,0.02945651113986969,0.03231362625956535,2.8739443745589255,4.839079856872559,287394.43745589256,results/gbm_deephedge/benchmark_6_2/runs/seed_0003__train_robust_s0.15-0.2-0.25__feat_b__obj_cvar_a0.95__sigtrue_0.2__sigbar_0.3__lam_0.0005,results/gbm_deephedge,4e4dee775af1dde599780653b7995b51d032768e426ce3c2d34d60822b90770f,76e694c21e709359f62f03a0ba5a97ba6db86a88,GBM_CFG=results/gbm_deephedge/benchmark_6_2/runs/seed_0003__train_robust_s0.15-0.2-0.25__feat_b__obj_cvar_a0.95__sigtrue_0.2__sigbar_0.3__lam_0.0005/run_cfg.json python -m src.train_deephedge_gbm
"train=robust|feat=B|obj=cvar|sigtrue=0.2|sigbar=0.3|lam=0.001|robust=0.15,0.2,0.25",seed_0003__train_robust_s0.15-0.2-0.25__feat_b__obj_cvar_a0.95__sigtrue_0.2__sigbar_0.3__lam_0.001,2026-04-02T01:24:16Z,completed,main_benchmark,main,benchmark,True,bs_delta,robust,deep_hedge_robust,3,B,cvar,0.2,0.3,0.001,0.15|0.2|0.25,-0.002843523263871232,0.015182368098721253,0.0029585776784838633,0.025767822181877665,0.02950435365588605,0.03179823088045761,0.03460196540520936,2.8136543571830948,4.933358935313145,281365.4357183095,results/gbm_deephedge/benchmark_6_2/runs/seed_0003__train_robust_s0.15-0.2-0.25__feat_b__obj_cvar_a0.95__sigtrue_0.2__sigbar_0.3__lam_0.001,results/gbm_deephedge,62a136af5667169553fe6f92e25c180e737d30b80ab567eb2ea262a564971660,76e694c21e709359f62f03a0ba5a97ba6db86a88,GBM_CFG=results/gbm_deephedge/benchmark_6_2/runs/seed_0003__train_robust_s0.15-0.2-0.25__feat_b__obj_cvar_a0.95__sigtrue_0.2__sigbar_0.3__lam_0.001/run_cfg.json python -m src.train_deephedge_gbm
"train=robust|feat=B|obj=cvar|sigtrue=0.2|sigbar=0.3|lam=0.001|robust=0.15,0.2,0.25",seed_0003__train_robust_s0.15-0.2-0.25__feat_b__obj_cvar_a0.95__sigtrue_0.2__sigbar_0.3__lam_0.001,2026-04-02T01:24:16Z,completed,main_benchmark,main,benchmark,True,deep_hedge_robust,robust,deep_hedge_robust,3,B,cvar,0.2,0.3,0.001,0.15|0.2|0.25,-0.0029162548016756773,0.014553147368133068,0.0030218027532100677,0.023791441693902016,0.02734486013650894,0.029413582757115364,0.03259535878896713,2.8839213743817806,4.7760443687438965,288392.13743817806,results/gbm_deephedge/benchmark_6_2/runs/seed_0003__train_robust_s0.15-0.2-0.25__feat_b__obj_cvar_a0.95__sigtrue_0.2__sigbar_0.3__lam_0.001,results/gbm_deephedge,62a136af5667169553fe6f92e25c180e737d30b80ab567eb2ea262a564971660,76e694c21e709359f62f03a0ba5a97ba6db86a88,GBM_CFG=results/gbm_deephedge/benchmark_6_2/runs/seed_0003__train_robust_s0.15-0.2-0.25__feat_b__obj_cvar_a0.95__sigtrue_0.2__sigbar_0.3__lam_0.001/run_cfg.json python -m src.train_deephedge_gbm
train=oracle|feat=B|obj=cvar|sigtrue=0.2|sigbar=0.15|lam=0|robust=none,seed_0004__train_oracle__feat_b__obj_cvar_a0.95__sigtrue_0.2__sigbar_0.15__lam_0,2026-04-02T01:24:22Z,completed,main_benchmark,main,benchmark,True,bs_delta,oracle,deep_hedge_oracle,4,B,cvar,0.2,0.15,0.0,,1.42991423307356e-05,0.012979527858112981,7.03311090649722e-05,0.024788807934846082,0.034183299249426966,0.03993717947089137,0.04853536175677232,3.529158886058609,7.584670746384251,352915.8886058609,results/gbm_deephedge/benchmark_6_2/runs/seed_0004__train_oracle__feat_b__obj_cvar_a0.95__sigtrue_0.2__sigbar_0.15__lam_0,results/gbm_deephedge,4f87f8237113edf1a934230c504bbb8bfb9e4f1d7527d08344ecfaee39ed4c07,76e694c21e709359f62f03a0ba5a97ba6db86a88,GBM_CFG=results/gbm_deephedge/benchmark_6_2/runs/seed_0004__train_oracle__feat_b__obj_cvar_a0.95__sigtrue_0.2__sigbar_0.15__lam_0/run_cfg.json python -m src.train_deephedge_gbm
train=oracle|feat=B|obj=cvar|sigtrue=0.2|sigbar=0.15|lam=0|robust=none,seed_0004__train_oracle__feat_b__obj_cvar_a0.95__sigtrue_0.2__sigbar_0.15__lam_0,2026-04-02T01:24:22Z,completed,main_benchmark,main,benchmark,True,deep_hedge_oracle,oracle,deep_hedge_oracle,4,B,cvar,0.2,0.15,0.0,,5.944665645074565e-06,0.012061448767781258,6.663799285888672e-05,0.01695425808429718,0.02139677107334137,0.024011217057704926,0.028426775708794594,3.204040848814249,5.469098091125488,320404.0848814249,results/gbm_deephedge/benchmark_6_2/runs/seed_0004__train_oracle__feat_b__obj_cvar_a0.95__sigtrue_0.2__sigbar_0.15__lam_0,results/gbm_deephedge,4f87f8237113edf1a934230c504bbb8bfb9e4f1d7527d08344ecfaee39ed4c07,76e694c21e709359f62f03a0ba5a97ba6db86a88,GBM_CFG=results/gbm_deephedge/benchmark_6_2/runs/seed_0004__train_oracle__feat_b__obj_cvar_a0.95__sigtrue_0.2__sigbar_0.15__lam_0/run_cfg.json python -m src.train_deephedge_gbm
train=oracle|feat=B|obj=cvar|sigtrue=0.2|sigbar=0.15|lam=0.0001|robust=none,seed_0004__train_oracle__feat_b__obj_cvar_a0.95__sigtrue_0.2__sigbar_0.15__lam_0.0001,2026-04-02T01:24:46Z,completed,main_benchmark,main,benchmark,True,bs_delta,oracle,deep_hedge_oracle,4,B,cvar,0.2,0.15,0.0001,,-0.0003457557078804899,0.013057700925129645,0.00043140939228686337,0.02528604152496332,0.03471706106453886,0.04050733446851347,0.049106560367534184,3.529158886058609,7.584670746384251,352915.8886058609,results/gbm_deephedge/benchmark_6_2/runs/seed_0004__train_oracle__feat_b__obj_cvar_a0.95__sigtrue_0.2__sigbar_0.15__lam_0.0001,results/gbm_deephedge,2c57d5e0bdef9c0a14d126e28f90297e2102a57a9722a700c0bd2d92c95f0a1f,76e694c21e709359f62f03a0ba5a97ba6db86a88,GBM_CFG=results/gbm_deephedge/benchmark_6_2/runs/seed_0004__train_oracle__feat_b__obj_cvar_a0.95__sigtrue_0.2__sigbar_0.15__lam_0.0001/run_cfg.json python -m src.train_deephedge_gbm
train=oracle|feat=B|obj=cvar|sigtrue=0.2|sigbar=0.15|lam=0.0001|robust=none,seed_0004__train_oracle__feat_b__obj_cvar_a0.95__sigtrue_0.2__sigbar_0.15__lam_0.0001,2026-04-02T01:24:46Z,completed,main_benchmark,main,benchmark,True,deep_hedge_oracle,oracle,deep_hedge_oracle,4,B,cvar,0.2,0.15,0.0001,,-0.0003188748669344932,0.01194799691438675,0.0003900378942489624,0.017236996442079544,0.02191649191081524,0.024768492206931114,0.029265593737363815,3.1737804683220388,5.4312567710876465,317378.04683220387,results/gbm_deephedge/benchmark_6_2/runs/seed_0004__train_oracle__feat_b__obj_cvar_a0.95__sigtrue_0.2__sigbar_0.15__lam_0.0001,results/gbm_deephedge,2c57d5e0bdef9c0a14d126e28f90297e2102a57a9722a700c0bd2d92c95f0a1f,76e694c21e709359f62f03a0ba5a97ba6db86a88,GBM_CFG=results/gbm_deephedge/benchmark_6_2/runs/seed_0004__train_oracle__feat_b__obj_cvar_a0.95__sigtrue_0.2__sigbar_0.15__lam_0.0001/run_cfg.json python -m src.train_deephedge_gbm
train=oracle|feat=B|obj=cvar|sigtrue=0.2|sigbar=0.15|lam=0.0005|robust=none,seed_0004__train_oracle__feat_b__obj_cvar_a0.95__sigtrue_0.2__sigbar_0.15__lam_0.0005,2026-04-02T01:25:11Z,completed,main_benchmark,main,benchmark,True,bs_delta,oracle,deep_hedge_oracle,4,B,cvar,0.2,0.15,0.0005,,-0.0017859752395966734,0.013376906822907634,0.0018758712322749643,0.027288482187262642,0.03685738815074981,0.04271966556699463,0.05139772724813897,3.529158886058609,7.584670746384251,352915.8886058609,results/gbm_deephedge/benchmark_6_2/runs/seed_0004__train_oracle__feat_b__obj_cvar_a0.95__sigtrue_0.2__sigbar_0.15__lam_0.0005,results/gbm_deephedge,f7d5b0d18787ca910ed614fe647c353b85bae9ac2fcbd06f0c294b3c7874264f,76e694c21e709359f62f03a0ba5a97ba6db86a88,GBM_CFG=results/gbm_deephedge/benchmark_6_2/runs/seed_0004__train_oracle__feat_b__obj_cvar_a0.95__sigtrue_0.2__sigbar_0.15__lam_0.0005/run_cfg.json python -m src.train_deephedge_gbm
train=oracle|feat=B|obj=cvar|sigtrue=0.2|sigbar=0.15|lam=0.0005|robust=none,seed_0004__train_oracle__feat_b__obj_cvar_a0.95__sigtrue_0.2__sigbar_0.15__lam_0.0005,2026-04-02T01:25:11Z,completed,main_benchmark,main,benchmark,True,deep_hedge_oracle,oracle,deep_hedge_oracle,4,B,cvar,0.2,0.15,0.0005,,-0.0015632883878424764,0.012319381348788738,0.001639053225517273,0.018865635618567467,0.023155197501182556,0.025714723393321037,0.02989843301475048,3.087710938049555,5.231217384338379,308771.0938049555,results/gbm_deephedge/benchmark_6_2/runs/seed_0004__train_oracle__feat_b__obj_cvar_a0.95__sigtrue_0.2__sigbar_0.15__lam_0.0005,results/gbm_deephedge,f7d5b0d18787ca910ed614fe647c353b85bae9ac2fcbd06f0c294b3c7874264f,76e694c21e709359f62f03a0ba5a97ba6db86a88,GBM_CFG=results/gbm_deephedge/benchmark_6_2/runs/seed_0004__train_oracle__feat_b__obj_cvar_a0.95__sigtrue_0.2__sigbar_0.15__lam_0.0005/run_cfg.json python -m src.train_deephedge_gbm
train=oracle|feat=B|obj=cvar|sigtrue=0.2|sigbar=0.15|lam=0.001|robust=none,seed_0004__train_oracle__feat_b__obj_cvar_a0.95__sigtrue_0.2__sigbar_0.15__lam_0.001,2026-04-02T01:25:35Z,completed,main_benchmark,main,benchmark,True,bs_delta,oracle,deep_hedge_oracle,4,B,cvar,0.2,0.15,0.001,,-0.0035862496215240823,0.013789714770582145,0.003681782793041266,0.029814169207314882,0.0395441269560968,0.04560251390386597,0.05427353374410032,3.529158886058609,7.584670746384251,352915.8886058609,results/gbm_deephedge/benchmark_6_2/runs/seed_0004__train_oracle__feat_b__obj_cvar_a0.95__sigtrue_0.2__sigbar_0.15__lam_0.001,results/gbm_deephedge,4e26267d42936c0182a5b05d72fc2732e2f6c6c8024b7cebdd54f95e24a9d22f,76e694c21e709359f62f03a0ba5a97ba6db86a88,GBM_CFG=results/gbm_deephedge/benchmark_6_2/runs/seed_0004__train_oracle__feat_b__obj_cvar_a0.95__sigtrue_0.2__sigbar_0.15__lam_0.001/run_cfg.json python -m src.train_deephedge_gbm
train=oracle|feat=B|obj=cvar|sigtrue=0.2|sigbar=0.15|lam=0.001|robust=none,seed_0004__train_oracle__feat_b__obj_cvar_a0.95__sigtrue_0.2__sigbar_0.15__lam_0.001,2026-04-02T01:25:35Z,completed,main_benchmark,main,benchmark,True,deep_hedge_oracle,oracle,deep_hedge_oracle,4,B,cvar,0.2,0.15,0.001,,-0.0030898284167051315,0.012458253651857376,0.0031672604382038116,0.02055247314274311,0.025067904964089394,0.0278161633759737,0.032145146280527115,3.0414290786230564,5.123507499694824,304142.90786230564,results/gbm_deephedge/benchmark_6_2/runs/seed_0004__train_oracle__feat_b__obj_cvar_a0.95__sigtrue_0.2__sigbar_0.15__lam_0.001,results/gbm_deephedge,4e26267d42936c0182a5b05d72fc2732e2f6c6c8024b7cebdd54f95e24a9d22f,76e694c21e709359f62f03a0ba5a97ba6db86a88,GBM_CFG=results/gbm_deephedge/benchmark_6_2/runs/seed_0004__train_oracle__feat_b__obj_cvar_a0.95__sigtrue_0.2__sigbar_0.15__lam_0.001/run_cfg.json python -m src.train_deephedge_gbm
train=oracle|feat=B|obj=cvar|sigtrue=0.2|sigbar=0.1|lam=0|robust=none,seed_0004__train_oracle__feat_b__obj_cvar_a0.95__sigtrue_0.2__sigbar_0.1__lam_0,2026-04-02T01:24:19Z,completed,main_benchmark,main,benchmark,True,bs_delta,oracle,deep_hedge_oracle,4,B,cvar,0.2,0.1,0.0,,3.396035897655571e-05,0.022403869312958062,0.00021853649319772406,0.041687004590998056,0.05501203195012117,0.06359575309923324,0.07493047833678806,3.93444838493853,9.57797211248376,393444.838493853,results/gbm_deephedge/benchmark_6_2/runs/seed_0004__train_oracle__feat_b__obj_cvar_a0.95__sigtrue_0.2__sigbar_0.1__lam_0,results/gbm_deephedge,5c4b72955e124a6b761670cc1a4bd78001e2a3628f8e3ee0aed7c9248d5982df,76e694c21e709359f62f03a0ba5a97ba6db86a88,GBM_CFG=results/gbm_deephedge/benchmark_6_2/runs/seed_0004__train_oracle__feat_b__obj_cvar_a0.95__sigtrue_0.2__sigbar_0.1__lam_0/run_cfg.json python -m src.train_deephedge_gbm
train=oracle|feat=B|obj=cvar|sigtrue=0.2|sigbar=0.1|lam=0|robust=none,seed_0004__train_oracle__feat_b__obj_cvar_a0.95__sigtrue_0.2__sigbar_0.1__lam_0,2026-04-02T01:24:19Z,completed,main_benchmark,main,benchmark,True,deep_hedge_oracle,oracle,deep_hedge_oracle,4,B,cvar,0.2,0.1,0.0,,5.944665645074565e-06,0.012061448767781258,6.663799285888672e-05,0.01695425808429718,0.02139677107334137,0.024011217057704926,0.028426775708794594,3.204040848814249,5.469098091125488,320404.0848814249,results/gbm_deephedge/benchmark_6_2/runs/seed_0004__train_oracle__feat_b__obj_cvar_a0.95__sigtrue_0.2__sigbar_0.1__lam_0,results/gbm_deephedge,5c4b72955e124a6b761670cc1a4bd78001e2a3628f8e3ee0aed7c9248d5982df,76e694c21e709359f62f03a0ba5a97ba6db86a88,GBM_CFG=results/gbm_deephedge/benchmark_6_2/runs/seed_0004__train_oracle__feat_b__obj_cvar_a0.95__sigtrue_0.2__sigbar_0.1__lam_0/run_cfg.json python -m src.train_deephedge_gbm
train=oracle|feat=B|obj=cvar|sigtrue=0.2|sigbar=0.1|lam=0.0001|robust=none,seed_0004__train_oracle__feat_b__obj_cvar_a0.95__sigtrue_0.2__sigbar_0.1__lam_0.0001,2026-04-02T01:24:43Z,completed,main_benchmark,main,benchmark,True,bs_delta,oracle,deep_hedge_oracle,4,B,cvar,0.2,0.1,0.0001,,-0.00036686760545423264,0.02253746197144841,0.0006223862092291088,0.04232135842588466,0.05568449621882771,0.06434661876874079,0.0756626029811545,3.93444838493853,9.57797211248376,393444.838493853,results/gbm_deephedge/benchmark_6_2/runs/seed_0004__train_oracle__feat_b__obj_cvar_a0.95__sigtrue_0.2__sigbar_0.1__lam_0.0001,results/gbm_deephedge,a52f3375b515696eeb0dd71b275a62999a52eeafec3b93efcce641fe0ea76da1,76e694c21e709359f62f03a0ba5a97ba6db86a88,GBM_CFG=results/gbm_deephedge/benchmark_6_2/runs/seed_0004__train_oracle__feat_b__obj_cvar_a0.95__sigtrue_0.2__sigbar_0.1__lam_0.0001/run_cfg.json python -m src.train_deephedge_gbm
train=oracle|feat=B|obj=cvar|sigtrue=0.2|sigbar=0.1|lam=0.0001|robust=none,seed_0004__train_oracle__feat_b__obj_cvar_a0.95__sigtrue_0.2__sigbar_0.1__lam_0.0001,2026-04-02T01:24:43Z,completed,main_benchmark,main,benchmark,True,deep_hedge_oracle,oracle,deep_hedge_oracle,4,B,cvar,0.2,0.1,0.0001,,-0.0003188748669344932,0.01194799691438675,0.0003900378942489624,0.017236996442079544,0.02191649191081524,0.024768492206931114,0.029265593737363815,3.1737804683220388,5.4312567710876465,317378.04683220387,results/gbm_deephedge/benchmark_6_2/runs/seed_0004__train_oracle__feat_b__obj_cvar_a0.95__sigtrue_0.2__sigbar_0.1__lam_0.0001,results/gbm_deephedge,a52f3375b515696eeb0dd71b275a62999a52eeafec3b93efcce641fe0ea76da1,76e694c21e709359f62f03a0ba5a97ba6db86a88,GBM_CFG=results/gbm_deephedge/benchmark_6_2/runs/seed_0004__train_oracle__feat_b__obj_cvar_a0.95__sigtrue_0.2__sigbar_0.1__lam_0.0001/run_cfg.json python -m src.train_deephedge_gbm
train=oracle|feat=B|obj=cvar|sigtrue=0.2|sigbar=0.1|lam=0.0005|robust=none,seed_0004__train_oracle__feat_b__obj_cvar_a0.95__sigtrue_0.2__sigbar_0.1__lam_0.0005,2026-04-02T01:25:08Z,completed,main_benchmark,main,benchmark,True,bs_delta,oracle,deep_hedge_oracle,4,B,cvar,0.2,0.1,0.0005,,-0.001970179608847657,0.02307490745001452,0.002238036360287826,0.044820069464366244,0.058378847412256435,0.06719377347424392,0.07859420420512787,3.93444838493853,9.57797211248376,393444.838493853,results/gbm_deephedge/benchmark_6_2/runs/seed_0004__train_oracle__feat_b__obj_cvar_a0.95__sigtrue_0.2__sigbar_0.1__lam_0.0005,results/gbm_deephedge,009318e2e68ef3316e1c23d9e7e032d468bd7318e40c5c1d88d3297e72cbd797,76e694c21e709359f62f03a0ba5a97ba6db86a88,GBM_CFG=results/gbm_deephedge/benchmark_6_2/runs/seed_0004__train_oracle__feat_b__obj_cvar_a0.95__sigtrue_0.2__sigbar_0.1__lam_0.0005/run_cfg.json python -m src.train_deephedge_gbm
train=oracle|feat=B|obj=cvar|sigtrue=0.2|sigbar=0.1|lam=0.0005|robust=none,seed_0004__train_oracle__feat_b__obj_cvar_a0.95__sigtrue_0.2__sigbar_0.1__lam_0.0005,2026-04-02T01:25:08Z,completed,main_benchmark,main,benchmark,True,deep_hedge_oracle,oracle,deep_hedge_oracle,4,B,cvar,0.2,0.1,0.0005,,-0.0015632883878424764,0.012319381348788738,0.001639053225517273,0.018865635618567467,0.023155197501182556,0.025714723393321037,0.02989843301475048,3.087710938049555,5.231217384338379,308771.0938049555,results/gbm_deephedge/benchmark_6_2/runs/seed_0004__train_oracle__feat_b__obj_cvar_a0.95__sigtrue_0.2__sigbar_0.1__lam_0.0005,results/gbm_deephedge,009318e2e68ef3316e1c23d9e7e032d468bd7318e40c5c1d88d3297e72cbd797,76e694c21e709359f62f03a0ba5a97ba6db86a88,GBM_CFG=results/gbm_deephedge/benchmark_6_2/runs/seed_0004__train_oracle__feat_b__obj_cvar_a0.95__sigtrue_0.2__sigbar_0.1__lam_0.0005/run_cfg.json python -m src.train_deephedge_gbm
train=oracle|feat=B|obj=cvar|sigtrue=0.2|sigbar=0.1|lam=0.001|robust=none,seed_0004__train_oracle__feat_b__obj_cvar_a0.95__sigtrue_0.2__sigbar_0.1__lam_0.001,2026-04-02T01:25:32Z,completed,main_benchmark,main,benchmark,True,bs_delta,oracle,deep_hedge_oracle,4,B,cvar,0.2,0.1,0.001,,-0.003974319576671869,0.02375324034822139,0.00425816413882163,0.04799955466940298,0.06175552858851582,0.07073786885140852,0.08227092702276871,3.93444838493853,9.57797211248376,393444.838493853,results/gbm_deephedge/benchmark_6_2/runs/seed_0004__train_oracle__feat_b__obj_cvar_a0.95__sigtrue_0.2__sigbar_0.1__lam_0.001,results/gbm_deephedge,1dc6b77ba3a94ce429af94e3afbedefcbbbfc99329d0649465f1edbf01913a8e,76e694c21e709359f62f03a0ba5a97ba6db86a88,GBM_CFG=results/gbm_deephedge/benchmark_6_2/runs/seed_0004__train_oracle__feat_b__obj_cvar_a0.95__sigtrue_0.2__sigbar_0.1__lam_0.001/run_cfg.json python -m src.train_deephedge_gbm
train=oracle|feat=B|obj=cvar|sigtrue=0.2|sigbar=0.1|lam=0.001|robust=none,seed_0004__train_oracle__feat_b__obj_cvar_a0.95__sigtrue_0.2__sigbar_0.1__lam_0.001,2026-04-02T01:25:32Z,completed,main_benchmark,main,benchmark,True,deep_hedge_oracle,oracle,deep_hedge_oracle,4,B,cvar,0.2,0.1,0.001,,-0.0030898284167051315,0.012458253651857376,0.0031672604382038116,0.02055247314274311,0.025067904964089394,0.0278161633759737,0.032145146280527115,3.0414290786230564,5.123507499694824,304142.90786230564,results/gbm_deephedge/benchmark_6_2/runs/seed_0004__train_oracle__feat_b__obj_cvar_a0.95__sigtrue_0.2__sigbar_0.1__lam_0.001,results/gbm_deephedge,1dc6b77ba3a94ce429af94e3afbedefcbbbfc99329d0649465f1edbf01913a8e,76e694c21e709359f62f03a0ba5a97ba6db86a88,GBM_CFG=results/gbm_deephedge/benchmark_6_2/runs/seed_0004__train_oracle__feat_b__obj_cvar_a0.95__sigtrue_0.2__sigbar_0.1__lam_0.001/run_cfg.json python -m src.train_deephedge_gbm
train=oracle|feat=B|obj=cvar|sigtrue=0.2|sigbar=0.25|lam=0|robust=none,seed_0004__train_oracle__feat_b__obj_cvar_a0.95__sigtrue_0.2__sigbar_0.25__lam_0,2026-04-02T01:24:25Z,completed,main_benchmark,main,benchmark,True,bs_delta,oracle,deep_hedge_oracle,4,B,cvar,0.2,0.25,0.0,,8.10705979495344e-06,0.01171410584786412,6.036993609961905e-05,0.016840911712897436,0.0204271949639267,0.022480891899072583,0.02601306474972142,2.996441864815948,5.499619237402542,299644.1864815948,results/gbm_deephedge/benchmark_6_2/runs/seed_0004__train_oracle__feat_b__obj_cvar_a0.95__sigtrue_0.2__sigbar_0.25__lam_0,results/gbm_deephedge,33839533e6d6479586b88fc876df6d81780e566384b46cc55ab733c33e6ac81c,76e694c21e709359f62f03a0ba5a97ba6db86a88,GBM_CFG=results/gbm_deephedge/benchmark_6_2/runs/seed_0004__train_oracle__feat_b__obj_cvar_a0.95__sigtrue_0.2__sigbar_0.25__lam_0/run_cfg.json python -m src.train_deephedge_gbm
train=oracle|feat=B|obj=cvar|sigtrue=0.2|sigbar=0.25|lam=0|robust=none,seed_0004__train_oracle__feat_b__obj_cvar_a0.95__sigtrue_0.2__sigbar_0.25__lam_0,2026-04-02T01:24:25Z,completed,main_benchmark,main,benchmark,True,deep_hedge_oracle,oracle,deep_hedge_oracle,4,B,cvar,0.2,0.25,0.0,,5.944665645074565e-06,0.012061448767781258,6.663799285888672e-05,0.01695425808429718,0.02139677107334137,0.024011217057704926,0.028426775708794594,3.204040848814249,5.469098091125488,320404.0848814249,results/gbm_deephedge/benchmark_6_2/runs/seed_0004__train_oracle__feat_b__obj_cvar_a0.95__sigtrue_0.2__sigbar_0.25__lam_0,results/gbm_deephedge,33839533e6d6479586b88fc876df6d81780e566384b46cc55ab733c33e6ac81c,76e694c21e709359f62f03a0ba5a97ba6db86a88,GBM_CFG=results/gbm_deephedge/benchmark_6_2/runs/seed_0004__train_oracle__feat_b__obj_cvar_a0.95__sigtrue_0.2__sigbar_0.25__lam_0/run_cfg.json python -m src.train_deephedge_gbm
train=oracle|feat=B|obj=cvar|sigtrue=0.2|sigbar=0.25|lam=0.0001|robust=none,seed_0004__train_oracle__feat_b__obj_cvar_a0.95__sigtrue_0.2__sigbar_0.25__lam_0.0001,2026-04-02T01:24:49Z,completed,main_benchmark,main,benchmark,True,bs_delta,oracle,deep_hedge_oracle,4,B,cvar,0.2,0.25,0.0001,,-0.00029834761194805405,0.011688903712316399,0.0003665304013625789,0.01711154916755949,0.0207141052643146,0.022765811583803357,0.026343648498453373,2.996441864815948,5.499619237402542,299644.1864815948,results/gbm_deephedge/benchmark_6_2/runs/seed_0004__train_oracle__feat_b__obj_cvar_a0.95__sigtrue_0.2__sigbar_0.25__lam_0.0001,results/gbm_deephedge,14011e6991b9d1ff4b76fa4c424a631d2f101bcf019ec20fa728844f7dd2e314,76e694c21e709359f62f03a0ba5a97ba6db86a88,GBM_CFG=results/gbm_deephedge/benchmark_6_2/runs/seed_0004__train_oracle__feat_b__obj_cvar_a0.95__sigtrue_0.2__sigbar_0.25__lam_0.0001/run_cfg.json python -m src.train_deephedge_gbm
train=oracle|feat=B|obj=cvar|sigtrue=0.2|sigbar=0.25|lam=0.0001|robust=none,seed_0004__train_oracle__feat_b__obj_cvar_a0.95__sigtrue_0.2__sigbar_0.25__lam_0.0001,2026-04-02T01:24:49Z,completed,main_benchmark,main,benchmark,True,deep_hedge_oracle,oracle,deep_hedge_oracle,4,B,cvar,0.2,0.25,0.0001,,-0.0003188748669344932,0.01194799691438675,0.0003900378942489624,0.017236996442079544,0.02191649191081524,0.024768492206931114,0.029265593737363815,3.1737804683220388,5.4312567710876465,317378.04683220387,results/gbm_deephedge/benchmark_6_2/runs/seed_0004__train_oracle__feat_b__obj_cvar_a0.95__sigtrue_0.2__sigbar_0.25__lam_0.0001,results/gbm_deephedge,14011e6991b9d1ff4b76fa4c424a631d2f101bcf019ec20fa728844f7dd2e314,76e694c21e709359f62f03a0ba5a97ba6db86a88,GBM_CFG=results/gbm_deephedge/benchmark_6_2/runs/seed_0004__train_oracle__feat_b__obj_cvar_a0.95__sigtrue_0.2__sigbar_0.25__lam_0.0001/run_cfg.json python -m src.train_deephedge_gbm
train=oracle|feat=B|obj=cvar|sigtrue=0.2|sigbar=0.25|lam=0.0005|robust=none,seed_0004__train_oracle__feat_b__obj_cvar_a0.95__sigtrue_0.2__sigbar_0.25__lam_0.0005,2026-04-02T01:25:14Z,completed,main_benchmark,main,benchmark,True,bs_delta,oracle,deep_hedge_oracle,4,B,cvar,0.2,0.25,0.0005,,-0.001524166410323781,0.011593973333878092,0.0015912471298571151,0.018173885414823898,0.021888033348780464,0.023922953957545706,0.027701794641134023,2.996441864815948,5.499619237402542,299644.1864815948,results/gbm_deephedge/benchmark_6_2/runs/seed_0004__train_oracle__feat_b__obj_cvar_a0.95__sigtrue_0.2__sigbar_0.25__lam_0.0005,results/gbm_deephedge,1f3a5718d63d8c1f3b180459ac7ebc8bc265b48df577f8568c7dfccc59315e9e,76e694c21e709359f62f03a0ba5a97ba6db86a88,GBM_CFG=results/gbm_deephedge/benchmark_6_2/runs/seed_0004__train_oracle__feat_b__obj_cvar_a0.95__sigtrue_0.2__sigbar_0.25__lam_0.0005/run_cfg.json python -m src.train_deephedge_gbm
train=oracle|feat=B|obj=cvar|sigtrue=0.2|sigbar=0.25|lam=0.0005|robust=none,seed_0004__train_oracle__feat_b__obj_cvar_a0.95__sigtrue_0.2__sigbar_0.25__lam_0.0005,2026-04-02T01:25:14Z,completed,main_benchmark,main,benchmark,True,deep_hedge_oracle,oracle,deep_hedge_oracle,4,B,cvar,0.2,0.25,0.0005,,-0.0015632883878424764,0.012319381348788738,0.001639053225517273,0.018865635618567467,0.023155197501182556,0.025714723393321037,0.02989843301475048,3.087710938049555,5.231217384338379,308771.0938049555,results/gbm_deephedge/benchmark_6_2/runs/seed_0004__train_oracle__feat_b__obj_cvar_a0.95__sigtrue_0.2__sigbar_0.25__lam_0.0005,results/gbm_deephedge,1f3a5718d63d8c1f3b180459ac7ebc8bc265b48df577f8568c7dfccc59315e9e,76e694c21e709359f62f03a0ba5a97ba6db86a88,GBM_CFG=results/gbm_deephedge/benchmark_6_2/runs/seed_0004__train_oracle__feat_b__obj_cvar_a0.95__sigtrue_0.2__sigbar_0.25__lam_0.0005/run_cfg.json python -m src.train_deephedge_gbm
train=oracle|feat=B|obj=cvar|sigtrue=0.2|sigbar=0.25|lam=0.001|robust=none,seed_0004__train_oracle__feat_b__obj_cvar_a0.95__sigtrue_0.2__sigbar_0.25__lam_0.001,2026-04-02T01:25:38Z,completed,main_benchmark,main,benchmark,True,bs_delta,oracle,deep_hedge_oracle,4,B,cvar,0.2,0.25,0.001,,-0.0030564398804425155,0.011488802697248984,0.00312231120111732,0.01958448431708292,0.02341264714137971,0.02564390211793302,0.029472514627859575,2.996441864815948,5.499619237402542,299644.1864815948,results/gbm_deephedge/benchmark_6_2/runs/seed_0004__train_oracle__feat_b__obj_cvar_a0.95__sigtrue_0.2__sigbar_0.25__lam_0.001,results/gbm_deephedge,ef97a9c2774f1e535468e71ead938fc720368672c50431f9d2dc5b223bbd66d0,76e694c21e709359f62f03a0ba5a97ba6db86a88,GBM_CFG=results/gbm_deephedge/benchmark_6_2/runs/seed_0004__train_oracle__feat_b__obj_cvar_a0.95__sigtrue_0.2__sigbar_0.25__lam_0.001/run_cfg.json python -m src.train_deephedge_gbm
train=oracle|feat=B|obj=cvar|sigtrue=0.2|sigbar=0.25|lam=0.001|robust=none,seed_0004__train_oracle__feat_b__obj_cvar_a0.95__sigtrue_0.2__sigbar_0.25__lam_0.001,2026-04-02T01:25:38Z,completed,main_benchmark,main,benchmark,True,deep_hedge_oracle,oracle,deep_hedge_oracle,4,B,cvar,0.2,0.25,0.001,,-0.0030898284167051315,0.012458253651857376,0.0031672604382038116,0.02055247314274311,0.025067904964089394,0.0278161633759737,0.032145146280527115,3.0414290786230564,5.123507499694824,304142.90786230564,results/gbm_deephedge/benchmark_6_2/runs/seed_0004__train_oracle__feat_b__obj_cvar_a0.95__sigtrue_0.2__sigbar_0.25__lam_0.001,results/gbm_deephedge,ef97a9c2774f1e535468e71ead938fc720368672c50431f9d2dc5b223bbd66d0,76e694c21e709359f62f03a0ba5a97ba6db86a88,GBM_CFG=results/gbm_deephedge/benchmark_6_2/runs/seed_0004__train_oracle__feat_b__obj_cvar_a0.95__sigtrue_0.2__sigbar_0.25__lam_0.001/run_cfg.json python -m src.train_deephedge_gbm
train=oracle|feat=B|obj=cvar|sigtrue=0.2|sigbar=0.2|lam=0|robust=none,seed_0004__train_oracle__feat_b__obj_cvar_a0.95__sigtrue_0.2__sigbar_0.2__lam_0,2026-04-01T22:08:46Z,completed,main_benchmark,main,benchmark,True,bs_delta,oracle,deep_hedge_oracle,4,B,cvar,0.2,0.2,0.0,,8.786801194949813e-06,0.009659083552211718,3.789811102272722e-05,0.01590945979938523,0.022490812478089196,0.026504315329041215,0.0329868673146558,3.2278819258814186,6.357637441922621,322788.1925881419,results/gbm_deephedge/benchmark_6_2/runs/seed_0004__train_oracle__feat_b__obj_cvar_a0.95__sigtrue_0.2__sigbar_0.2__lam_0,results/gbm_deephedge,69c20c86e4fa6b444121f75520c126899cf5ae68ed7b93d9824c56d03bc7aefe,76e694c21e709359f62f03a0ba5a97ba6db86a88,GBM_CFG=results/gbm_deephedge/benchmark_6_2/runs/seed_0004__train_oracle__feat_b__obj_cvar_a0.95__sigtrue_0.2__sigbar_0.2__lam_0/run_cfg.json python -m src.train_deephedge_gbm
train=oracle|feat=B|obj=cvar|sigtrue=0.2|sigbar=0.2|lam=0|robust=none,seed_0004__train_oracle__feat_b__obj_cvar_a0.95__sigtrue_0.2__sigbar_0.2__lam_0,2026-04-01T22:08:46Z,completed,main_benchmark,main,benchmark,True,deep_hedge_oracle,oracle,deep_hedge_oracle,4,B,cvar,0.2,0.2,0.0,,5.944665645074565e-06,0.012061448767781258,6.663799285888672e-05,0.01695425808429718,0.02139677107334137,0.024011217057704926,0.028426775708794594,3.204040848814249,5.469098091125488,320404.0848814249,results/gbm_deephedge/benchmark_6_2/runs/seed_0004__train_oracle__feat_b__obj_cvar_a0.95__sigtrue_0.2__sigbar_0.2__lam_0,results/gbm_deephedge,69c20c86e4fa6b444121f75520c126899cf5ae68ed7b93d9824c56d03bc7aefe,76e694c21e709359f62f03a0ba5a97ba6db86a88,GBM_CFG=results/gbm_deephedge/benchmark_6_2/runs/seed_0004__train_oracle__feat_b__obj_cvar_a0.95__sigtrue_0.2__sigbar_0.2__lam_0/run_cfg.json python -m src.train_deephedge_gbm
train=oracle|feat=B|obj=cvar|sigtrue=0.2|sigbar=0.2|lam=0.0001|robust=none,seed_0004__train_oracle__feat_b__obj_cvar_a0.95__sigtrue_0.2__sigbar_0.2__lam_0.0001,2026-04-01T22:49:04Z,completed,main_benchmark,main,benchmark,True,bs_delta,oracle,deep_hedge_oracle,4,B,cvar,0.2,0.2,0.0001,,-0.00032095755211546605,0.009671684157027897,0.0003677666788383799,0.016315688066601497,0.022921936293030874,0.026945675070215336,0.03345674430399398,3.2278819258814186,6.357637441922621,322788.1925881419,results/gbm_deephedge/benchmark_6_2/runs/seed_0004__train_oracle__feat_b__obj_cvar_a0.95__sigtrue_0.2__sigbar_0.2__lam_0.0001,results/gbm_deephedge,b3d59a29445da37019f17c84390e65ed88e05753b851976592f0afa11338c224,76e694c21e709359f62f03a0ba5a97ba6db86a88,GBM_CFG=results/gbm_deephedge/benchmark_6_2/runs/seed_0004__train_oracle__feat_b__obj_cvar_a0.95__sigtrue_0.2__sigbar_0.2__lam_0.0001/run_cfg.json python -m src.train_deephedge_gbm
train=oracle|feat=B|obj=cvar|sigtrue=0.2|sigbar=0.2|lam=0.0001|robust=none,seed_0004__train_oracle__feat_b__obj_cvar_a0.95__sigtrue_0.2__sigbar_0.2__lam_0.0001,2026-04-01T22:49:04Z,completed,main_benchmark,main,benchmark,True,deep_hedge_oracle,oracle,deep_hedge_oracle,4,B,cvar,0.2,0.2,0.0001,,-0.0003188748669344932,0.01194799691438675,0.0003900378942489624,0.017236996442079544,0.02191649191081524,0.024768492206931114,0.029265593737363815,3.1737804683220388,5.4312567710876465,317378.04683220387,results/gbm_deephedge/benchmark_6_2/runs/seed_0004__train_oracle__feat_b__obj_cvar_a0.95__sigtrue_0.2__sigbar_0.2__lam_0.0001,results/gbm_deephedge,b3d59a29445da37019f17c84390e65ed88e05753b851976592f0afa11338c224,76e694c21e709359f62f03a0ba5a97ba6db86a88,GBM_CFG=results/gbm_deephedge/benchmark_6_2/runs/seed_0004__train_oracle__feat_b__obj_cvar_a0.95__sigtrue_0.2__sigbar_0.2__lam_0.0001/run_cfg.json python -m src.train_deephedge_gbm
train=oracle|feat=B|obj=cvar|sigtrue=0.2|sigbar=0.2|lam=0.0005|robust=none,seed_0004__train_oracle__feat_b__obj_cvar_a0.95__sigtrue_0.2__sigbar_0.2__lam_0.0005,2026-04-01T23:31:50Z,completed,main_benchmark,main,benchmark,True,bs_delta,oracle,deep_hedge_oracle,4,B,cvar,0.2,0.2,0.0005,,-0.0016399350852217697,0.009732198334847862,0.0016873412201728472,0.01794588914194687,0.02465676848030738,0.028800681434337557,0.03534173459092648,3.2278819258814186,6.357637441922621,322788.1925881419,results/gbm_deephedge/benchmark_6_2/runs/seed_0004__train_oracle__feat_b__obj_cvar_a0.95__sigtrue_0.2__sigbar_0.2__lam_0.0005,results/gbm_deephedge,125553f87d57f3e88cdbe2cdc8688978ac0b3d1492881e504466bc294284b8b5,76e694c21e709359f62f03a0ba5a97ba6db86a88,GBM_CFG=results/gbm_deephedge/benchmark_6_2/runs/seed_0004__train_oracle__feat_b__obj_cvar_a0.95__sigtrue_0.2__sigbar_0.2__lam_0.0005/run_cfg.json python -m src.train_deephedge_gbm
train=oracle|feat=B|obj=cvar|sigtrue=0.2|sigbar=0.2|lam=0.0005|robust=none,seed_0004__train_oracle__feat_b__obj_cvar_a0.95__sigtrue_0.2__sigbar_0.2__lam_0.0005,2026-04-01T23:31:50Z,completed,main_benchmark,main,benchmark,True,deep_hedge_oracle,oracle,deep_hedge_oracle,4,B,cvar,0.2,0.2,0.0005,,-0.0015632883878424764,0.012319381348788738,0.001639053225517273,0.018865635618567467,0.023155197501182556,0.025714723393321037,0.02989843301475048,3.087710938049555,5.231217384338379,308771.0938049555,results/gbm_deephedge/benchmark_6_2/runs/seed_0004__train_oracle__feat_b__obj_cvar_a0.95__sigtrue_0.2__sigbar_0.2__lam_0.0005,results/gbm_deephedge,125553f87d57f3e88cdbe2cdc8688978ac0b3d1492881e504466bc294284b8b5,76e694c21e709359f62f03a0ba5a97ba6db86a88,GBM_CFG=results/gbm_deephedge/benchmark_6_2/runs/seed_0004__train_oracle__feat_b__obj_cvar_a0.95__sigtrue_0.2__sigbar_0.2__lam_0.0005/run_cfg.json python -m src.train_deephedge_gbm
train=oracle|feat=B|obj=cvar|sigtrue=0.2|sigbar=0.2|lam=0.001|robust=none,seed_0004__train_oracle__feat_b__obj_cvar_a0.95__sigtrue_0.2__sigbar_0.2__lam_0.001,2026-04-02T00:17:04Z,completed,main_benchmark,main,benchmark,True,bs_delta,oracle,deep_hedge_oracle,4,B,cvar,0.2,0.2,0.001,,-0.0032886569716384893,0.009830218964967897,0.0033370346918075167,0.019989025915359972,0.026847841452522402,0.031079927334537853,0.037712653094876904,3.2278819258814186,6.357637441922621,322788.1925881419,results/gbm_deephedge/benchmark_6_2/runs/seed_0004__train_oracle__feat_b__obj_cvar_a0.95__sigtrue_0.2__sigbar_0.2__lam_0.001,results/gbm_deephedge,05010b15c808600ed88b3b7f751170abba3d8b7b649d13a115163e661788640a,76e694c21e709359f62f03a0ba5a97ba6db86a88,GBM_CFG=results/gbm_deephedge/benchmark_6_2/runs/seed_0004__train_oracle__feat_b__obj_cvar_a0.95__sigtrue_0.2__sigbar_0.2__lam_0.001/run_cfg.json python -m src.train_deephedge_gbm
train=oracle|feat=B|obj=cvar|sigtrue=0.2|sigbar=0.2|lam=0.001|robust=none,seed_0004__train_oracle__feat_b__obj_cvar_a0.95__sigtrue_0.2__sigbar_0.2__lam_0.001,2026-04-02T00:17:04Z,completed,main_benchmark,main,benchmark,True,deep_hedge_oracle,oracle,deep_hedge_oracle,4,B,cvar,0.2,0.2,0.001,,-0.0030898284167051315,0.012458253651857376,0.0031672604382038116,0.02055247314274311,0.025067904964089394,0.0278161633759737,0.032145146280527115,3.0414290786230564,5.123507499694824,304142.90786230564,results/gbm_deephedge/benchmark_6_2/runs/seed_0004__train_oracle__feat_b__obj_cvar_a0.95__sigtrue_0.2__sigbar_0.2__lam_0.001,results/gbm_deephedge,05010b15c808600ed88b3b7f751170abba3d8b7b649d13a115163e661788640a,76e694c21e709359f62f03a0ba5a97ba6db86a88,GBM_CFG=results/gbm_deephedge/benchmark_6_2/runs/seed_0004__train_oracle__feat_b__obj_cvar_a0.95__sigtrue_0.2__sigbar_0.2__lam_0.001/run_cfg.json python -m src.train_deephedge_gbm
train=oracle|feat=B|obj=cvar|sigtrue=0.2|sigbar=0.3|lam=0|robust=none,seed_0004__train_oracle__feat_b__obj_cvar_a0.95__sigtrue_0.2__sigbar_0.3__lam_0,2026-04-02T01:24:28Z,completed,main_benchmark,main,benchmark,True,bs_delta,oracle,deep_hedge_oracle,4,B,cvar,0.2,0.3,0.0,,8.903333406928042e-06,0.01538097372852561,0.00010920125955946047,0.02340982913557591,0.027353756028462396,0.029909473483054137,0.03258699914348753,2.813990696553059,4.907852490363905,281399.0696553059,results/gbm_deephedge/benchmark_6_2/runs/seed_0004__train_oracle__feat_b__obj_cvar_a0.95__sigtrue_0.2__sigbar_0.3__lam_0,results/gbm_deephedge,babb1f1d29dabc9fbe9b1cb5a8ccfdba6e74f32c03dfd0f01cf0e48c4a885a0e,76e694c21e709359f62f03a0ba5a97ba6db86a88,GBM_CFG=results/gbm_deephedge/benchmark_6_2/runs/seed_0004__train_oracle__feat_b__obj_cvar_a0.95__sigtrue_0.2__sigbar_0.3__lam_0/run_cfg.json python -m src.train_deephedge_gbm
train=oracle|feat=B|obj=cvar|sigtrue=0.2|sigbar=0.3|lam=0|robust=none,seed_0004__train_oracle__feat_b__obj_cvar_a0.95__sigtrue_0.2__sigbar_0.3__lam_0,2026-04-02T01:24:28Z,completed,main_benchmark,main,benchmark,True,deep_hedge_oracle,oracle,deep_hedge_oracle,4,B,cvar,0.2,0.3,0.0,,5.944665645074565e-06,0.012061448767781258,6.663799285888672e-05,0.01695425808429718,0.02139677107334137,0.024011217057704926,0.028426775708794594,3.204040848814249,5.469098091125488,320404.0848814249,results/gbm_deephedge/benchmark_6_2/runs/seed_0004__train_oracle__feat_b__obj_cvar_a0.95__sigtrue_0.2__sigbar_0.3__lam_0,results/gbm_deephedge,babb1f1d29dabc9fbe9b1cb5a8ccfdba6e74f32c03dfd0f01cf0e48c4a885a0e,76e694c21e709359f62f03a0ba5a97ba6db86a88,GBM_CFG=results/gbm_deephedge/benchmark_6_2/runs/seed_0004__train_oracle__feat_b__obj_cvar_a0.95__sigtrue_0.2__sigbar_0.3__lam_0/run_cfg.json python -m src.train_deephedge_gbm
train=oracle|feat=B|obj=cvar|sigtrue=0.2|sigbar=0.3|lam=0.0001|robust=none,seed_0004__train_oracle__feat_b__obj_cvar_a0.95__sigtrue_0.2__sigbar_0.3__lam_0.0001,2026-04-02T01:24:52Z,completed,main_benchmark,main,benchmark,True,bs_delta,oracle,deep_hedge_oracle,4,B,cvar,0.2,0.3,0.0001,,-0.00027917956742346206,0.015349174098251383,0.0003967945864908756,0.02363524226800411,0.027561282550418446,0.03009383435394747,0.032781886247099504,2.813990696553059,4.907852490363905,281399.0696553059,results/gbm_deephedge/benchmark_6_2/runs/seed_0004__train_oracle__feat_b__obj_cvar_a0.95__sigtrue_0.2__sigbar_0.3__lam_0.0001,results/gbm_deephedge,e1c6a87291ef6d97b7a9b5f5d45f58b711cb9c8d1f33ef790e002e22e6c91e29,76e694c21e709359f62f03a0ba5a97ba6db86a88,GBM_CFG=results/gbm_deephedge/benchmark_6_2/runs/seed_0004__train_oracle__feat_b__obj_cvar_a0.95__sigtrue_0.2__sigbar_0.3__lam_0.0001/run_cfg.json python -m src.train_deephedge_gbm
train=oracle|feat=B|obj=cvar|sigtrue=0.2|sigbar=0.3|lam=0.0001|robust=none,seed_0004__train_oracle__feat_b__obj_cvar_a0.95__sigtrue_0.2__sigbar_0.3__lam_0.0001,2026-04-02T01:24:52Z,completed,main_benchmark,main,benchmark,True,deep_hedge_oracle,oracle,deep_hedge_oracle,4,B,cvar,0.2,0.3,0.0001,,-0.0003188748669344932,0.01194799691438675,0.0003900378942489624,0.017236996442079544,0.02191649191081524,0.024768492206931114,0.029265593737363815,3.1737804683220388,5.4312567710876465,317378.04683220387,results/gbm_deephedge/benchmark_6_2/runs/seed_0004__train_oracle__feat_b__obj_cvar_a0.95__sigtrue_0.2__sigbar_0.3__lam_0.0001,results/gbm_deephedge,e1c6a87291ef6d97b7a9b5f5d45f58b711cb9c8d1f33ef790e002e22e6c91e29,76e694c21e709359f62f03a0ba5a97ba6db86a88,GBM_CFG=results/gbm_deephedge/benchmark_6_2/runs/seed_0004__train_oracle__feat_b__obj_cvar_a0.95__sigtrue_0.2__sigbar_0.3__lam_0.0001/run_cfg.json python -m src.train_deephedge_gbm
train=oracle|feat=B|obj=cvar|sigtrue=0.2|sigbar=0.3|lam=0.0005|robust=none,seed_0004__train_oracle__feat_b__obj_cvar_a0.95__sigtrue_0.2__sigbar_0.3__lam_0.0005,2026-04-02T01:25:16Z,completed,main_benchmark,main,benchmark,True,bs_delta,oracle,deep_hedge_oracle,4,B,cvar,0.2,0.3,0.0005,,-0.0014315112754724071,0.015225242175509716,0.0015472282039279556,0.024557132861173173,0.028404685562869146,0.03088345339768557,0.03358180061299478,2.813990696553059,4.907852490363905,281399.0696553059,results/gbm_deephedge/benchmark_6_2/runs/seed_0004__train_oracle__feat_b__obj_cvar_a0.95__sigtrue_0.2__sigbar_0.3__lam_0.0005,results/gbm_deephedge,7829b42cd594d3822893d22e266765be0a64205467f3c832183f9c0e5723d6ad,76e694c21e709359f62f03a0ba5a97ba6db86a88,GBM_CFG=results/gbm_deephedge/benchmark_6_2/runs/seed_0004__train_oracle__feat_b__obj_cvar_a0.95__sigtrue_0.2__sigbar_0.3__lam_0.0005/run_cfg.json python -m src.train_deephedge_gbm
train=oracle|feat=B|obj=cvar|sigtrue=0.2|sigbar=0.3|lam=0.0005|robust=none,seed_0004__train_oracle__feat_b__obj_cvar_a0.95__sigtrue_0.2__sigbar_0.3__lam_0.0005,2026-04-02T01:25:16Z,completed,main_benchmark,main,benchmark,True,deep_hedge_oracle,oracle,deep_hedge_oracle,4,B,cvar,0.2,0.3,0.0005,,-0.0015632883878424764,0.012319381348788738,0.001639053225517273,0.018865635618567467,0.023155197501182556,0.025714723393321037,0.02989843301475048,3.087710938049555,5.231217384338379,308771.0938049555,results/gbm_deephedge/benchmark_6_2/runs/seed_0004__train_oracle__feat_b__obj_cvar_a0.95__sigtrue_0.2__sigbar_0.3__lam_0.0005,results/gbm_deephedge,7829b42cd594d3822893d22e266765be0a64205467f3c832183f9c0e5723d6ad,76e694c21e709359f62f03a0ba5a97ba6db86a88,GBM_CFG=results/gbm_deephedge/benchmark_6_2/runs/seed_0004__train_oracle__feat_b__obj_cvar_a0.95__sigtrue_0.2__sigbar_0.3__lam_0.0005/run_cfg.json python -m src.train_deephedge_gbm
train=oracle|feat=B|obj=cvar|sigtrue=0.2|sigbar=0.3|lam=0.001|robust=none,seed_0004__train_oracle__feat_b__obj_cvar_a0.95__sigtrue_0.2__sigbar_0.3__lam_0.001,2026-04-02T01:25:41Z,completed,main_benchmark,main,benchmark,True,bs_delta,oracle,deep_hedge_oracle,4,B,cvar,0.2,0.3,0.001,,-0.002871925884351743,0.015077826585918655,0.0029854056506518345,0.025684570222904612,0.02949185026836584,0.03196985191414354,0.03463568783215021,2.813990696553059,4.907852490363905,281399.0696553059,results/gbm_deephedge/benchmark_6_2/runs/seed_0004__train_oracle__feat_b__obj_cvar_a0.95__sigtrue_0.2__sigbar_0.3__lam_0.001,results/gbm_deephedge,1514ecd8820565b7e031546f6d5e5e17c025e098b12391431e9ab516fef78ed9,76e694c21e709359f62f03a0ba5a97ba6db86a88,GBM_CFG=results/gbm_deephedge/benchmark_6_2/runs/seed_0004__train_oracle__feat_b__obj_cvar_a0.95__sigtrue_0.2__sigbar_0.3__lam_0.001/run_cfg.json python -m src.train_deephedge_gbm
train=oracle|feat=B|obj=cvar|sigtrue=0.2|sigbar=0.3|lam=0.001|robust=none,seed_0004__train_oracle__feat_b__obj_cvar_a0.95__sigtrue_0.2__sigbar_0.3__lam_0.001,2026-04-02T01:25:41Z,completed,main_benchmark,main,benchmark,True,deep_hedge_oracle,oracle,deep_hedge_oracle,4,B,cvar,0.2,0.3,0.001,,-0.0030898284167051315,0.012458253651857376,0.0031672604382038116,0.02055247314274311,0.025067904964089394,0.0278161633759737,0.032145146280527115,3.0414290786230564,5.123507499694824,304142.90786230564,results/gbm_deephedge/benchmark_6_2/runs/seed_0004__train_oracle__feat_b__obj_cvar_a0.95__sigtrue_0.2__sigbar_0.3__lam_0.001,results/gbm_deephedge,1514ecd8820565b7e031546f6d5e5e17c025e098b12391431e9ab516fef78ed9,76e694c21e709359f62f03a0ba5a97ba6db86a88,GBM_CFG=results/gbm_deephedge/benchmark_6_2/runs/seed_0004__train_oracle__feat_b__obj_cvar_a0.95__sigtrue_0.2__sigbar_0.3__lam_0.001/run_cfg.json python -m src.train_deephedge_gbm
"train=robust|feat=B|obj=cvar|sigtrue=0.2|sigbar=0.15|lam=0|robust=0.15,0.2,0.25",seed_0004__train_robust_s0.15-0.2-0.25__feat_b__obj_cvar_a0.95__sigtrue_0.2__sigbar_0.15__lam_0,2026-04-02T01:24:34Z,completed,main_benchmark,main,benchmark,True,bs_delta,robust,deep_hedge_robust,4,B,cvar,0.2,0.15,0.0,0.15|0.2|0.25,1.42991423307356e-05,0.012979527858112981,7.03311090649722e-05,0.024788807934846082,0.034183299249426966,0.03993717947089137,0.04853536175677232,3.529158886058609,7.584670746384251,352915.8886058609,results/gbm_deephedge/benchmark_6_2/runs/seed_0004__train_robust_s0.15-0.2-0.25__feat_b__obj_cvar_a0.95__sigtrue_0.2__sigbar_0.15__lam_0,results/gbm_deephedge,99ccfbc3e613607e1b3f35e24d0c1ccf8e844f8e7a8e37b643f6ee956bd84304,76e694c21e709359f62f03a0ba5a97ba6db86a88,GBM_CFG=results/gbm_deephedge/benchmark_6_2/runs/seed_0004__train_robust_s0.15-0.2-0.25__feat_b__obj_cvar_a0.95__sigtrue_0.2__sigbar_0.15__lam_0/run_cfg.json python -m src.train_deephedge_gbm
"train=robust|feat=B|obj=cvar|sigtrue=0.2|sigbar=0.15|lam=0|robust=0.15,0.2,0.25",seed_0004__train_robust_s0.15-0.2-0.25__feat_b__obj_cvar_a0.95__sigtrue_0.2__sigbar_0.15__lam_0,2026-04-02T01:24:34Z,completed,main_benchmark,main,benchmark,True,deep_hedge_robust,robust,deep_hedge_robust,4,B,cvar,0.2,0.15,0.0,0.15|0.2|0.25,1.2506347047747113e-05,0.01493156235665083,9.875744581222534e-05,0.021977093070745468,0.025853699073195457,0.02820388413965702,0.031044749543070793,2.9494091054952145,4.866206645965576,294940.91054952145,results/gbm_deephedge/benchmark_6_2/runs/seed_0004__train_robust_s0.15-0.2-0.25__feat_b__obj_cvar_a0.95__sigtrue_0.2__sigbar_0.15__lam_0,results/gbm_deephedge,99ccfbc3e613607e1b3f35e24d0c1ccf8e844f8e7a8e37b643f6ee956bd84304,76e694c21e709359f62f03a0ba5a97ba6db86a88,GBM_CFG=results/gbm_deephedge/benchmark_6_2/runs/seed_0004__train_robust_s0.15-0.2-0.25__feat_b__obj_cvar_a0.95__sigtrue_0.2__sigbar_0.15__lam_0/run_cfg.json python -m src.train_deephedge_gbm
"train=robust|feat=B|obj=cvar|sigtrue=0.2|sigbar=0.15|lam=0.0001|robust=0.15,0.2,0.25",seed_0004__train_robust_s0.15-0.2-0.25__feat_b__obj_cvar_a0.95__sigtrue_0.2__sigbar_0.15__lam_0.0001,2026-04-02T01:24:58Z,completed,main_benchmark,main,benchmark,True,bs_delta,robust,deep_hedge_robust,4,B,cvar,0.2,0.15,0.0001,0.15|0.2|0.25,-0.0003457557078804899,0.013057700925129645,0.00043140939228686337,0.02528604152496332,0.03471706106453886,0.04050733446851347,0.049106560367534184,3.529158886058609,7.584670746384251,352915.8886058609,results/gbm_deephedge/benchmark_6_2/runs/seed_0004__train_robust_s0.15-0.2-0.25__feat_b__obj_cvar_a0.95__sigtrue_0.2__sigbar_0.15__lam_0.0001,results/gbm_deephedge,768bd7e5d5283f5673a5d38cdc7141f93850ddd0b2e303f8f4d27b2db789ca1b,76e694c21e709359f62f03a0ba5a97ba6db86a88,GBM_CFG=results/gbm_deephedge/benchmark_6_2/runs/seed_0004__train_robust_s0.15-0.2-0.25__feat_b__obj_cvar_a0.95__sigtrue_0.2__sigbar_0.15__lam_0.0001/run_cfg.json python -m src.train_deephedge_gbm
"train=robust|feat=B|obj=cvar|sigtrue=0.2|sigbar=0.15|lam=0.0001|robust=0.15,0.2,0.25",seed_0004__train_robust_s0.15-0.2-0.25__feat_b__obj_cvar_a0.95__sigtrue_0.2__sigbar_0.15__lam_0.0001,2026-04-02T01:24:58Z,completed,main_benchmark,main,benchmark,True,deep_hedge_robust,robust,deep_hedge_robust,4,B,cvar,0.2,0.15,0.0001,0.15|0.2|0.25,-0.00029169852496124804,0.014755381271243095,0.0004003196954727173,0.021565575152635574,0.02520333230495453,0.02739936299622059,0.030292145907878876,2.9844958056139945,4.918386459350586,298449.58056139946,results/gbm_deephedge/benchmark_6_2/runs/seed_0004__train_robust_s0.15-0.2-0.25__feat_b__obj_cvar_a0.95__sigtrue_0.2__sigbar_0.15__lam_0.0001,results/gbm_deephedge,768bd7e5d5283f5673a5d38cdc7141f93850ddd0b2e303f8f4d27b2db789ca1b,76e694c21e709359f62f03a0ba5a97ba6db86a88,GBM_CFG=results/gbm_deephedge/benchmark_6_2/runs/seed_0004__train_robust_s0.15-0.2-0.25__feat_b__obj_cvar_a0.95__sigtrue_0.2__sigbar_0.15__lam_0.0001/run_cfg.json python -m src.train_deephedge_gbm
"train=robust|feat=B|obj=cvar|sigtrue=0.2|sigbar=0.15|lam=0.0005|robust=0.15,0.2,0.25",seed_0004__train_robust_s0.15-0.2-0.25__feat_b__obj_cvar_a0.95__sigtrue_0.2__sigbar_0.15__lam_0.0005,2026-04-02T01:25:23Z,completed,main_benchmark,main,benchmark,True,bs_delta,robust,deep_hedge_robust,4,B,cvar,0.2,0.15,0.0005,0.15|0.2|0.25,-0.0017859752395966734,0.013376906822907634,0.0018758712322749643,0.027288482187262642,0.03685738815074981,0.04271966556699463,0.05139772724813897,3.529158886058609,7.584670746384251,352915.8886058609,results/gbm_deephedge/benchmark_6_2/runs/seed_0004__train_robust_s0.15-0.2-0.25__feat_b__obj_cvar_a0.95__sigtrue_0.2__sigbar_0.15__lam_0.0005,results/gbm_deephedge,6202ae257b25fbf1c0abf2b1f28141f40a93fca7b6d09664ebf6af1dc887558b,76e694c21e709359f62f03a0ba5a97ba6db86a88,GBM_CFG=results/gbm_deephedge/benchmark_6_2/runs/seed_0004__train_robust_s0.15-0.2-0.25__feat_b__obj_cvar_a0.95__sigtrue_0.2__sigbar_0.15__lam_0.0005/run_cfg.json python -m src.train_deephedge_gbm
"train=robust|feat=B|obj=cvar|sigtrue=0.2|sigbar=0.15|lam=0.0005|robust=0.15,0.2,0.25",seed_0004__train_robust_s0.15-0.2-0.25__feat_b__obj_cvar_a0.95__sigtrue_0.2__sigbar_0.15__lam_0.0005,2026-04-02T01:25:23Z,completed,main_benchmark,main,benchmark,True,deep_hedge_robust,robust,deep_hedge_robust,4,B,cvar,0.2,0.15,0.0005,0.15|0.2|0.25,-0.0014877936337143183,0.014466678723692894,0.0015921667218208313,0.021941155195236206,0.02578507736325264,0.028144070878624916,0.03150042146444321,2.940398033134937,4.8385725021362305,294039.8033134937,results/gbm_deephedge/benchmark_6_2/runs/seed_0004__train_robust_s0.15-0.2-0.25__feat_b__obj_cvar_a0.95__sigtrue_0.2__sigbar_0.15__lam_0.0005,results/gbm_deephedge,6202ae257b25fbf1c0abf2b1f28141f40a93fca7b6d09664ebf6af1dc887558b,76e694c21e709359f62f03a0ba5a97ba6db86a88,GBM_CFG=results/gbm_deephedge/benchmark_6_2/runs/seed_0004__train_robust_s0.15-0.2-0.25__feat_b__obj_cvar_a0.95__sigtrue_0.2__sigbar_0.15__lam_0.0005/run_cfg.json python -m src.train_deephedge_gbm
"train=robust|feat=B|obj=cvar|sigtrue=0.2|sigbar=0.15|lam=0.001|robust=0.15,0.2,0.25",seed_0004__train_robust_s0.15-0.2-0.25__feat_b__obj_cvar_a0.95__sigtrue_0.2__sigbar_0.15__lam_0.001,2026-04-02T01:25:47Z,completed,main_benchmark,main,benchmark,True,bs_delta,robust,deep_hedge_robust,4,B,cvar,0.2,0.15,0.001,0.15|0.2|0.25,-0.0035862496215240823,0.013789714770582145,0.003681782793041266,0.029814169207314882,0.0395441269560968,0.04560251390386597,0.05427353374410032,3.529158886058609,7.584670746384251,352915.8886058609,results/gbm_deephedge/benchmark_6_2/runs/seed_0004__train_robust_s0.15-0.2-0.25__feat_b__obj_cvar_a0.95__sigtrue_0.2__sigbar_0.15__lam_0.001,results/gbm_deephedge,da222a509f02a7c2bf1e6d8cf0fb79adbb9b73b15e7977c13adab26b61a49da0,76e694c21e709359f62f03a0ba5a97ba6db86a88,GBM_CFG=results/gbm_deephedge/benchmark_6_2/runs/seed_0004__train_robust_s0.15-0.2-0.25__feat_b__obj_cvar_a0.95__sigtrue_0.2__sigbar_0.15__lam_0.001/run_cfg.json python -m src.train_deephedge_gbm
"train=robust|feat=B|obj=cvar|sigtrue=0.2|sigbar=0.15|lam=0.001|robust=0.15,0.2,0.25",seed_0004__train_robust_s0.15-0.2-0.25__feat_b__obj_cvar_a0.95__sigtrue_0.2__sigbar_0.15__lam_0.001,2026-04-02T01:25:47Z,completed,main_benchmark,main,benchmark,True,deep_hedge_robust,robust,deep_hedge_robust,4,B,cvar,0.2,0.15,0.001,0.15|0.2|0.25,-0.0029503570403903723,0.01484422292560339,0.0030602440237998962,0.02439877763390541,0.028232427313923836,0.030568746849894524,0.03365866839885712,2.907644093863964,4.7527594566345215,290764.4093863964,results/gbm_deephedge/benchmark_6_2/runs/seed_0004__train_robust_s0.15-0.2-0.25__feat_b__obj_cvar_a0.95__sigtrue_0.2__sigbar_0.15__lam_0.001,results/gbm_deephedge,da222a509f02a7c2bf1e6d8cf0fb79adbb9b73b15e7977c13adab26b61a49da0,76e694c21e709359f62f03a0ba5a97ba6db86a88,GBM_CFG=results/gbm_deephedge/benchmark_6_2/runs/seed_0004__train_robust_s0.15-0.2-0.25__feat_b__obj_cvar_a0.95__sigtrue_0.2__sigbar_0.15__lam_0.001/run_cfg.json python -m src.train_deephedge_gbm
"train=robust|feat=B|obj=cvar|sigtrue=0.2|sigbar=0.1|lam=0|robust=0.15,0.2,0.25",seed_0004__train_robust_s0.15-0.2-0.25__feat_b__obj_cvar_a0.95__sigtrue_0.2__sigbar_0.1__lam_0,2026-04-02T01:24:31Z,completed,main_benchmark,main,benchmark,True,bs_delta,robust,deep_hedge_robust,4,B,cvar,0.2,0.1,0.0,0.15|0.2|0.25,3.396035897655571e-05,0.022403869312958062,0.00021853649319772406,0.041687004590998056,0.05501203195012117,0.06359575309923324,0.07493047833678806,3.93444838493853,9.57797211248376,393444.838493853,results/gbm_deephedge/benchmark_6_2/runs/seed_0004__train_robust_s0.15-0.2-0.25__feat_b__obj_cvar_a0.95__sigtrue_0.2__sigbar_0.1__lam_0,results/gbm_deephedge,cbba2416b36bc714de9e8b8da760d10cc2ffa9c46a2db27eaa73365867ced420,76e694c21e709359f62f03a0ba5a97ba6db86a88,GBM_CFG=results/gbm_deephedge/benchmark_6_2/runs/seed_0004__train_robust_s0.15-0.2-0.25__feat_b__obj_cvar_a0.95__sigtrue_0.2__sigbar_0.1__lam_0/run_cfg.json python -m src.train_deephedge_gbm
"train=robust|feat=B|obj=cvar|sigtrue=0.2|sigbar=0.1|lam=0|robust=0.15,0.2,0.25",seed_0004__train_robust_s0.15-0.2-0.25__feat_b__obj_cvar_a0.95__sigtrue_0.2__sigbar_0.1__lam_0,2026-04-02T01:24:31Z,completed,main_benchmark,main,benchmark,True,deep_hedge_robust,robust,deep_hedge_robust,4,B,cvar,0.2,0.1,0.0,0.15|0.2|0.25,1.2506347047747113e-05,0.01493156235665083,9.875744581222534e-05,0.021977093070745468,0.025853699073195457,0.02820388413965702,0.031044749543070793,2.9494091054952145,4.866206645965576,294940.91054952145,results/gbm_deephedge/benchmark_6_2/runs/seed_0004__train_robust_s0.15-0.2-0.25__feat_b__obj_cvar_a0.95__sigtrue_0.2__sigbar_0.1__lam_0,results/gbm_deephedge,cbba2416b36bc714de9e8b8da760d10cc2ffa9c46a2db27eaa73365867ced420,76e694c21e709359f62f03a0ba5a97ba6db86a88,GBM_CFG=results/gbm_deephedge/benchmark_6_2/runs/seed_0004__train_robust_s0.15-0.2-0.25__feat_b__obj_cvar_a0.95__sigtrue_0.2__sigbar_0.1__lam_0/run_cfg.json python -m src.train_deephedge_gbm
"train=robust|feat=B|obj=cvar|sigtrue=0.2|sigbar=0.1|lam=0.0001|robust=0.15,0.2,0.25",seed_0004__train_robust_s0.15-0.2-0.25__feat_b__obj_cvar_a0.95__sigtrue_0.2__sigbar_0.1__lam_0.0001,2026-04-02T01:24:55Z,completed,main_benchmark,main,benchmark,True,bs_delta,robust,deep_hedge_robust,4,B,cvar,0.2,0.1,0.0001,0.15|0.2|0.25,-0.00036686760545423264,0.02253746197144841,0.0006223862092291088,0.04232135842588466,0.05568449621882771,0.06434661876874079,0.0756626029811545,3.93444838493853,9.57797211248376,393444.838493853,results/gbm_deephedge/benchmark_6_2/runs/seed_0004__train_robust_s0.15-0.2-0.25__feat_b__obj_cvar_a0.95__sigtrue_0.2__sigbar_0.1__lam_0.0001,results/gbm_deephedge,152798ba18c7bcaa1a3a6f4141db7ae3077e1e08b92e41fc3d0f8908f8a16b7f,76e694c21e709359f62f03a0ba5a97ba6db86a88,GBM_CFG=results/gbm_deephedge/benchmark_6_2/runs/seed_0004__train_robust_s0.15-0.2-0.25__feat_b__obj_cvar_a0.95__sigtrue_0.2__sigbar_0.1__lam_0.0001/run_cfg.json python -m src.train_deephedge_gbm
"train=robust|feat=B|obj=cvar|sigtrue=0.2|sigbar=0.1|lam=0.0001|robust=0.15,0.2,0.25",seed_0004__train_robust_s0.15-0.2-0.25__feat_b__obj_cvar_a0.95__sigtrue_0.2__sigbar_0.1__lam_0.0001,2026-04-02T01:24:55Z,completed,main_benchmark,main,benchmark,True,deep_hedge_robust,robust,deep_hedge_robust,4,B,cvar,0.2,0.1,0.0001,0.15|0.2|0.25,-0.00029169852496124804,0.014755381271243095,0.0004003196954727173,0.021565575152635574,0.02520333230495453,0.02739936299622059,0.030292145907878876,2.9844958056139945,4.918386459350586,298449.58056139946,results/gbm_deephedge/benchmark_6_2/runs/seed_0004__train_robust_s0.15-0.2-0.25__feat_b__obj_cvar_a0.95__sigtrue_0.2__sigbar_0.1__lam_0.0001,results/gbm_deephedge,152798ba18c7bcaa1a3a6f4141db7ae3077e1e08b92e41fc3d0f8908f8a16b7f,76e694c21e709359f62f03a0ba5a97ba6db86a88,GBM_CFG=results/gbm_deephedge/benchmark_6_2/runs/seed_0004__train_robust_s0.15-0.2-0.25__feat_b__obj_cvar_a0.95__sigtrue_0.2__sigbar_0.1__lam_0.0001/run_cfg.json python -m src.train_deephedge_gbm
"train=robust|feat=B|obj=cvar|sigtrue=0.2|sigbar=0.1|lam=0.0005|robust=0.15,0.2,0.25",seed_0004__train_robust_s0.15-0.2-0.25__feat_b__obj_cvar_a0.95__sigtrue_0.2__sigbar_0.1__lam_0.0005,2026-04-02T01:25:20Z,completed,main_benchmark,main,benchmark,True,bs_delta,robust,deep_hedge_robust,4,B,cvar,0.2,0.1,0.0005,0.15|0.2|0.25,-0.001970179608847657,0.02307490745001452,0.002238036360287826,0.044820069464366244,0.058378847412256435,0.06719377347424392,0.07859420420512787,3.93444838493853,9.57797211248376,393444.838493853,results/gbm_deephedge/benchmark_6_2/runs/seed_0004__train_robust_s0.15-0.2-0.25__feat_b__obj_cvar_a0.95__sigtrue_0.2__sigbar_0.1__lam_0.0005,results/gbm_deephedge,792847e46b97087ab83ddb53ee9307b1c1665ed761c02cc20a941a36d34614f8,76e694c21e709359f62f03a0ba5a97ba6db86a88,GBM_CFG=results/gbm_deephedge/benchmark_6_2/runs/seed_0004__train_robust_s0.15-0.2-0.25__feat_b__obj_cvar_a0.95__sigtrue_0.2__sigbar_0.1__lam_0.0005/run_cfg.json python -m src.train_deephedge_gbm
"train=robust|feat=B|obj=cvar|sigtrue=0.2|sigbar=0.1|lam=0.0005|robust=0.15,0.2,0.25",seed_0004__train_robust_s0.15-0.2-0.25__feat_b__obj_cvar_a0.95__sigtrue_0.2__sigbar_0.1__lam_0.0005,2026-04-02T01:25:20Z,completed,main_benchmark,main,benchmark,True,deep_hedge_robust,robust,deep_hedge_robust,4,B,cvar,0.2,0.1,0.0005,0.15|0.2|0.25,-0.0014877936337143183,0.014466678723692894,0.0015921667218208313,0.021941155195236206,0.02578507736325264,0.028144070878624916,0.03150042146444321,2.940398033134937,4.8385725021362305,294039.8033134937,results/gbm_deephedge/benchmark_6_2/runs/seed_0004__train_robust_s0.15-0.2-0.25__feat_b__obj_cvar_a0.95__sigtrue_0.2__sigbar_0.1__lam_0.0005,results/gbm_deephedge,792847e46b97087ab83ddb53ee9307b1c1665ed761c02cc20a941a36d34614f8,76e694c21e709359f62f03a0ba5a97ba6db86a88,GBM_CFG=results/gbm_deephedge/benchmark_6_2/runs/seed_0004__train_robust_s0.15-0.2-0.25__feat_b__obj_cvar_a0.95__sigtrue_0.2__sigbar_0.1__lam_0.0005/run_cfg.json python -m src.train_deephedge_gbm
"train=robust|feat=B|obj=cvar|sigtrue=0.2|sigbar=0.1|lam=0.001|robust=0.15,0.2,0.25",seed_0004__train_robust_s0.15-0.2-0.25__feat_b__obj_cvar_a0.95__sigtrue_0.2__sigbar_0.1__lam_0.001,2026-04-02T01:25:44Z,completed,main_benchmark,main,benchmark,True,bs_delta,robust,deep_hedge_robust,4,B,cvar,0.2,0.1,0.001,0.15|0.2|0.25,-0.003974319576671869,0.02375324034822139,0.00425816413882163,0.04799955466940298,0.06175552858851582,0.07073786885140852,0.08227092702276871,3.93444838493853,9.57797211248376,393444.838493853,results/gbm_deephedge/benchmark_6_2/runs/seed_0004__train_robust_s0.15-0.2-0.25__feat_b__obj_cvar_a0.95__sigtrue_0.2__sigbar_0.1__lam_0.001,results/gbm_deephedge,53f4af78f4e469c09d701662cba2453b6bb7d8470826d8f144a9e5f6b3699415,76e694c21e709359f62f03a0ba5a97ba6db86a88,GBM_CFG=results/gbm_deephedge/benchmark_6_2/runs/seed_0004__train_robust_s0.15-0.2-0.25__feat_b__obj_cvar_a0.95__sigtrue_0.2__sigbar_0.1__lam_0.001/run_cfg.json python -m src.train_deephedge_gbm
"train=robust|feat=B|obj=cvar|sigtrue=0.2|sigbar=0.1|lam=0.001|robust=0.15,0.2,0.25",seed_0004__train_robust_s0.15-0.2-0.25__feat_b__obj_cvar_a0.95__sigtrue_0.2__sigbar_0.1__lam_0.001,2026-04-02T01:25:44Z,completed,main_benchmark,main,benchmark,True,deep_hedge_robust,robust,deep_hedge_robust,4,B,cvar,0.2,0.1,0.001,0.15|0.2|0.25,-0.0029503570403903723,0.01484422292560339,0.0030602440237998962,0.02439877763390541,0.028232427313923836,0.030568746849894524,0.03365866839885712,2.907644093863964,4.7527594566345215,290764.4093863964,results/gbm_deephedge/benchmark_6_2/runs/seed_0004__train_robust_s0.15-0.2-0.25__feat_b__obj_cvar_a0.95__sigtrue_0.2__sigbar_0.1__lam_0.001,results/gbm_deephedge,53f4af78f4e469c09d701662cba2453b6bb7d8470826d8f144a9e5f6b3699415,76e694c21e709359f62f03a0ba5a97ba6db86a88,GBM_CFG=results/gbm_deephedge/benchmark_6_2/runs/seed_0004__train_robust_s0.15-0.2-0.25__feat_b__obj_cvar_a0.95__sigtrue_0.2__sigbar_0.1__lam_0.001/run_cfg.json python -m src.train_deephedge_gbm
"train=robust|feat=B|obj=cvar|sigtrue=0.2|sigbar=0.25|lam=0|robust=0.15,0.2,0.25",seed_0004__train_robust_s0.15-0.2-0.25__feat_b__obj_cvar_a0.95__sigtrue_0.2__sigbar_0.25__lam_0,2026-04-02T01:24:37Z,completed,main_benchmark,main,benchmark,True,bs_delta,robust,deep_hedge_robust,4,B,cvar,0.2,0.25,0.0,0.15|0.2|0.25,8.10705979495344e-06,0.01171410584786412,6.036993609961905e-05,0.016840911712897436,0.0204271949639267,0.022480891899072583,0.02601306474972142,2.996441864815948,5.499619237402542,299644.1864815948,results/gbm_deephedge/benchmark_6_2/runs/seed_0004__train_robust_s0.15-0.2-0.25__feat_b__obj_cvar_a0.95__sigtrue_0.2__sigbar_0.25__lam_0,results/gbm_deephedge,6cfaed2bba80ebd97788760737d1af72c7de35db2d0b9150fe0cd040b582c500,76e694c21e709359f62f03a0ba5a97ba6db86a88,GBM_CFG=results/gbm_deephedge/benchmark_6_2/runs/seed_0004__train_robust_s0.15-0.2-0.25__feat_b__obj_cvar_a0.95__sigtrue_0.2__sigbar_0.25__lam_0/run_cfg.json python -m src.train_deephedge_gbm
"train=robust|feat=B|obj=cvar|sigtrue=0.2|sigbar=0.25|lam=0|robust=0.15,0.2,0.25",seed_0004__train_robust_s0.15-0.2-0.25__feat_b__obj_cvar_a0.95__sigtrue_0.2__sigbar_0.25__lam_0,2026-04-02T01:24:37Z,completed,main_benchmark,main,benchmark,True,deep_hedge_robust,robust,deep_hedge_robust,4,B,cvar,0.2,0.25,0.0,0.15|0.2|0.25,1.2506347047747113e-05,0.01493156235665083,9.875744581222534e-05,0.021977093070745468,0.025853699073195457,0.02820388413965702,0.031044749543070793,2.9494091054952145,4.866206645965576,294940.91054952145,results/gbm_deephedge/benchmark_6_2/runs/seed_0004__train_robust_s0.15-0.2-0.25__feat_b__obj_cvar_a0.95__sigtrue_0.2__sigbar_0.25__lam_0,results/gbm_deephedge,6cfaed2bba80ebd97788760737d1af72c7de35db2d0b9150fe0cd040b582c500,76e694c21e709359f62f03a0ba5a97ba6db86a88,GBM_CFG=results/gbm_deephedge/benchmark_6_2/runs/seed_0004__train_robust_s0.15-0.2-0.25__feat_b__obj_cvar_a0.95__sigtrue_0.2__sigbar_0.25__lam_0/run_cfg.json python -m src.train_deephedge_gbm
"train=robust|feat=B|obj=cvar|sigtrue=0.2|sigbar=0.25|lam=0.0001|robust=0.15,0.2,0.25",seed_0004__train_robust_s0.15-0.2-0.25__feat_b__obj_cvar_a0.95__sigtrue_0.2__sigbar_0.25__lam_0.0001,2026-04-02T01:25:02Z,completed,main_benchmark,main,benchmark,True,bs_delta,robust,deep_hedge_robust,4,B,cvar,0.2,0.25,0.0001,0.15|0.2|0.25,-0.00029834761194805405,0.011688903712316399,0.0003665304013625789,0.01711154916755949,0.0207141052643146,0.022765811583803357,0.026343648498453373,2.996441864815948,5.499619237402542,299644.1864815948,results/gbm_deephedge/benchmark_6_2/runs/seed_0004__train_robust_s0.15-0.2-0.25__feat_b__obj_cvar_a0.95__sigtrue_0.2__sigbar_0.25__lam_0.0001,results/gbm_deephedge,ad45ff6d63d609235cfc731d500b37a797885791835d5456b04fcb7f365bb563,76e694c21e709359f62f03a0ba5a97ba6db86a88,GBM_CFG=results/gbm_deephedge/benchmark_6_2/runs/seed_0004__train_robust_s0.15-0.2-0.25__feat_b__obj_cvar_a0.95__sigtrue_0.2__sigbar_0.25__lam_0.0001/run_cfg.json python -m src.train_deephedge_gbm
"train=robust|feat=B|obj=cvar|sigtrue=0.2|sigbar=0.25|lam=0.0001|robust=0.15,0.2,0.25",seed_0004__train_robust_s0.15-0.2-0.25__feat_b__obj_cvar_a0.95__sigtrue_0.2__sigbar_0.25__lam_0.0001,2026-04-02T01:25:02Z,completed,main_benchmark,main,benchmark,True,deep_hedge_robust,robust,deep_hedge_robust,4,B,cvar,0.2,0.25,0.0001,0.15|0.2|0.25,-0.00029169852496124804,0.014755381271243095,0.0004003196954727173,0.021565575152635574,0.02520333230495453,0.02739936299622059,0.030292145907878876,2.9844958056139945,4.918386459350586,298449.58056139946,results/gbm_deephedge/benchmark_6_2/runs/seed_0004__train_robust_s0.15-0.2-0.25__feat_b__obj_cvar_a0.95__sigtrue_0.2__sigbar_0.25__lam_0.0001,results/gbm_deephedge,ad45ff6d63d609235cfc731d500b37a797885791835d5456b04fcb7f365bb563,76e694c21e709359f62f03a0ba5a97ba6db86a88,GBM_CFG=results/gbm_deephedge/benchmark_6_2/runs/seed_0004__train_robust_s0.15-0.2-0.25__feat_b__obj_cvar_a0.95__sigtrue_0.2__sigbar_0.25__lam_0.0001/run_cfg.json python -m src.train_deephedge_gbm
"train=robust|feat=B|obj=cvar|sigtrue=0.2|sigbar=0.25|lam=0.0005|robust=0.15,0.2,0.25",seed_0004__train_robust_s0.15-0.2-0.25__feat_b__obj_cvar_a0.95__sigtrue_0.2__sigbar_0.25__lam_0.0005,2026-04-02T01:25:26Z,completed,main_benchmark,main,benchmark,True,bs_delta,robust,deep_hedge_robust,4,B,cvar,0.2,0.25,0.0005,0.15|0.2|0.25,-0.001524166410323781,0.011593973333878092,0.0015912471298571151,0.018173885414823898,0.021888033348780464,0.023922953957545706,0.027701794641134023,2.996441864815948,5.499619237402542,299644.1864815948,results/gbm_deephedge/benchmark_6_2/runs/seed_0004__train_robust_s0.15-0.2-0.25__feat_b__obj_cvar_a0.95__sigtrue_0.2__sigbar_0.25__lam_0.0005,results/gbm_deephedge,c009314e2e5f263465f6cd0529a0db2ab0f50f926e951c60b0abcedf97b77d0a,76e694c21e709359f62f03a0ba5a97ba6db86a88,GBM_CFG=results/gbm_deephedge/benchmark_6_2/runs/seed_0004__train_robust_s0.15-0.2-0.25__feat_b__obj_cvar_a0.95__sigtrue_0.2__sigbar_0.25__lam_0.0005/run_cfg.json python -m src.train_deephedge_gbm
"train=robust|feat=B|obj=cvar|sigtrue=0.2|sigbar=0.25|lam=0.0005|robust=0.15,0.2,0.25",seed_0004__train_robust_s0.15-0.2-0.25__feat_b__obj_cvar_a0.95__sigtrue_0.2__sigbar_0.25__lam_0.0005,2026-04-02T01:25:26Z,completed,main_benchmark,main,benchmark,True,deep_hedge_robust,robust,deep_hedge_robust,4,B,cvar,0.2,0.25,0.0005,0.15|0.2|0.25,-0.0014877936337143183,0.014466678723692894,0.0015921667218208313,0.021941155195236206,0.02578507736325264,0.028144070878624916,0.03150042146444321,2.940398033134937,4.8385725021362305,294039.8033134937,results/gbm_deephedge/benchmark_6_2/runs/seed_0004__train_robust_s0.15-0.2-0.25__feat_b__obj_cvar_a0.95__sigtrue_0.2__sigbar_0.25__lam_0.0005,results/gbm_deephedge,c009314e2e5f263465f6cd0529a0db2ab0f50f926e951c60b0abcedf97b77d0a,76e694c21e709359f62f03a0ba5a97ba6db86a88,GBM_CFG=results/gbm_deephedge/benchmark_6_2/runs/seed_0004__train_robust_s0.15-0.2-0.25__feat_b__obj_cvar_a0.95__sigtrue_0.2__sigbar_0.25__lam_0.0005/run_cfg.json python -m src.train_deephedge_gbm
"train=robust|feat=B|obj=cvar|sigtrue=0.2|sigbar=0.25|lam=0.001|robust=0.15,0.2,0.25",seed_0004__train_robust_s0.15-0.2-0.25__feat_b__obj_cvar_a0.95__sigtrue_0.2__sigbar_0.25__lam_0.001,2026-04-02T01:25:51Z,completed,main_benchmark,main,benchmark,True,bs_delta,robust,deep_hedge_robust,4,B,cvar,0.2,0.25,0.001,0.15|0.2|0.25,-0.0030564398804425155,0.011488802697248984,0.00312231120111732,0.01958448431708292,0.02341264714137971,0.02564390211793302,0.029472514627859575,2.996441864815948,5.499619237402542,299644.1864815948,results/gbm_deephedge/benchmark_6_2/runs/seed_0004__train_robust_s0.15-0.2-0.25__feat_b__obj_cvar_a0.95__sigtrue_0.2__sigbar_0.25__lam_0.001,results/gbm_deephedge,2372aa6a17a5291f7daea11f945a324cf366913134bf83df5e195bd0ca54e151,76e694c21e709359f62f03a0ba5a97ba6db86a88,GBM_CFG=results/gbm_deephedge/benchmark_6_2/runs/seed_0004__train_robust_s0.15-0.2-0.25__feat_b__obj_cvar_a0.95__sigtrue_0.2__sigbar_0.25__lam_0.001/run_cfg.json python -m src.train_deephedge_gbm
"train=robust|feat=B|obj=cvar|sigtrue=0.2|sigbar=0.25|lam=0.001|robust=0.15,0.2,0.25",seed_0004__train_robust_s0.15-0.2-0.25__feat_b__obj_cvar_a0.95__sigtrue_0.2__sigbar_0.25__lam_0.001,2026-04-02T01:25:51Z,completed,main_benchmark,main,benchmark,True,deep_hedge_robust,robust,deep_hedge_robust,4,B,cvar,0.2,0.25,0.001,0.15|0.2|0.25,-0.0029503570403903723,0.01484422292560339,0.0030602440237998962,0.02439877763390541,0.028232427313923836,0.030568746849894524,0.03365866839885712,2.907644093863964,4.7527594566345215,290764.4093863964,results/gbm_deephedge/benchmark_6_2/runs/seed_0004__train_robust_s0.15-0.2-0.25__feat_b__obj_cvar_a0.95__sigtrue_0.2__sigbar_0.25__lam_0.001,results/gbm_deephedge,2372aa6a17a5291f7daea11f945a324cf366913134bf83df5e195bd0ca54e151,76e694c21e709359f62f03a0ba5a97ba6db86a88,GBM_CFG=results/gbm_deephedge/benchmark_6_2/runs/seed_0004__train_robust_s0.15-0.2-0.25__feat_b__obj_cvar_a0.95__sigtrue_0.2__sigbar_0.25__lam_0.001/run_cfg.json python -m src.train_deephedge_gbm
"train=robust|feat=B|obj=cvar|sigtrue=0.2|sigbar=0.2|lam=0|robust=0.15,0.2,0.25",seed_0004__train_robust_s0.15-0.2-0.25__feat_b__obj_cvar_a0.95__sigtrue_0.2__sigbar_0.2__lam_0,2026-04-01T22:10:57Z,completed,main_benchmark,main,benchmark,True,bs_delta,robust,deep_hedge_robust,4,B,cvar,0.2,0.2,0.0,0.15|0.2|0.25,8.786801194949813e-06,0.009659083552211718,3.789811102272722e-05,0.01590945979938523,0.022490812478089196,0.026504315329041215,0.0329868673146558,3.2278819258814186,6.357637441922621,322788.1925881419,results/gbm_deephedge/benchmark_6_2/runs/seed_0004__train_robust_s0.15-0.2-0.25__feat_b__obj_cvar_a0.95__sigtrue_0.2__sigbar_0.2__lam_0,results/gbm_deephedge,113c2b20ac429ed38c95a4bb3d92556b8a1f6265b82e07196388d356c713d663,76e694c21e709359f62f03a0ba5a97ba6db86a88,GBM_CFG=results/gbm_deephedge/benchmark_6_2/runs/seed_0004__train_robust_s0.15-0.2-0.25__feat_b__obj_cvar_a0.95__sigtrue_0.2__sigbar_0.2__lam_0/run_cfg.json python -m src.train_deephedge_gbm
"train=robust|feat=B|obj=cvar|sigtrue=0.2|sigbar=0.2|lam=0|robust=0.15,0.2,0.25",seed_0004__train_robust_s0.15-0.2-0.25__feat_b__obj_cvar_a0.95__sigtrue_0.2__sigbar_0.2__lam_0,2026-04-01T22:10:57Z,completed,main_benchmark,main,benchmark,True,deep_hedge_robust,robust,deep_hedge_robust,4,B,cvar,0.2,0.2,0.0,0.15|0.2|0.25,1.2506347047747113e-05,0.01493156235665083,9.875744581222534e-05,0.021977093070745468,0.025853699073195457,0.02820388413965702,0.031044749543070793,2.9494091054952145,4.866206645965576,294940.91054952145,results/gbm_deephedge/benchmark_6_2/runs/seed_0004__train_robust_s0.15-0.2-0.25__feat_b__obj_cvar_a0.95__sigtrue_0.2__sigbar_0.2__lam_0,results/gbm_deephedge,113c2b20ac429ed38c95a4bb3d92556b8a1f6265b82e07196388d356c713d663,76e694c21e709359f62f03a0ba5a97ba6db86a88,GBM_CFG=results/gbm_deephedge/benchmark_6_2/runs/seed_0004__train_robust_s0.15-0.2-0.25__feat_b__obj_cvar_a0.95__sigtrue_0.2__sigbar_0.2__lam_0/run_cfg.json python -m src.train_deephedge_gbm
"train=robust|feat=B|obj=cvar|sigtrue=0.2|sigbar=0.2|lam=0.0001|robust=0.15,0.2,0.25",seed_0004__train_robust_s0.15-0.2-0.25__feat_b__obj_cvar_a0.95__sigtrue_0.2__sigbar_0.2__lam_0.0001,2026-04-01T22:51:11Z,completed,main_benchmark,main,benchmark,True,bs_delta,robust,deep_hedge_robust,4,B,cvar,0.2,0.2,0.0001,0.15|0.2|0.25,-0.00032095755211546605,0.009671684157027897,0.0003677666788383799,0.016315688066601497,0.022921936293030874,0.026945675070215336,0.03345674430399398,3.2278819258814186,6.357637441922621,322788.1925881419,results/gbm_deephedge/benchmark_6_2/runs/seed_0004__train_robust_s0.15-0.2-0.25__feat_b__obj_cvar_a0.95__sigtrue_0.2__sigbar_0.2__lam_0.0001,results/gbm_deephedge,d6d4ba68312a892428e6be949700dfac7bfa45e1b3db1838fb22fb94b23ce1ea,76e694c21e709359f62f03a0ba5a97ba6db86a88,GBM_CFG=results/gbm_deephedge/benchmark_6_2/runs/seed_0004__train_robust_s0.15-0.2-0.25__feat_b__obj_cvar_a0.95__sigtrue_0.2__sigbar_0.2__lam_0.0001/run_cfg.json python -m src.train_deephedge_gbm
"train=robust|feat=B|obj=cvar|sigtrue=0.2|sigbar=0.2|lam=0.0001|robust=0.15,0.2,0.25",seed_0004__train_robust_s0.15-0.2-0.25__feat_b__obj_cvar_a0.95__sigtrue_0.2__sigbar_0.2__lam_0.0001,2026-04-01T22:51:11Z,completed,main_benchmark,main,benchmark,True,deep_hedge_robust,robust,deep_hedge_robust,4,B,cvar,0.2,0.2,0.0001,0.15|0.2|0.25,-0.00029169852496124804,0.014755381271243095,0.0004003196954727173,0.021565575152635574,0.02520333230495453,0.02739936299622059,0.030292145907878876,2.9844958056139945,4.918386459350586,298449.58056139946,results/gbm_deephedge/benchmark_6_2/runs/seed_0004__train_robust_s0.15-0.2-0.25__feat_b__obj_cvar_a0.95__sigtrue_0.2__sigbar_0.2__lam_0.0001,results/gbm_deephedge,d6d4ba68312a892428e6be949700dfac7bfa45e1b3db1838fb22fb94b23ce1ea,76e694c21e709359f62f03a0ba5a97ba6db86a88,GBM_CFG=results/gbm_deephedge/benchmark_6_2/runs/seed_0004__train_robust_s0.15-0.2-0.25__feat_b__obj_cvar_a0.95__sigtrue_0.2__sigbar_0.2__lam_0.0001/run_cfg.json python -m src.train_deephedge_gbm
"train=robust|feat=B|obj=cvar|sigtrue=0.2|sigbar=0.2|lam=0.0005|robust=0.15,0.2,0.25",seed_0004__train_robust_s0.15-0.2-0.25__feat_b__obj_cvar_a0.95__sigtrue_0.2__sigbar_0.2__lam_0.0005,2026-04-01T23:39:05Z,completed,main_benchmark,main,benchmark,True,bs_delta,robust,deep_hedge_robust,4,B,cvar,0.2,0.2,0.0005,0.15|0.2|0.25,-0.0016399350852217697,0.009732198334847862,0.0016873412201728472,0.01794588914194687,0.02465676848030738,0.028800681434337557,0.03534173459092648,3.2278819258814186,6.357637441922621,322788.1925881419,results/gbm_deephedge/benchmark_6_2/runs/seed_0004__train_robust_s0.15-0.2-0.25__feat_b__obj_cvar_a0.95__sigtrue_0.2__sigbar_0.2__lam_0.0005,results/gbm_deephedge,6e54ef0f792f6bff4da5a0b97715fc21fd6260773a0aa8734847a4ac38f656ca,76e694c21e709359f62f03a0ba5a97ba6db86a88,GBM_CFG=results/gbm_deephedge/benchmark_6_2/runs/seed_0004__train_robust_s0.15-0.2-0.25__feat_b__obj_cvar_a0.95__sigtrue_0.2__sigbar_0.2__lam_0.0005/run_cfg.json python -m src.train_deephedge_gbm
"train=robust|feat=B|obj=cvar|sigtrue=0.2|sigbar=0.2|lam=0.0005|robust=0.15,0.2,0.25",seed_0004__train_robust_s0.15-0.2-0.25__feat_b__obj_cvar_a0.95__sigtrue_0.2__sigbar_0.2__lam_0.0005,2026-04-01T23:39:05Z,completed,main_benchmark,main,benchmark,True,deep_hedge_robust,robust,deep_hedge_robust,4,B,cvar,0.2,0.2,0.0005,0.15|0.2|0.25,-0.0014877936337143183,0.014466678723692894,0.0015921667218208313,0.021941155195236206,0.02578507736325264,0.028144070878624916,0.03150042146444321,2.940398033134937,4.8385725021362305,294039.8033134937,results/gbm_deephedge/benchmark_6_2/runs/seed_0004__train_robust_s0.15-0.2-0.25__feat_b__obj_cvar_a0.95__sigtrue_0.2__sigbar_0.2__lam_0.0005,results/gbm_deephedge,6e54ef0f792f6bff4da5a0b97715fc21fd6260773a0aa8734847a4ac38f656ca,76e694c21e709359f62f03a0ba5a97ba6db86a88,GBM_CFG=results/gbm_deephedge/benchmark_6_2/runs/seed_0004__train_robust_s0.15-0.2-0.25__feat_b__obj_cvar_a0.95__sigtrue_0.2__sigbar_0.2__lam_0.0005/run_cfg.json python -m src.train_deephedge_gbm
"train=robust|feat=B|obj=cvar|sigtrue=0.2|sigbar=0.2|lam=0.001|robust=0.15,0.2,0.25",seed_0004__train_robust_s0.15-0.2-0.25__feat_b__obj_cvar_a0.95__sigtrue_0.2__sigbar_0.2__lam_0.001,2026-04-02T00:19:02Z,completed,main_benchmark,main,benchmark,True,bs_delta,robust,deep_hedge_robust,4,B,cvar,0.2,0.2,0.001,0.15|0.2|0.25,-0.0032886569716384893,0.009830218964967897,0.0033370346918075167,0.019989025915359972,0.026847841452522402,0.031079927334537853,0.037712653094876904,3.2278819258814186,6.357637441922621,322788.1925881419,results/gbm_deephedge/benchmark_6_2/runs/seed_0004__train_robust_s0.15-0.2-0.25__feat_b__obj_cvar_a0.95__sigtrue_0.2__sigbar_0.2__lam_0.001,results/gbm_deephedge,af236744a87524fdfe3e4e07fab247ad80820b6f87e4331d48be7d1255d14019,76e694c21e709359f62f03a0ba5a97ba6db86a88,GBM_CFG=results/gbm_deephedge/benchmark_6_2/runs/seed_0004__train_robust_s0.15-0.2-0.25__feat_b__obj_cvar_a0.95__sigtrue_0.2__sigbar_0.2__lam_0.001/run_cfg.json python -m src.train_deephedge_gbm
"train=robust|feat=B|obj=cvar|sigtrue=0.2|sigbar=0.2|lam=0.001|robust=0.15,0.2,0.25",seed_0004__train_robust_s0.15-0.2-0.25__feat_b__obj_cvar_a0.95__sigtrue_0.2__sigbar_0.2__lam_0.001,2026-04-02T00:19:02Z,completed,main_benchmark,main,benchmark,True,deep_hedge_robust,robust,deep_hedge_robust,4,B,cvar,0.2,0.2,0.001,0.15|0.2|0.25,-0.0029503570403903723,0.01484422292560339,0.0030602440237998962,0.02439877763390541,0.028232427313923836,0.030568746849894524,0.03365866839885712,2.907644093863964,4.7527594566345215,290764.4093863964,results/gbm_deephedge/benchmark_6_2/runs/seed_0004__train_robust_s0.15-0.2-0.25__feat_b__obj_cvar_a0.95__sigtrue_0.2__sigbar_0.2__lam_0.001,results/gbm_deephedge,af236744a87524fdfe3e4e07fab247ad80820b6f87e4331d48be7d1255d14019,76e694c21e709359f62f03a0ba5a97ba6db86a88,GBM_CFG=results/gbm_deephedge/benchmark_6_2/runs/seed_0004__train_robust_s0.15-0.2-0.25__feat_b__obj_cvar_a0.95__sigtrue_0.2__sigbar_0.2__lam_0.001/run_cfg.json python -m src.train_deephedge_gbm
"train=robust|feat=B|obj=cvar|sigtrue=0.2|sigbar=0.3|lam=0|robust=0.15,0.2,0.25",seed_0004__train_robust_s0.15-0.2-0.25__feat_b__obj_cvar_a0.95__sigtrue_0.2__sigbar_0.3__lam_0,2026-04-02T01:24:40Z,completed,main_benchmark,main,benchmark,True,bs_delta,robust,deep_hedge_robust,4,B,cvar,0.2,0.3,0.0,0.15|0.2|0.25,8.903333406928042e-06,0.01538097372852561,0.00010920125955946047,0.02340982913557591,0.027353756028462396,0.029909473483054137,0.03258699914348753,2.813990696553059,4.907852490363905,281399.0696553059,results/gbm_deephedge/benchmark_6_2/runs/seed_0004__train_robust_s0.15-0.2-0.25__feat_b__obj_cvar_a0.95__sigtrue_0.2__sigbar_0.3__lam_0,results/gbm_deephedge,bee366bf6a797153aadbca7796753953ed3f952e7ab9799c62c4fc8175e672fc,76e694c21e709359f62f03a0ba5a97ba6db86a88,GBM_CFG=results/gbm_deephedge/benchmark_6_2/runs/seed_0004__train_robust_s0.15-0.2-0.25__feat_b__obj_cvar_a0.95__sigtrue_0.2__sigbar_0.3__lam_0/run_cfg.json python -m src.train_deephedge_gbm
"train=robust|feat=B|obj=cvar|sigtrue=0.2|sigbar=0.3|lam=0|robust=0.15,0.2,0.25",seed_0004__train_robust_s0.15-0.2-0.25__feat_b__obj_cvar_a0.95__sigtrue_0.2__sigbar_0.3__lam_0,2026-04-02T01:24:40Z,completed,main_benchmark,main,benchmark,True,deep_hedge_robust,robust,deep_hedge_robust,4,B,cvar,0.2,0.3,0.0,0.15|0.2|0.25,1.2506347047747113e-05,0.01493156235665083,9.875744581222534e-05,0.021977093070745468,0.025853699073195457,0.02820388413965702,0.031044749543070793,2.9494091054952145,4.866206645965576,294940.91054952145,results/gbm_deephedge/benchmark_6_2/runs/seed_0004__train_robust_s0.15-0.2-0.25__feat_b__obj_cvar_a0.95__sigtrue_0.2__sigbar_0.3__lam_0,results/gbm_deephedge,bee366bf6a797153aadbca7796753953ed3f952e7ab9799c62c4fc8175e672fc,76e694c21e709359f62f03a0ba5a97ba6db86a88,GBM_CFG=results/gbm_deephedge/benchmark_6_2/runs/seed_0004__train_robust_s0.15-0.2-0.25__feat_b__obj_cvar_a0.95__sigtrue_0.2__sigbar_0.3__lam_0/run_cfg.json python -m src.train_deephedge_gbm
"train=robust|feat=B|obj=cvar|sigtrue=0.2|sigbar=0.3|lam=0.0001|robust=0.15,0.2,0.25",seed_0004__train_robust_s0.15-0.2-0.25__feat_b__obj_cvar_a0.95__sigtrue_0.2__sigbar_0.3__lam_0.0001,2026-04-02T01:25:05Z,completed,main_benchmark,main,benchmark,True,bs_delta,robust,deep_hedge_robust,4,B,cvar,0.2,0.3,0.0001,0.15|0.2|0.25,-0.00027917956742346206,0.015349174098251383,0.0003967945864908756,0.02363524226800411,0.027561282550418446,0.03009383435394747,0.032781886247099504,2.813990696553059,4.907852490363905,281399.0696553059,results/gbm_deephedge/benchmark_6_2/runs/seed_0004__train_robust_s0.15-0.2-0.25__feat_b__obj_cvar_a0.95__sigtrue_0.2__sigbar_0.3__lam_0.0001,results/gbm_deephedge,f74ae60f2a0586b0a057232a499b24062e87bd3fa2b330bc8e33077e3e861275,76e694c21e709359f62f03a0ba5a97ba6db86a88,GBM_CFG=results/gbm_deephedge/benchmark_6_2/runs/seed_0004__train_robust_s0.15-0.2-0.25__feat_b__obj_cvar_a0.95__sigtrue_0.2__sigbar_0.3__lam_0.0001/run_cfg.json python -m src.train_deephedge_gbm
"train=robust|feat=B|obj=cvar|sigtrue=0.2|sigbar=0.3|lam=0.0001|robust=0.15,0.2,0.25",seed_0004__train_robust_s0.15-0.2-0.25__feat_b__obj_cvar_a0.95__sigtrue_0.2__sigbar_0.3__lam_0.0001,2026-04-02T01:25:05Z,completed,main_benchmark,main,benchmark,True,deep_hedge_robust,robust,deep_hedge_robust,4,B,cvar,0.2,0.3,0.0001,0.15|0.2|0.25,-0.00029169852496124804,0.014755381271243095,0.0004003196954727173,0.021565575152635574,0.02520333230495453,0.02739936299622059,0.030292145907878876,2.9844958056139945,4.918386459350586,298449.58056139946,results/gbm_deephedge/benchmark_6_2/runs/seed_0004__train_robust_s0.15-0.2-0.25__feat_b__obj_cvar_a0.95__sigtrue_0.2__sigbar_0.3__lam_0.0001,results/gbm_deephedge,f74ae60f2a0586b0a057232a499b24062e87bd3fa2b330bc8e33077e3e861275,76e694c21e709359f62f03a0ba5a97ba6db86a88,GBM_CFG=results/gbm_deephedge/benchmark_6_2/runs/seed_0004__train_robust_s0.15-0.2-0.25__feat_b__obj_cvar_a0.95__sigtrue_0.2__sigbar_0.3__lam_0.0001/run_cfg.json python -m src.train_deephedge_gbm
"train=robust|feat=B|obj=cvar|sigtrue=0.2|sigbar=0.3|lam=0.0005|robust=0.15,0.2,0.25",seed_0004__train_robust_s0.15-0.2-0.25__feat_b__obj_cvar_a0.95__sigtrue_0.2__sigbar_0.3__lam_0.0005,2026-04-02T01:25:29Z,completed,main_benchmark,main,benchmark,True,bs_delta,robust,deep_hedge_robust,4,B,cvar,0.2,0.3,0.0005,0.15|0.2|0.25,-0.0014315112754724071,0.015225242175509716,0.0015472282039279556,0.024557132861173173,0.028404685562869146,0.03088345339768557,0.03358180061299478,2.813990696553059,4.907852490363905,281399.0696553059,results/gbm_deephedge/benchmark_6_2/runs/seed_0004__train_robust_s0.15-0.2-0.25__feat_b__obj_cvar_a0.95__sigtrue_0.2__sigbar_0.3__lam_0.0005,results/gbm_deephedge,7642a10fb9d03025d5a722a04605508a0f0ff3c96a24b6fc2711d8f70fc0a9dc,76e694c21e709359f62f03a0ba5a97ba6db86a88,GBM_CFG=results/gbm_deephedge/benchmark_6_2/runs/seed_0004__train_robust_s0.15-0.2-0.25__feat_b__obj_cvar_a0.95__sigtrue_0.2__sigbar_0.3__lam_0.0005/run_cfg.json python -m src.train_deephedge_gbm
"train=robust|feat=B|obj=cvar|sigtrue=0.2|sigbar=0.3|lam=0.0005|robust=0.15,0.2,0.25",seed_0004__train_robust_s0.15-0.2-0.25__feat_b__obj_cvar_a0.95__sigtrue_0.2__sigbar_0.3__lam_0.0005,2026-04-02T01:25:29Z,completed,main_benchmark,main,benchmark,True,deep_hedge_robust,robust,deep_hedge_robust,4,B,cvar,0.2,0.3,0.0005,0.15|0.2|0.25,-0.0014877936337143183,0.014466678723692894,0.0015921667218208313,0.021941155195236206,0.02578507736325264,0.028144070878624916,0.03150042146444321,2.940398033134937,4.8385725021362305,294039.8033134937,results/gbm_deephedge/benchmark_6_2/runs/seed_0004__train_robust_s0.15-0.2-0.25__feat_b__obj_cvar_a0.95__sigtrue_0.2__sigbar_0.3__lam_0.0005,results/gbm_deephedge,7642a10fb9d03025d5a722a04605508a0f0ff3c96a24b6fc2711d8f70fc0a9dc,76e694c21e709359f62f03a0ba5a97ba6db86a88,GBM_CFG=results/gbm_deephedge/benchmark_6_2/runs/seed_0004__train_robust_s0.15-0.2-0.25__feat_b__obj_cvar_a0.95__sigtrue_0.2__sigbar_0.3__lam_0.0005/run_cfg.json python -m src.train_deephedge_gbm
"train=robust|feat=B|obj=cvar|sigtrue=0.2|sigbar=0.3|lam=0.001|robust=0.15,0.2,0.25",seed_0004__train_robust_s0.15-0.2-0.25__feat_b__obj_cvar_a0.95__sigtrue_0.2__sigbar_0.3__lam_0.001,2026-04-02T01:25:54Z,completed,main_benchmark,main,benchmark,True,bs_delta,robust,deep_hedge_robust,4,B,cvar,0.2,0.3,0.001,0.15|0.2|0.25,-0.002871925884351743,0.015077826585918655,0.0029854056506518345,0.025684570222904612,0.02949185026836584,0.03196985191414354,0.03463568783215021,2.813990696553059,4.907852490363905,281399.0696553059,results/gbm_deephedge/benchmark_6_2/runs/seed_0004__train_robust_s0.15-0.2-0.25__feat_b__obj_cvar_a0.95__sigtrue_0.2__sigbar_0.3__lam_0.001,results/gbm_deephedge,5c1d4ce51a1c1e620688aba254508815ea2f8b08656ef25ecce63632cbe21483,76e694c21e709359f62f03a0ba5a97ba6db86a88,GBM_CFG=results/gbm_deephedge/benchmark_6_2/runs/seed_0004__train_robust_s0.15-0.2-0.25__feat_b__obj_cvar_a0.95__sigtrue_0.2__sigbar_0.3__lam_0.001/run_cfg.json python -m src.train_deephedge_gbm
"train=robust|feat=B|obj=cvar|sigtrue=0.2|sigbar=0.3|lam=0.001|robust=0.15,0.2,0.25",seed_0004__train_robust_s0.15-0.2-0.25__feat_b__obj_cvar_a0.95__sigtrue_0.2__sigbar_0.3__lam_0.001,2026-04-02T01:25:54Z,completed,main_benchmark,main,benchmark,True,deep_hedge_robust,robust,deep_hedge_robust,4,B,cvar,0.2,0.3,0.001,0.15|0.2|0.25,-0.0029503570403903723,0.01484422292560339,0.0030602440237998962,0.02439877763390541,0.028232427313923836,0.030568746849894524,0.03365866839885712,2.907644093863964,4.7527594566345215,290764.4093863964,results/gbm_deephedge/benchmark_6_2/runs/seed_0004__train_robust_s0.15-0.2-0.25__feat_b__obj_cvar_a0.95__sigtrue_0.2__sigbar_0.3__lam_0.001,results/gbm_deephedge,5c1d4ce51a1c1e620688aba254508815ea2f8b08656ef25ecce63632cbe21483,76e694c21e709359f62f03a0ba5a97ba6db86a88,GBM_CFG=results/gbm_deephedge/benchmark_6_2/runs/seed_0004__train_robust_s0.15-0.2-0.25__feat_b__obj_cvar_a0.95__sigtrue_0.2__sigbar_0.3__lam_0.001/run_cfg.json python -m src.train_deephedge_gbm
train=oracle|feat=B|obj=cvar|sigtrue=0.2|sigbar=0.15|lam=0|robust=none,seed_0005__train_oracle__feat_b__obj_cvar_a0.95__sigtrue_0.2__sigbar_0.15__lam_0,2026-04-02T01:25:59Z,completed,main_benchmark,main,benchmark,True,bs_delta,oracle,deep_hedge_oracle,5,B,cvar,0.2,0.15,0.0,,2.067465045301746e-05,0.013006005731807452,6.430742013963098e-05,0.024732945731603367,0.03412203271356623,0.03980863232408823,0.048930495141792305,3.5243566148727514,7.820426107687613,352435.66148727515,results/gbm_deephedge/benchmark_6_2/runs/seed_0005__train_oracle__feat_b__obj_cvar_a0.95__sigtrue_0.2__sigbar_0.15__lam_0,results/gbm_deephedge,0037526fe4aff058df39963f2bd1f5867f49950e89c1f06714f38e04693f92a7,76e694c21e709359f62f03a0ba5a97ba6db86a88,GBM_CFG=results/gbm_deephedge/benchmark_6_2/runs/seed_0005__train_oracle__feat_b__obj_cvar_a0.95__sigtrue_0.2__sigbar_0.15__lam_0/run_cfg.json python -m src.train_deephedge_gbm
train=oracle|feat=B|obj=cvar|sigtrue=0.2|sigbar=0.15|lam=0|robust=none,seed_0005__train_oracle__feat_b__obj_cvar_a0.95__sigtrue_0.2__sigbar_0.15__lam_0,2026-04-02T01:25:59Z,completed,main_benchmark,main,benchmark,True,deep_hedge_oracle,oracle,deep_hedge_oracle,5,B,cvar,0.2,0.15,0.0,,1.5727653590147384e-05,0.011957324109971523,5.564838647842407e-05,0.016706110909581184,0.021289434283971786,0.023938922211527824,0.02880336344242096,3.1876269689691066,5.901264667510986,318762.69689691067,results/gbm_deephedge/benchmark_6_2/runs/seed_0005__train_oracle__feat_b__obj_cvar_a0.95__sigtrue_0.2__sigbar_0.15__lam_0,results/gbm_deephedge,0037526fe4aff058df39963f2bd1f5867f49950e89c1f06714f38e04693f92a7,76e694c21e709359f62f03a0ba5a97ba6db86a88,GBM_CFG=results/gbm_deephedge/benchmark_6_2/runs/seed_0005__train_oracle__feat_b__obj_cvar_a0.95__sigtrue_0.2__sigbar_0.15__lam_0/run_cfg.json python -m src.train_deephedge_gbm
train=oracle|feat=B|obj=cvar|sigtrue=0.2|sigbar=0.15|lam=0.0001|robust=none,seed_0005__train_oracle__feat_b__obj_cvar_a0.95__sigtrue_0.2__sigbar_0.15__lam_0.0001,2026-04-02T01:26:24Z,completed,main_benchmark,main,benchmark,True,bs_delta,oracle,deep_hedge_oracle,5,B,cvar,0.2,0.15,0.0001,,-0.00033876763697860497,0.01308397316176011,0.0004247725764084942,0.02522861820534004,0.03465456755635815,0.04037932549516974,0.049498642012909676,3.5243566148727514,7.820426107687613,352435.66148727515,results/gbm_deephedge/benchmark_6_2/runs/seed_0005__train_oracle__feat_b__obj_cvar_a0.95__sigtrue_0.2__sigbar_0.15__lam_0.0001,results/gbm_deephedge,16337f3ab1d15c27f6111314bcbabcaf14ad927d6e7ad94c7d8eb29c874d3fe8,76e694c21e709359f62f03a0ba5a97ba6db86a88,GBM_CFG=results/gbm_deephedge/benchmark_6_2/runs/seed_0005__train_oracle__feat_b__obj_cvar_a0.95__sigtrue_0.2__sigbar_0.15__lam_0.0001/run_cfg.json python -m src.train_deephedge_gbm
train=oracle|feat=B|obj=cvar|sigtrue=0.2|sigbar=0.15|lam=0.0001|robust=none,seed_0005__train_oracle__feat_b__obj_cvar_a0.95__sigtrue_0.2__sigbar_0.15__lam_0.0001,2026-04-02T01:26:24Z,completed,main_benchmark,main,benchmark,True,deep_hedge_oracle,oracle,deep_hedge_oracle,5,B,cvar,0.2,0.15,0.0001,,-0.0003030894440598786,0.012030861340463161,0.00037524476647377014,0.017125483602285385,0.02154683507978916,0.024197928607463837,0.028778767213225365,3.130467091803551,5.82147216796875,313046.7091803551,results/gbm_deephedge/benchmark_6_2/runs/seed_0005__train_oracle__feat_b__obj_cvar_a0.95__sigtrue_0.2__sigbar_0.15__lam_0.0001,results/gbm_deephedge,16337f3ab1d15c27f6111314bcbabcaf14ad927d6e7ad94c7d8eb29c874d3fe8,76e694c21e709359f62f03a0ba5a97ba6db86a88,GBM_CFG=results/gbm_deephedge/benchmark_6_2/runs/seed_0005__train_oracle__feat_b__obj_cvar_a0.95__sigtrue_0.2__sigbar_0.15__lam_0.0001/run_cfg.json python -m src.train_deephedge_gbm
train=oracle|feat=B|obj=cvar|sigtrue=0.2|sigbar=0.15|lam=0.0005|robust=none,seed_0005__train_oracle__feat_b__obj_cvar_a0.95__sigtrue_0.2__sigbar_0.15__lam_0.0005,2026-04-02T01:26:48Z,completed,main_benchmark,main,benchmark,True,bs_delta,oracle,deep_hedge_oracle,5,B,cvar,0.2,0.15,0.0005,,-0.0017765369174891207,0.013402414658601251,0.0018667825307878139,0.027267625091208968,0.036790359484565265,0.04252322457420928,0.05177789826812164,3.5243566148727514,7.820426107687613,352435.66148727515,results/gbm_deephedge/benchmark_6_2/runs/seed_0005__train_oracle__feat_b__obj_cvar_a0.95__sigtrue_0.2__sigbar_0.15__lam_0.0005,results/gbm_deephedge,56d32205e65e2fed07d7d4571a1bc04e936b8aa6448494b6af38f9a66225fbc8,76e694c21e709359f62f03a0ba5a97ba6db86a88,GBM_CFG=results/gbm_deephedge/benchmark_6_2/runs/seed_0005__train_oracle__feat_b__obj_cvar_a0.95__sigtrue_0.2__sigbar_0.15__lam_0.0005/run_cfg.json python -m src.train_deephedge_gbm
train=oracle|feat=B|obj=cvar|sigtrue=0.2|sigbar=0.15|lam=0.0005|robust=none,seed_0005__train_oracle__feat_b__obj_cvar_a0.95__sigtrue_0.2__sigbar_0.15__lam_0.0005,2026-04-02T01:26:48Z,completed,main_benchmark,main,benchmark,True,deep_hedge_oracle,oracle,deep_hedge_oracle,5,B,cvar,0.2,0.15,0.0005,,-0.001555085415020585,0.012236027978360653,0.001629699021577835,0.018553724512457848,0.022950874641537666,0.025466615334153175,0.030105149373412132,3.0880674230790137,5.696322441101074,308806.7423079014,results/gbm_deephedge/benchmark_6_2/runs/seed_0005__train_oracle__feat_b__obj_cvar_a0.95__sigtrue_0.2__sigbar_0.15__lam_0.0005,results/gbm_deephedge,56d32205e65e2fed07d7d4571a1bc04e936b8aa6448494b6af38f9a66225fbc8,76e694c21e709359f62f03a0ba5a97ba6db86a88,GBM_CFG=results/gbm_deephedge/benchmark_6_2/runs/seed_0005__train_oracle__feat_b__obj_cvar_a0.95__sigtrue_0.2__sigbar_0.15__lam_0.0005/run_cfg.json python -m src.train_deephedge_gbm
train=oracle|feat=B|obj=cvar|sigtrue=0.2|sigbar=0.15|lam=0.001|robust=none,seed_0005__train_oracle__feat_b__obj_cvar_a0.95__sigtrue_0.2__sigbar_0.15__lam_0.001,2026-04-02T01:27:13Z,completed,main_benchmark,main,benchmark,True,bs_delta,oracle,deep_hedge_oracle,5,B,cvar,0.2,0.15,0.001,,-0.0035737484854312593,0.013814393828359776,0.0036696306343423635,0.029809570629445323,0.03947266620055635,0.0452154425485455,0.05464061782104095,3.5243566148727514,7.820426107687613,352435.66148727515,results/gbm_deephedge/benchmark_6_2/runs/seed_0005__train_oracle__feat_b__obj_cvar_a0.95__sigtrue_0.2__sigbar_0.15__lam_0.001,results/gbm_deephedge,0cba0b983a449335dd2bb0a5dee500324a341764c7f06760b7ed1ad9339d5845,76e694c21e709359f62f03a0ba5a97ba6db86a88,GBM_CFG=results/gbm_deephedge/benchmark_6_2/runs/seed_0005__train_oracle__feat_b__obj_cvar_a0.95__sigtrue_0.2__sigbar_0.15__lam_0.001/run_cfg.json python -m src.train_deephedge_gbm
train=oracle|feat=B|obj=cvar|sigtrue=0.2|sigbar=0.15|lam=0.001|robust=none,seed_0005__train_oracle__feat_b__obj_cvar_a0.95__sigtrue_0.2__sigbar_0.15__lam_0.001,2026-04-02T01:27:13Z,completed,main_benchmark,main,benchmark,True,deep_hedge_oracle,oracle,deep_hedge_oracle,5,B,cvar,0.2,0.15,0.001,,-0.003103043884038925,0.012042699381709099,0.0031753405928611755,0.02004392445087433,0.024651017040014267,0.027399476617574692,0.03225068747997284,3.0679525633835794,5.621031284332275,306795.2563383579,results/gbm_deephedge/benchmark_6_2/runs/seed_0005__train_oracle__feat_b__obj_cvar_a0.95__sigtrue_0.2__sigbar_0.15__lam_0.001,results/gbm_deephedge,0cba0b983a449335dd2bb0a5dee500324a341764c7f06760b7ed1ad9339d5845,76e694c21e709359f62f03a0ba5a97ba6db86a88,GBM_CFG=results/gbm_deephedge/benchmark_6_2/runs/seed_0005__train_oracle__feat_b__obj_cvar_a0.95__sigtrue_0.2__sigbar_0.15__lam_0.001/run_cfg.json python -m src.train_deephedge_gbm
train=oracle|feat=B|obj=cvar|sigtrue=0.2|sigbar=0.1|lam=0|robust=none,seed_0005__train_oracle__feat_b__obj_cvar_a0.95__sigtrue_0.2__sigbar_0.1__lam_0,2026-04-02T01:25:57Z,completed,main_benchmark,main,benchmark,True,bs_delta,oracle,deep_hedge_oracle,5,B,cvar,0.2,0.1,0.0,,5.18980898775455e-05,0.022402542966277354,0.00020056609750543353,0.04161084507807119,0.05484505099390646,0.06286415485482291,0.07467148341587178,3.928917705648198,9.572103338742298,392891.7705648198,results/gbm_deephedge/benchmark_6_2/runs/seed_0005__train_oracle__feat_b__obj_cvar_a0.95__sigtrue_0.2__sigbar_0.1__lam_0,results/gbm_deephedge,f5f86b49eab8e2f6f9756569b1f6e5072ba07793685a73eae9f909d91004b2cb,76e694c21e709359f62f03a0ba5a97ba6db86a88,GBM_CFG=results/gbm_deephedge/benchmark_6_2/runs/seed_0005__train_oracle__feat_b__obj_cvar_a0.95__sigtrue_0.2__sigbar_0.1__lam_0/run_cfg.json python -m src.train_deephedge_gbm
train=oracle|feat=B|obj=cvar|sigtrue=0.2|sigbar=0.1|lam=0|robust=none,seed_0005__train_oracle__feat_b__obj_cvar_a0.95__sigtrue_0.2__sigbar_0.1__lam_0,2026-04-02T01:25:57Z,completed,main_benchmark,main,benchmark,True,deep_hedge_oracle,oracle,deep_hedge_oracle,5,B,cvar,0.2,0.1,0.0,,1.5727653590147384e-05,0.011957324109971523,5.564838647842407e-05,0.016706110909581184,0.021289434283971786,0.023938922211527824,0.02880336344242096,3.1876269689691066,5.901264667510986,318762.69689691067,results/gbm_deephedge/benchmark_6_2/runs/seed_0005__train_oracle__feat_b__obj_cvar_a0.95__sigtrue_0.2__sigbar_0.1__lam_0,results/gbm_deephedge,f5f86b49eab8e2f6f9756569b1f6e5072ba07793685a73eae9f909d91004b2cb,76e694c21e709359f62f03a0ba5a97ba6db86a88,GBM_CFG=results/gbm_deephedge/benchmark_6_2/runs/seed_0005__train_oracle__feat_b__obj_cvar_a0.95__sigtrue_0.2__sigbar_0.1__lam_0/run_cfg.json python -m src.train_deephedge_gbm
train=oracle|feat=B|obj=cvar|sigtrue=0.2|sigbar=0.1|lam=0.0001|robust=none,seed_0005__train_oracle__feat_b__obj_cvar_a0.95__sigtrue_0.2__sigbar_0.1__lam_0.0001,2026-04-02T01:26:21Z,completed,main_benchmark,main,benchmark,True,bs_delta,oracle,deep_hedge_oracle,5,B,cvar,0.2,0.1,0.0001,,-0.0003482418664212791,0.02253606391050711,0.0006037257674086083,0.042221724618355,0.05551631840366674,0.0635865972674501,0.07539172345096586,3.928917705648198,9.572103338742298,392891.7705648198,results/gbm_deephedge/benchmark_6_2/runs/seed_0005__train_oracle__feat_b__obj_cvar_a0.95__sigtrue_0.2__sigbar_0.1__lam_0.0001,results/gbm_deephedge,fdbe23b1262b2d7e6239d51cce76f78ca8c4866ba5703cbfea2d0109264f46ee,76e694c21e709359f62f03a0ba5a97ba6db86a88,GBM_CFG=results/gbm_deephedge/benchmark_6_2/runs/seed_0005__train_oracle__feat_b__obj_cvar_a0.95__sigtrue_0.2__sigbar_0.1__lam_0.0001/run_cfg.json python -m src.train_deephedge_gbm
train=oracle|feat=B|obj=cvar|sigtrue=0.2|sigbar=0.1|lam=0.0001|robust=none,seed_0005__train_oracle__feat_b__obj_cvar_a0.95__sigtrue_0.2__sigbar_0.1__lam_0.0001,2026-04-02T01:26:21Z,completed,main_benchmark,main,benchmark,True,deep_hedge_oracle,oracle,deep_hedge_oracle,5,B,cvar,0.2,0.1,0.0001,,-0.0003030894440598786,0.012030861340463161,0.00037524476647377014,0.017125483602285385,0.02154683507978916,0.024197928607463837,0.028778767213225365,3.130467091803551,5.82147216796875,313046.7091803551,results/gbm_deephedge/benchmark_6_2/runs/seed_0005__train_oracle__feat_b__obj_cvar_a0.95__sigtrue_0.2__sigbar_0.1__lam_0.0001,results/gbm_deephedge,fdbe23b1262b2d7e6239d51cce76f78ca8c4866ba5703cbfea2d0109264f46ee,76e694c21e709359f62f03a0ba5a97ba6db86a88,GBM_CFG=results/gbm_deephedge/benchmark_6_2/runs/seed_0005__train_oracle__feat_b__obj_cvar_a0.95__sigtrue_0.2__sigbar_0.1__lam_0.0001/run_cfg.json python -m src.train_deephedge_gbm
train=oracle|feat=B|obj=cvar|sigtrue=0.2|sigbar=0.1|lam=0.0005|robust=none,seed_0005__train_oracle__feat_b__obj_cvar_a0.95__sigtrue_0.2__sigbar_0.1__lam_0.0005,2026-04-02T01:26:45Z,completed,main_benchmark,main,benchmark,True,bs_delta,oracle,deep_hedge_oracle,5,B,cvar,0.2,0.1,0.0005,,-0.0019488018371991165,0.023073244633427876,0.00221661600668982,0.04471339573122257,0.05820603500158732,0.06642426794453136,0.07827970688867913,3.928917705648198,9.572103338742298,392891.7705648198,results/gbm_deephedge/benchmark_6_2/runs/seed_0005__train_oracle__feat_b__obj_cvar_a0.95__sigtrue_0.2__sigbar_0.1__lam_0.0005,results/gbm_deephedge,302926cec8233ef4cd3997467c50ac72e27f6ee333076a201fef9032a2ae867f,76e694c21e709359f62f03a0ba5a97ba6db86a88,GBM_CFG=results/gbm_deephedge/benchmark_6_2/runs/seed_0005__train_oracle__feat_b__obj_cvar_a0.95__sigtrue_0.2__sigbar_0.1__lam_0.0005/run_cfg.json python -m src.train_deephedge_gbm
train=oracle|feat=B|obj=cvar|sigtrue=0.2|sigbar=0.1|lam=0.0005|robust=none,seed_0005__train_oracle__feat_b__obj_cvar_a0.95__sigtrue_0.2__sigbar_0.1__lam_0.0005,2026-04-02T01:26:45Z,completed,main_benchmark,main,benchmark,True,deep_hedge_oracle,oracle,deep_hedge_oracle,5,B,cvar,0.2,0.1,0.0005,,-0.001555085415020585,0.012236027978360653,0.001629699021577835,0.018553724512457848,0.022950874641537666,0.025466615334153175,0.030105149373412132,3.0880674230790137,5.696322441101074,308806.7423079014,results/gbm_deephedge/benchmark_6_2/runs/seed_0005__train_oracle__feat_b__obj_cvar_a0.95__sigtrue_0.2__sigbar_0.1__lam_0.0005,results/gbm_deephedge,302926cec8233ef4cd3997467c50ac72e27f6ee333076a201fef9032a2ae867f,76e694c21e709359f62f03a0ba5a97ba6db86a88,GBM_CFG=results/gbm_deephedge/benchmark_6_2/runs/seed_0005__train_oracle__feat_b__obj_cvar_a0.95__sigtrue_0.2__sigbar_0.1__lam_0.0005/run_cfg.json python -m src.train_deephedge_gbm
train=oracle|feat=B|obj=cvar|sigtrue=0.2|sigbar=0.1|lam=0.001|robust=none,seed_0005__train_oracle__feat_b__obj_cvar_a0.95__sigtrue_0.2__sigbar_0.1__lam_0.001,2026-04-02T01:27:10Z,completed,main_benchmark,main,benchmark,True,bs_delta,oracle,deep_hedge_oracle,5,B,cvar,0.2,0.1,0.001,,-0.003949501764275778,0.023751293651249526,0.004233294507411084,0.047852800357384984,0.06157787128623763,0.06991209771145561,0.08190225757547692,3.928917705648198,9.572103338742298,392891.7705648198,results/gbm_deephedge/benchmark_6_2/runs/seed_0005__train_oracle__feat_b__obj_cvar_a0.95__sigtrue_0.2__sigbar_0.1__lam_0.001,results/gbm_deephedge,f770bd4d5782d390f57da0ff87b4e1cb24f87493464f11857cd2d3ba741cbe98,76e694c21e709359f62f03a0ba5a97ba6db86a88,GBM_CFG=results/gbm_deephedge/benchmark_6_2/runs/seed_0005__train_oracle__feat_b__obj_cvar_a0.95__sigtrue_0.2__sigbar_0.1__lam_0.001/run_cfg.json python -m src.train_deephedge_gbm
train=oracle|feat=B|obj=cvar|sigtrue=0.2|sigbar=0.1|lam=0.001|robust=none,seed_0005__train_oracle__feat_b__obj_cvar_a0.95__sigtrue_0.2__sigbar_0.1__lam_0.001,2026-04-02T01:27:10Z,completed,main_benchmark,main,benchmark,True,deep_hedge_oracle,oracle,deep_hedge_oracle,5,B,cvar,0.2,0.1,0.001,,-0.003103043884038925,0.012042699381709099,0.0031753405928611755,0.02004392445087433,0.024651017040014267,0.027399476617574692,0.03225068747997284,3.0679525633835794,5.621031284332275,306795.2563383579,results/gbm_deephedge/benchmark_6_2/runs/seed_0005__train_oracle__feat_b__obj_cvar_a0.95__sigtrue_0.2__sigbar_0.1__lam_0.001,results/gbm_deephedge,f770bd4d5782d390f57da0ff87b4e1cb24f87493464f11857cd2d3ba741cbe98,76e694c21e709359f62f03a0ba5a97ba6db86a88,GBM_CFG=results/gbm_deephedge/benchmark_6_2/runs/seed_0005__train_oracle__feat_b__obj_cvar_a0.95__sigtrue_0.2__sigbar_0.1__lam_0.001/run_cfg.json python -m src.train_deephedge_gbm
train=oracle|feat=B|obj=cvar|sigtrue=0.2|sigbar=0.25|lam=0|robust=none,seed_0005__train_oracle__feat_b__obj_cvar_a0.95__sigtrue_0.2__sigbar_0.25__lam_0,2026-04-02T01:26:02Z,completed,main_benchmark,main,benchmark,True,bs_delta,oracle,deep_hedge_oracle,5,B,cvar,0.2,0.25,0.0,,-1.0225575452330511e-05,0.01179531997543804,7.965716538790857e-05,0.016934131760437048,0.020608158099862415,0.022697362961744034,0.026653694524548976,2.992504490604663,5.837294439469488,299250.4490604663,results/gbm_deephedge/benchmark_6_2/runs/seed_0005__train_oracle__feat_b__obj_cvar_a0.95__sigtrue_0.2__sigbar_0.25__lam_0,results/gbm_deephedge,5c352923b0771624655019b7293b0f1660fff007c2fcaf2a22f1af163bb54ab1,76e694c21e709359f62f03a0ba5a97ba6db86a88,GBM_CFG=results/gbm_deephedge/benchmark_6_2/runs/seed_0005__train_oracle__feat_b__obj_cvar_a0.95__sigtrue_0.2__sigbar_0.25__lam_0/run_cfg.json python -m src.train_deephedge_gbm
train=oracle|feat=B|obj=cvar|sigtrue=0.2|sigbar=0.25|lam=0|robust=none,seed_0005__train_oracle__feat_b__obj_cvar_a0.95__sigtrue_0.2__sigbar_0.25__lam_0,2026-04-02T01:26:02Z,completed,main_benchmark,main,benchmark,True,deep_hedge_oracle,oracle,deep_hedge_oracle,5,B,cvar,0.2,0.25,0.0,,1.5727653590147384e-05,0.011957324109971523,5.564838647842407e-05,0.016706110909581184,0.021289434283971786,0.023938922211527824,0.02880336344242096,3.1876269689691066,5.901264667510986,318762.69689691067,results/gbm_deephedge/benchmark_6_2/runs/seed_0005__train_oracle__feat_b__obj_cvar_a0.95__sigtrue_0.2__sigbar_0.25__lam_0,results/gbm_deephedge,5c352923b0771624655019b7293b0f1660fff007c2fcaf2a22f1af163bb54ab1,76e694c21e709359f62f03a0ba5a97ba6db86a88,GBM_CFG=results/gbm_deephedge/benchmark_6_2/runs/seed_0005__train_oracle__feat_b__obj_cvar_a0.95__sigtrue_0.2__sigbar_0.25__lam_0/run_cfg.json python -m src.train_deephedge_gbm
train=oracle|feat=B|obj=cvar|sigtrue=0.2|sigbar=0.25|lam=0.0001|robust=none,seed_0005__train_oracle__feat_b__obj_cvar_a0.95__sigtrue_0.2__sigbar_0.25__lam_0.0001,2026-04-02T01:26:27Z,completed,main_benchmark,main,benchmark,True,bs_delta,oracle,deep_hedge_oracle,5,B,cvar,0.2,0.25,0.0001,,-0.0003161459821170411,0.011769490899612862,0.00038527396480356885,0.017184154569384,0.02089155646353744,0.0229728067651235,0.026989343637199632,2.992504490604663,5.837294439469488,299250.4490604663,results/gbm_deephedge/benchmark_6_2/runs/seed_0005__train_oracle__feat_b__obj_cvar_a0.95__sigtrue_0.2__sigbar_0.25__lam_0.0001,results/gbm_deephedge,c3544c8a425fd8f97f96905f2e489078e64d6df4e30d5e8d524e8d03e6d12d2a,76e694c21e709359f62f03a0ba5a97ba6db86a88,GBM_CFG=results/gbm_deephedge/benchmark_6_2/runs/seed_0005__train_oracle__feat_b__obj_cvar_a0.95__sigtrue_0.2__sigbar_0.25__lam_0.0001/run_cfg.json python -m src.train_deephedge_gbm
train=oracle|feat=B|obj=cvar|sigtrue=0.2|sigbar=0.25|lam=0.0001|robust=none,seed_0005__train_oracle__feat_b__obj_cvar_a0.95__sigtrue_0.2__sigbar_0.25__lam_0.0001,2026-04-02T01:26:27Z,completed,main_benchmark,main,benchmark,True,deep_hedge_oracle,oracle,deep_hedge_oracle,5,B,cvar,0.2,0.25,0.0001,,-0.0003030894440598786,0.012030861340463161,0.00037524476647377014,0.017125483602285385,0.02154683507978916,0.024197928607463837,0.028778767213225365,3.130467091803551,5.82147216796875,313046.7091803551,results/gbm_deephedge/benchmark_6_2/runs/seed_0005__train_oracle__feat_b__obj_cvar_a0.95__sigtrue_0.2__sigbar_0.25__lam_0.0001,results/gbm_deephedge,c3544c8a425fd8f97f96905f2e489078e64d6df4e30d5e8d524e8d03e6d12d2a,76e694c21e709359f62f03a0ba5a97ba6db86a88,GBM_CFG=results/gbm_deephedge/benchmark_6_2/runs/seed_0005__train_oracle__feat_b__obj_cvar_a0.95__sigtrue_0.2__sigbar_0.25__lam_0.0001/run_cfg.json python -m src.train_deephedge_gbm
train=oracle|feat=B|obj=cvar|sigtrue=0.2|sigbar=0.25|lam=0.0005|robust=none,seed_0005__train_oracle__feat_b__obj_cvar_a0.95__sigtrue_0.2__sigbar_0.25__lam_0.0005,2026-04-02T01:26:51Z,completed,main_benchmark,main,benchmark,True,bs_delta,oracle,deep_hedge_oracle,5,B,cvar,0.2,0.25,0.0005,,-0.0015398277200911698,0.011672023581447132,0.0016078164754800006,0.018246787322200073,0.022053142805764963,0.024166717361019895,0.028363186750291085,2.992504490604663,5.837294439469488,299250.4490604663,results/gbm_deephedge/benchmark_6_2/runs/seed_0005__train_oracle__feat_b__obj_cvar_a0.95__sigtrue_0.2__sigbar_0.25__lam_0.0005,results/gbm_deephedge,5f4fbfdae29c79ef13564bd09e3d93bad775cab03011841ac1d2a91e9b60169e,76e694c21e709359f62f03a0ba5a97ba6db86a88,GBM_CFG=results/gbm_deephedge/benchmark_6_2/runs/seed_0005__train_oracle__feat_b__obj_cvar_a0.95__sigtrue_0.2__sigbar_0.25__lam_0.0005/run_cfg.json python -m src.train_deephedge_gbm
train=oracle|feat=B|obj=cvar|sigtrue=0.2|sigbar=0.25|lam=0.0005|robust=none,seed_0005__train_oracle__feat_b__obj_cvar_a0.95__sigtrue_0.2__sigbar_0.25__lam_0.0005,2026-04-02T01:26:51Z,completed,main_benchmark,main,benchmark,True,deep_hedge_oracle,oracle,deep_hedge_oracle,5,B,cvar,0.2,0.25,0.0005,,-0.001555085415020585,0.012236027978360653,0.001629699021577835,0.018553724512457848,0.022950874641537666,0.025466615334153175,0.030105149373412132,3.0880674230790137,5.696322441101074,308806.7423079014,results/gbm_deephedge/benchmark_6_2/runs/seed_0005__train_oracle__feat_b__obj_cvar_a0.95__sigtrue_0.2__sigbar_0.25__lam_0.0005,results/gbm_deephedge,5f4fbfdae29c79ef13564bd09e3d93bad775cab03011841ac1d2a91e9b60169e,76e694c21e709359f62f03a0ba5a97ba6db86a88,GBM_CFG=results/gbm_deephedge/benchmark_6_2/runs/seed_0005__train_oracle__feat_b__obj_cvar_a0.95__sigtrue_0.2__sigbar_0.25__lam_0.0005/run_cfg.json python -m src.train_deephedge_gbm
train=oracle|feat=B|obj=cvar|sigtrue=0.2|sigbar=0.25|lam=0.001|robust=none,seed_0005__train_oracle__feat_b__obj_cvar_a0.95__sigtrue_0.2__sigbar_0.25__lam_0.001,2026-04-02T01:27:16Z,completed,main_benchmark,main,benchmark,True,bs_delta,oracle,deep_hedge_oracle,5,B,cvar,0.2,0.25,0.001,,-0.003069429864730009,0.011563620332247284,0.003136163777102033,0.019603933504284698,0.023562185143558633,0.025716644493832336,0.03013975400851973,2.992504490604663,5.837294439469488,299250.4490604663,results/gbm_deephedge/benchmark_6_2/runs/seed_0005__train_oracle__feat_b__obj_cvar_a0.95__sigtrue_0.2__sigbar_0.25__lam_0.001,results/gbm_deephedge,2d24e0f52cc09ff062ffe864a8b6762ee24faa65e5276799dddec824f1b08b5c,76e694c21e709359f62f03a0ba5a97ba6db86a88,GBM_CFG=results/gbm_deephedge/benchmark_6_2/runs/seed_0005__train_oracle__feat_b__obj_cvar_a0.95__sigtrue_0.2__sigbar_0.25__lam_0.001/run_cfg.json python -m src.train_deephedge_gbm
train=oracle|feat=B|obj=cvar|sigtrue=0.2|sigbar=0.25|lam=0.001|robust=none,seed_0005__train_oracle__feat_b__obj_cvar_a0.95__sigtrue_0.2__sigbar_0.25__lam_0.001,2026-04-02T01:27:16Z,completed,main_benchmark,main,benchmark,True,deep_hedge_oracle,oracle,deep_hedge_oracle,5,B,cvar,0.2,0.25,0.001,,-0.003103043884038925,0.012042699381709099,0.0031753405928611755,0.02004392445087433,0.024651017040014267,0.027399476617574692,0.03225068747997284,3.0679525633835794,5.621031284332275,306795.2563383579,results/gbm_deephedge/benchmark_6_2/runs/seed_0005__train_oracle__feat_b__obj_cvar_a0.95__sigtrue_0.2__sigbar_0.25__lam_0.001,results/gbm_deephedge,2d24e0f52cc09ff062ffe864a8b6762ee24faa65e5276799dddec824f1b08b5c,76e694c21e709359f62f03a0ba5a97ba6db86a88,GBM_CFG=results/gbm_deephedge/benchmark_6_2/runs/seed_0005__train_oracle__feat_b__obj_cvar_a0.95__sigtrue_0.2__sigbar_0.25__lam_0.001/run_cfg.json python -m src.train_deephedge_gbm
train=oracle|feat=B|obj=cvar|sigtrue=0.2|sigbar=0.2|lam=0|robust=none,seed_0005__train_oracle__feat_b__obj_cvar_a0.95__sigtrue_0.2__sigbar_0.2__lam_0,2026-04-01T22:13:09Z,completed,main_benchmark,main,benchmark,True,bs_delta,oracle,deep_hedge_oracle,5,B,cvar,0.2,0.2,0.0,,2.474658917973349e-06,0.009714889607446892,4.475450375948653e-05,0.015908534077662552,0.022594247769053437,0.026769421987053833,0.03356627132785779,3.223580333911049,6.659357118990098,322358.0333911049,results/gbm_deephedge/benchmark_6_2/runs/seed_0005__train_oracle__feat_b__obj_cvar_a0.95__sigtrue_0.2__sigbar_0.2__lam_0,results/gbm_deephedge,7ef670200b0d2b5201326ae1b362c4995fccbafa889cd67f06511c48c4cb80d6,76e694c21e709359f62f03a0ba5a97ba6db86a88,GBM_CFG=results/gbm_deephedge/benchmark_6_2/runs/seed_0005__train_oracle__feat_b__obj_cvar_a0.95__sigtrue_0.2__sigbar_0.2__lam_0/run_cfg.json python -m src.train_deephedge_gbm
train=oracle|feat=B|obj=cvar|sigtrue=0.2|sigbar=0.2|lam=0|robust=none,seed_0005__train_oracle__feat_b__obj_cvar_a0.95__sigtrue_0.2__sigbar_0.2__lam_0,2026-04-01T22:13:09Z,completed,main_benchmark,main,benchmark,True,deep_hedge_oracle,oracle,deep_hedge_oracle,5,B,cvar,0.2,0.2,0.0,,1.5727653590147384e-05,0.011957324109971523,5.564838647842407e-05,0.016706110909581184,0.021289434283971786,0.023938922211527824,0.02880336344242096,3.1876269689691066,5.901264667510986,318762.69689691067,results/gbm_deephedge/benchmark_6_2/runs/seed_0005__train_oracle__feat_b__obj_cvar_a0.95__sigtrue_0.2__sigbar_0.2__lam_0,results/gbm_deephedge,7ef670200b0d2b5201326ae1b362c4995fccbafa889cd67f06511c48c4cb80d6,76e694c21e709359f62f03a0ba5a97ba6db86a88,GBM_CFG=results/gbm_deephedge/benchmark_6_2/runs/seed_0005__train_oracle__feat_b__obj_cvar_a0.95__sigtrue_0.2__sigbar_0.2__lam_0/run_cfg.json python -m src.train_deephedge_gbm
train=oracle|feat=B|obj=cvar|sigtrue=0.2|sigbar=0.2|lam=0.0001|robust=none,seed_0005__train_oracle__feat_b__obj_cvar_a0.95__sigtrue_0.2__sigbar_0.2__lam_0.0001,2026-04-01T22:53:20Z,completed,main_benchmark,main,benchmark,True,bs_delta,oracle,deep_hedge_oracle,5,B,cvar,0.2,0.2,0.0001,,-0.00032670550302824,0.009726918000434362,0.00037405407958042425,0.01630745293713394,0.023023701093567897,0.02722627652735949,0.03403225203091038,3.223580333911049,6.659357118990098,322358.0333911049,results/gbm_deephedge/benchmark_6_2/runs/seed_0005__train_oracle__feat_b__obj_cvar_a0.95__sigtrue_0.2__sigbar_0.2__lam_0.0001,results/gbm_deephedge,116066d482ec558674181c4061a309b7ecb90c8c4d00c7e14982ae9d1809604f,76e694c21e709359f62f03a0ba5a97ba6db86a88,GBM_CFG=results/gbm_deephedge/benchmark_6_2/runs/seed_0005__train_oracle__feat_b__obj_cvar_a0.95__sigtrue_0.2__sigbar_0.2__lam_0.0001/run_cfg.json python -m src.train_deephedge_gbm
train=oracle|feat=B|obj=cvar|sigtrue=0.2|sigbar=0.2|lam=0.0001|robust=none,seed_0005__train_oracle__feat_b__obj_cvar_a0.95__sigtrue_0.2__sigbar_0.2__lam_0.0001,2026-04-01T22:53:20Z,completed,main_benchmark,main,benchmark,True,deep_hedge_oracle,oracle,deep_hedge_oracle,5,B,cvar,0.2,0.2,0.0001,,-0.0003030894440598786,0.012030861340463161,0.00037524476647377014,0.017125483602285385,0.02154683507978916,0.024197928607463837,0.028778767213225365,3.130467091803551,5.82147216796875,313046.7091803551,results/gbm_deephedge/benchmark_6_2/runs/seed_0005__train_oracle__feat_b__obj_cvar_a0.95__sigtrue_0.2__sigbar_0.2__lam_0.0001,results/gbm_deephedge,116066d482ec558674181c4061a309b7ecb90c8c4d00c7e14982ae9d1809604f,76e694c21e709359f62f03a0ba5a97ba6db86a88,GBM_CFG=results/gbm_deephedge/benchmark_6_2/runs/seed_0005__train_oracle__feat_b__obj_cvar_a0.95__sigtrue_0.2__sigbar_0.2__lam_0.0001/run_cfg.json python -m src.train_deephedge_gbm
train=oracle|feat=B|obj=cvar|sigtrue=0.2|sigbar=0.2|lam=0.0005|robust=none,seed_0005__train_oracle__feat_b__obj_cvar_a0.95__sigtrue_0.2__sigbar_0.2__lam_0.0005,2026-04-01T23:41:09Z,completed,main_benchmark,main,benchmark,True,bs_delta,oracle,deep_hedge_oracle,5,B,cvar,0.2,0.2,0.0005,,-0.0016434262705896296,0.009785161049712995,0.001691353225305725,0.01792757269798567,0.02475269846994003,0.02899505088129875,0.03590555843694737,3.223580333911049,6.659357118990098,322358.0333911049,results/gbm_deephedge/benchmark_6_2/runs/seed_0005__train_oracle__feat_b__obj_cvar_a0.95__sigtrue_0.2__sigbar_0.2__lam_0.0005,results/gbm_deephedge,6f568a1a7c2af7b237af8fae53ecee88cfc6712d7386bd733aea720d9877efc3,76e694c21e709359f62f03a0ba5a97ba6db86a88,GBM_CFG=results/gbm_deephedge/benchmark_6_2/runs/seed_0005__train_oracle__feat_b__obj_cvar_a0.95__sigtrue_0.2__sigbar_0.2__lam_0.0005/run_cfg.json python -m src.train_deephedge_gbm
train=oracle|feat=B|obj=cvar|sigtrue=0.2|sigbar=0.2|lam=0.0005|robust=none,seed_0005__train_oracle__feat_b__obj_cvar_a0.95__sigtrue_0.2__sigbar_0.2__lam_0.0005,2026-04-01T23:41:09Z,completed,main_benchmark,main,benchmark,True,deep_hedge_oracle,oracle,deep_hedge_oracle,5,B,cvar,0.2,0.2,0.0005,,-0.001555085415020585,0.012236027978360653,0.001629699021577835,0.018553724512457848,0.022950874641537666,0.025466615334153175,0.030105149373412132,3.0880674230790137,5.696322441101074,308806.7423079014,results/gbm_deephedge/benchmark_6_2/runs/seed_0005__train_oracle__feat_b__obj_cvar_a0.95__sigtrue_0.2__sigbar_0.2__lam_0.0005,results/gbm_deephedge,6f568a1a7c2af7b237af8fae53ecee88cfc6712d7386bd733aea720d9877efc3,76e694c21e709359f62f03a0ba5a97ba6db86a88,GBM_CFG=results/gbm_deephedge/benchmark_6_2/runs/seed_0005__train_oracle__feat_b__obj_cvar_a0.95__sigtrue_0.2__sigbar_0.2__lam_0.0005/run_cfg.json python -m src.train_deephedge_gbm
train=oracle|feat=B|obj=cvar|sigtrue=0.2|sigbar=0.2|lam=0.001|robust=none,seed_0005__train_oracle__feat_b__obj_cvar_a0.95__sigtrue_0.2__sigbar_0.2__lam_0.001,2026-04-02T00:20:38Z,completed,main_benchmark,main,benchmark,True,bs_delta,oracle,deep_hedge_oracle,5,B,cvar,0.2,0.2,0.001,,-0.0032893272000972325,0.009880396938533957,0.003338203740284526,0.019916082546033716,0.02693479330860091,0.031267906677094746,0.038266976334358806,3.223580333911049,6.659357118990098,322358.0333911049,results/gbm_deephedge/benchmark_6_2/runs/seed_0005__train_oracle__feat_b__obj_cvar_a0.95__sigtrue_0.2__sigbar_0.2__lam_0.001,results/gbm_deephedge,13099b5f9c22e27c38d4cbe5079e8f580d16fed55ba73aa6b87c37734f26610e,76e694c21e709359f62f03a0ba5a97ba6db86a88,GBM_CFG=results/gbm_deephedge/benchmark_6_2/runs/seed_0005__train_oracle__feat_b__obj_cvar_a0.95__sigtrue_0.2__sigbar_0.2__lam_0.001/run_cfg.json python -m src.train_deephedge_gbm
train=oracle|feat=B|obj=cvar|sigtrue=0.2|sigbar=0.2|lam=0.001|robust=none,seed_0005__train_oracle__feat_b__obj_cvar_a0.95__sigtrue_0.2__sigbar_0.2__lam_0.001,2026-04-02T00:20:38Z,completed,main_benchmark,main,benchmark,True,deep_hedge_oracle,oracle,deep_hedge_oracle,5,B,cvar,0.2,0.2,0.001,,-0.003103043884038925,0.012042699381709099,0.0031753405928611755,0.02004392445087433,0.024651017040014267,0.027399476617574692,0.03225068747997284,3.0679525633835794,5.621031284332275,306795.2563383579,results/gbm_deephedge/benchmark_6_2/runs/seed_0005__train_oracle__feat_b__obj_cvar_a0.95__sigtrue_0.2__sigbar_0.2__lam_0.001,results/gbm_deephedge,13099b5f9c22e27c38d4cbe5079e8f580d16fed55ba73aa6b87c37734f26610e,76e694c21e709359f62f03a0ba5a97ba6db86a88,GBM_CFG=results/gbm_deephedge/benchmark_6_2/runs/seed_0005__train_oracle__feat_b__obj_cvar_a0.95__sigtrue_0.2__sigbar_0.2__lam_0.001/run_cfg.json python -m src.train_deephedge_gbm
train=oracle|feat=B|obj=cvar|sigtrue=0.2|sigbar=0.3|lam=0|robust=none,seed_0005__train_oracle__feat_b__obj_cvar_a0.95__sigtrue_0.2__sigbar_0.3__lam_0,2026-04-02T01:26:05Z,completed,main_benchmark,main,benchmark,True,bs_delta,oracle,deep_hedge_oracle,5,B,cvar,0.2,0.3,0.0,,-2.1028433210860406e-05,0.015486351192197953,0.00014075808584522453,0.023580055494886534,0.02749408757553175,0.029894045394338743,0.03265019217474861,2.8103139878078194,5.223579403724025,281031.39878078195,results/gbm_deephedge/benchmark_6_2/runs/seed_0005__train_oracle__feat_b__obj_cvar_a0.95__sigtrue_0.2__sigbar_0.3__lam_0,results/gbm_deephedge,e24e49870588f06cf46c62d46f81c82919ce29273a1fc0bfc48f496bd7da4624,76e694c21e709359f62f03a0ba5a97ba6db86a88,GBM_CFG=results/gbm_deephedge/benchmark_6_2/runs/seed_0005__train_oracle__feat_b__obj_cvar_a0.95__sigtrue_0.2__sigbar_0.3__lam_0/run_cfg.json python -m src.train_deephedge_gbm
train=oracle|feat=B|obj=cvar|sigtrue=0.2|sigbar=0.3|lam=0|robust=none,seed_0005__train_oracle__feat_b__obj_cvar_a0.95__sigtrue_0.2__sigbar_0.3__lam_0,2026-04-02T01:26:05Z,completed,main_benchmark,main,benchmark,True,deep_hedge_oracle,oracle,deep_hedge_oracle,5,B,cvar,0.2,0.3,0.0,,1.5727653590147384e-05,0.011957324109971523,5.564838647842407e-05,0.016706110909581184,0.021289434283971786,0.023938922211527824,0.02880336344242096,3.1876269689691066,5.901264667510986,318762.69689691067,results/gbm_deephedge/benchmark_6_2/runs/seed_0005__train_oracle__feat_b__obj_cvar_a0.95__sigtrue_0.2__sigbar_0.3__lam_0,results/gbm_deephedge,e24e49870588f06cf46c62d46f81c82919ce29273a1fc0bfc48f496bd7da4624,76e694c21e709359f62f03a0ba5a97ba6db86a88,GBM_CFG=results/gbm_deephedge/benchmark_6_2/runs/seed_0005__train_oracle__feat_b__obj_cvar_a0.95__sigtrue_0.2__sigbar_0.3__lam_0/run_cfg.json python -m src.train_deephedge_gbm
train=oracle|feat=B|obj=cvar|sigtrue=0.2|sigbar=0.3|lam=0.0001|robust=none,seed_0005__train_oracle__feat_b__obj_cvar_a0.95__sigtrue_0.2__sigbar_0.3__lam_0.0001,2026-04-02T01:26:30Z,completed,main_benchmark,main,benchmark,True,bs_delta,oracle,deep_hedge_oracle,5,B,cvar,0.2,0.3,0.0001,,-0.00030859550350840256,0.015453921781076357,0.00042782247196397616,0.02379358725090959,0.027700712223904356,0.030077398450249235,0.032843004657919464,2.8103139878078194,5.223579403724025,281031.39878078195,results/gbm_deephedge/benchmark_6_2/runs/seed_0005__train_oracle__feat_b__obj_cvar_a0.95__sigtrue_0.2__sigbar_0.3__lam_0.0001,results/gbm_deephedge,531d8a50efb0fb2b43fa5c34b92cec3ac8bff28eaa3f9ab29cac685b05ab68b6,76e694c21e709359f62f03a0ba5a97ba6db86a88,GBM_CFG=results/gbm_deephedge/benchmark_6_2/runs/seed_0005__train_oracle__feat_b__obj_cvar_a0.95__sigtrue_0.2__sigbar_0.3__lam_0.0001/run_cfg.json python -m src.train_deephedge_gbm
train=oracle|feat=B|obj=cvar|sigtrue=0.2|sigbar=0.3|lam=0.0001|robust=none,seed_0005__train_oracle__feat_b__obj_cvar_a0.95__sigtrue_0.2__sigbar_0.3__lam_0.0001,2026-04-02T01:26:30Z,completed,main_benchmark,main,benchmark,True,deep_hedge_oracle,oracle,deep_hedge_oracle,5,B,cvar,0.2,0.3,0.0001,,-0.0003030894440598786,0.012030861340463161,0.00037524476647377014,0.017125483602285385,0.02154683507978916,0.024197928607463837,0.028778767213225365,3.130467091803551,5.82147216796875,313046.7091803551,results/gbm_deephedge/benchmark_6_2/runs/seed_0005__train_oracle__feat_b__obj_cvar_a0.95__sigtrue_0.2__sigbar_0.3__lam_0.0001,results/gbm_deephedge,531d8a50efb0fb2b43fa5c34b92cec3ac8bff28eaa3f9ab29cac685b05ab68b6,76e694c21e709359f62f03a0ba5a97ba6db86a88,GBM_CFG=results/gbm_deephedge/benchmark_6_2/runs/seed_0005__train_oracle__feat_b__obj_cvar_a0.95__sigtrue_0.2__sigbar_0.3__lam_0.0001/run_cfg.json python -m src.train_deephedge_gbm
train=oracle|feat=B|obj=cvar|sigtrue=0.2|sigbar=0.3|lam=0.0005|robust=none,seed_0005__train_oracle__feat_b__obj_cvar_a0.95__sigtrue_0.2__sigbar_0.3__lam_0.0005,2026-04-02T01:26:54Z,completed,main_benchmark,main,benchmark,True,bs_delta,oracle,deep_hedge_oracle,5,B,cvar,0.2,0.3,0.0005,,-0.0014588638893377874,0.015327442562251398,0.0015761406411887585,0.02467981156315533,0.0285402065358689,0.03092294530749778,0.03363990928767588,2.8103139878078194,5.223579403724025,281031.39878078195,results/gbm_deephedge/benchmark_6_2/runs/seed_0005__train_oracle__feat_b__obj_cvar_a0.95__sigtrue_0.2__sigbar_0.3__lam_0.0005,results/gbm_deephedge,9d6fae9d75279b6602a68242ae003e39bcabcc7d02cf91b2b4b3c883bc9da04b,76e694c21e709359f62f03a0ba5a97ba6db86a88,GBM_CFG=results/gbm_deephedge/benchmark_6_2/runs/seed_0005__train_oracle__feat_b__obj_cvar_a0.95__sigtrue_0.2__sigbar_0.3__lam_0.0005/run_cfg.json python -m src.train_deephedge_gbm
train=oracle|feat=B|obj=cvar|sigtrue=0.2|sigbar=0.3|lam=0.0005|robust=none,seed_0005__train_oracle__feat_b__obj_cvar_a0.95__sigtrue_0.2__sigbar_0.3__lam_0.0005,2026-04-02T01:26:54Z,completed,main_benchmark,main,benchmark,True,deep_hedge_oracle,oracle,deep_hedge_oracle,5,B,cvar,0.2,0.3,0.0005,,-0.001555085415020585,0.012236027978360653,0.001629699021577835,0.018553724512457848,0.022950874641537666,0.025466615334153175,0.030105149373412132,3.0880674230790137,5.696322441101074,308806.7423079014,results/gbm_deephedge/benchmark_6_2/runs/seed_0005__train_oracle__feat_b__obj_cvar_a0.95__sigtrue_0.2__sigbar_0.3__lam_0.0005,results/gbm_deephedge,9d6fae9d75279b6602a68242ae003e39bcabcc7d02cf91b2b4b3c883bc9da04b,76e694c21e709359f62f03a0ba5a97ba6db86a88,GBM_CFG=results/gbm_deephedge/benchmark_6_2/runs/seed_0005__train_oracle__feat_b__obj_cvar_a0.95__sigtrue_0.2__sigbar_0.3__lam_0.0005/run_cfg.json python -m src.train_deephedge_gbm
train=oracle|feat=B|obj=cvar|sigtrue=0.2|sigbar=0.3|lam=0.001|robust=none,seed_0005__train_oracle__feat_b__obj_cvar_a0.95__sigtrue_0.2__sigbar_0.3__lam_0.001,2026-04-02T01:27:19Z,completed,main_benchmark,main,benchmark,True,bs_delta,oracle,deep_hedge_oracle,5,B,cvar,0.2,0.3,0.001,,-0.0028966993454647137,0.015176780280706305,0.0030116744866499415,0.025829010926324423,0.029623109819101563,0.0320246098254581,0.03470133545652806,2.8103139878078194,5.223579403724025,281031.39878078195,results/gbm_deephedge/benchmark_6_2/runs/seed_0005__train_oracle__feat_b__obj_cvar_a0.95__sigtrue_0.2__sigbar_0.3__lam_0.001,results/gbm_deephedge,672d0340bbc70caa16b50b2c411c2b500fc7b92ba5d6acc05b41364ed4a2dcc5,76e694c21e709359f62f03a0ba5a97ba6db86a88,GBM_CFG=results/gbm_deephedge/benchmark_6_2/runs/seed_0005__train_oracle__feat_b__obj_cvar_a0.95__sigtrue_0.2__sigbar_0.3__lam_0.001/run_cfg.json python -m src.train_deephedge_gbm
train=oracle|feat=B|obj=cvar|sigtrue=0.2|sigbar=0.3|lam=0.001|robust=none,seed_0005__train_oracle__feat_b__obj_cvar_a0.95__sigtrue_0.2__sigbar_0.3__lam_0.001,2026-04-02T01:27:19Z,completed,main_benchmark,main,benchmark,True,deep_hedge_oracle,oracle,deep_hedge_oracle,5,B,cvar,0.2,0.3,0.001,,-0.003103043884038925,0.012042699381709099,0.0031753405928611755,0.02004392445087433,0.024651017040014267,0.027399476617574692,0.03225068747997284,3.0679525633835794,5.621031284332275,306795.2563383579,results/gbm_deephedge/benchmark_6_2/runs/seed_0005__train_oracle__feat_b__obj_cvar_a0.95__sigtrue_0.2__sigbar_0.3__lam_0.001,results/gbm_deephedge,672d0340bbc70caa16b50b2c411c2b500fc7b92ba5d6acc05b41364ed4a2dcc5,76e694c21e709359f62f03a0ba5a97ba6db86a88,GBM_CFG=results/gbm_deephedge/benchmark_6_2/runs/seed_0005__train_oracle__feat_b__obj_cvar_a0.95__sigtrue_0.2__sigbar_0.3__lam_0.001/run_cfg.json python -m src.train_deephedge_gbm
"train=robust|feat=B|obj=cvar|sigtrue=0.2|sigbar=0.15|lam=0|robust=0.15,0.2,0.25",seed_0005__train_robust_s0.15-0.2-0.25__feat_b__obj_cvar_a0.95__sigtrue_0.2__sigbar_0.15__lam_0,2026-04-02T01:26:12Z,completed,main_benchmark,main,benchmark,True,bs_delta,robust,deep_hedge_robust,5,B,cvar,0.2,0.15,0.0,0.15|0.2|0.25,2.067465045301746e-05,0.013006005731807452,6.430742013963098e-05,0.024732945731603367,0.03412203271356623,0.03980863232408823,0.048930495141792305,3.5243566148727514,7.820426107687613,352435.66148727515,results/gbm_deephedge/benchmark_6_2/runs/seed_0005__train_robust_s0.15-0.2-0.25__feat_b__obj_cvar_a0.95__sigtrue_0.2__sigbar_0.15__lam_0,results/gbm_deephedge,5b0999c5369352ba09c38b0576e32f8fa2eebf0dc7cfb5b4206beb03cb94a083,76e694c21e709359f62f03a0ba5a97ba6db86a88,GBM_CFG=results/gbm_deephedge/benchmark_6_2/runs/seed_0005__train_robust_s0.15-0.2-0.25__feat_b__obj_cvar_a0.95__sigtrue_0.2__sigbar_0.15__lam_0/run_cfg.json python -m src.train_deephedge_gbm
"train=robust|feat=B|obj=cvar|sigtrue=0.2|sigbar=0.15|lam=0|robust=0.15,0.2,0.25",seed_0005__train_robust_s0.15-0.2-0.25__feat_b__obj_cvar_a0.95__sigtrue_0.2__sigbar_0.15__lam_0,2026-04-02T01:26:12Z,completed,main_benchmark,main,benchmark,True,deep_hedge_robust,robust,deep_hedge_robust,5,B,cvar,0.2,0.15,0.0,0.15|0.2|0.25,6.381292223522905e-06,0.014726877212524414,0.00010174140334129333,0.021377818658947945,0.02519502304494381,0.0274867732077837,0.030517086386680603,2.9957284927010535,5.346156120300293,299572.84927010536,results/gbm_deephedge/benchmark_6_2/runs/seed_0005__train_robust_s0.15-0.2-0.25__feat_b__obj_cvar_a0.95__sigtrue_0.2__sigbar_0.15__lam_0,results/gbm_deephedge,5b0999c5369352ba09c38b0576e32f8fa2eebf0dc7cfb5b4206beb03cb94a083,76e694c21e709359f62f03a0ba5a97ba6db86a88,GBM_CFG=results/gbm_deephedge/benchmark_6_2/runs/seed_0005__train_robust_s0.15-0.2-0.25__feat_b__obj_cvar_a0.95__sigtrue_0.2__sigbar_0.15__lam_0/run_cfg.json python -m src.train_deephedge_gbm
"train=robust|feat=B|obj=cvar|sigtrue=0.2|sigbar=0.15|lam=0.0001|robust=0.15,0.2,0.25",seed_0005__train_robust_s0.15-0.2-0.25__feat_b__obj_cvar_a0.95__sigtrue_0.2__sigbar_0.15__lam_0.0001,2026-04-02T01:26:36Z,completed,main_benchmark,main,benchmark,True,bs_delta,robust,deep_hedge_robust,5,B,cvar,0.2,0.15,0.0001,0.15|0.2|0.25,-0.00033876763697860497,0.01308397316176011,0.0004247725764084942,0.02522861820534004,0.03465456755635815,0.04037932549516974,0.049498642012909676,3.5243566148727514,7.820426107687613,352435.66148727515,results/gbm_deephedge/benchmark_6_2/runs/seed_0005__train_robust_s0.15-0.2-0.25__feat_b__obj_cvar_a0.95__sigtrue_0.2__sigbar_0.15__lam_0.0001,results/gbm_deephedge,48b837f8d2b55755b705658df6fa4c8e7babefa79b9ff596aa39c85911c59644,76e694c21e709359f62f03a0ba5a97ba6db86a88,GBM_CFG=results/gbm_deephedge/benchmark_6_2/runs/seed_0005__train_robust_s0.15-0.2-0.25__feat_b__obj_cvar_a0.95__sigtrue_0.2__sigbar_0.15__lam_0.0001/run_cfg.json python -m src.train_deephedge_gbm
"train=robust|feat=B|obj=cvar|sigtrue=0.2|sigbar=0.15|lam=0.0001|robust=0.15,0.2,0.25",seed_0005__train_robust_s0.15-0.2-0.25__feat_b__obj_cvar_a0.95__sigtrue_0.2__sigbar_0.15__lam_0.0001,2026-04-02T01:26:36Z,completed,main_benchmark,main,benchmark,True,deep_hedge_robust,robust,deep_hedge_robust,5,B,cvar,0.2,0.15,0.0001,0.15|0.2|0.25,-0.00030042146681807935,0.014748494140803814,0.000408954918384552,0.02152637206017971,0.025117462500929832,0.027345867827534676,0.03011341392993927,2.953208237224817,5.258493423461914,295320.8237224817,results/gbm_deephedge/benchmark_6_2/runs/seed_0005__train_robust_s0.15-0.2-0.25__feat_b__obj_cvar_a0.95__sigtrue_0.2__sigbar_0.15__lam_0.0001,results/gbm_deephedge,48b837f8d2b55755b705658df6fa4c8e7babefa79b9ff596aa39c85911c59644,76e694c21e709359f62f03a0ba5a97ba6db86a88,GBM_CFG=results/gbm_deephedge/benchmark_6_2/runs/seed_0005__train_robust_s0.15-0.2-0.25__feat_b__obj_cvar_a0.95__sigtrue_0.2__sigbar_0.15__lam_0.0001/run_cfg.json python -m src.train_deephedge_gbm
"train=robust|feat=B|obj=cvar|sigtrue=0.2|sigbar=0.15|lam=0.0005|robust=0.15,0.2,0.25",seed_0005__train_robust_s0.15-0.2-0.25__feat_b__obj_cvar_a0.95__sigtrue_0.2__sigbar_0.15__lam_0.0005,2026-04-02T01:27:00Z,completed,main_benchmark,main,benchmark,True,bs_delta,robust,deep_hedge_robust,5,B,cvar,0.2,0.15,0.0005,0.15|0.2|0.25,-0.0017765369174891207,0.013402414658601251,0.0018667825307878139,0.027267625091208968,0.036790359484565265,0.04252322457420928,0.05177789826812164,3.5243566148727514,7.820426107687613,352435.66148727515,results/gbm_deephedge/benchmark_6_2/runs/seed_0005__train_robust_s0.15-0.2-0.25__feat_b__obj_cvar_a0.95__sigtrue_0.2__sigbar_0.15__lam_0.0005,results/gbm_deephedge,ed8bcb5375705d167dda2547b2d25c9a0c9ffb3866cd293bc77732212e8880bf,76e694c21e709359f62f03a0ba5a97ba6db86a88,GBM_CFG=results/gbm_deephedge/benchmark_6_2/runs/seed_0005__train_robust_s0.15-0.2-0.25__feat_b__obj_cvar_a0.95__sigtrue_0.2__sigbar_0.15__lam_0.0005/run_cfg.json python -m src.train_deephedge_gbm
"train=robust|feat=B|obj=cvar|sigtrue=0.2|sigbar=0.15|lam=0.0005|robust=0.15,0.2,0.25",seed_0005__train_robust_s0.15-0.2-0.25__feat_b__obj_cvar_a0.95__sigtrue_0.2__sigbar_0.15__lam_0.0005,2026-04-02T01:27:00Z,completed,main_benchmark,main,benchmark,True,deep_hedge_robust,robust,deep_hedge_robust,5,B,cvar,0.2,0.15,0.0005,0.15|0.2|0.25,-0.0014824715908616781,0.01485841441899538,0.0015925541520118713,0.02325582690536976,0.027091363444924355,0.0294144619256258,0.03234768286347389,2.915866981407404,5.17288064956665,291586.6981407404,results/gbm_deephedge/benchmark_6_2/runs/seed_0005__train_robust_s0.15-0.2-0.25__feat_b__obj_cvar_a0.95__sigtrue_0.2__sigbar_0.15__lam_0.0005,results/gbm_deephedge,ed8bcb5375705d167dda2547b2d25c9a0c9ffb3866cd293bc77732212e8880bf,76e694c21e709359f62f03a0ba5a97ba6db86a88,GBM_CFG=results/gbm_deephedge/benchmark_6_2/runs/seed_0005__train_robust_s0.15-0.2-0.25__feat_b__obj_cvar_a0.95__sigtrue_0.2__sigbar_0.15__lam_0.0005/run_cfg.json python -m src.train_deephedge_gbm
"train=robust|feat=B|obj=cvar|sigtrue=0.2|sigbar=0.15|lam=0.001|robust=0.15,0.2,0.25",seed_0005__train_robust_s0.15-0.2-0.25__feat_b__obj_cvar_a0.95__sigtrue_0.2__sigbar_0.15__lam_0.001,2026-04-02T01:27:26Z,completed,main_benchmark,main,benchmark,True,bs_delta,robust,deep_hedge_robust,5,B,cvar,0.2,0.15,0.001,0.15|0.2|0.25,-0.0035737484854312593,0.013814393828359776,0.0036696306343423635,0.029809570629445323,0.03947266620055635,0.0452154425485455,0.05464061782104095,3.5243566148727514,7.820426107687613,352435.66148727515,results/gbm_deephedge/benchmark_6_2/runs/seed_0005__train_robust_s0.15-0.2-0.25__feat_b__obj_cvar_a0.95__sigtrue_0.2__sigbar_0.15__lam_0.001,results/gbm_deephedge,c4d3564f7d49579b6d35164fbe2086536b3981ec904fd1933c522928e551f0e5,76e694c21e709359f62f03a0ba5a97ba6db86a88,GBM_CFG=results/gbm_deephedge/benchmark_6_2/runs/seed_0005__train_robust_s0.15-0.2-0.25__feat_b__obj_cvar_a0.95__sigtrue_0.2__sigbar_0.15__lam_0.001/run_cfg.json python -m src.train_deephedge_gbm
"train=robust|feat=B|obj=cvar|sigtrue=0.2|sigbar=0.15|lam=0.001|robust=0.15,0.2,0.25",seed_0005__train_robust_s0.15-0.2-0.25__feat_b__obj_cvar_a0.95__sigtrue_0.2__sigbar_0.15__lam_0.001,2026-04-02T01:27:26Z,completed,main_benchmark,main,benchmark,True,deep_hedge_robust,robust,deep_hedge_robust,5,B,cvar,0.2,0.15,0.001,0.15|0.2|0.25,-0.0029189535416662693,0.014612498693168163,0.0030254609882831573,0.02378193847835064,0.027318542823195457,0.029451770707964897,0.03252067044377327,2.8665742738199236,5.067050457000732,286657.42738199234,results/gbm_deephedge/benchmark_6_2/runs/seed_0005__train_robust_s0.15-0.2-0.25__feat_b__obj_cvar_a0.95__sigtrue_0.2__sigbar_0.15__lam_0.001,results/gbm_deephedge,c4d3564f7d49579b6d35164fbe2086536b3981ec904fd1933c522928e551f0e5,76e694c21e709359f62f03a0ba5a97ba6db86a88,GBM_CFG=results/gbm_deephedge/benchmark_6_2/runs/seed_0005__train_robust_s0.15-0.2-0.25__feat_b__obj_cvar_a0.95__sigtrue_0.2__sigbar_0.15__lam_0.001/run_cfg.json python -m src.train_deephedge_gbm
"train=robust|feat=B|obj=cvar|sigtrue=0.2|sigbar=0.1|lam=0|robust=0.15,0.2,0.25",seed_0005__train_robust_s0.15-0.2-0.25__feat_b__obj_cvar_a0.95__sigtrue_0.2__sigbar_0.1__lam_0,2026-04-02T01:26:09Z,completed,main_benchmark,main,benchmark,True,bs_delta,robust,deep_hedge_robust,5,B,cvar,0.2,0.1,0.0,0.15|0.2|0.25,5.18980898775455e-05,0.022402542966277354,0.00020056609750543353,0.04161084507807119,0.05484505099390646,0.06286415485482291,0.07467148341587178,3.928917705648198,9.572103338742298,392891.7705648198,results/gbm_deephedge/benchmark_6_2/runs/seed_0005__train_robust_s0.15-0.2-0.25__feat_b__obj_cvar_a0.95__sigtrue_0.2__sigbar_0.1__lam_0,results/gbm_deephedge,a112da04cb02ae8f7f82b14f13e3a614e8dc03e2e84186e16d29f8e96916d690,76e694c21e709359f62f03a0ba5a97ba6db86a88,GBM_CFG=results/gbm_deephedge/benchmark_6_2/runs/seed_0005__train_robust_s0.15-0.2-0.25__feat_b__obj_cvar_a0.95__sigtrue_0.2__sigbar_0.1__lam_0/run_cfg.json python -m src.train_deephedge_gbm
"train=robust|feat=B|obj=cvar|sigtrue=0.2|sigbar=0.1|lam=0|robust=0.15,0.2,0.25",seed_0005__train_robust_s0.15-0.2-0.25__feat_b__obj_cvar_a0.95__sigtrue_0.2__sigbar_0.1__lam_0,2026-04-02T01:26:09Z,completed,main_benchmark,main,benchmark,True,deep_hedge_robust,robust,deep_hedge_robust,5,B,cvar,0.2,0.1,0.0,0.15|0.2|0.25,6.381292223522905e-06,0.014726877212524414,0.00010174140334129333,0.021377818658947945,0.02519502304494381,0.0274867732077837,0.030517086386680603,2.9957284927010535,5.346156120300293,299572.84927010536,results/gbm_deephedge/benchmark_6_2/runs/seed_0005__train_robust_s0.15-0.2-0.25__feat_b__obj_cvar_a0.95__sigtrue_0.2__sigbar_0.1__lam_0,results/gbm_deephedge,a112da04cb02ae8f7f82b14f13e3a614e8dc03e2e84186e16d29f8e96916d690,76e694c21e709359f62f03a0ba5a97ba6db86a88,GBM_CFG=results/gbm_deephedge/benchmark_6_2/runs/seed_0005__train_robust_s0.15-0.2-0.25__feat_b__obj_cvar_a0.95__sigtrue_0.2__sigbar_0.1__lam_0/run_cfg.json python -m src.train_deephedge_gbm
"train=robust|feat=B|obj=cvar|sigtrue=0.2|sigbar=0.1|lam=0.0001|robust=0.15,0.2,0.25",seed_0005__train_robust_s0.15-0.2-0.25__feat_b__obj_cvar_a0.95__sigtrue_0.2__sigbar_0.1__lam_0.0001,2026-04-02T01:26:33Z,completed,main_benchmark,main,benchmark,True,bs_delta,robust,deep_hedge_robust,5,B,cvar,0.2,0.1,0.0001,0.15|0.2|0.25,-0.0003482418664212791,0.02253606391050711,0.0006037257674086083,0.042221724618355,0.05551631840366674,0.0635865972674501,0.07539172345096586,3.928917705648198,9.572103338742298,392891.7705648198,results/gbm_deephedge/benchmark_6_2/runs/seed_0005__train_robust_s0.15-0.2-0.25__feat_b__obj_cvar_a0.95__sigtrue_0.2__sigbar_0.1__lam_0.0001,results/gbm_deephedge,b1a9a7d203e41b9f7391ed5e4b3b3db3efb4795599bf44f9d81a028ce7e7707c,76e694c21e709359f62f03a0ba5a97ba6db86a88,GBM_CFG=results/gbm_deephedge/benchmark_6_2/runs/seed_0005__train_robust_s0.15-0.2-0.25__feat_b__obj_cvar_a0.95__sigtrue_0.2__sigbar_0.1__lam_0.0001/run_cfg.json python -m src.train_deephedge_gbm
"train=robust|feat=B|obj=cvar|sigtrue=0.2|sigbar=0.1|lam=0.0001|robust=0.15,0.2,0.25",seed_0005__train_robust_s0.15-0.2-0.25__feat_b__obj_cvar_a0.95__sigtrue_0.2__sigbar_0.1__lam_0.0001,2026-04-02T01:26:33Z,completed,main_benchmark,main,benchmark,True,deep_hedge_robust,robust,deep_hedge_robust,5,B,cvar,0.2,0.1,0.0001,0.15|0.2|0.25,-0.00030042146681807935,0.014748494140803814,0.000408954918384552,0.02152637206017971,0.025117462500929832,0.027345867827534676,0.03011341392993927,2.953208237224817,5.258493423461914,295320.8237224817,results/gbm_deephedge/benchmark_6_2/runs/seed_0005__train_robust_s0.15-0.2-0.25__feat_b__obj_cvar_a0.95__sigtrue_0.2__sigbar_0.1__lam_0.0001,results/gbm_deephedge,b1a9a7d203e41b9f7391ed5e4b3b3db3efb4795599bf44f9d81a028ce7e7707c,76e694c21e709359f62f03a0ba5a97ba6db86a88,GBM_CFG=results/gbm_deephedge/benchmark_6_2/runs/seed_0005__train_robust_s0.15-0.2-0.25__feat_b__obj_cvar_a0.95__sigtrue_0.2__sigbar_0.1__lam_0.0001/run_cfg.json python -m src.train_deephedge_gbm
"train=robust|feat=B|obj=cvar|sigtrue=0.2|sigbar=0.1|lam=0.0005|robust=0.15,0.2,0.25",seed_0005__train_robust_s0.15-0.2-0.25__feat_b__obj_cvar_a0.95__sigtrue_0.2__sigbar_0.1__lam_0.0005,2026-04-02T01:26:57Z,completed,main_benchmark,main,benchmark,True,bs_delta,robust,deep_hedge_robust,5,B,cvar,0.2,0.1,0.0005,0.15|0.2|0.25,-0.0019488018371991165,0.023073244633427876,0.00221661600668982,0.04471339573122257,0.05820603500158732,0.06642426794453136,0.07827970688867913,3.928917705648198,9.572103338742298,392891.7705648198,results/gbm_deephedge/benchmark_6_2/runs/seed_0005__train_robust_s0.15-0.2-0.25__feat_b__obj_cvar_a0.95__sigtrue_0.2__sigbar_0.1__lam_0.0005,results/gbm_deephedge,b5ffe431cb68ddf74f359cfc24cc0de26c68b55c754a7384809609724d3f7ff4,76e694c21e709359f62f03a0ba5a97ba6db86a88,GBM_CFG=results/gbm_deephedge/benchmark_6_2/runs/seed_0005__train_robust_s0.15-0.2-0.25__feat_b__obj_cvar_a0.95__sigtrue_0.2__sigbar_0.1__lam_0.0005/run_cfg.json python -m src.train_deephedge_gbm
"train=robust|feat=B|obj=cvar|sigtrue=0.2|sigbar=0.1|lam=0.0005|robust=0.15,0.2,0.25",seed_0005__train_robust_s0.15-0.2-0.25__feat_b__obj_cvar_a0.95__sigtrue_0.2__sigbar_0.1__lam_0.0005,2026-04-02T01:26:57Z,completed,main_benchmark,main,benchmark,True,deep_hedge_robust,robust,deep_hedge_robust,5,B,cvar,0.2,0.1,0.0005,0.15|0.2|0.25,-0.0014824715908616781,0.01485841441899538,0.0015925541520118713,0.02325582690536976,0.027091363444924355,0.0294144619256258,0.03234768286347389,2.915866981407404,5.17288064956665,291586.6981407404,results/gbm_deephedge/benchmark_6_2/runs/seed_0005__train_robust_s0.15-0.2-0.25__feat_b__obj_cvar_a0.95__sigtrue_0.2__sigbar_0.1__lam_0.0005,results/gbm_deephedge,b5ffe431cb68ddf74f359cfc24cc0de26c68b55c754a7384809609724d3f7ff4,76e694c21e709359f62f03a0ba5a97ba6db86a88,GBM_CFG=results/gbm_deephedge/benchmark_6_2/runs/seed_0005__train_robust_s0.15-0.2-0.25__feat_b__obj_cvar_a0.95__sigtrue_0.2__sigbar_0.1__lam_0.0005/run_cfg.json python -m src.train_deephedge_gbm
"train=robust|feat=B|obj=cvar|sigtrue=0.2|sigbar=0.1|lam=0.001|robust=0.15,0.2,0.25",seed_0005__train_robust_s0.15-0.2-0.25__feat_b__obj_cvar_a0.95__sigtrue_0.2__sigbar_0.1__lam_0.001,2026-04-02T01:27:22Z,completed,main_benchmark,main,benchmark,True,bs_delta,robust,deep_hedge_robust,5,B,cvar,0.2,0.1,0.001,0.15|0.2|0.25,-0.003949501764275778,0.023751293651249526,0.004233294507411084,0.047852800357384984,0.06157787128623763,0.06991209771145561,0.08190225757547692,3.928917705648198,9.572103338742298,392891.7705648198,results/gbm_deephedge/benchmark_6_2/runs/seed_0005__train_robust_s0.15-0.2-0.25__feat_b__obj_cvar_a0.95__sigtrue_0.2__sigbar_0.1__lam_0.001,results/gbm_deephedge,633a5c447122f3bc4b5ad194fb0a421f8e7c58032313022c6200a5405912f721,76e694c21e709359f62f03a0ba5a97ba6db86a88,GBM_CFG=results/gbm_deephedge/benchmark_6_2/runs/seed_0005__train_robust_s0.15-0.2-0.25__feat_b__obj_cvar_a0.95__sigtrue_0.2__sigbar_0.1__lam_0.001/run_cfg.json python -m src.train_deephedge_gbm
"train=robust|feat=B|obj=cvar|sigtrue=0.2|sigbar=0.1|lam=0.001|robust=0.15,0.2,0.25",seed_0005__train_robust_s0.15-0.2-0.25__feat_b__obj_cvar_a0.95__sigtrue_0.2__sigbar_0.1__lam_0.001,2026-04-02T01:27:22Z,completed,main_benchmark,main,benchmark,True,deep_hedge_robust,robust,deep_hedge_robust,5,B,cvar,0.2,0.1,0.001,0.15|0.2|0.25,-0.0029189535416662693,0.014612498693168163,0.0030254609882831573,0.02378193847835064,0.027318542823195457,0.029451770707964897,0.03252067044377327,2.8665742738199236,5.067050457000732,286657.42738199234,results/gbm_deephedge/benchmark_6_2/runs/seed_0005__train_robust_s0.15-0.2-0.25__feat_b__obj_cvar_a0.95__sigtrue_0.2__sigbar_0.1__lam_0.001,results/gbm_deephedge,633a5c447122f3bc4b5ad194fb0a421f8e7c58032313022c6200a5405912f721,76e694c21e709359f62f03a0ba5a97ba6db86a88,GBM_CFG=results/gbm_deephedge/benchmark_6_2/runs/seed_0005__train_robust_s0.15-0.2-0.25__feat_b__obj_cvar_a0.95__sigtrue_0.2__sigbar_0.1__lam_0.001/run_cfg.json python -m src.train_deephedge_gbm
"train=robust|feat=B|obj=cvar|sigtrue=0.2|sigbar=0.25|lam=0|robust=0.15,0.2,0.25",seed_0005__train_robust_s0.15-0.2-0.25__feat_b__obj_cvar_a0.95__sigtrue_0.2__sigbar_0.25__lam_0,2026-04-02T01:26:15Z,completed,main_benchmark,main,benchmark,True,bs_delta,robust,deep_hedge_robust,5,B,cvar,0.2,0.25,0.0,0.15|0.2|0.25,-1.0225575452330511e-05,0.01179531997543804,7.965716538790857e-05,0.016934131760437048,0.020608158099862415,0.022697362961744034,0.026653694524548976,2.992504490604663,5.837294439469488,299250.4490604663,results/gbm_deephedge/benchmark_6_2/runs/seed_0005__train_robust_s0.15-0.2-0.25__feat_b__obj_cvar_a0.95__sigtrue_0.2__sigbar_0.25__lam_0,results/gbm_deephedge,64f2dd7a0aaa5f0ab99998a4eac450d41dad20131d4a749591b6188e5ef43063,76e694c21e709359f62f03a0ba5a97ba6db86a88,GBM_CFG=results/gbm_deephedge/benchmark_6_2/runs/seed_0005__train_robust_s0.15-0.2-0.25__feat_b__obj_cvar_a0.95__sigtrue_0.2__sigbar_0.25__lam_0/run_cfg.json python -m src.train_deephedge_gbm
"train=robust|feat=B|obj=cvar|sigtrue=0.2|sigbar=0.25|lam=0|robust=0.15,0.2,0.25",seed_0005__train_robust_s0.15-0.2-0.25__feat_b__obj_cvar_a0.95__sigtrue_0.2__sigbar_0.25__lam_0,2026-04-02T01:26:15Z,completed,main_benchmark,main,benchmark,True,deep_hedge_robust,robust,deep_hedge_robust,5,B,cvar,0.2,0.25,0.0,0.15|0.2|0.25,6.381292223522905e-06,0.014726877212524414,0.00010174140334129333,0.021377818658947945,0.02519502304494381,0.0274867732077837,0.030517086386680603,2.9957284927010535,5.346156120300293,299572.84927010536,results/gbm_deephedge/benchmark_6_2/runs/seed_0005__train_robust_s0.15-0.2-0.25__feat_b__obj_cvar_a0.95__sigtrue_0.2__sigbar_0.25__lam_0,results/gbm_deephedge,64f2dd7a0aaa5f0ab99998a4eac450d41dad20131d4a749591b6188e5ef43063,76e694c21e709359f62f03a0ba5a97ba6db86a88,GBM_CFG=results/gbm_deephedge/benchmark_6_2/runs/seed_0005__train_robust_s0.15-0.2-0.25__feat_b__obj_cvar_a0.95__sigtrue_0.2__sigbar_0.25__lam_0/run_cfg.json python -m src.train_deephedge_gbm
"train=robust|feat=B|obj=cvar|sigtrue=0.2|sigbar=0.25|lam=0.0001|robust=0.15,0.2,0.25",seed_0005__train_robust_s0.15-0.2-0.25__feat_b__obj_cvar_a0.95__sigtrue_0.2__sigbar_0.25__lam_0.0001,2026-04-02T01:26:39Z,completed,main_benchmark,main,benchmark,True,bs_delta,robust,deep_hedge_robust,5,B,cvar,0.2,0.25,0.0001,0.15|0.2|0.25,-0.0003161459821170411,0.011769490899612862,0.00038527396480356885,0.017184154569384,0.02089155646353744,0.0229728067651235,0.026989343637199632,2.992504490604663,5.837294439469488,299250.4490604663,results/gbm_deephedge/benchmark_6_2/runs/seed_0005__train_robust_s0.15-0.2-0.25__feat_b__obj_cvar_a0.95__sigtrue_0.2__sigbar_0.25__lam_0.0001,results/gbm_deephedge,a33204c758a9f6ccadd27cc58c5aa1ec8bd42e7aab21fab25afcace75672bba0,76e694c21e709359f62f03a0ba5a97ba6db86a88,GBM_CFG=results/gbm_deephedge/benchmark_6_2/runs/seed_0005__train_robust_s0.15-0.2-0.25__feat_b__obj_cvar_a0.95__sigtrue_0.2__sigbar_0.25__lam_0.0001/run_cfg.json python -m src.train_deephedge_gbm
"train=robust|feat=B|obj=cvar|sigtrue=0.2|sigbar=0.25|lam=0.0001|robust=0.15,0.2,0.25",seed_0005__train_robust_s0.15-0.2-0.25__feat_b__obj_cvar_a0.95__sigtrue_0.2__sigbar_0.25__lam_0.0001,2026-04-02T01:26:39Z,completed,main_benchmark,main,benchmark,True,deep_hedge_robust,robust,deep_hedge_robust,5,B,cvar,0.2,0.25,0.0001,0.15|0.2|0.25,-0.00030042146681807935,0.014748494140803814,0.000408954918384552,0.02152637206017971,0.025117462500929832,0.027345867827534676,0.03011341392993927,2.953208237224817,5.258493423461914,295320.8237224817,results/gbm_deephedge/benchmark_6_2/runs/seed_0005__train_robust_s0.15-0.2-0.25__feat_b__obj_cvar_a0.95__sigtrue_0.2__sigbar_0.25__lam_0.0001,results/gbm_deephedge,a33204c758a9f6ccadd27cc58c5aa1ec8bd42e7aab21fab25afcace75672bba0,76e694c21e709359f62f03a0ba5a97ba6db86a88,GBM_CFG=results/gbm_deephedge/benchmark_6_2/runs/seed_0005__train_robust_s0.15-0.2-0.25__feat_b__obj_cvar_a0.95__sigtrue_0.2__sigbar_0.25__lam_0.0001/run_cfg.json python -m src.train_deephedge_gbm
"train=robust|feat=B|obj=cvar|sigtrue=0.2|sigbar=0.25|lam=0.0005|robust=0.15,0.2,0.25",seed_0005__train_robust_s0.15-0.2-0.25__feat_b__obj_cvar_a0.95__sigtrue_0.2__sigbar_0.25__lam_0.0005,2026-04-02T01:27:03Z,completed,main_benchmark,main,benchmark,True,bs_delta,robust,deep_hedge_robust,5,B,cvar,0.2,0.25,0.0005,0.15|0.2|0.25,-0.0015398277200911698,0.011672023581447132,0.0016078164754800006,0.018246787322200073,0.022053142805764963,0.024166717361019895,0.028363186750291085,2.992504490604663,5.837294439469488,299250.4490604663,results/gbm_deephedge/benchmark_6_2/runs/seed_0005__train_robust_s0.15-0.2-0.25__feat_b__obj_cvar_a0.95__sigtrue_0.2__sigbar_0.25__lam_0.0005,results/gbm_deephedge,caa0efccddc5ed04317b4e583040e1acc7175bc7dfc9db4196b8027f4ff6f514,76e694c21e709359f62f03a0ba5a97ba6db86a88,GBM_CFG=results/gbm_deephedge/benchmark_6_2/runs/seed_0005__train_robust_s0.15-0.2-0.25__feat_b__obj_cvar_a0.95__sigtrue_0.2__sigbar_0.25__lam_0.0005/run_cfg.json python -m src.train_deephedge_gbm
"train=robust|feat=B|obj=cvar|sigtrue=0.2|sigbar=0.25|lam=0.0005|robust=0.15,0.2,0.25",seed_0005__train_robust_s0.15-0.2-0.25__feat_b__obj_cvar_a0.95__sigtrue_0.2__sigbar_0.25__lam_0.0005,2026-04-02T01:27:03Z,completed,main_benchmark,main,benchmark,True,deep_hedge_robust,robust,deep_hedge_robust,5,B,cvar,0.2,0.25,0.0005,0.15|0.2|0.25,-0.0014824715908616781,0.01485841441899538,0.0015925541520118713,0.02325582690536976,0.027091363444924355,0.0294144619256258,0.03234768286347389,2.915866981407404,5.17288064956665,291586.6981407404,results/gbm_deephedge/benchmark_6_2/runs/seed_0005__train_robust_s0.15-0.2-0.25__feat_b__obj_cvar_a0.95__sigtrue_0.2__sigbar_0.25__lam_0.0005,results/gbm_deephedge,caa0efccddc5ed04317b4e583040e1acc7175bc7dfc9db4196b8027f4ff6f514,76e694c21e709359f62f03a0ba5a97ba6db86a88,GBM_CFG=results/gbm_deephedge/benchmark_6_2/runs/seed_0005__train_robust_s0.15-0.2-0.25__feat_b__obj_cvar_a0.95__sigtrue_0.2__sigbar_0.25__lam_0.0005/run_cfg.json python -m src.train_deephedge_gbm
"train=robust|feat=B|obj=cvar|sigtrue=0.2|sigbar=0.25|lam=0.001|robust=0.15,0.2,0.25",seed_0005__train_robust_s0.15-0.2-0.25__feat_b__obj_cvar_a0.95__sigtrue_0.2__sigbar_0.25__lam_0.001,2026-04-02T01:27:29Z,completed,main_benchmark,main,benchmark,True,bs_delta,robust,deep_hedge_robust,5,B,cvar,0.2,0.25,0.001,0.15|0.2|0.25,-0.003069429864730009,0.011563620332247284,0.003136163777102033,0.019603933504284698,0.023562185143558633,0.025716644493832336,0.03013975400851973,2.992504490604663,5.837294439469488,299250.4490604663,results/gbm_deephedge/benchmark_6_2/runs/seed_0005__train_robust_s0.15-0.2-0.25__feat_b__obj_cvar_a0.95__sigtrue_0.2__sigbar_0.25__lam_0.001,results/gbm_deephedge,37e1e5dfec437d05e44765217811145505837485d62536b675ec76647e0b97a9,76e694c21e709359f62f03a0ba5a97ba6db86a88,GBM_CFG=results/gbm_deephedge/benchmark_6_2/runs/seed_0005__train_robust_s0.15-0.2-0.25__feat_b__obj_cvar_a0.95__sigtrue_0.2__sigbar_0.25__lam_0.001/run_cfg.json python -m src.train_deephedge_gbm
"train=robust|feat=B|obj=cvar|sigtrue=0.2|sigbar=0.25|lam=0.001|robust=0.15,0.2,0.25",seed_0005__train_robust_s0.15-0.2-0.25__feat_b__obj_cvar_a0.95__sigtrue_0.2__sigbar_0.25__lam_0.001,2026-04-02T01:27:29Z,completed,main_benchmark,main,benchmark,True,deep_hedge_robust,robust,deep_hedge_robust,5,B,cvar,0.2,0.25,0.001,0.15|0.2|0.25,-0.0029189535416662693,0.014612498693168163,0.0030254609882831573,0.02378193847835064,0.027318542823195457,0.029451770707964897,0.03252067044377327,2.8665742738199236,5.067050457000732,286657.42738199234,results/gbm_deephedge/benchmark_6_2/runs/seed_0005__train_robust_s0.15-0.2-0.25__feat_b__obj_cvar_a0.95__sigtrue_0.2__sigbar_0.25__lam_0.001,results/gbm_deephedge,37e1e5dfec437d05e44765217811145505837485d62536b675ec76647e0b97a9,76e694c21e709359f62f03a0ba5a97ba6db86a88,GBM_CFG=results/gbm_deephedge/benchmark_6_2/runs/seed_0005__train_robust_s0.15-0.2-0.25__feat_b__obj_cvar_a0.95__sigtrue_0.2__sigbar_0.25__lam_0.001/run_cfg.json python -m src.train_deephedge_gbm
"train=robust|feat=B|obj=cvar|sigtrue=0.2|sigbar=0.2|lam=0|robust=0.15,0.2,0.25",seed_0005__train_robust_s0.15-0.2-0.25__feat_b__obj_cvar_a0.95__sigtrue_0.2__sigbar_0.2__lam_0,2026-04-01T22:15:21Z,completed,main_benchmark,main,benchmark,True,bs_delta,robust,deep_hedge_robust,5,B,cvar,0.2,0.2,0.0,0.15|0.2|0.25,2.474658917973349e-06,0.009714889607446892,4.475450375948653e-05,0.015908534077662552,0.022594247769053437,0.026769421987053833,0.03356627132785779,3.223580333911049,6.659357118990098,322358.0333911049,results/gbm_deephedge/benchmark_6_2/runs/seed_0005__train_robust_s0.15-0.2-0.25__feat_b__obj_cvar_a0.95__sigtrue_0.2__sigbar_0.2__lam_0,results/gbm_deephedge,ff3188e24fa2b7a4a713ae4b4c06702cf089b51d3782530b60e3e12749393bde,76e694c21e709359f62f03a0ba5a97ba6db86a88,GBM_CFG=results/gbm_deephedge/benchmark_6_2/runs/seed_0005__train_robust_s0.15-0.2-0.25__feat_b__obj_cvar_a0.95__sigtrue_0.2__sigbar_0.2__lam_0/run_cfg.json python -m src.train_deephedge_gbm
"train=robust|feat=B|obj=cvar|sigtrue=0.2|sigbar=0.2|lam=0|robust=0.15,0.2,0.25",seed_0005__train_robust_s0.15-0.2-0.25__feat_b__obj_cvar_a0.95__sigtrue_0.2__sigbar_0.2__lam_0,2026-04-01T22:15:21Z,completed,main_benchmark,main,benchmark,True,deep_hedge_robust,robust,deep_hedge_robust,5,B,cvar,0.2,0.2,0.0,0.15|0.2|0.25,6.381292223522905e-06,0.014726877212524414,0.00010174140334129333,0.021377818658947945,0.02519502304494381,0.0274867732077837,0.030517086386680603,2.9957284927010535,5.346156120300293,299572.84927010536,results/gbm_deephedge/benchmark_6_2/runs/seed_0005__train_robust_s0.15-0.2-0.25__feat_b__obj_cvar_a0.95__sigtrue_0.2__sigbar_0.2__lam_0,results/gbm_deephedge,ff3188e24fa2b7a4a713ae4b4c06702cf089b51d3782530b60e3e12749393bde,76e694c21e709359f62f03a0ba5a97ba6db86a88,GBM_CFG=results/gbm_deephedge/benchmark_6_2/runs/seed_0005__train_robust_s0.15-0.2-0.25__feat_b__obj_cvar_a0.95__sigtrue_0.2__sigbar_0.2__lam_0/run_cfg.json python -m src.train_deephedge_gbm
"train=robust|feat=B|obj=cvar|sigtrue=0.2|sigbar=0.2|lam=0.0001|robust=0.15,0.2,0.25",seed_0005__train_robust_s0.15-0.2-0.25__feat_b__obj_cvar_a0.95__sigtrue_0.2__sigbar_0.2__lam_0.0001,2026-04-01T22:55:32Z,completed,main_benchmark,main,benchmark,True,bs_delta,robust,deep_hedge_robust,5,B,cvar,0.2,0.2,0.0001,0.15|0.2|0.25,-0.00032670550302824,0.009726918000434362,0.00037405407958042425,0.01630745293713394,0.023023701093567897,0.02722627652735949,0.03403225203091038,3.223580333911049,6.659357118990098,322358.0333911049,results/gbm_deephedge/benchmark_6_2/runs/seed_0005__train_robust_s0.15-0.2-0.25__feat_b__obj_cvar_a0.95__sigtrue_0.2__sigbar_0.2__lam_0.0001,results/gbm_deephedge,00b3ee5dd007a8e93df3fc4d496159ccd503797eb66a5439a0a46da2077e91d9,76e694c21e709359f62f03a0ba5a97ba6db86a88,GBM_CFG=results/gbm_deephedge/benchmark_6_2/runs/seed_0005__train_robust_s0.15-0.2-0.25__feat_b__obj_cvar_a0.95__sigtrue_0.2__sigbar_0.2__lam_0.0001/run_cfg.json python -m src.train_deephedge_gbm
"train=robust|feat=B|obj=cvar|sigtrue=0.2|sigbar=0.2|lam=0.0001|robust=0.15,0.2,0.25",seed_0005__train_robust_s0.15-0.2-0.25__feat_b__obj_cvar_a0.95__sigtrue_0.2__sigbar_0.2__lam_0.0001,2026-04-01T22:55:32Z,completed,main_benchmark,main,benchmark,True,deep_hedge_robust,robust,deep_hedge_robust,5,B,cvar,0.2,0.2,0.0001,0.15|0.2|0.25,-0.00030042146681807935,0.014748494140803814,0.000408954918384552,0.02152637206017971,0.025117462500929832,0.027345867827534676,0.03011341392993927,2.953208237224817,5.258493423461914,295320.8237224817,results/gbm_deephedge/benchmark_6_2/runs/seed_0005__train_robust_s0.15-0.2-0.25__feat_b__obj_cvar_a0.95__sigtrue_0.2__sigbar_0.2__lam_0.0001,results/gbm_deephedge,00b3ee5dd007a8e93df3fc4d496159ccd503797eb66a5439a0a46da2077e91d9,76e694c21e709359f62f03a0ba5a97ba6db86a88,GBM_CFG=results/gbm_deephedge/benchmark_6_2/runs/seed_0005__train_robust_s0.15-0.2-0.25__feat_b__obj_cvar_a0.95__sigtrue_0.2__sigbar_0.2__lam_0.0001/run_cfg.json python -m src.train_deephedge_gbm
"train=robust|feat=B|obj=cvar|sigtrue=0.2|sigbar=0.2|lam=0.0005|robust=0.15,0.2,0.25",seed_0005__train_robust_s0.15-0.2-0.25__feat_b__obj_cvar_a0.95__sigtrue_0.2__sigbar_0.2__lam_0.0005,2026-04-01T23:43:21Z,completed,main_benchmark,main,benchmark,True,bs_delta,robust,deep_hedge_robust,5,B,cvar,0.2,0.2,0.0005,0.15|0.2|0.25,-0.0016434262705896296,0.009785161049712995,0.001691353225305725,0.01792757269798567,0.02475269846994003,0.02899505088129875,0.03590555843694737,3.223580333911049,6.659357118990098,322358.0333911049,results/gbm_deephedge/benchmark_6_2/runs/seed_0005__train_robust_s0.15-0.2-0.25__feat_b__obj_cvar_a0.95__sigtrue_0.2__sigbar_0.2__lam_0.0005,results/gbm_deephedge,2cc7ff3fcd9a61d9f5434655be6e1cbbf4abed56ac0413cda6c79cd1dca9940b,76e694c21e709359f62f03a0ba5a97ba6db86a88,GBM_CFG=results/gbm_deephedge/benchmark_6_2/runs/seed_0005__train_robust_s0.15-0.2-0.25__feat_b__obj_cvar_a0.95__sigtrue_0.2__sigbar_0.2__lam_0.0005/run_cfg.json python -m src.train_deephedge_gbm
"train=robust|feat=B|obj=cvar|sigtrue=0.2|sigbar=0.2|lam=0.0005|robust=0.15,0.2,0.25",seed_0005__train_robust_s0.15-0.2-0.25__feat_b__obj_cvar_a0.95__sigtrue_0.2__sigbar_0.2__lam_0.0005,2026-04-01T23:43:21Z,completed,main_benchmark,main,benchmark,True,deep_hedge_robust,robust,deep_hedge_robust,5,B,cvar,0.2,0.2,0.0005,0.15|0.2|0.25,-0.0014824715908616781,0.01485841441899538,0.0015925541520118713,0.02325582690536976,0.027091363444924355,0.0294144619256258,0.03234768286347389,2.915866981407404,5.17288064956665,291586.6981407404,results/gbm_deephedge/benchmark_6_2/runs/seed_0005__train_robust_s0.15-0.2-0.25__feat_b__obj_cvar_a0.95__sigtrue_0.2__sigbar_0.2__lam_0.0005,results/gbm_deephedge,2cc7ff3fcd9a61d9f5434655be6e1cbbf4abed56ac0413cda6c79cd1dca9940b,76e694c21e709359f62f03a0ba5a97ba6db86a88,GBM_CFG=results/gbm_deephedge/benchmark_6_2/runs/seed_0005__train_robust_s0.15-0.2-0.25__feat_b__obj_cvar_a0.95__sigtrue_0.2__sigbar_0.2__lam_0.0005/run_cfg.json python -m src.train_deephedge_gbm
"train=robust|feat=B|obj=cvar|sigtrue=0.2|sigbar=0.2|lam=0.001|robust=0.15,0.2,0.25",seed_0005__train_robust_s0.15-0.2-0.25__feat_b__obj_cvar_a0.95__sigtrue_0.2__sigbar_0.2__lam_0.001,2026-04-02T00:22:53Z,completed,main_benchmark,main,benchmark,True,bs_delta,robust,deep_hedge_robust,5,B,cvar,0.2,0.2,0.001,0.15|0.2|0.25,-0.0032893272000972325,0.009880396938533957,0.003338203740284526,0.019916082546033716,0.02693479330860091,0.031267906677094746,0.038266976334358806,3.223580333911049,6.659357118990098,322358.0333911049,results/gbm_deephedge/benchmark_6_2/runs/seed_0005__train_robust_s0.15-0.2-0.25__feat_b__obj_cvar_a0.95__sigtrue_0.2__sigbar_0.2__lam_0.001,results/gbm_deephedge,6e085c38c9f553875aa3b679e37774eb13bf6c104348e65ed1db8d58142d5b1b,76e694c21e709359f62f03a0ba5a97ba6db86a88,GBM_CFG=results/gbm_deephedge/benchmark_6_2/runs/seed_0005__train_robust_s0.15-0.2-0.25__feat_b__obj_cvar_a0.95__sigtrue_0.2__sigbar_0.2__lam_0.001/run_cfg.json python -m src.train_deephedge_gbm
"train=robust|feat=B|obj=cvar|sigtrue=0.2|sigbar=0.2|lam=0.001|robust=0.15,0.2,0.25",seed_0005__train_robust_s0.15-0.2-0.25__feat_b__obj_cvar_a0.95__sigtrue_0.2__sigbar_0.2__lam_0.001,2026-04-02T00:22:53Z,completed,main_benchmark,main,benchmark,True,deep_hedge_robust,robust,deep_hedge_robust,5,B,cvar,0.2,0.2,0.001,0.15|0.2|0.25,-0.0029189535416662693,0.014612498693168163,0.0030254609882831573,0.02378193847835064,0.027318542823195457,0.029451770707964897,0.03252067044377327,2.8665742738199236,5.067050457000732,286657.42738199234,results/gbm_deephedge/benchmark_6_2/runs/seed_0005__train_robust_s0.15-0.2-0.25__feat_b__obj_cvar_a0.95__sigtrue_0.2__sigbar_0.2__lam_0.001,results/gbm_deephedge,6e085c38c9f553875aa3b679e37774eb13bf6c104348e65ed1db8d58142d5b1b,76e694c21e709359f62f03a0ba5a97ba6db86a88,GBM_CFG=results/gbm_deephedge/benchmark_6_2/runs/seed_0005__train_robust_s0.15-0.2-0.25__feat_b__obj_cvar_a0.95__sigtrue_0.2__sigbar_0.2__lam_0.001/run_cfg.json python -m src.train_deephedge_gbm
"train=robust|feat=B|obj=cvar|sigtrue=0.2|sigbar=0.3|lam=0|robust=0.15,0.2,0.25",seed_0005__train_robust_s0.15-0.2-0.25__feat_b__obj_cvar_a0.95__sigtrue_0.2__sigbar_0.3__lam_0,2026-04-02T01:26:18Z,completed,main_benchmark,main,benchmark,True,bs_delta,robust,deep_hedge_robust,5,B,cvar,0.2,0.3,0.0,0.15|0.2|0.25,-2.1028433210860406e-05,0.015486351192197953,0.00014075808584522453,0.023580055494886534,0.02749408757553175,0.029894045394338743,0.03265019217474861,2.8103139878078194,5.223579403724025,281031.39878078195,results/gbm_deephedge/benchmark_6_2/runs/seed_0005__train_robust_s0.15-0.2-0.25__feat_b__obj_cvar_a0.95__sigtrue_0.2__sigbar_0.3__lam_0,results/gbm_deephedge,ad76c05781d2cacb9ab9152c6d27f4bcc7185ae64ca3619ed4d320175f4565cc,76e694c21e709359f62f03a0ba5a97ba6db86a88,GBM_CFG=results/gbm_deephedge/benchmark_6_2/runs/seed_0005__train_robust_s0.15-0.2-0.25__feat_b__obj_cvar_a0.95__sigtrue_0.2__sigbar_0.3__lam_0/run_cfg.json python -m src.train_deephedge_gbm
"train=robust|feat=B|obj=cvar|sigtrue=0.2|sigbar=0.3|lam=0|robust=0.15,0.2,0.25",seed_0005__train_robust_s0.15-0.2-0.25__feat_b__obj_cvar_a0.95__sigtrue_0.2__sigbar_0.3__lam_0,2026-04-02T01:26:18Z,completed,main_benchmark,main,benchmark,True,deep_hedge_robust,robust,deep_hedge_robust,5,B,cvar,0.2,0.3,0.0,0.15|0.2|0.25,6.381292223522905e-06,0.014726877212524414,0.00010174140334129333,0.021377818658947945,0.02519502304494381,0.0274867732077837,0.030517086386680603,2.9957284927010535,5.346156120300293,299572.84927010536,results/gbm_deephedge/benchmark_6_2/runs/seed_0005__train_robust_s0.15-0.2-0.25__feat_b__obj_cvar_a0.95__sigtrue_0.2__sigbar_0.3__lam_0,results/gbm_deephedge,ad76c05781d2cacb9ab9152c6d27f4bcc7185ae64ca3619ed4d320175f4565cc,76e694c21e709359f62f03a0ba5a97ba6db86a88,GBM_CFG=results/gbm_deephedge/benchmark_6_2/runs/seed_0005__train_robust_s0.15-0.2-0.25__feat_b__obj_cvar_a0.95__sigtrue_0.2__sigbar_0.3__lam_0/run_cfg.json python -m src.train_deephedge_gbm
"train=robust|feat=B|obj=cvar|sigtrue=0.2|sigbar=0.3|lam=0.0001|robust=0.15,0.2,0.25",seed_0005__train_robust_s0.15-0.2-0.25__feat_b__obj_cvar_a0.95__sigtrue_0.2__sigbar_0.3__lam_0.0001,2026-04-02T01:26:42Z,completed,main_benchmark,main,benchmark,True,bs_delta,robust,deep_hedge_robust,5,B,cvar,0.2,0.3,0.0001,0.15|0.2|0.25,-0.00030859550350840256,0.015453921781076357,0.00042782247196397616,0.02379358725090959,0.027700712223904356,0.030077398450249235,0.032843004657919464,2.8103139878078194,5.223579403724025,281031.39878078195,results/gbm_deephedge/benchmark_6_2/runs/seed_0005__train_robust_s0.15-0.2-0.25__feat_b__obj_cvar_a0.95__sigtrue_0.2__sigbar_0.3__lam_0.0001,results/gbm_deephedge,eadc9a51c8f9592fbea3a5b954c6d2ef6f511aae18c9ab45011fdc47cc2eb017,76e694c21e709359f62f03a0ba5a97ba6db86a88,GBM_CFG=results/gbm_deephedge/benchmark_6_2/runs/seed_0005__train_robust_s0.15-0.2-0.25__feat_b__obj_cvar_a0.95__sigtrue_0.2__sigbar_0.3__lam_0.0001/run_cfg.json python -m src.train_deephedge_gbm
"train=robust|feat=B|obj=cvar|sigtrue=0.2|sigbar=0.3|lam=0.0001|robust=0.15,0.2,0.25",seed_0005__train_robust_s0.15-0.2-0.25__feat_b__obj_cvar_a0.95__sigtrue_0.2__sigbar_0.3__lam_0.0001,2026-04-02T01:26:42Z,completed,main_benchmark,main,benchmark,True,deep_hedge_robust,robust,deep_hedge_robust,5,B,cvar,0.2,0.3,0.0001,0.15|0.2|0.25,-0.00030042146681807935,0.014748494140803814,0.000408954918384552,0.02152637206017971,0.025117462500929832,0.027345867827534676,0.03011341392993927,2.953208237224817,5.258493423461914,295320.8237224817,results/gbm_deephedge/benchmark_6_2/runs/seed_0005__train_robust_s0.15-0.2-0.25__feat_b__obj_cvar_a0.95__sigtrue_0.2__sigbar_0.3__lam_0.0001,results/gbm_deephedge,eadc9a51c8f9592fbea3a5b954c6d2ef6f511aae18c9ab45011fdc47cc2eb017,76e694c21e709359f62f03a0ba5a97ba6db86a88,GBM_CFG=results/gbm_deephedge/benchmark_6_2/runs/seed_0005__train_robust_s0.15-0.2-0.25__feat_b__obj_cvar_a0.95__sigtrue_0.2__sigbar_0.3__lam_0.0001/run_cfg.json python -m src.train_deephedge_gbm
"train=robust|feat=B|obj=cvar|sigtrue=0.2|sigbar=0.3|lam=0.0005|robust=0.15,0.2,0.25",seed_0005__train_robust_s0.15-0.2-0.25__feat_b__obj_cvar_a0.95__sigtrue_0.2__sigbar_0.3__lam_0.0005,2026-04-02T01:27:06Z,completed,main_benchmark,main,benchmark,True,bs_delta,robust,deep_hedge_robust,5,B,cvar,0.2,0.3,0.0005,0.15|0.2|0.25,-0.0014588638893377874,0.015327442562251398,0.0015761406411887585,0.02467981156315533,0.0285402065358689,0.03092294530749778,0.03363990928767588,2.8103139878078194,5.223579403724025,281031.39878078195,results/gbm_deephedge/benchmark_6_2/runs/seed_0005__train_robust_s0.15-0.2-0.25__feat_b__obj_cvar_a0.95__sigtrue_0.2__sigbar_0.3__lam_0.0005,results/gbm_deephedge,26b2ea94076d87e22d3bb4bc2f04f0cf016883edd15dbb1959cd129c127ea88e,76e694c21e709359f62f03a0ba5a97ba6db86a88,GBM_CFG=results/gbm_deephedge/benchmark_6_2/runs/seed_0005__train_robust_s0.15-0.2-0.25__feat_b__obj_cvar_a0.95__sigtrue_0.2__sigbar_0.3__lam_0.0005/run_cfg.json python -m src.train_deephedge_gbm
"train=robust|feat=B|obj=cvar|sigtrue=0.2|sigbar=0.3|lam=0.0005|robust=0.15,0.2,0.25",seed_0005__train_robust_s0.15-0.2-0.25__feat_b__obj_cvar_a0.95__sigtrue_0.2__sigbar_0.3__lam_0.0005,2026-04-02T01:27:06Z,completed,main_benchmark,main,benchmark,True,deep_hedge_robust,robust,deep_hedge_robust,5,B,cvar,0.2,0.3,0.0005,0.15|0.2|0.25,-0.0014824715908616781,0.01485841441899538,0.0015925541520118713,0.02325582690536976,0.027091363444924355,0.0294144619256258,0.03234768286347389,2.915866981407404,5.17288064956665,291586.6981407404,results/gbm_deephedge/benchmark_6_2/runs/seed_0005__train_robust_s0.15-0.2-0.25__feat_b__obj_cvar_a0.95__sigtrue_0.2__sigbar_0.3__lam_0.0005,results/gbm_deephedge,26b2ea94076d87e22d3bb4bc2f04f0cf016883edd15dbb1959cd129c127ea88e,76e694c21e709359f62f03a0ba5a97ba6db86a88,GBM_CFG=results/gbm_deephedge/benchmark_6_2/runs/seed_0005__train_robust_s0.15-0.2-0.25__feat_b__obj_cvar_a0.95__sigtrue_0.2__sigbar_0.3__lam_0.0005/run_cfg.json python -m src.train_deephedge_gbm
"train=robust|feat=B|obj=cvar|sigtrue=0.2|sigbar=0.3|lam=0.001|robust=0.15,0.2,0.25",seed_0005__train_robust_s0.15-0.2-0.25__feat_b__obj_cvar_a0.95__sigtrue_0.2__sigbar_0.3__lam_0.001,2026-04-02T01:27:32Z,completed,main_benchmark,main,benchmark,True,bs_delta,robust,deep_hedge_robust,5,B,cvar,0.2,0.3,0.001,0.15|0.2|0.25,-0.0028966993454647137,0.015176780280706305,0.0030116744866499415,0.025829010926324423,0.029623109819101563,0.0320246098254581,0.03470133545652806,2.8103139878078194,5.223579403724025,281031.39878078195,results/gbm_deephedge/benchmark_6_2/runs/seed_0005__train_robust_s0.15-0.2-0.25__feat_b__obj_cvar_a0.95__sigtrue_0.2__sigbar_0.3__lam_0.001,results/gbm_deephedge,d98f77d6c0a41605c2a164a177c5d3aef52c31f68bf2d17a33f65502995c3b80,76e694c21e709359f62f03a0ba5a97ba6db86a88,GBM_CFG=results/gbm_deephedge/benchmark_6_2/runs/seed_0005__train_robust_s0.15-0.2-0.25__feat_b__obj_cvar_a0.95__sigtrue_0.2__sigbar_0.3__lam_0.001/run_cfg.json python -m src.train_deephedge_gbm
"train=robust|feat=B|obj=cvar|sigtrue=0.2|sigbar=0.3|lam=0.001|robust=0.15,0.2,0.25",seed_0005__train_robust_s0.15-0.2-0.25__feat_b__obj_cvar_a0.95__sigtrue_0.2__sigbar_0.3__lam_0.001,2026-04-02T01:27:32Z,completed,main_benchmark,main,benchmark,True,deep_hedge_robust,robust,deep_hedge_robust,5,B,cvar,0.2,0.3,0.001,0.15|0.2|0.25,-0.0029189535416662693,0.014612498693168163,0.0030254609882831573,0.02378193847835064,0.027318542823195457,0.029451770707964897,0.03252067044377327,2.8665742738199236,5.067050457000732,286657.42738199234,results/gbm_deephedge/benchmark_6_2/runs/seed_0005__train_robust_s0.15-0.2-0.25__feat_b__obj_cvar_a0.95__sigtrue_0.2__sigbar_0.3__lam_0.001,results/gbm_deephedge,d98f77d6c0a41605c2a164a177c5d3aef52c31f68bf2d17a33f65502995c3b80,76e694c21e709359f62f03a0ba5a97ba6db86a88,GBM_CFG=results/gbm_deephedge/benchmark_6_2/runs/seed_0005__train_robust_s0.15-0.2-0.25__feat_b__obj_cvar_a0.95__sigtrue_0.2__sigbar_0.3__lam_0.001/run_cfg.json python -m src.train_deephedge_gbm
train=oracle|feat=B|obj=cvar|sigtrue=0.2|sigbar=0.15|lam=0|robust=none,seed_0006__train_oracle__feat_b__obj_cvar_a0.95__sigtrue_0.2__sigbar_0.15__lam_0,2026-04-02T01:27:38Z,completed,main_benchmark,main,benchmark,True,bs_delta,oracle,deep_hedge_oracle,6,B,cvar,0.2,0.15,0.0,,-2.8747277685091e-05,0.013045552258225275,0.00011424604153534301,0.024763065031287626,0.034305742725178334,0.040227316254837955,0.04899544043483695,3.535613530960048,7.764886198999912,353561.3530960048,results/gbm_deephedge/benchmark_6_2/runs/seed_0006__train_oracle__feat_b__obj_cvar_a0.95__sigtrue_0.2__sigbar_0.15__lam_0,results/gbm_deephedge,76fe6b6500d238d31b7c6cdce761b9c6db401c01753ce2717f95f982a152502f,76e694c21e709359f62f03a0ba5a97ba6db86a88,GBM_CFG=results/gbm_deephedge/benchmark_6_2/runs/seed_0006__train_oracle__feat_b__obj_cvar_a0.95__sigtrue_0.2__sigbar_0.15__lam_0/run_cfg.json python -m src.train_deephedge_gbm
train=oracle|feat=B|obj=cvar|sigtrue=0.2|sigbar=0.15|lam=0|robust=none,seed_0006__train_oracle__feat_b__obj_cvar_a0.95__sigtrue_0.2__sigbar_0.15__lam_0,2026-04-02T01:27:38Z,completed,main_benchmark,main,benchmark,True,deep_hedge_oracle,oracle,deep_hedge_oracle,6,B,cvar,0.2,0.15,0.0,,1.55083580466453e-05,0.011525526642799377,5.0846487283706665e-05,0.01651417277753353,0.02123204804956913,0.024124816060066223,0.029009195044636726,3.214136476701498,6.080441474914551,321413.6476701498,results/gbm_deephedge/benchmark_6_2/runs/seed_0006__train_oracle__feat_b__obj_cvar_a0.95__sigtrue_0.2__sigbar_0.15__lam_0,results/gbm_deephedge,76fe6b6500d238d31b7c6cdce761b9c6db401c01753ce2717f95f982a152502f,76e694c21e709359f62f03a0ba5a97ba6db86a88,GBM_CFG=results/gbm_deephedge/benchmark_6_2/runs/seed_0006__train_oracle__feat_b__obj_cvar_a0.95__sigtrue_0.2__sigbar_0.15__lam_0/run_cfg.json python -m src.train_deephedge_gbm
train=oracle|feat=B|obj=cvar|sigtrue=0.2|sigbar=0.15|lam=0.0001|robust=none,seed_0006__train_oracle__feat_b__obj_cvar_a0.95__sigtrue_0.2__sigbar_0.15__lam_0.0001,2026-04-02T01:28:02Z,completed,main_benchmark,main,benchmark,True,bs_delta,oracle,deep_hedge_oracle,6,B,cvar,0.2,0.15,0.0001,,-0.0003895112262544338,0.013123364699855368,0.00047603394079975825,0.025294943006095652,0.0348401529527722,0.04073523345183597,0.0495648763262331,3.535613530960048,7.764886198999912,353561.3530960048,results/gbm_deephedge/benchmark_6_2/runs/seed_0006__train_oracle__feat_b__obj_cvar_a0.95__sigtrue_0.2__sigbar_0.15__lam_0.0001,results/gbm_deephedge,e913d803b2e0b49d12bedb47ff95c1b9404a59a24eb763c20aef5acf50bac0e6,76e694c21e709359f62f03a0ba5a97ba6db86a88,GBM_CFG=results/gbm_deephedge/benchmark_6_2/runs/seed_0006__train_oracle__feat_b__obj_cvar_a0.95__sigtrue_0.2__sigbar_0.15__lam_0.0001/run_cfg.json python -m src.train_deephedge_gbm
train=oracle|feat=B|obj=cvar|sigtrue=0.2|sigbar=0.15|lam=0.0001|robust=none,seed_0006__train_oracle__feat_b__obj_cvar_a0.95__sigtrue_0.2__sigbar_0.15__lam_0.0001,2026-04-02T01:28:02Z,completed,main_benchmark,main,benchmark,True,deep_hedge_oracle,oracle,deep_hedge_oracle,6,B,cvar,0.2,0.15,0.0001,,-0.0003020528529305011,0.0119956498965621,0.0003738030791282654,0.0170938428491354,0.02143613062798977,0.0239140335470438,0.028472408652305603,3.1895749048638344,6.006136894226074,318957.49048638344,results/gbm_deephedge/benchmark_6_2/runs/seed_0006__train_oracle__feat_b__obj_cvar_a0.95__sigtrue_0.2__sigbar_0.15__lam_0.0001,results/gbm_deephedge,e913d803b2e0b49d12bedb47ff95c1b9404a59a24eb763c20aef5acf50bac0e6,76e694c21e709359f62f03a0ba5a97ba6db86a88,GBM_CFG=results/gbm_deephedge/benchmark_6_2/runs/seed_0006__train_oracle__feat_b__obj_cvar_a0.95__sigtrue_0.2__sigbar_0.15__lam_0.0001/run_cfg.json python -m src.train_deephedge_gbm
train=oracle|feat=B|obj=cvar|sigtrue=0.2|sigbar=0.15|lam=0.0005|robust=none,seed_0006__train_oracle__feat_b__obj_cvar_a0.95__sigtrue_0.2__sigbar_0.15__lam_0.0005,2026-04-02T01:28:27Z,completed,main_benchmark,main,benchmark,True,bs_delta,oracle,deep_hedge_oracle,6,B,cvar,0.2,0.15,0.0005,,-0.0018325671518755662,0.013441175132330407,0.0019233347334067508,0.027299037497404696,0.03698351827667434,0.042962272514342995,0.05184926573355109,3.535613530960048,7.764886198999912,353561.3530960048,results/gbm_deephedge/benchmark_6_2/runs/seed_0006__train_oracle__feat_b__obj_cvar_a0.95__sigtrue_0.2__sigbar_0.15__lam_0.0005,results/gbm_deephedge,4d75c335adf3338ec91b01f36c937942c93fa92c56cab0948f4483ec131ca8b6,76e694c21e709359f62f03a0ba5a97ba6db86a88,GBM_CFG=results/gbm_deephedge/benchmark_6_2/runs/seed_0006__train_oracle__feat_b__obj_cvar_a0.95__sigtrue_0.2__sigbar_0.15__lam_0.0005/run_cfg.json python -m src.train_deephedge_gbm
train=oracle|feat=B|obj=cvar|sigtrue=0.2|sigbar=0.15|lam=0.0005|robust=none,seed_0006__train_oracle__feat_b__obj_cvar_a0.95__sigtrue_0.2__sigbar_0.15__lam_0.0005,2026-04-02T01:28:27Z,completed,main_benchmark,main,benchmark,True,deep_hedge_oracle,oracle,deep_hedge_oracle,6,B,cvar,0.2,0.15,0.0005,,-0.0015875977696850896,0.012034385465085506,0.0016599148511886597,0.018536578863859177,0.023070676252245903,0.025709299370646477,0.030397923663258553,3.1677933693039417,5.877789497375488,316779.3369303942,results/gbm_deephedge/benchmark_6_2/runs/seed_0006__train_oracle__feat_b__obj_cvar_a0.95__sigtrue_0.2__sigbar_0.15__lam_0.0005,results/gbm_deephedge,4d75c335adf3338ec91b01f36c937942c93fa92c56cab0948f4483ec131ca8b6,76e694c21e709359f62f03a0ba5a97ba6db86a88,GBM_CFG=results/gbm_deephedge/benchmark_6_2/runs/seed_0006__train_oracle__feat_b__obj_cvar_a0.95__sigtrue_0.2__sigbar_0.15__lam_0.0005/run_cfg.json python -m src.train_deephedge_gbm
train=oracle|feat=B|obj=cvar|sigtrue=0.2|sigbar=0.15|lam=0.001|robust=none,seed_0006__train_oracle__feat_b__obj_cvar_a0.95__sigtrue_0.2__sigbar_0.15__lam_0.001,2026-04-02T01:28:51Z,completed,main_benchmark,main,benchmark,True,bs_delta,oracle,deep_hedge_oracle,6,B,cvar,0.2,0.15,0.001,,-0.0036363870260660404,0.013852345966797512,0.0037327960822169243,0.029846000050121176,0.03967480095551357,0.04575115571874754,0.054719086237787394,3.535613530960048,7.764886198999912,353561.3530960048,results/gbm_deephedge/benchmark_6_2/runs/seed_0006__train_oracle__feat_b__obj_cvar_a0.95__sigtrue_0.2__sigbar_0.15__lam_0.001,results/gbm_deephedge,2fd9620c038cf99bbf63e34656422fc0f867e85d9af250b64308b0384f73ec42,76e694c21e709359f62f03a0ba5a97ba6db86a88,GBM_CFG=results/gbm_deephedge/benchmark_6_2/runs/seed_0006__train_oracle__feat_b__obj_cvar_a0.95__sigtrue_0.2__sigbar_0.15__lam_0.001/run_cfg.json python -m src.train_deephedge_gbm
train=oracle|feat=B|obj=cvar|sigtrue=0.2|sigbar=0.15|lam=0.001|robust=none,seed_0006__train_oracle__feat_b__obj_cvar_a0.95__sigtrue_0.2__sigbar_0.15__lam_0.001,2026-04-02T01:28:51Z,completed,main_benchmark,main,benchmark,True,deep_hedge_oracle,oracle,deep_hedge_oracle,6,B,cvar,0.2,0.15,0.001,,-0.003085550619289279,0.0126494737342,0.0031653456389904022,0.02085445076227188,0.025129886344075203,0.027661554515361786,0.03197599947452545,3.066988881087303,5.605833053588867,306698.8881087303,results/gbm_deephedge/benchmark_6_2/runs/seed_0006__train_oracle__feat_b__obj_cvar_a0.95__sigtrue_0.2__sigbar_0.15__lam_0.001,results/gbm_deephedge,2fd9620c038cf99bbf63e34656422fc0f867e85d9af250b64308b0384f73ec42,76e694c21e709359f62f03a0ba5a97ba6db86a88,GBM_CFG=results/gbm_deephedge/benchmark_6_2/runs/seed_0006__train_oracle__feat_b__obj_cvar_a0.95__sigtrue_0.2__sigbar_0.15__lam_0.001/run_cfg.json python -m src.train_deephedge_gbm
train=oracle|feat=B|obj=cvar|sigtrue=0.2|sigbar=0.1|lam=0|robust=none,seed_0006__train_oracle__feat_b__obj_cvar_a0.95__sigtrue_0.2__sigbar_0.1__lam_0,2026-04-02T01:27:35Z,completed,main_benchmark,main,benchmark,True,bs_delta,oracle,deep_hedge_oracle,6,B,cvar,0.2,0.1,0.0,,-7.101579346153713e-05,0.022453989272692314,0.00032464746575375236,0.041938835404896596,0.05517565369556348,0.06356921419542197,0.07514138525994468,3.943150051813498,9.694604764517733,394315.0051813498,results/gbm_deephedge/benchmark_6_2/runs/seed_0006__train_oracle__feat_b__obj_cvar_a0.95__sigtrue_0.2__sigbar_0.1__lam_0,results/gbm_deephedge,006ae178bb591f80a9ca499c5141d6c4ac7300a8f6933fd2f8adbd8c7c453a7f,76e694c21e709359f62f03a0ba5a97ba6db86a88,GBM_CFG=results/gbm_deephedge/benchmark_6_2/runs/seed_0006__train_oracle__feat_b__obj_cvar_a0.95__sigtrue_0.2__sigbar_0.1__lam_0/run_cfg.json python -m src.train_deephedge_gbm
train=oracle|feat=B|obj=cvar|sigtrue=0.2|sigbar=0.1|lam=0|robust=none,seed_0006__train_oracle__feat_b__obj_cvar_a0.95__sigtrue_0.2__sigbar_0.1__lam_0,2026-04-02T01:27:35Z,completed,main_benchmark,main,benchmark,True,deep_hedge_oracle,oracle,deep_hedge_oracle,6,B,cvar,0.2,0.1,0.0,,1.55083580466453e-05,0.011525526642799377,5.0846487283706665e-05,0.01651417277753353,0.02123204804956913,0.024124816060066223,0.029009195044636726,3.214136476701498,6.080441474914551,321413.6476701498,results/gbm_deephedge/benchmark_6_2/runs/seed_0006__train_oracle__feat_b__obj_cvar_a0.95__sigtrue_0.2__sigbar_0.1__lam_0,results/gbm_deephedge,006ae178bb591f80a9ca499c5141d6c4ac7300a8f6933fd2f8adbd8c7c453a7f,76e694c21e709359f62f03a0ba5a97ba6db86a88,GBM_CFG=results/gbm_deephedge/benchmark_6_2/runs/seed_0006__train_oracle__feat_b__obj_cvar_a0.95__sigtrue_0.2__sigbar_0.1__lam_0/run_cfg.json python -m src.train_deephedge_gbm
train=oracle|feat=B|obj=cvar|sigtrue=0.2|sigbar=0.1|lam=0.0001|robust=none,seed_0006__train_oracle__feat_b__obj_cvar_a0.95__sigtrue_0.2__sigbar_0.1__lam_0.0001,2026-04-02T01:28:00Z,completed,main_benchmark,main,benchmark,True,bs_delta,oracle,deep_hedge_oracle,6,B,cvar,0.2,0.1,0.0001,,-0.0004727632204550926,0.022587562517356483,0.0007294228143715775,0.04257914099799948,0.05584865509391733,0.06428632143918807,0.07586681837190422,3.943150051813498,9.694604764517733,394315.0051813498,results/gbm_deephedge/benchmark_6_2/runs/seed_0006__train_oracle__feat_b__obj_cvar_a0.95__sigtrue_0.2__sigbar_0.1__lam_0.0001,results/gbm_deephedge,eaf3b1462f264c2f5093fe528ba5e4cc7bc77a9636fc5883845924413b509f21,76e694c21e709359f62f03a0ba5a97ba6db86a88,GBM_CFG=results/gbm_deephedge/benchmark_6_2/runs/seed_0006__train_oracle__feat_b__obj_cvar_a0.95__sigtrue_0.2__sigbar_0.1__lam_0.0001/run_cfg.json python -m src.train_deephedge_gbm
train=oracle|feat=B|obj=cvar|sigtrue=0.2|sigbar=0.1|lam=0.0001|robust=none,seed_0006__train_oracle__feat_b__obj_cvar_a0.95__sigtrue_0.2__sigbar_0.1__lam_0.0001,2026-04-02T01:28:00Z,completed,main_benchmark,main,benchmark,True,deep_hedge_oracle,oracle,deep_hedge_oracle,6,B,cvar,0.2,0.1,0.0001,,-0.0003020528529305011,0.0119956498965621,0.0003738030791282654,0.0170938428491354,0.02143613062798977,0.0239140335470438,0.028472408652305603,3.1895749048638344,6.006136894226074,318957.49048638344,results/gbm_deephedge/benchmark_6_2/runs/seed_0006__train_oracle__feat_b__obj_cvar_a0.95__sigtrue_0.2__sigbar_0.1__lam_0.0001,results/gbm_deephedge,eaf3b1462f264c2f5093fe528ba5e4cc7bc77a9636fc5883845924413b509f21,76e694c21e709359f62f03a0ba5a97ba6db86a88,GBM_CFG=results/gbm_deephedge/benchmark_6_2/runs/seed_0006__train_oracle__feat_b__obj_cvar_a0.95__sigtrue_0.2__sigbar_0.1__lam_0.0001/run_cfg.json python -m src.train_deephedge_gbm
train=oracle|feat=B|obj=cvar|sigtrue=0.2|sigbar=0.1|lam=0.0005|robust=none,seed_0006__train_oracle__feat_b__obj_cvar_a0.95__sigtrue_0.2__sigbar_0.1__lam_0.0005,2026-04-02T01:28:24Z,completed,main_benchmark,main,benchmark,True,bs_delta,oracle,deep_hedge_oracle,6,B,cvar,0.2,0.1,0.0005,,-0.0020797530747035885,0.023124962827499315,0.0023487763223462854,0.04508762599309693,0.058545308694915726,0.06717261643535866,0.07877398899808614,3.943150051813498,9.694604764517733,394315.0051813498,results/gbm_deephedge/benchmark_6_2/runs/seed_0006__train_oracle__feat_b__obj_cvar_a0.95__sigtrue_0.2__sigbar_0.1__lam_0.0005,results/gbm_deephedge,706eb679497097a5cddc34a5c6560d30eeedb38b3052601b8067a1b96ff9883c,76e694c21e709359f62f03a0ba5a97ba6db86a88,GBM_CFG=results/gbm_deephedge/benchmark_6_2/runs/seed_0006__train_oracle__feat_b__obj_cvar_a0.95__sigtrue_0.2__sigbar_0.1__lam_0.0005/run_cfg.json python -m src.train_deephedge_gbm
train=oracle|feat=B|obj=cvar|sigtrue=0.2|sigbar=0.1|lam=0.0005|robust=none,seed_0006__train_oracle__feat_b__obj_cvar_a0.95__sigtrue_0.2__sigbar_0.1__lam_0.0005,2026-04-02T01:28:24Z,completed,main_benchmark,main,benchmark,True,deep_hedge_oracle,oracle,deep_hedge_oracle,6,B,cvar,0.2,0.1,0.0005,,-0.0015875977696850896,0.012034385465085506,0.0016599148511886597,0.018536578863859177,0.023070676252245903,0.025709299370646477,0.030397923663258553,3.1677933693039417,5.877789497375488,316779.3369303942,results/gbm_deephedge/benchmark_6_2/runs/seed_0006__train_oracle__feat_b__obj_cvar_a0.95__sigtrue_0.2__sigbar_0.1__lam_0.0005,results/gbm_deephedge,706eb679497097a5cddc34a5c6560d30eeedb38b3052601b8067a1b96ff9883c,76e694c21e709359f62f03a0ba5a97ba6db86a88,GBM_CFG=results/gbm_deephedge/benchmark_6_2/runs/seed_0006__train_oracle__feat_b__obj_cvar_a0.95__sigtrue_0.2__sigbar_0.1__lam_0.0005/run_cfg.json python -m src.train_deephedge_gbm
train=oracle|feat=B|obj=cvar|sigtrue=0.2|sigbar=0.1|lam=0.001|robust=none,seed_0006__train_oracle__feat_b__obj_cvar_a0.95__sigtrue_0.2__sigbar_0.1__lam_0.001,2026-04-02T01:28:48Z,completed,main_benchmark,main,benchmark,True,bs_delta,oracle,deep_hedge_oracle,6,B,cvar,0.2,0.1,0.001,,-0.004088490355945641,0.023803309073661325,0.004373535153414987,0.04825180461226569,0.06192443095994179,0.07078147544922707,0.08242051106812798,3.943150051813498,9.694604764517733,394315.0051813498,results/gbm_deephedge/benchmark_6_2/runs/seed_0006__train_oracle__feat_b__obj_cvar_a0.95__sigtrue_0.2__sigbar_0.1__lam_0.001,results/gbm_deephedge,5c5500e3d1fa9136eabd2152ec3dd7ddedc809629e9b603bfa19e972ca89809b,76e694c21e709359f62f03a0ba5a97ba6db86a88,GBM_CFG=results/gbm_deephedge/benchmark_6_2/runs/seed_0006__train_oracle__feat_b__obj_cvar_a0.95__sigtrue_0.2__sigbar_0.1__lam_0.001/run_cfg.json python -m src.train_deephedge_gbm
train=oracle|feat=B|obj=cvar|sigtrue=0.2|sigbar=0.1|lam=0.001|robust=none,seed_0006__train_oracle__feat_b__obj_cvar_a0.95__sigtrue_0.2__sigbar_0.1__lam_0.001,2026-04-02T01:28:48Z,completed,main_benchmark,main,benchmark,True,deep_hedge_oracle,oracle,deep_hedge_oracle,6,B,cvar,0.2,0.1,0.001,,-0.003085550619289279,0.0126494737342,0.0031653456389904022,0.02085445076227188,0.025129886344075203,0.027661554515361786,0.03197599947452545,3.066988881087303,5.605833053588867,306698.8881087303,results/gbm_deephedge/benchmark_6_2/runs/seed_0006__train_oracle__feat_b__obj_cvar_a0.95__sigtrue_0.2__sigbar_0.1__lam_0.001,results/gbm_deephedge,5c5500e3d1fa9136eabd2152ec3dd7ddedc809629e9b603bfa19e972ca89809b,76e694c21e709359f62f03a0ba5a97ba6db86a88,GBM_CFG=results/gbm_deephedge/benchmark_6_2/runs/seed_0006__train_oracle__feat_b__obj_cvar_a0.95__sigtrue_0.2__sigbar_0.1__lam_0.001/run_cfg.json python -m src.train_deephedge_gbm
train=oracle|feat=B|obj=cvar|sigtrue=0.2|sigbar=0.25|lam=0|robust=none,seed_0006__train_oracle__feat_b__obj_cvar_a0.95__sigtrue_0.2__sigbar_0.25__lam_0,2026-04-02T01:27:41Z,completed,main_benchmark,main,benchmark,True,bs_delta,oracle,deep_hedge_oracle,6,B,cvar,0.2,0.25,0.0,,3.077883679335133e-05,0.011793801366173773,3.863037340591513e-05,0.016865765539809244,0.02053245553257997,0.022555992219297306,0.02650389023919939,3.0004674315260975,5.7803207475582905,300046.74315260974,results/gbm_deephedge/benchmark_6_2/runs/seed_0006__train_oracle__feat_b__obj_cvar_a0.95__sigtrue_0.2__sigbar_0.25__lam_0,results/gbm_deephedge,15bfc48a2600a7697a7895a769262e69856be69114134eade26c12dcd5c790fc,76e694c21e709359f62f03a0ba5a97ba6db86a88,GBM_CFG=results/gbm_deephedge/benchmark_6_2/runs/seed_0006__train_oracle__feat_b__obj_cvar_a0.95__sigtrue_0.2__sigbar_0.25__lam_0/run_cfg.json python -m src.train_deephedge_gbm
train=oracle|feat=B|obj=cvar|sigtrue=0.2|sigbar=0.25|lam=0|robust=none,seed_0006__train_oracle__feat_b__obj_cvar_a0.95__sigtrue_0.2__sigbar_0.25__lam_0,2026-04-02T01:27:41Z,completed,main_benchmark,main,benchmark,True,deep_hedge_oracle,oracle,deep_hedge_oracle,6,B,cvar,0.2,0.25,0.0,,1.55083580466453e-05,0.011525526642799377,5.0846487283706665e-05,0.01651417277753353,0.02123204804956913,0.024124816060066223,0.029009195044636726,3.214136476701498,6.080441474914551,321413.6476701498,results/gbm_deephedge/benchmark_6_2/runs/seed_0006__train_oracle__feat_b__obj_cvar_a0.95__sigtrue_0.2__sigbar_0.25__lam_0,results/gbm_deephedge,15bfc48a2600a7697a7895a769262e69856be69114134eade26c12dcd5c790fc,76e694c21e709359f62f03a0ba5a97ba6db86a88,GBM_CFG=results/gbm_deephedge/benchmark_6_2/runs/seed_0006__train_oracle__feat_b__obj_cvar_a0.95__sigtrue_0.2__sigbar_0.25__lam_0/run_cfg.json python -m src.train_deephedge_gbm
train=oracle|feat=B|obj=cvar|sigtrue=0.2|sigbar=0.25|lam=0.0001|robust=none,seed_0006__train_oracle__feat_b__obj_cvar_a0.95__sigtrue_0.2__sigbar_0.25__lam_0.0001,2026-04-02T01:28:05Z,completed,main_benchmark,main,benchmark,True,bs_delta,oracle,deep_hedge_oracle,6,B,cvar,0.2,0.25,0.0001,,-0.0002761400546002989,0.011768447711141898,0.0003452513021353562,0.017139606203808944,0.020816739701646138,0.022845594161053476,0.026837693499525406,3.0004674315260975,5.7803207475582905,300046.74315260974,results/gbm_deephedge/benchmark_6_2/runs/seed_0006__train_oracle__feat_b__obj_cvar_a0.95__sigtrue_0.2__sigbar_0.25__lam_0.0001,results/gbm_deephedge,bb09efa05f38ca51421e08650f134f02ca29521e7df6636392cad71280e2b363,76e694c21e709359f62f03a0ba5a97ba6db86a88,GBM_CFG=results/gbm_deephedge/benchmark_6_2/runs/seed_0006__train_oracle__feat_b__obj_cvar_a0.95__sigtrue_0.2__sigbar_0.25__lam_0.0001/run_cfg.json python -m src.train_deephedge_gbm
train=oracle|feat=B|obj=cvar|sigtrue=0.2|sigbar=0.25|lam=0.0001|robust=none,seed_0006__train_oracle__feat_b__obj_cvar_a0.95__sigtrue_0.2__sigbar_0.25__lam_0.0001,2026-04-02T01:28:05Z,completed,main_benchmark,main,benchmark,True,deep_hedge_oracle,oracle,deep_hedge_oracle,6,B,cvar,0.2,0.25,0.0001,,-0.0003020528529305011,0.0119956498965621,0.0003738030791282654,0.0170938428491354,0.02143613062798977,0.0239140335470438,0.028472408652305603,3.1895749048638344,6.006136894226074,318957.49048638344,results/gbm_deephedge/benchmark_6_2/runs/seed_0006__train_oracle__feat_b__obj_cvar_a0.95__sigtrue_0.2__sigbar_0.25__lam_0.0001,results/gbm_deephedge,bb09efa05f38ca51421e08650f134f02ca29521e7df6636392cad71280e2b363,76e694c21e709359f62f03a0ba5a97ba6db86a88,GBM_CFG=results/gbm_deephedge/benchmark_6_2/runs/seed_0006__train_oracle__feat_b__obj_cvar_a0.95__sigtrue_0.2__sigbar_0.25__lam_0.0001/run_cfg.json python -m src.train_deephedge_gbm
train=oracle|feat=B|obj=cvar|sigtrue=0.2|sigbar=0.25|lam=0.0005|robust=none,seed_0006__train_oracle__feat_b__obj_cvar_a0.95__sigtrue_0.2__sigbar_0.25__lam_0.0005,2026-04-02T01:28:29Z,completed,main_benchmark,main,benchmark,True,bs_delta,oracle,deep_hedge_oracle,6,B,cvar,0.2,0.25,0.0005,,-0.0015038157319182076,0.011672874284599214,0.0015718099992110338,0.018210489641797774,0.021980123324086737,0.024034015870872567,0.02821660475447655,3.0004674315260975,5.7803207475582905,300046.74315260974,results/gbm_deephedge/benchmark_6_2/runs/seed_0006__train_oracle__feat_b__obj_cvar_a0.95__sigtrue_0.2__sigbar_0.25__lam_0.0005,results/gbm_deephedge,d9d8383d0c216f9c4478008747c79a1a9895058ed07a122afe753d8bbd7a60a4,76e694c21e709359f62f03a0ba5a97ba6db86a88,GBM_CFG=results/gbm_deephedge/benchmark_6_2/runs/seed_0006__train_oracle__feat_b__obj_cvar_a0.95__sigtrue_0.2__sigbar_0.25__lam_0.0005/run_cfg.json python -m src.train_deephedge_gbm
train=oracle|feat=B|obj=cvar|sigtrue=0.2|sigbar=0.25|lam=0.0005|robust=none,seed_0006__train_oracle__feat_b__obj_cvar_a0.95__sigtrue_0.2__sigbar_0.25__lam_0.0005,2026-04-02T01:28:29Z,completed,main_benchmark,main,benchmark,True,deep_hedge_oracle,oracle,deep_hedge_oracle,6,B,cvar,0.2,0.25,0.0005,,-0.0015875977696850896,0.012034385465085506,0.0016599148511886597,0.018536578863859177,0.023070676252245903,0.025709299370646477,0.030397923663258553,3.1677933693039417,5.877789497375488,316779.3369303942,results/gbm_deephedge/benchmark_6_2/runs/seed_0006__train_oracle__feat_b__obj_cvar_a0.95__sigtrue_0.2__sigbar_0.25__lam_0.0005,results/gbm_deephedge,d9d8383d0c216f9c4478008747c79a1a9895058ed07a122afe753d8bbd7a60a4,76e694c21e709359f62f03a0ba5a97ba6db86a88,GBM_CFG=results/gbm_deephedge/benchmark_6_2/runs/seed_0006__train_oracle__feat_b__obj_cvar_a0.95__sigtrue_0.2__sigbar_0.25__lam_0.0005/run_cfg.json python -m src.train_deephedge_gbm
train=oracle|feat=B|obj=cvar|sigtrue=0.2|sigbar=0.25|lam=0.001|robust=none,seed_0006__train_oracle__feat_b__obj_cvar_a0.95__sigtrue_0.2__sigbar_0.25__lam_0.001,2026-04-02T01:28:54Z,completed,main_benchmark,main,benchmark,True,bs_delta,oracle,deep_hedge_oracle,6,B,cvar,0.2,0.25,0.001,,-0.0030384103006297664,0.01156681506228984,0.0031051767881135825,0.019553569506714736,0.023491637955828683,0.025631445298350635,0.030015644133870666,3.0004674315260975,5.7803207475582905,300046.74315260974,results/gbm_deephedge/benchmark_6_2/runs/seed_0006__train_oracle__feat_b__obj_cvar_a0.95__sigtrue_0.2__sigbar_0.25__lam_0.001,results/gbm_deephedge,13ba79d845e4fa12c0f84e96ff2f7a160773ec68d03af3bc1392b71fa80085a1,76e694c21e709359f62f03a0ba5a97ba6db86a88,GBM_CFG=results/gbm_deephedge/benchmark_6_2/runs/seed_0006__train_oracle__feat_b__obj_cvar_a0.95__sigtrue_0.2__sigbar_0.25__lam_0.001/run_cfg.json python -m src.train_deephedge_gbm
train=oracle|feat=B|obj=cvar|sigtrue=0.2|sigbar=0.25|lam=0.001|robust=none,seed_0006__train_oracle__feat_b__obj_cvar_a0.95__sigtrue_0.2__sigbar_0.25__lam_0.001,2026-04-02T01:28:54Z,completed,main_benchmark,main,benchmark,True,deep_hedge_oracle,oracle,deep_hedge_oracle,6,B,cvar,0.2,0.25,0.001,,-0.003085550619289279,0.0126494737342,0.0031653456389904022,0.02085445076227188,0.025129886344075203,0.027661554515361786,0.03197599947452545,3.066988881087303,5.605833053588867,306698.8881087303,results/gbm_deephedge/benchmark_6_2/runs/seed_0006__train_oracle__feat_b__obj_cvar_a0.95__sigtrue_0.2__sigbar_0.25__lam_0.001,results/gbm_deephedge,13ba79d845e4fa12c0f84e96ff2f7a160773ec68d03af3bc1392b71fa80085a1,76e694c21e709359f62f03a0ba5a97ba6db86a88,GBM_CFG=results/gbm_deephedge/benchmark_6_2/runs/seed_0006__train_oracle__feat_b__obj_cvar_a0.95__sigtrue_0.2__sigbar_0.25__lam_0.001/run_cfg.json python -m src.train_deephedge_gbm
train=oracle|feat=B|obj=cvar|sigtrue=0.2|sigbar=0.2|lam=0|robust=none,seed_0006__train_oracle__feat_b__obj_cvar_a0.95__sigtrue_0.2__sigbar_0.2__lam_0,2026-04-01T22:16:45Z,completed,main_benchmark,main,benchmark,True,bs_delta,oracle,deep_hedge_oracle,6,B,cvar,0.2,0.2,0.0,,4.983023046663305e-06,0.009745321519910692,4.253988031034661e-05,0.015948550877190288,0.022616804895022057,0.026555031036234713,0.033430184949348234,3.232825029842361,6.5849482729247635,323282.5029842361,results/gbm_deephedge/benchmark_6_2/runs/seed_0006__train_oracle__feat_b__obj_cvar_a0.95__sigtrue_0.2__sigbar_0.2__lam_0,results/gbm_deephedge,3e23ae7f05b4668706298388b17c79af80e1997df4cc6be3827dd527edd97c4e,76e694c21e709359f62f03a0ba5a97ba6db86a88,GBM_CFG=results/gbm_deephedge/benchmark_6_2/runs/seed_0006__train_oracle__feat_b__obj_cvar_a0.95__sigtrue_0.2__sigbar_0.2__lam_0/run_cfg.json python -m src.train_deephedge_gbm
train=oracle|feat=B|obj=cvar|sigtrue=0.2|sigbar=0.2|lam=0|robust=none,seed_0006__train_oracle__feat_b__obj_cvar_a0.95__sigtrue_0.2__sigbar_0.2__lam_0,2026-04-01T22:16:45Z,completed,main_benchmark,main,benchmark,True,deep_hedge_oracle,oracle,deep_hedge_oracle,6,B,cvar,0.2,0.2,0.0,,1.55083580466453e-05,0.011525526642799377,5.0846487283706665e-05,0.01651417277753353,0.02123204804956913,0.024124816060066223,0.029009195044636726,3.214136476701498,6.080441474914551,321413.6476701498,results/gbm_deephedge/benchmark_6_2/runs/seed_0006__train_oracle__feat_b__obj_cvar_a0.95__sigtrue_0.2__sigbar_0.2__lam_0,results/gbm_deephedge,3e23ae7f05b4668706298388b17c79af80e1997df4cc6be3827dd527edd97c4e,76e694c21e709359f62f03a0ba5a97ba6db86a88,GBM_CFG=results/gbm_deephedge/benchmark_6_2/runs/seed_0006__train_oracle__feat_b__obj_cvar_a0.95__sigtrue_0.2__sigbar_0.2__lam_0/run_cfg.json python -m src.train_deephedge_gbm
train=oracle|feat=B|obj=cvar|sigtrue=0.2|sigbar=0.2|lam=0.0001|robust=none,seed_0006__train_oracle__feat_b__obj_cvar_a0.95__sigtrue_0.2__sigbar_0.2__lam_0.0001,2026-04-01T22:57:43Z,completed,main_benchmark,main,benchmark,True,bs_delta,oracle,deep_hedge_oracle,6,B,cvar,0.2,0.2,0.0001,,-0.00032532027933712416,0.009757546521495018,0.00037296488806894124,0.016353962399928212,0.023048212132586666,0.02701099957366997,0.033899605840771396,3.232825029842361,6.5849482729247635,323282.5029842361,results/gbm_deephedge/benchmark_6_2/runs/seed_0006__train_oracle__feat_b__obj_cvar_a0.95__sigtrue_0.2__sigbar_0.2__lam_0.0001,results/gbm_deephedge,377e68c99fc46e3909cb07dcf4d63bb98e1dced2543291268025183c8e7daae1,76e694c21e709359f62f03a0ba5a97ba6db86a88,GBM_CFG=results/gbm_deephedge/benchmark_6_2/runs/seed_0006__train_oracle__feat_b__obj_cvar_a0.95__sigtrue_0.2__sigbar_0.2__lam_0.0001/run_cfg.json python -m src.train_deephedge_gbm
train=oracle|feat=B|obj=cvar|sigtrue=0.2|sigbar=0.2|lam=0.0001|robust=none,seed_0006__train_oracle__feat_b__obj_cvar_a0.95__sigtrue_0.2__sigbar_0.2__lam_0.0001,2026-04-01T22:57:43Z,completed,main_benchmark,main,benchmark,True,deep_hedge_oracle,oracle,deep_hedge_oracle,6,B,cvar,0.2,0.2,0.0001,,-0.0003020528529305011,0.0119956498965621,0.0003738030791282654,0.0170938428491354,0.02143613062798977,0.0239140335470438,0.028472408652305603,3.1895749048638344,6.006136894226074,318957.49048638344,results/gbm_deephedge/benchmark_6_2/runs/seed_0006__train_oracle__feat_b__obj_cvar_a0.95__sigtrue_0.2__sigbar_0.2__lam_0.0001,results/gbm_deephedge,377e68c99fc46e3909cb07dcf4d63bb98e1dced2543291268025183c8e7daae1,76e694c21e709359f62f03a0ba5a97ba6db86a88,GBM_CFG=results/gbm_deephedge/benchmark_6_2/runs/seed_0006__train_oracle__feat_b__obj_cvar_a0.95__sigtrue_0.2__sigbar_0.2__lam_0.0001/run_cfg.json python -m src.train_deephedge_gbm
train=oracle|feat=B|obj=cvar|sigtrue=0.2|sigbar=0.2|lam=0.0005|robust=none,seed_0006__train_oracle__feat_b__obj_cvar_a0.95__sigtrue_0.2__sigbar_0.2__lam_0.0005,2026-04-01T23:45:11Z,completed,main_benchmark,main,benchmark,True,bs_delta,oracle,deep_hedge_oracle,6,B,cvar,0.2,0.2,0.0005,,-0.0016465336091256288,0.009816505473398152,0.0016947654342636537,0.017949913420229117,0.024784407785904187,0.028847036754038907,0.03578605002858261,3.232825029842361,6.5849482729247635,323282.5029842361,results/gbm_deephedge/benchmark_6_2/runs/seed_0006__train_oracle__feat_b__obj_cvar_a0.95__sigtrue_0.2__sigbar_0.2__lam_0.0005,results/gbm_deephedge,14b4a77e8695eaf31b097a000cb1ecd7ad70165bfd583af97373e1981bb52e65,76e694c21e709359f62f03a0ba5a97ba6db86a88,GBM_CFG=results/gbm_deephedge/benchmark_6_2/runs/seed_0006__train_oracle__feat_b__obj_cvar_a0.95__sigtrue_0.2__sigbar_0.2__lam_0.0005/run_cfg.json python -m src.train_deephedge_gbm
train=oracle|feat=B|obj=cvar|sigtrue=0.2|sigbar=0.2|lam=0.0005|robust=none,seed_0006__train_oracle__feat_b__obj_cvar_a0.95__sigtrue_0.2__sigbar_0.2__lam_0.0005,2026-04-01T23:45:11Z,completed,main_benchmark,main,benchmark,True,deep_hedge_oracle,oracle,deep_hedge_oracle,6,B,cvar,0.2,0.2,0.0005,,-0.0015875977696850896,0.012034385465085506,0.0016599148511886597,0.018536578863859177,0.023070676252245903,0.025709299370646477,0.030397923663258553,3.1677933693039417,5.877789497375488,316779.3369303942,results/gbm_deephedge/benchmark_6_2/runs/seed_0006__train_oracle__feat_b__obj_cvar_a0.95__sigtrue_0.2__sigbar_0.2__lam_0.0005,results/gbm_deephedge,14b4a77e8695eaf31b097a000cb1ecd7ad70165bfd583af97373e1981bb52e65,76e694c21e709359f62f03a0ba5a97ba6db86a88,GBM_CFG=results/gbm_deephedge/benchmark_6_2/runs/seed_0006__train_oracle__feat_b__obj_cvar_a0.95__sigtrue_0.2__sigbar_0.2__lam_0.0005/run_cfg.json python -m src.train_deephedge_gbm
train=oracle|feat=B|obj=cvar|sigtrue=0.2|sigbar=0.2|lam=0.001|robust=none,seed_0006__train_oracle__feat_b__obj_cvar_a0.95__sigtrue_0.2__sigbar_0.2__lam_0.001,2026-04-02T00:25:13Z,completed,main_benchmark,main,benchmark,True,bs_delta,oracle,deep_hedge_oracle,6,B,cvar,0.2,0.2,0.001,,-0.003298050241297921,0.009912477274337073,0.0033472419620289434,0.020017627949190375,0.026977094601677062,0.03117413430683097,0.03816231375736319,3.232825029842361,6.5849482729247635,323282.5029842361,results/gbm_deephedge/benchmark_6_2/runs/seed_0006__train_oracle__feat_b__obj_cvar_a0.95__sigtrue_0.2__sigbar_0.2__lam_0.001,results/gbm_deephedge,c83c8f2bc4b0b89320d0f39d335a9ab4a2516e619971b235722899bf2323c9ab,76e694c21e709359f62f03a0ba5a97ba6db86a88,GBM_CFG=results/gbm_deephedge/benchmark_6_2/runs/seed_0006__train_oracle__feat_b__obj_cvar_a0.95__sigtrue_0.2__sigbar_0.2__lam_0.001/run_cfg.json python -m src.train_deephedge_gbm
train=oracle|feat=B|obj=cvar|sigtrue=0.2|sigbar=0.2|lam=0.001|robust=none,seed_0006__train_oracle__feat_b__obj_cvar_a0.95__sigtrue_0.2__sigbar_0.2__lam_0.001,2026-04-02T00:25:13Z,completed,main_benchmark,main,benchmark,True,deep_hedge_oracle,oracle,deep_hedge_oracle,6,B,cvar,0.2,0.2,0.001,,-0.003085550619289279,0.0126494737342,0.0031653456389904022,0.02085445076227188,0.025129886344075203,0.027661554515361786,0.03197599947452545,3.066988881087303,5.605833053588867,306698.8881087303,results/gbm_deephedge/benchmark_6_2/runs/seed_0006__train_oracle__feat_b__obj_cvar_a0.95__sigtrue_0.2__sigbar_0.2__lam_0.001,results/gbm_deephedge,c83c8f2bc4b0b89320d0f39d335a9ab4a2516e619971b235722899bf2323c9ab,76e694c21e709359f62f03a0ba5a97ba6db86a88,GBM_CFG=results/gbm_deephedge/benchmark_6_2/runs/seed_0006__train_oracle__feat_b__obj_cvar_a0.95__sigtrue_0.2__sigbar_0.2__lam_0.001/run_cfg.json python -m src.train_deephedge_gbm
train=oracle|feat=B|obj=cvar|sigtrue=0.2|sigbar=0.3|lam=0|robust=none,seed_0006__train_oracle__feat_b__obj_cvar_a0.95__sigtrue_0.2__sigbar_0.3__lam_0,2026-04-02T01:27:44Z,completed,main_benchmark,main,benchmark,True,bs_delta,oracle,deep_hedge_oracle,6,B,cvar,0.2,0.3,0.0,,5.160597985768175e-05,0.015451105256633827,6.757138440555838e-05,0.023451996518382756,0.027394427020189387,0.02991427481523469,0.03268242344894953,2.817419324087984,5.203060381378771,281741.9324087984,results/gbm_deephedge/benchmark_6_2/runs/seed_0006__train_oracle__feat_b__obj_cvar_a0.95__sigtrue_0.2__sigbar_0.3__lam_0,results/gbm_deephedge,b0017950d00aaea7241f900d91755cba0040b7be179e315474cf3c3dd1174991,76e694c21e709359f62f03a0ba5a97ba6db86a88,GBM_CFG=results/gbm_deephedge/benchmark_6_2/runs/seed_0006__train_oracle__feat_b__obj_cvar_a0.95__sigtrue_0.2__sigbar_0.3__lam_0/run_cfg.json python -m src.train_deephedge_gbm
train=oracle|feat=B|obj=cvar|sigtrue=0.2|sigbar=0.3|lam=0|robust=none,seed_0006__train_oracle__feat_b__obj_cvar_a0.95__sigtrue_0.2__sigbar_0.3__lam_0,2026-04-02T01:27:44Z,completed,main_benchmark,main,benchmark,True,deep_hedge_oracle,oracle,deep_hedge_oracle,6,B,cvar,0.2,0.3,0.0,,1.55083580466453e-05,0.011525526642799377,5.0846487283706665e-05,0.01651417277753353,0.02123204804956913,0.024124816060066223,0.029009195044636726,3.214136476701498,6.080441474914551,321413.6476701498,results/gbm_deephedge/benchmark_6_2/runs/seed_0006__train_oracle__feat_b__obj_cvar_a0.95__sigtrue_0.2__sigbar_0.3__lam_0,results/gbm_deephedge,b0017950d00aaea7241f900d91755cba0040b7be179e315474cf3c3dd1174991,76e694c21e709359f62f03a0ba5a97ba6db86a88,GBM_CFG=results/gbm_deephedge/benchmark_6_2/runs/seed_0006__train_oracle__feat_b__obj_cvar_a0.95__sigtrue_0.2__sigbar_0.3__lam_0/run_cfg.json python -m src.train_deephedge_gbm
train=oracle|feat=B|obj=cvar|sigtrue=0.2|sigbar=0.3|lam=0.0001|robust=none,seed_0006__train_oracle__feat_b__obj_cvar_a0.95__sigtrue_0.2__sigbar_0.3__lam_0.0001,2026-04-02T01:28:08Z,completed,main_benchmark,main,benchmark,True,bs_delta,oracle,deep_hedge_oracle,6,B,cvar,0.2,0.3,0.0001,,-0.00023687781829633472,0.015419176320437846,0.0003555613797059029,0.02366270467228481,0.027601163882040838,0.030097932668067474,0.03287897312735739,2.817419324087984,5.203060381378771,281741.9324087984,results/gbm_deephedge/benchmark_6_2/runs/seed_0006__train_oracle__feat_b__obj_cvar_a0.95__sigtrue_0.2__sigbar_0.3__lam_0.0001,results/gbm_deephedge,67d863a54f505d69a81d2b906c93786076e93e588e996574dd09acf0e150511b,76e694c21e709359f62f03a0ba5a97ba6db86a88,GBM_CFG=results/gbm_deephedge/benchmark_6_2/runs/seed_0006__train_oracle__feat_b__obj_cvar_a0.95__sigtrue_0.2__sigbar_0.3__lam_0.0001/run_cfg.json python -m src.train_deephedge_gbm
train=oracle|feat=B|obj=cvar|sigtrue=0.2|sigbar=0.3|lam=0.0001|robust=none,seed_0006__train_oracle__feat_b__obj_cvar_a0.95__sigtrue_0.2__sigbar_0.3__lam_0.0001,2026-04-02T01:28:08Z,completed,main_benchmark,main,benchmark,True,deep_hedge_oracle,oracle,deep_hedge_oracle,6,B,cvar,0.2,0.3,0.0001,,-0.0003020528529305011,0.0119956498965621,0.0003738030791282654,0.0170938428491354,0.02143613062798977,0.0239140335470438,0.028472408652305603,3.1895749048638344,6.006136894226074,318957.49048638344,results/gbm_deephedge/benchmark_6_2/runs/seed_0006__train_oracle__feat_b__obj_cvar_a0.95__sigtrue_0.2__sigbar_0.3__lam_0.0001,results/gbm_deephedge,67d863a54f505d69a81d2b906c93786076e93e588e996574dd09acf0e150511b,76e694c21e709359f62f03a0ba5a97ba6db86a88,GBM_CFG=results/gbm_deephedge/benchmark_6_2/runs/seed_0006__train_oracle__feat_b__obj_cvar_a0.95__sigtrue_0.2__sigbar_0.3__lam_0.0001/run_cfg.json python -m src.train_deephedge_gbm
train=oracle|feat=B|obj=cvar|sigtrue=0.2|sigbar=0.3|lam=0.0005|robust=none,seed_0006__train_oracle__feat_b__obj_cvar_a0.95__sigtrue_0.2__sigbar_0.3__lam_0.0005,2026-04-02T01:28:32Z,completed,main_benchmark,main,benchmark,True,bs_delta,oracle,deep_hedge_oracle,6,B,cvar,0.2,0.3,0.0005,,-0.0013908131159481758,0.015294709543721273,0.001507581717101747,0.024575551197672407,0.028441563252706244,0.030907217551715205,0.03368614179651894,2.817419324087984,5.203060381378771,281741.9324087984,results/gbm_deephedge/benchmark_6_2/runs/seed_0006__train_oracle__feat_b__obj_cvar_a0.95__sigtrue_0.2__sigbar_0.3__lam_0.0005,results/gbm_deephedge,8e1df64e049251fc6cbe6abae43370346de2e8dbd5bc3d2ddbe6094b0dc106c2,76e694c21e709359f62f03a0ba5a97ba6db86a88,GBM_CFG=results/gbm_deephedge/benchmark_6_2/runs/seed_0006__train_oracle__feat_b__obj_cvar_a0.95__sigtrue_0.2__sigbar_0.3__lam_0.0005/run_cfg.json python -m src.train_deephedge_gbm
train=oracle|feat=B|obj=cvar|sigtrue=0.2|sigbar=0.3|lam=0.0005|robust=none,seed_0006__train_oracle__feat_b__obj_cvar_a0.95__sigtrue_0.2__sigbar_0.3__lam_0.0005,2026-04-02T01:28:32Z,completed,main_benchmark,main,benchmark,True,deep_hedge_oracle,oracle,deep_hedge_oracle,6,B,cvar,0.2,0.3,0.0005,,-0.0015875977696850896,0.012034385465085506,0.0016599148511886597,0.018536578863859177,0.023070676252245903,0.025709299370646477,0.030397923663258553,3.1677933693039417,5.877789497375488,316779.3369303942,results/gbm_deephedge/benchmark_6_2/runs/seed_0006__train_oracle__feat_b__obj_cvar_a0.95__sigtrue_0.2__sigbar_0.3__lam_0.0005,results/gbm_deephedge,8e1df64e049251fc6cbe6abae43370346de2e8dbd5bc3d2ddbe6094b0dc106c2,76e694c21e709359f62f03a0ba5a97ba6db86a88,GBM_CFG=results/gbm_deephedge/benchmark_6_2/runs/seed_0006__train_oracle__feat_b__obj_cvar_a0.95__sigtrue_0.2__sigbar_0.3__lam_0.0005/run_cfg.json python -m src.train_deephedge_gbm
train=oracle|feat=B|obj=cvar|sigtrue=0.2|sigbar=0.3|lam=0.001|robust=none,seed_0006__train_oracle__feat_b__obj_cvar_a0.95__sigtrue_0.2__sigbar_0.3__lam_0.001,2026-04-02T01:28:57Z,completed,main_benchmark,main,benchmark,True,bs_delta,oracle,deep_hedge_oracle,6,B,cvar,0.2,0.3,0.001,,-0.0028332322117540333,0.015146584891259491,0.0029477426673161847,0.02572089547504342,0.029525751025966742,0.0319594313527054,0.034754808691293305,2.817419324087984,5.203060381378771,281741.9324087984,results/gbm_deephedge/benchmark_6_2/runs/seed_0006__train_oracle__feat_b__obj_cvar_a0.95__sigtrue_0.2__sigbar_0.3__lam_0.001,results/gbm_deephedge,33f4c2432a16c21c0689826e4a6f44381725c8b44ca8ed55b4015c7cd7c6cd1b,76e694c21e709359f62f03a0ba5a97ba6db86a88,GBM_CFG=results/gbm_deephedge/benchmark_6_2/runs/seed_0006__train_oracle__feat_b__obj_cvar_a0.95__sigtrue_0.2__sigbar_0.3__lam_0.001/run_cfg.json python -m src.train_deephedge_gbm
train=oracle|feat=B|obj=cvar|sigtrue=0.2|sigbar=0.3|lam=0.001|robust=none,seed_0006__train_oracle__feat_b__obj_cvar_a0.95__sigtrue_0.2__sigbar_0.3__lam_0.001,2026-04-02T01:28:57Z,completed,main_benchmark,main,benchmark,True,deep_hedge_oracle,oracle,deep_hedge_oracle,6,B,cvar,0.2,0.3,0.001,,-0.003085550619289279,0.0126494737342,0.0031653456389904022,0.02085445076227188,0.025129886344075203,0.027661554515361786,0.03197599947452545,3.066988881087303,5.605833053588867,306698.8881087303,results/gbm_deephedge/benchmark_6_2/runs/seed_0006__train_oracle__feat_b__obj_cvar_a0.95__sigtrue_0.2__sigbar_0.3__lam_0.001,results/gbm_deephedge,33f4c2432a16c21c0689826e4a6f44381725c8b44ca8ed55b4015c7cd7c6cd1b,76e694c21e709359f62f03a0ba5a97ba6db86a88,GBM_CFG=results/gbm_deephedge/benchmark_6_2/runs/seed_0006__train_oracle__feat_b__obj_cvar_a0.95__sigtrue_0.2__sigbar_0.3__lam_0.001/run_cfg.json python -m src.train_deephedge_gbm
"train=robust|feat=B|obj=cvar|sigtrue=0.2|sigbar=0.15|lam=0|robust=0.15,0.2,0.25",seed_0006__train_robust_s0.15-0.2-0.25__feat_b__obj_cvar_a0.95__sigtrue_0.2__sigbar_0.15__lam_0,2026-04-02T01:27:50Z,completed,main_benchmark,main,benchmark,True,bs_delta,robust,deep_hedge_robust,6,B,cvar,0.2,0.15,0.0,0.15|0.2|0.25,-2.8747277685091e-05,0.013045552258225275,0.00011424604153534301,0.024763065031287626,0.034305742725178334,0.040227316254837955,0.04899544043483695,3.535613530960048,7.764886198999912,353561.3530960048,results/gbm_deephedge/benchmark_6_2/runs/seed_0006__train_robust_s0.15-0.2-0.25__feat_b__obj_cvar_a0.95__sigtrue_0.2__sigbar_0.15__lam_0,results/gbm_deephedge,1cdb84e14fb9018685964c00bfa174158c0fa16c324e4ef736898e510265f106,76e694c21e709359f62f03a0ba5a97ba6db86a88,GBM_CFG=results/gbm_deephedge/benchmark_6_2/runs/seed_0006__train_robust_s0.15-0.2-0.25__feat_b__obj_cvar_a0.95__sigtrue_0.2__sigbar_0.15__lam_0/run_cfg.json python -m src.train_deephedge_gbm
"train=robust|feat=B|obj=cvar|sigtrue=0.2|sigbar=0.15|lam=0|robust=0.15,0.2,0.25",seed_0006__train_robust_s0.15-0.2-0.25__feat_b__obj_cvar_a0.95__sigtrue_0.2__sigbar_0.15__lam_0,2026-04-02T01:27:50Z,completed,main_benchmark,main,benchmark,True,deep_hedge_robust,robust,deep_hedge_robust,6,B,cvar,0.2,0.15,0.0,0.15|0.2|0.25,3.8155772926984355e-05,0.014151518233120441,6.175413727760315e-05,0.019946547225117683,0.023557275533676147,0.02560109831392765,0.02893914096057415,3.0237174536335467,5.41762638092041,302371.7453633547,results/gbm_deephedge/benchmark_6_2/runs/seed_0006__train_robust_s0.15-0.2-0.25__feat_b__obj_cvar_a0.95__sigtrue_0.2__sigbar_0.15__lam_0,results/gbm_deephedge,1cdb84e14fb9018685964c00bfa174158c0fa16c324e4ef736898e510265f106,76e694c21e709359f62f03a0ba5a97ba6db86a88,GBM_CFG=results/gbm_deephedge/benchmark_6_2/runs/seed_0006__train_robust_s0.15-0.2-0.25__feat_b__obj_cvar_a0.95__sigtrue_0.2__sigbar_0.15__lam_0/run_cfg.json python -m src.train_deephedge_gbm
"train=robust|feat=B|obj=cvar|sigtrue=0.2|sigbar=0.15|lam=0.0001|robust=0.15,0.2,0.25",seed_0006__train_robust_s0.15-0.2-0.25__feat_b__obj_cvar_a0.95__sigtrue_0.2__sigbar_0.15__lam_0.0001,2026-04-02T01:28:14Z,completed,main_benchmark,main,benchmark,True,bs_delta,robust,deep_hedge_robust,6,B,cvar,0.2,0.15,0.0001,0.15|0.2|0.25,-0.0003895112262544338,0.013123364699855368,0.00047603394079975825,0.025294943006095652,0.0348401529527722,0.04073523345183597,0.0495648763262331,3.535613530960048,7.764886198999912,353561.3530960048,results/gbm_deephedge/benchmark_6_2/runs/seed_0006__train_robust_s0.15-0.2-0.25__feat_b__obj_cvar_a0.95__sigtrue_0.2__sigbar_0.15__lam_0.0001,results/gbm_deephedge,c2049b21f551c36472af316cf6350823c17f67554d27fc1f24aa4aced5b7a4ae,76e694c21e709359f62f03a0ba5a97ba6db86a88,GBM_CFG=results/gbm_deephedge/benchmark_6_2/runs/seed_0006__train_robust_s0.15-0.2-0.25__feat_b__obj_cvar_a0.95__sigtrue_0.2__sigbar_0.15__lam_0.0001/run_cfg.json python -m src.train_deephedge_gbm
"train=robust|feat=B|obj=cvar|sigtrue=0.2|sigbar=0.15|lam=0.0001|robust=0.15,0.2,0.25",seed_0006__train_robust_s0.15-0.2-0.25__feat_b__obj_cvar_a0.95__sigtrue_0.2__sigbar_0.15__lam_0.0001,2026-04-02T01:28:14Z,completed,main_benchmark,main,benchmark,True,deep_hedge_robust,robust,deep_hedge_robust,6,B,cvar,0.2,0.15,0.0001,0.15|0.2|0.25,-0.0002605220361147076,0.014644153416156769,0.0003674924373626709,0.021505163982510567,0.025208940729498863,0.027386169880628586,0.030579952523112297,2.943445991895199,5.272583484649658,294344.5991895199,results/gbm_deephedge/benchmark_6_2/runs/seed_0006__train_robust_s0.15-0.2-0.25__feat_b__obj_cvar_a0.95__sigtrue_0.2__sigbar_0.15__lam_0.0001,results/gbm_deephedge,c2049b21f551c36472af316cf6350823c17f67554d27fc1f24aa4aced5b7a4ae,76e694c21e709359f62f03a0ba5a97ba6db86a88,GBM_CFG=results/gbm_deephedge/benchmark_6_2/runs/seed_0006__train_robust_s0.15-0.2-0.25__feat_b__obj_cvar_a0.95__sigtrue_0.2__sigbar_0.15__lam_0.0001/run_cfg.json python -m src.train_deephedge_gbm
"train=robust|feat=B|obj=cvar|sigtrue=0.2|sigbar=0.15|lam=0.0005|robust=0.15,0.2,0.25",seed_0006__train_robust_s0.15-0.2-0.25__feat_b__obj_cvar_a0.95__sigtrue_0.2__sigbar_0.15__lam_0.0005,2026-04-02T01:28:39Z,completed,main_benchmark,main,benchmark,True,bs_delta,robust,deep_hedge_robust,6,B,cvar,0.2,0.15,0.0005,0.15|0.2|0.25,-0.0018325671518755662,0.013441175132330407,0.0019233347334067508,0.027299037497404696,0.03698351827667434,0.042962272514342995,0.05184926573355109,3.535613530960048,7.764886198999912,353561.3530960048,results/gbm_deephedge/benchmark_6_2/runs/seed_0006__train_robust_s0.15-0.2-0.25__feat_b__obj_cvar_a0.95__sigtrue_0.2__sigbar_0.15__lam_0.0005,results/gbm_deephedge,7bf613a0a96e3d0e0a3e5f768d18591f9770316feae563af28a205704142c019,76e694c21e709359f62f03a0ba5a97ba6db86a88,GBM_CFG=results/gbm_deephedge/benchmark_6_2/runs/seed_0006__train_robust_s0.15-0.2-0.25__feat_b__obj_cvar_a0.95__sigtrue_0.2__sigbar_0.15__lam_0.0005/run_cfg.json python -m src.train_deephedge_gbm
"train=robust|feat=B|obj=cvar|sigtrue=0.2|sigbar=0.15|lam=0.0005|robust=0.15,0.2,0.25",seed_0006__train_robust_s0.15-0.2-0.25__feat_b__obj_cvar_a0.95__sigtrue_0.2__sigbar_0.15__lam_0.0005,2026-04-02T01:28:39Z,completed,main_benchmark,main,benchmark,True,deep_hedge_robust,robust,deep_hedge_robust,6,B,cvar,0.2,0.15,0.0005,0.15|0.2|0.25,-0.0014575079549103975,0.014824602752923965,0.0015671253204345703,0.022865088656544685,0.026733508333563805,0.028993358835577965,0.032213903963565826,2.948918096880913,5.243701457977295,294891.8096880913,results/gbm_deephedge/benchmark_6_2/runs/seed_0006__train_robust_s0.15-0.2-0.25__feat_b__obj_cvar_a0.95__sigtrue_0.2__sigbar_0.15__lam_0.0005,results/gbm_deephedge,7bf613a0a96e3d0e0a3e5f768d18591f9770316feae563af28a205704142c019,76e694c21e709359f62f03a0ba5a97ba6db86a88,GBM_CFG=results/gbm_deephedge/benchmark_6_2/runs/seed_0006__train_robust_s0.15-0.2-0.25__feat_b__obj_cvar_a0.95__sigtrue_0.2__sigbar_0.15__lam_0.0005/run_cfg.json python -m src.train_deephedge_gbm
"train=robust|feat=B|obj=cvar|sigtrue=0.2|sigbar=0.15|lam=0.001|robust=0.15,0.2,0.25",seed_0006__train_robust_s0.15-0.2-0.25__feat_b__obj_cvar_a0.95__sigtrue_0.2__sigbar_0.15__lam_0.001,2026-04-02T01:29:03Z,completed,main_benchmark,main,benchmark,True,bs_delta,robust,deep_hedge_robust,6,B,cvar,0.2,0.15,0.001,0.15|0.2|0.25,-0.0036363870260660404,0.013852345966797512,0.0037327960822169243,0.029846000050121176,0.03967480095551357,0.04575115571874754,0.054719086237787394,3.535613530960048,7.764886198999912,353561.3530960048,results/gbm_deephedge/benchmark_6_2/runs/seed_0006__train_robust_s0.15-0.2-0.25__feat_b__obj_cvar_a0.95__sigtrue_0.2__sigbar_0.15__lam_0.001,results/gbm_deephedge,0fe7e801859ef82c3985719a3af0edada5431a1ad9ba31cb404ff05903825a77,76e694c21e709359f62f03a0ba5a97ba6db86a88,GBM_CFG=results/gbm_deephedge/benchmark_6_2/runs/seed_0006__train_robust_s0.15-0.2-0.25__feat_b__obj_cvar_a0.95__sigtrue_0.2__sigbar_0.15__lam_0.001/run_cfg.json python -m src.train_deephedge_gbm
"train=robust|feat=B|obj=cvar|sigtrue=0.2|sigbar=0.15|lam=0.001|robust=0.15,0.2,0.25",seed_0006__train_robust_s0.15-0.2-0.25__feat_b__obj_cvar_a0.95__sigtrue_0.2__sigbar_0.15__lam_0.001,2026-04-02T01:29:03Z,completed,main_benchmark,main,benchmark,True,deep_hedge_robust,robust,deep_hedge_robust,6,B,cvar,0.2,0.15,0.001,0.15|0.2|0.25,-0.002860922832041979,0.01503841858357191,0.002973690629005432,0.024962279945611954,0.028909597545862198,0.031192757189273834,0.03423631191253662,2.8557153661584853,5.059384346008301,285571.53661584854,results/gbm_deephedge/benchmark_6_2/runs/seed_0006__train_robust_s0.15-0.2-0.25__feat_b__obj_cvar_a0.95__sigtrue_0.2__sigbar_0.15__lam_0.001,results/gbm_deephedge,0fe7e801859ef82c3985719a3af0edada5431a1ad9ba31cb404ff05903825a77,76e694c21e709359f62f03a0ba5a97ba6db86a88,GBM_CFG=results/gbm_deephedge/benchmark_6_2/runs/seed_0006__train_robust_s0.15-0.2-0.25__feat_b__obj_cvar_a0.95__sigtrue_0.2__sigbar_0.15__lam_0.001/run_cfg.json python -m src.train_deephedge_gbm
"train=robust|feat=B|obj=cvar|sigtrue=0.2|sigbar=0.1|lam=0|robust=0.15,0.2,0.25",seed_0006__train_robust_s0.15-0.2-0.25__feat_b__obj_cvar_a0.95__sigtrue_0.2__sigbar_0.1__lam_0,2026-04-02T01:27:47Z,completed,main_benchmark,main,benchmark,True,bs_delta,robust,deep_hedge_robust,6,B,cvar,0.2,0.1,0.0,0.15|0.2|0.25,-7.101579346153713e-05,0.022453989272692314,0.00032464746575375236,0.041938835404896596,0.05517565369556348,0.06356921419542197,0.07514138525994468,3.943150051813498,9.694604764517733,394315.0051813498,results/gbm_deephedge/benchmark_6_2/runs/seed_0006__train_robust_s0.15-0.2-0.25__feat_b__obj_cvar_a0.95__sigtrue_0.2__sigbar_0.1__lam_0,results/gbm_deephedge,ee5fcfa40af7796f9153931e5e5ec80950349f8397c6240430e2291680ed4ea5,76e694c21e709359f62f03a0ba5a97ba6db86a88,GBM_CFG=results/gbm_deephedge/benchmark_6_2/runs/seed_0006__train_robust_s0.15-0.2-0.25__feat_b__obj_cvar_a0.95__sigtrue_0.2__sigbar_0.1__lam_0/run_cfg.json python -m src.train_deephedge_gbm
"train=robust|feat=B|obj=cvar|sigtrue=0.2|sigbar=0.1|lam=0|robust=0.15,0.2,0.25",seed_0006__train_robust_s0.15-0.2-0.25__feat_b__obj_cvar_a0.95__sigtrue_0.2__sigbar_0.1__lam_0,2026-04-02T01:27:47Z,completed,main_benchmark,main,benchmark,True,deep_hedge_robust,robust,deep_hedge_robust,6,B,cvar,0.2,0.1,0.0,0.15|0.2|0.25,3.8155772926984355e-05,0.014151518233120441,6.175413727760315e-05,0.019946547225117683,0.023557275533676147,0.02560109831392765,0.02893914096057415,3.0237174536335467,5.41762638092041,302371.7453633547,results/gbm_deephedge/benchmark_6_2/runs/seed_0006__train_robust_s0.15-0.2-0.25__feat_b__obj_cvar_a0.95__sigtrue_0.2__sigbar_0.1__lam_0,results/gbm_deephedge,ee5fcfa40af7796f9153931e5e5ec80950349f8397c6240430e2291680ed4ea5,76e694c21e709359f62f03a0ba5a97ba6db86a88,GBM_CFG=results/gbm_deephedge/benchmark_6_2/runs/seed_0006__train_robust_s0.15-0.2-0.25__feat_b__obj_cvar_a0.95__sigtrue_0.2__sigbar_0.1__lam_0/run_cfg.json python -m src.train_deephedge_gbm
"train=robust|feat=B|obj=cvar|sigtrue=0.2|sigbar=0.1|lam=0.0001|robust=0.15,0.2,0.25",seed_0006__train_robust_s0.15-0.2-0.25__feat_b__obj_cvar_a0.95__sigtrue_0.2__sigbar_0.1__lam_0.0001,2026-04-02T01:28:11Z,completed,main_benchmark,main,benchmark,True,bs_delta,robust,deep_hedge_robust,6,B,cvar,0.2,0.1,0.0001,0.15|0.2|0.25,-0.0004727632204550926,0.022587562517356483,0.0007294228143715775,0.04257914099799948,0.05584865509391733,0.06428632143918807,0.07586681837190422,3.943150051813498,9.694604764517733,394315.0051813498,results/gbm_deephedge/benchmark_6_2/runs/seed_0006__train_robust_s0.15-0.2-0.25__feat_b__obj_cvar_a0.95__sigtrue_0.2__sigbar_0.1__lam_0.0001,results/gbm_deephedge,445dcabd1e9e8869ef9a1524aa9579114436e56c1f59c9b01945def2fb83d8d6,76e694c21e709359f62f03a0ba5a97ba6db86a88,GBM_CFG=results/gbm_deephedge/benchmark_6_2/runs/seed_0006__train_robust_s0.15-0.2-0.25__feat_b__obj_cvar_a0.95__sigtrue_0.2__sigbar_0.1__lam_0.0001/run_cfg.json python -m src.train_deephedge_gbm
"train=robust|feat=B|obj=cvar|sigtrue=0.2|sigbar=0.1|lam=0.0001|robust=0.15,0.2,0.25",seed_0006__train_robust_s0.15-0.2-0.25__feat_b__obj_cvar_a0.95__sigtrue_0.2__sigbar_0.1__lam_0.0001,2026-04-02T01:28:11Z,completed,main_benchmark,main,benchmark,True,deep_hedge_robust,robust,deep_hedge_robust,6,B,cvar,0.2,0.1,0.0001,0.15|0.2|0.25,-0.0002605220361147076,0.014644153416156769,0.0003674924373626709,0.021505163982510567,0.025208940729498863,0.027386169880628586,0.030579952523112297,2.943445991895199,5.272583484649658,294344.5991895199,results/gbm_deephedge/benchmark_6_2/runs/seed_0006__train_robust_s0.15-0.2-0.25__feat_b__obj_cvar_a0.95__sigtrue_0.2__sigbar_0.1__lam_0.0001,results/gbm_deephedge,445dcabd1e9e8869ef9a1524aa9579114436e56c1f59c9b01945def2fb83d8d6,76e694c21e709359f62f03a0ba5a97ba6db86a88,GBM_CFG=results/gbm_deephedge/benchmark_6_2/runs/seed_0006__train_robust_s0.15-0.2-0.25__feat_b__obj_cvar_a0.95__sigtrue_0.2__sigbar_0.1__lam_0.0001/run_cfg.json python -m src.train_deephedge_gbm
"train=robust|feat=B|obj=cvar|sigtrue=0.2|sigbar=0.1|lam=0.0005|robust=0.15,0.2,0.25",seed_0006__train_robust_s0.15-0.2-0.25__feat_b__obj_cvar_a0.95__sigtrue_0.2__sigbar_0.1__lam_0.0005,2026-04-02T01:28:36Z,completed,main_benchmark,main,benchmark,True,bs_delta,robust,deep_hedge_robust,6,B,cvar,0.2,0.1,0.0005,0.15|0.2|0.25,-0.0020797530747035885,0.023124962827499315,0.0023487763223462854,0.04508762599309693,0.058545308694915726,0.06717261643535866,0.07877398899808614,3.943150051813498,9.694604764517733,394315.0051813498,results/gbm_deephedge/benchmark_6_2/runs/seed_0006__train_robust_s0.15-0.2-0.25__feat_b__obj_cvar_a0.95__sigtrue_0.2__sigbar_0.1__lam_0.0005,results/gbm_deephedge,520d5b0c6bb52b654722849edae911913f31bb027863af0d8d93091a28d92b8d,76e694c21e709359f62f03a0ba5a97ba6db86a88,GBM_CFG=results/gbm_deephedge/benchmark_6_2/runs/seed_0006__train_robust_s0.15-0.2-0.25__feat_b__obj_cvar_a0.95__sigtrue_0.2__sigbar_0.1__lam_0.0005/run_cfg.json python -m src.train_deephedge_gbm
"train=robust|feat=B|obj=cvar|sigtrue=0.2|sigbar=0.1|lam=0.0005|robust=0.15,0.2,0.25",seed_0006__train_robust_s0.15-0.2-0.25__feat_b__obj_cvar_a0.95__sigtrue_0.2__sigbar_0.1__lam_0.0005,2026-04-02T01:28:36Z,completed,main_benchmark,main,benchmark,True,deep_hedge_robust,robust,deep_hedge_robust,6,B,cvar,0.2,0.1,0.0005,0.15|0.2|0.25,-0.0014575079549103975,0.014824602752923965,0.0015671253204345703,0.022865088656544685,0.026733508333563805,0.028993358835577965,0.032213903963565826,2.948918096880913,5.243701457977295,294891.8096880913,results/gbm_deephedge/benchmark_6_2/runs/seed_0006__train_robust_s0.15-0.2-0.25__feat_b__obj_cvar_a0.95__sigtrue_0.2__sigbar_0.1__lam_0.0005,results/gbm_deephedge,520d5b0c6bb52b654722849edae911913f31bb027863af0d8d93091a28d92b8d,76e694c21e709359f62f03a0ba5a97ba6db86a88,GBM_CFG=results/gbm_deephedge/benchmark_6_2/runs/seed_0006__train_robust_s0.15-0.2-0.25__feat_b__obj_cvar_a0.95__sigtrue_0.2__sigbar_0.1__lam_0.0005/run_cfg.json python -m src.train_deephedge_gbm
"train=robust|feat=B|obj=cvar|sigtrue=0.2|sigbar=0.1|lam=0.001|robust=0.15,0.2,0.25",seed_0006__train_robust_s0.15-0.2-0.25__feat_b__obj_cvar_a0.95__sigtrue_0.2__sigbar_0.1__lam_0.001,2026-04-02T01:29:00Z,completed,main_benchmark,main,benchmark,True,bs_delta,robust,deep_hedge_robust,6,B,cvar,0.2,0.1,0.001,0.15|0.2|0.25,-0.004088490355945641,0.023803309073661325,0.004373535153414987,0.04825180461226569,0.06192443095994179,0.07078147544922707,0.08242051106812798,3.943150051813498,9.694604764517733,394315.0051813498,results/gbm_deephedge/benchmark_6_2/runs/seed_0006__train_robust_s0.15-0.2-0.25__feat_b__obj_cvar_a0.95__sigtrue_0.2__sigbar_0.1__lam_0.001,results/gbm_deephedge,8fc6acf2421afbe0641f006496a8c96730abbf67bc1a7d4b6a98c4c9dfa99e99,76e694c21e709359f62f03a0ba5a97ba6db86a88,GBM_CFG=results/gbm_deephedge/benchmark_6_2/runs/seed_0006__train_robust_s0.15-0.2-0.25__feat_b__obj_cvar_a0.95__sigtrue_0.2__sigbar_0.1__lam_0.001/run_cfg.json python -m src.train_deephedge_gbm
"train=robust|feat=B|obj=cvar|sigtrue=0.2|sigbar=0.1|lam=0.001|robust=0.15,0.2,0.25",seed_0006__train_robust_s0.15-0.2-0.25__feat_b__obj_cvar_a0.95__sigtrue_0.2__sigbar_0.1__lam_0.001,2026-04-02T01:29:00Z,completed,main_benchmark,main,benchmark,True,deep_hedge_robust,robust,deep_hedge_robust,6,B,cvar,0.2,0.1,0.001,0.15|0.2|0.25,-0.002860922832041979,0.01503841858357191,0.002973690629005432,0.024962279945611954,0.028909597545862198,0.031192757189273834,0.03423631191253662,2.8557153661584853,5.059384346008301,285571.53661584854,results/gbm_deephedge/benchmark_6_2/runs/seed_0006__train_robust_s0.15-0.2-0.25__feat_b__obj_cvar_a0.95__sigtrue_0.2__sigbar_0.1__lam_0.001,results/gbm_deephedge,8fc6acf2421afbe0641f006496a8c96730abbf67bc1a7d4b6a98c4c9dfa99e99,76e694c21e709359f62f03a0ba5a97ba6db86a88,GBM_CFG=results/gbm_deephedge/benchmark_6_2/runs/seed_0006__train_robust_s0.15-0.2-0.25__feat_b__obj_cvar_a0.95__sigtrue_0.2__sigbar_0.1__lam_0.001/run_cfg.json python -m src.train_deephedge_gbm
"train=robust|feat=B|obj=cvar|sigtrue=0.2|sigbar=0.25|lam=0|robust=0.15,0.2,0.25",seed_0006__train_robust_s0.15-0.2-0.25__feat_b__obj_cvar_a0.95__sigtrue_0.2__sigbar_0.25__lam_0,2026-04-02T01:27:53Z,completed,main_benchmark,main,benchmark,True,bs_delta,robust,deep_hedge_robust,6,B,cvar,0.2,0.25,0.0,0.15|0.2|0.25,3.077883679335133e-05,0.011793801366173773,3.863037340591513e-05,0.016865765539809244,0.02053245553257997,0.022555992219297306,0.02650389023919939,3.0004674315260975,5.7803207475582905,300046.74315260974,results/gbm_deephedge/benchmark_6_2/runs/seed_0006__train_robust_s0.15-0.2-0.25__feat_b__obj_cvar_a0.95__sigtrue_0.2__sigbar_0.25__lam_0,results/gbm_deephedge,1a968970edf269be27d6dd980f5b19dcc5948cc679b52ec6ed5e4c1cd70b821c,76e694c21e709359f62f03a0ba5a97ba6db86a88,GBM_CFG=results/gbm_deephedge/benchmark_6_2/runs/seed_0006__train_robust_s0.15-0.2-0.25__feat_b__obj_cvar_a0.95__sigtrue_0.2__sigbar_0.25__lam_0/run_cfg.json python -m src.train_deephedge_gbm
"train=robust|feat=B|obj=cvar|sigtrue=0.2|sigbar=0.25|lam=0|robust=0.15,0.2,0.25",seed_0006__train_robust_s0.15-0.2-0.25__feat_b__obj_cvar_a0.95__sigtrue_0.2__sigbar_0.25__lam_0,2026-04-02T01:27:53Z,completed,main_benchmark,main,benchmark,True,deep_hedge_robust,robust,deep_hedge_robust,6,B,cvar,0.2,0.25,0.0,0.15|0.2|0.25,3.8155772926984355e-05,0.014151518233120441,6.175413727760315e-05,0.019946547225117683,0.023557275533676147,0.02560109831392765,0.02893914096057415,3.0237174536335467,5.41762638092041,302371.7453633547,results/gbm_deephedge/benchmark_6_2/runs/seed_0006__train_robust_s0.15-0.2-0.25__feat_b__obj_cvar_a0.95__sigtrue_0.2__sigbar_0.25__lam_0,results/gbm_deephedge,1a968970edf269be27d6dd980f5b19dcc5948cc679b52ec6ed5e4c1cd70b821c,76e694c21e709359f62f03a0ba5a97ba6db86a88,GBM_CFG=results/gbm_deephedge/benchmark_6_2/runs/seed_0006__train_robust_s0.15-0.2-0.25__feat_b__obj_cvar_a0.95__sigtrue_0.2__sigbar_0.25__lam_0/run_cfg.json python -m src.train_deephedge_gbm
"train=robust|feat=B|obj=cvar|sigtrue=0.2|sigbar=0.25|lam=0.0001|robust=0.15,0.2,0.25",seed_0006__train_robust_s0.15-0.2-0.25__feat_b__obj_cvar_a0.95__sigtrue_0.2__sigbar_0.25__lam_0.0001,2026-04-02T01:28:18Z,completed,main_benchmark,main,benchmark,True,bs_delta,robust,deep_hedge_robust,6,B,cvar,0.2,0.25,0.0001,0.15|0.2|0.25,-0.0002761400546002989,0.011768447711141898,0.0003452513021353562,0.017139606203808944,0.020816739701646138,0.022845594161053476,0.026837693499525406,3.0004674315260975,5.7803207475582905,300046.74315260974,results/gbm_deephedge/benchmark_6_2/runs/seed_0006__train_robust_s0.15-0.2-0.25__feat_b__obj_cvar_a0.95__sigtrue_0.2__sigbar_0.25__lam_0.0001,results/gbm_deephedge,8409b851a8884c96c4c8d9e389d1b57c7b73b560b1289fb055f3f8521c60b25b,76e694c21e709359f62f03a0ba5a97ba6db86a88,GBM_CFG=results/gbm_deephedge/benchmark_6_2/runs/seed_0006__train_robust_s0.15-0.2-0.25__feat_b__obj_cvar_a0.95__sigtrue_0.2__sigbar_0.25__lam_0.0001/run_cfg.json python -m src.train_deephedge_gbm
"train=robust|feat=B|obj=cvar|sigtrue=0.2|sigbar=0.25|lam=0.0001|robust=0.15,0.2,0.25",seed_0006__train_robust_s0.15-0.2-0.25__feat_b__obj_cvar_a0.95__sigtrue_0.2__sigbar_0.25__lam_0.0001,2026-04-02T01:28:18Z,completed,main_benchmark,main,benchmark,True,deep_hedge_robust,robust,deep_hedge_robust,6,B,cvar,0.2,0.25,0.0001,0.15|0.2|0.25,-0.0002605220361147076,0.014644153416156769,0.0003674924373626709,0.021505163982510567,0.025208940729498863,0.027386169880628586,0.030579952523112297,2.943445991895199,5.272583484649658,294344.5991895199,results/gbm_deephedge/benchmark_6_2/runs/seed_0006__train_robust_s0.15-0.2-0.25__feat_b__obj_cvar_a0.95__sigtrue_0.2__sigbar_0.25__lam_0.0001,results/gbm_deephedge,8409b851a8884c96c4c8d9e389d1b57c7b73b560b1289fb055f3f8521c60b25b,76e694c21e709359f62f03a0ba5a97ba6db86a88,GBM_CFG=results/gbm_deephedge/benchmark_6_2/runs/seed_0006__train_robust_s0.15-0.2-0.25__feat_b__obj_cvar_a0.95__sigtrue_0.2__sigbar_0.25__lam_0.0001/run_cfg.json python -m src.train_deephedge_gbm
"train=robust|feat=B|obj=cvar|sigtrue=0.2|sigbar=0.25|lam=0.0005|robust=0.15,0.2,0.25",seed_0006__train_robust_s0.15-0.2-0.25__feat_b__obj_cvar_a0.95__sigtrue_0.2__sigbar_0.25__lam_0.0005,2026-04-02T01:28:42Z,completed,main_benchmark,main,benchmark,True,bs_delta,robust,deep_hedge_robust,6,B,cvar,0.2,0.25,0.0005,0.15|0.2|0.25,-0.0015038157319182076,0.011672874284599214,0.0015718099992110338,0.018210489641797774,0.021980123324086737,0.024034015870872567,0.02821660475447655,3.0004674315260975,5.7803207475582905,300046.74315260974,results/gbm_deephedge/benchmark_6_2/runs/seed_0006__train_robust_s0.15-0.2-0.25__feat_b__obj_cvar_a0.95__sigtrue_0.2__sigbar_0.25__lam_0.0005,results/gbm_deephedge,519272a6484d0a951fb144e55be7100d951125dc83d06b65c6d5428b4ec6e571,76e694c21e709359f62f03a0ba5a97ba6db86a88,GBM_CFG=results/gbm_deephedge/benchmark_6_2/runs/seed_0006__train_robust_s0.15-0.2-0.25__feat_b__obj_cvar_a0.95__sigtrue_0.2__sigbar_0.25__lam_0.0005/run_cfg.json python -m src.train_deephedge_gbm
"train=robust|feat=B|obj=cvar|sigtrue=0.2|sigbar=0.25|lam=0.0005|robust=0.15,0.2,0.25",seed_0006__train_robust_s0.15-0.2-0.25__feat_b__obj_cvar_a0.95__sigtrue_0.2__sigbar_0.25__lam_0.0005,2026-04-02T01:28:42Z,completed,main_benchmark,main,benchmark,True,deep_hedge_robust,robust,deep_hedge_robust,6,B,cvar,0.2,0.25,0.0005,0.15|0.2|0.25,-0.0014575079549103975,0.014824602752923965,0.0015671253204345703,0.022865088656544685,0.026733508333563805,0.028993358835577965,0.032213903963565826,2.948918096880913,5.243701457977295,294891.8096880913,results/gbm_deephedge/benchmark_6_2/runs/seed_0006__train_robust_s0.15-0.2-0.25__feat_b__obj_cvar_a0.95__sigtrue_0.2__sigbar_0.25__lam_0.0005,results/gbm_deephedge,519272a6484d0a951fb144e55be7100d951125dc83d06b65c6d5428b4ec6e571,76e694c21e709359f62f03a0ba5a97ba6db86a88,GBM_CFG=results/gbm_deephedge/benchmark_6_2/runs/seed_0006__train_robust_s0.15-0.2-0.25__feat_b__obj_cvar_a0.95__sigtrue_0.2__sigbar_0.25__lam_0.0005/run_cfg.json python -m src.train_deephedge_gbm
"train=robust|feat=B|obj=cvar|sigtrue=0.2|sigbar=0.25|lam=0.001|robust=0.15,0.2,0.25",seed_0006__train_robust_s0.15-0.2-0.25__feat_b__obj_cvar_a0.95__sigtrue_0.2__sigbar_0.25__lam_0.001,2026-04-02T01:29:06Z,completed,main_benchmark,main,benchmark,True,bs_delta,robust,deep_hedge_robust,6,B,cvar,0.2,0.25,0.001,0.15|0.2|0.25,-0.0030384103006297664,0.01156681506228984,0.0031051767881135825,0.019553569506714736,0.023491637955828683,0.025631445298350635,0.030015644133870666,3.0004674315260975,5.7803207475582905,300046.74315260974,results/gbm_deephedge/benchmark_6_2/runs/seed_0006__train_robust_s0.15-0.2-0.25__feat_b__obj_cvar_a0.95__sigtrue_0.2__sigbar_0.25__lam_0.001,results/gbm_deephedge,179d8e86a309d87ac2876279cf88df03ead4ac8123030deb925200a88b228658,76e694c21e709359f62f03a0ba5a97ba6db86a88,GBM_CFG=results/gbm_deephedge/benchmark_6_2/runs/seed_0006__train_robust_s0.15-0.2-0.25__feat_b__obj_cvar_a0.95__sigtrue_0.2__sigbar_0.25__lam_0.001/run_cfg.json python -m src.train_deephedge_gbm
"train=robust|feat=B|obj=cvar|sigtrue=0.2|sigbar=0.25|lam=0.001|robust=0.15,0.2,0.25",seed_0006__train_robust_s0.15-0.2-0.25__feat_b__obj_cvar_a0.95__sigtrue_0.2__sigbar_0.25__lam_0.001,2026-04-02T01:29:06Z,completed,main_benchmark,main,benchmark,True,deep_hedge_robust,robust,deep_hedge_robust,6,B,cvar,0.2,0.25,0.001,0.15|0.2|0.25,-0.002860922832041979,0.01503841858357191,0.002973690629005432,0.024962279945611954,0.028909597545862198,0.031192757189273834,0.03423631191253662,2.8557153661584853,5.059384346008301,285571.53661584854,results/gbm_deephedge/benchmark_6_2/runs/seed_0006__train_robust_s0.15-0.2-0.25__feat_b__obj_cvar_a0.95__sigtrue_0.2__sigbar_0.25__lam_0.001,results/gbm_deephedge,179d8e86a309d87ac2876279cf88df03ead4ac8123030deb925200a88b228658,76e694c21e709359f62f03a0ba5a97ba6db86a88,GBM_CFG=results/gbm_deephedge/benchmark_6_2/runs/seed_0006__train_robust_s0.15-0.2-0.25__feat_b__obj_cvar_a0.95__sigtrue_0.2__sigbar_0.25__lam_0.001/run_cfg.json python -m src.train_deephedge_gbm
"train=robust|feat=B|obj=cvar|sigtrue=0.2|sigbar=0.2|lam=0|robust=0.15,0.2,0.25",seed_0006__train_robust_s0.15-0.2-0.25__feat_b__obj_cvar_a0.95__sigtrue_0.2__sigbar_0.2__lam_0,2026-04-01T22:18:57Z,completed,main_benchmark,main,benchmark,True,bs_delta,robust,deep_hedge_robust,6,B,cvar,0.2,0.2,0.0,0.15|0.2|0.25,4.983023046663305e-06,0.009745321519910692,4.253988031034661e-05,0.015948550877190288,0.022616804895022057,0.026555031036234713,0.033430184949348234,3.232825029842361,6.5849482729247635,323282.5029842361,results/gbm_deephedge/benchmark_6_2/runs/seed_0006__train_robust_s0.15-0.2-0.25__feat_b__obj_cvar_a0.95__sigtrue_0.2__sigbar_0.2__lam_0,results/gbm_deephedge,0bfb561f3168ca4a048a506342e07fced0931a9b973036d762e8e96db58bef91,76e694c21e709359f62f03a0ba5a97ba6db86a88,GBM_CFG=results/gbm_deephedge/benchmark_6_2/runs/seed_0006__train_robust_s0.15-0.2-0.25__feat_b__obj_cvar_a0.95__sigtrue_0.2__sigbar_0.2__lam_0/run_cfg.json python -m src.train_deephedge_gbm
"train=robust|feat=B|obj=cvar|sigtrue=0.2|sigbar=0.2|lam=0|robust=0.15,0.2,0.25",seed_0006__train_robust_s0.15-0.2-0.25__feat_b__obj_cvar_a0.95__sigtrue_0.2__sigbar_0.2__lam_0,2026-04-01T22:18:57Z,completed,main_benchmark,main,benchmark,True,deep_hedge_robust,robust,deep_hedge_robust,6,B,cvar,0.2,0.2,0.0,0.15|0.2|0.25,3.8155772926984355e-05,0.014151518233120441,6.175413727760315e-05,0.019946547225117683,0.023557275533676147,0.02560109831392765,0.02893914096057415,3.0237174536335467,5.41762638092041,302371.7453633547,results/gbm_deephedge/benchmark_6_2/runs/seed_0006__train_robust_s0.15-0.2-0.25__feat_b__obj_cvar_a0.95__sigtrue_0.2__sigbar_0.2__lam_0,results/gbm_deephedge,0bfb561f3168ca4a048a506342e07fced0931a9b973036d762e8e96db58bef91,76e694c21e709359f62f03a0ba5a97ba6db86a88,GBM_CFG=results/gbm_deephedge/benchmark_6_2/runs/seed_0006__train_robust_s0.15-0.2-0.25__feat_b__obj_cvar_a0.95__sigtrue_0.2__sigbar_0.2__lam_0/run_cfg.json python -m src.train_deephedge_gbm
"train=robust|feat=B|obj=cvar|sigtrue=0.2|sigbar=0.2|lam=0.0001|robust=0.15,0.2,0.25",seed_0006__train_robust_s0.15-0.2-0.25__feat_b__obj_cvar_a0.95__sigtrue_0.2__sigbar_0.2__lam_0.0001,2026-04-01T22:59:59Z,completed,main_benchmark,main,benchmark,True,bs_delta,robust,deep_hedge_robust,6,B,cvar,0.2,0.2,0.0001,0.15|0.2|0.25,-0.00032532027933712416,0.009757546521495018,0.00037296488806894124,0.016353962399928212,0.023048212132586666,0.02701099957366997,0.033899605840771396,3.232825029842361,6.5849482729247635,323282.5029842361,results/gbm_deephedge/benchmark_6_2/runs/seed_0006__train_robust_s0.15-0.2-0.25__feat_b__obj_cvar_a0.95__sigtrue_0.2__sigbar_0.2__lam_0.0001,results/gbm_deephedge,0e2438fc4766786468e6f2d50a7b638fc4f36aec4f11b996bf742e131d48feb4,76e694c21e709359f62f03a0ba5a97ba6db86a88,GBM_CFG=results/gbm_deephedge/benchmark_6_2/runs/seed_0006__train_robust_s0.15-0.2-0.25__feat_b__obj_cvar_a0.95__sigtrue_0.2__sigbar_0.2__lam_0.0001/run_cfg.json python -m src.train_deephedge_gbm
"train=robust|feat=B|obj=cvar|sigtrue=0.2|sigbar=0.2|lam=0.0001|robust=0.15,0.2,0.25",seed_0006__train_robust_s0.15-0.2-0.25__feat_b__obj_cvar_a0.95__sigtrue_0.2__sigbar_0.2__lam_0.0001,2026-04-01T22:59:59Z,completed,main_benchmark,main,benchmark,True,deep_hedge_robust,robust,deep_hedge_robust,6,B,cvar,0.2,0.2,0.0001,0.15|0.2|0.25,-0.0002605220361147076,0.014644153416156769,0.0003674924373626709,0.021505163982510567,0.025208940729498863,0.027386169880628586,0.030579952523112297,2.943445991895199,5.272583484649658,294344.5991895199,results/gbm_deephedge/benchmark_6_2/runs/seed_0006__train_robust_s0.15-0.2-0.25__feat_b__obj_cvar_a0.95__sigtrue_0.2__sigbar_0.2__lam_0.0001,results/gbm_deephedge,0e2438fc4766786468e6f2d50a7b638fc4f36aec4f11b996bf742e131d48feb4,76e694c21e709359f62f03a0ba5a97ba6db86a88,GBM_CFG=results/gbm_deephedge/benchmark_6_2/runs/seed_0006__train_robust_s0.15-0.2-0.25__feat_b__obj_cvar_a0.95__sigtrue_0.2__sigbar_0.2__lam_0.0001/run_cfg.json python -m src.train_deephedge_gbm
"train=robust|feat=B|obj=cvar|sigtrue=0.2|sigbar=0.2|lam=0.0005|robust=0.15,0.2,0.25",seed_0006__train_robust_s0.15-0.2-0.25__feat_b__obj_cvar_a0.95__sigtrue_0.2__sigbar_0.2__lam_0.0005,2026-04-01T23:47:23Z,completed,main_benchmark,main,benchmark,True,bs_delta,robust,deep_hedge_robust,6,B,cvar,0.2,0.2,0.0005,0.15|0.2|0.25,-0.0016465336091256288,0.009816505473398152,0.0016947654342636537,0.017949913420229117,0.024784407785904187,0.028847036754038907,0.03578605002858261,3.232825029842361,6.5849482729247635,323282.5029842361,results/gbm_deephedge/benchmark_6_2/runs/seed_0006__train_robust_s0.15-0.2-0.25__feat_b__obj_cvar_a0.95__sigtrue_0.2__sigbar_0.2__lam_0.0005,results/gbm_deephedge,d225a5e39679b8870cb1e3cbfcd697a2bc81acac3d48df55f51db8cf360c01e6,76e694c21e709359f62f03a0ba5a97ba6db86a88,GBM_CFG=results/gbm_deephedge/benchmark_6_2/runs/seed_0006__train_robust_s0.15-0.2-0.25__feat_b__obj_cvar_a0.95__sigtrue_0.2__sigbar_0.2__lam_0.0005/run_cfg.json python -m src.train_deephedge_gbm
"train=robust|feat=B|obj=cvar|sigtrue=0.2|sigbar=0.2|lam=0.0005|robust=0.15,0.2,0.25",seed_0006__train_robust_s0.15-0.2-0.25__feat_b__obj_cvar_a0.95__sigtrue_0.2__sigbar_0.2__lam_0.0005,2026-04-01T23:47:23Z,completed,main_benchmark,main,benchmark,True,deep_hedge_robust,robust,deep_hedge_robust,6,B,cvar,0.2,0.2,0.0005,0.15|0.2|0.25,-0.0014575079549103975,0.014824602752923965,0.0015671253204345703,0.022865088656544685,0.026733508333563805,0.028993358835577965,0.032213903963565826,2.948918096880913,5.243701457977295,294891.8096880913,results/gbm_deephedge/benchmark_6_2/runs/seed_0006__train_robust_s0.15-0.2-0.25__feat_b__obj_cvar_a0.95__sigtrue_0.2__sigbar_0.2__lam_0.0005,results/gbm_deephedge,d225a5e39679b8870cb1e3cbfcd697a2bc81acac3d48df55f51db8cf360c01e6,76e694c21e709359f62f03a0ba5a97ba6db86a88,GBM_CFG=results/gbm_deephedge/benchmark_6_2/runs/seed_0006__train_robust_s0.15-0.2-0.25__feat_b__obj_cvar_a0.95__sigtrue_0.2__sigbar_0.2__lam_0.0005/run_cfg.json python -m src.train_deephedge_gbm
"train=robust|feat=B|obj=cvar|sigtrue=0.2|sigbar=0.2|lam=0.001|robust=0.15,0.2,0.25",seed_0006__train_robust_s0.15-0.2-0.25__feat_b__obj_cvar_a0.95__sigtrue_0.2__sigbar_0.2__lam_0.001,2026-04-02T00:27:29Z,completed,main_benchmark,main,benchmark,True,bs_delta,robust,deep_hedge_robust,6,B,cvar,0.2,0.2,0.001,0.15|0.2|0.25,-0.003298050241297921,0.009912477274337073,0.0033472419620289434,0.020017627949190375,0.026977094601677062,0.03117413430683097,0.03816231375736319,3.232825029842361,6.5849482729247635,323282.5029842361,results/gbm_deephedge/benchmark_6_2/runs/seed_0006__train_robust_s0.15-0.2-0.25__feat_b__obj_cvar_a0.95__sigtrue_0.2__sigbar_0.2__lam_0.001,results/gbm_deephedge,bce2446ec43fb9f1af096e7f1880bcb56b9daf7e1cd4279c0b7cc10a27b9bf09,76e694c21e709359f62f03a0ba5a97ba6db86a88,GBM_CFG=results/gbm_deephedge/benchmark_6_2/runs/seed_0006__train_robust_s0.15-0.2-0.25__feat_b__obj_cvar_a0.95__sigtrue_0.2__sigbar_0.2__lam_0.001/run_cfg.json python -m src.train_deephedge_gbm
"train=robust|feat=B|obj=cvar|sigtrue=0.2|sigbar=0.2|lam=0.001|robust=0.15,0.2,0.25",seed_0006__train_robust_s0.15-0.2-0.25__feat_b__obj_cvar_a0.95__sigtrue_0.2__sigbar_0.2__lam_0.001,2026-04-02T00:27:29Z,completed,main_benchmark,main,benchmark,True,deep_hedge_robust,robust,deep_hedge_robust,6,B,cvar,0.2,0.2,0.001,0.15|0.2|0.25,-0.002860922832041979,0.01503841858357191,0.002973690629005432,0.024962279945611954,0.028909597545862198,0.031192757189273834,0.03423631191253662,2.8557153661584853,5.059384346008301,285571.53661584854,results/gbm_deephedge/benchmark_6_2/runs/seed_0006__train_robust_s0.15-0.2-0.25__feat_b__obj_cvar_a0.95__sigtrue_0.2__sigbar_0.2__lam_0.001,results/gbm_deephedge,bce2446ec43fb9f1af096e7f1880bcb56b9daf7e1cd4279c0b7cc10a27b9bf09,76e694c21e709359f62f03a0ba5a97ba6db86a88,GBM_CFG=results/gbm_deephedge/benchmark_6_2/runs/seed_0006__train_robust_s0.15-0.2-0.25__feat_b__obj_cvar_a0.95__sigtrue_0.2__sigbar_0.2__lam_0.001/run_cfg.json python -m src.train_deephedge_gbm
"train=robust|feat=B|obj=cvar|sigtrue=0.2|sigbar=0.3|lam=0|robust=0.15,0.2,0.25",seed_0006__train_robust_s0.15-0.2-0.25__feat_b__obj_cvar_a0.95__sigtrue_0.2__sigbar_0.3__lam_0,2026-04-02T01:27:57Z,completed,main_benchmark,main,benchmark,True,bs_delta,robust,deep_hedge_robust,6,B,cvar,0.2,0.3,0.0,0.15|0.2|0.25,5.160597985768175e-05,0.015451105256633827,6.757138440555838e-05,0.023451996518382756,0.027394427020189387,0.02991427481523469,0.03268242344894953,2.817419324087984,5.203060381378771,281741.9324087984,results/gbm_deephedge/benchmark_6_2/runs/seed_0006__train_robust_s0.15-0.2-0.25__feat_b__obj_cvar_a0.95__sigtrue_0.2__sigbar_0.3__lam_0,results/gbm_deephedge,8ccc0b945711fd7cffd9b5fd390af225a7c2569de10213237d7425d2d952fa3a,76e694c21e709359f62f03a0ba5a97ba6db86a88,GBM_CFG=results/gbm_deephedge/benchmark_6_2/runs/seed_0006__train_robust_s0.15-0.2-0.25__feat_b__obj_cvar_a0.95__sigtrue_0.2__sigbar_0.3__lam_0/run_cfg.json python -m src.train_deephedge_gbm
"train=robust|feat=B|obj=cvar|sigtrue=0.2|sigbar=0.3|lam=0|robust=0.15,0.2,0.25",seed_0006__train_robust_s0.15-0.2-0.25__feat_b__obj_cvar_a0.95__sigtrue_0.2__sigbar_0.3__lam_0,2026-04-02T01:27:57Z,completed,main_benchmark,main,benchmark,True,deep_hedge_robust,robust,deep_hedge_robust,6,B,cvar,0.2,0.3,0.0,0.15|0.2|0.25,3.8155772926984355e-05,0.014151518233120441,6.175413727760315e-05,0.019946547225117683,0.023557275533676147,0.02560109831392765,0.02893914096057415,3.0237174536335467,5.41762638092041,302371.7453633547,results/gbm_deephedge/benchmark_6_2/runs/seed_0006__train_robust_s0.15-0.2-0.25__feat_b__obj_cvar_a0.95__sigtrue_0.2__sigbar_0.3__lam_0,results/gbm_deephedge,8ccc0b945711fd7cffd9b5fd390af225a7c2569de10213237d7425d2d952fa3a,76e694c21e709359f62f03a0ba5a97ba6db86a88,GBM_CFG=results/gbm_deephedge/benchmark_6_2/runs/seed_0006__train_robust_s0.15-0.2-0.25__feat_b__obj_cvar_a0.95__sigtrue_0.2__sigbar_0.3__lam_0/run_cfg.json python -m src.train_deephedge_gbm
"train=robust|feat=B|obj=cvar|sigtrue=0.2|sigbar=0.3|lam=0.0001|robust=0.15,0.2,0.25",seed_0006__train_robust_s0.15-0.2-0.25__feat_b__obj_cvar_a0.95__sigtrue_0.2__sigbar_0.3__lam_0.0001,2026-04-02T01:28:21Z,completed,main_benchmark,main,benchmark,True,bs_delta,robust,deep_hedge_robust,6,B,cvar,0.2,0.3,0.0001,0.15|0.2|0.25,-0.00023687781829633472,0.015419176320437846,0.0003555613797059029,0.02366270467228481,0.027601163882040838,0.030097932668067474,0.03287897312735739,2.817419324087984,5.203060381378771,281741.9324087984,results/gbm_deephedge/benchmark_6_2/runs/seed_0006__train_robust_s0.15-0.2-0.25__feat_b__obj_cvar_a0.95__sigtrue_0.2__sigbar_0.3__lam_0.0001,results/gbm_deephedge,58042a2670e54336dfeedbac74cc964b81f13ea816d2735cb0bca32b6bd50f6e,76e694c21e709359f62f03a0ba5a97ba6db86a88,GBM_CFG=results/gbm_deephedge/benchmark_6_2/runs/seed_0006__train_robust_s0.15-0.2-0.25__feat_b__obj_cvar_a0.95__sigtrue_0.2__sigbar_0.3__lam_0.0001/run_cfg.json python -m src.train_deephedge_gbm
"train=robust|feat=B|obj=cvar|sigtrue=0.2|sigbar=0.3|lam=0.0001|robust=0.15,0.2,0.25",seed_0006__train_robust_s0.15-0.2-0.25__feat_b__obj_cvar_a0.95__sigtrue_0.2__sigbar_0.3__lam_0.0001,2026-04-02T01:28:21Z,completed,main_benchmark,main,benchmark,True,deep_hedge_robust,robust,deep_hedge_robust,6,B,cvar,0.2,0.3,0.0001,0.15|0.2|0.25,-0.0002605220361147076,0.014644153416156769,0.0003674924373626709,0.021505163982510567,0.025208940729498863,0.027386169880628586,0.030579952523112297,2.943445991895199,5.272583484649658,294344.5991895199,results/gbm_deephedge/benchmark_6_2/runs/seed_0006__train_robust_s0.15-0.2-0.25__feat_b__obj_cvar_a0.95__sigtrue_0.2__sigbar_0.3__lam_0.0001,results/gbm_deephedge,58042a2670e54336dfeedbac74cc964b81f13ea816d2735cb0bca32b6bd50f6e,76e694c21e709359f62f03a0ba5a97ba6db86a88,GBM_CFG=results/gbm_deephedge/benchmark_6_2/runs/seed_0006__train_robust_s0.15-0.2-0.25__feat_b__obj_cvar_a0.95__sigtrue_0.2__sigbar_0.3__lam_0.0001/run_cfg.json python -m src.train_deephedge_gbm
"train=robust|feat=B|obj=cvar|sigtrue=0.2|sigbar=0.3|lam=0.0005|robust=0.15,0.2,0.25",seed_0006__train_robust_s0.15-0.2-0.25__feat_b__obj_cvar_a0.95__sigtrue_0.2__sigbar_0.3__lam_0.0005,2026-04-02T01:28:45Z,completed,main_benchmark,main,benchmark,True,bs_delta,robust,deep_hedge_robust,6,B,cvar,0.2,0.3,0.0005,0.15|0.2|0.25,-0.0013908131159481758,0.015294709543721273,0.001507581717101747,0.024575551197672407,0.028441563252706244,0.030907217551715205,0.03368614179651894,2.817419324087984,5.203060381378771,281741.9324087984,results/gbm_deephedge/benchmark_6_2/runs/seed_0006__train_robust_s0.15-0.2-0.25__feat_b__obj_cvar_a0.95__sigtrue_0.2__sigbar_0.3__lam_0.0005,results/gbm_deephedge,2a3ae90321bc32a3572596287c6834a5af37f3c67a86443d4abd5ea94cc505dd,76e694c21e709359f62f03a0ba5a97ba6db86a88,GBM_CFG=results/gbm_deephedge/benchmark_6_2/runs/seed_0006__train_robust_s0.15-0.2-0.25__feat_b__obj_cvar_a0.95__sigtrue_0.2__sigbar_0.3__lam_0.0005/run_cfg.json python -m src.train_deephedge_gbm
"train=robust|feat=B|obj=cvar|sigtrue=0.2|sigbar=0.3|lam=0.0005|robust=0.15,0.2,0.25",seed_0006__train_robust_s0.15-0.2-0.25__feat_b__obj_cvar_a0.95__sigtrue_0.2__sigbar_0.3__lam_0.0005,2026-04-02T01:28:45Z,completed,main_benchmark,main,benchmark,True,deep_hedge_robust,robust,deep_hedge_robust,6,B,cvar,0.2,0.3,0.0005,0.15|0.2|0.25,-0.0014575079549103975,0.014824602752923965,0.0015671253204345703,0.022865088656544685,0.026733508333563805,0.028993358835577965,0.032213903963565826,2.948918096880913,5.243701457977295,294891.8096880913,results/gbm_deephedge/benchmark_6_2/runs/seed_0006__train_robust_s0.15-0.2-0.25__feat_b__obj_cvar_a0.95__sigtrue_0.2__sigbar_0.3__lam_0.0005,results/gbm_deephedge,2a3ae90321bc32a3572596287c6834a5af37f3c67a86443d4abd5ea94cc505dd,76e694c21e709359f62f03a0ba5a97ba6db86a88,GBM_CFG=results/gbm_deephedge/benchmark_6_2/runs/seed_0006__train_robust_s0.15-0.2-0.25__feat_b__obj_cvar_a0.95__sigtrue_0.2__sigbar_0.3__lam_0.0005/run_cfg.json python -m src.train_deephedge_gbm
"train=robust|feat=B|obj=cvar|sigtrue=0.2|sigbar=0.3|lam=0.001|robust=0.15,0.2,0.25",seed_0006__train_robust_s0.15-0.2-0.25__feat_b__obj_cvar_a0.95__sigtrue_0.2__sigbar_0.3__lam_0.001,2026-04-02T01:29:09Z,completed,main_benchmark,main,benchmark,True,bs_delta,robust,deep_hedge_robust,6,B,cvar,0.2,0.3,0.001,0.15|0.2|0.25,-0.0028332322117540333,0.015146584891259491,0.0029477426673161847,0.02572089547504342,0.029525751025966742,0.0319594313527054,0.034754808691293305,2.817419324087984,5.203060381378771,281741.9324087984,results/gbm_deephedge/benchmark_6_2/runs/seed_0006__train_robust_s0.15-0.2-0.25__feat_b__obj_cvar_a0.95__sigtrue_0.2__sigbar_0.3__lam_0.001,results/gbm_deephedge,45622c40d059aabde471d2cf35ad2e6285a28ebb2adb0c0dcecd2ed57f7d5bce,76e694c21e709359f62f03a0ba5a97ba6db86a88,GBM_CFG=results/gbm_deephedge/benchmark_6_2/runs/seed_0006__train_robust_s0.15-0.2-0.25__feat_b__obj_cvar_a0.95__sigtrue_0.2__sigbar_0.3__lam_0.001/run_cfg.json python -m src.train_deephedge_gbm
"train=robust|feat=B|obj=cvar|sigtrue=0.2|sigbar=0.3|lam=0.001|robust=0.15,0.2,0.25",seed_0006__train_robust_s0.15-0.2-0.25__feat_b__obj_cvar_a0.95__sigtrue_0.2__sigbar_0.3__lam_0.001,2026-04-02T01:29:09Z,completed,main_benchmark,main,benchmark,True,deep_hedge_robust,robust,deep_hedge_robust,6,B,cvar,0.2,0.3,0.001,0.15|0.2|0.25,-0.002860922832041979,0.01503841858357191,0.002973690629005432,0.024962279945611954,0.028909597545862198,0.031192757189273834,0.03423631191253662,2.8557153661584853,5.059384346008301,285571.53661584854,results/gbm_deephedge/benchmark_6_2/runs/seed_0006__train_robust_s0.15-0.2-0.25__feat_b__obj_cvar_a0.95__sigtrue_0.2__sigbar_0.3__lam_0.001,results/gbm_deephedge,45622c40d059aabde471d2cf35ad2e6285a28ebb2adb0c0dcecd2ed57f7d5bce,76e694c21e709359f62f03a0ba5a97ba6db86a88,GBM_CFG=results/gbm_deephedge/benchmark_6_2/runs/seed_0006__train_robust_s0.15-0.2-0.25__feat_b__obj_cvar_a0.95__sigtrue_0.2__sigbar_0.3__lam_0.001/run_cfg.json python -m src.train_deephedge_gbm
train=oracle|feat=B|obj=cvar|sigtrue=0.2|sigbar=0.15|lam=0|robust=none,seed_0007__train_oracle__feat_b__obj_cvar_a0.95__sigtrue_0.2__sigbar_0.15__lam_0,2026-04-02T01:29:15Z,completed,main_benchmark,main,benchmark,True,bs_delta,oracle,deep_hedge_oracle,7,B,cvar,0.2,0.15,0.0,,-4.776016249457616e-07,0.01301801215090266,8.561574495154212e-05,0.024920821290251142,0.03430066061271046,0.04013493180793649,0.048810294574269046,3.527056344363049,7.956139524419062,352705.6344363049,results/gbm_deephedge/benchmark_6_2/runs/seed_0007__train_oracle__feat_b__obj_cvar_a0.95__sigtrue_0.2__sigbar_0.15__lam_0,results/gbm_deephedge,6a23b4398ec5ffa3d7b01ca330b23274a60f5e7bb3b687046f716f7d640edd71,76e694c21e709359f62f03a0ba5a97ba6db86a88,GBM_CFG=results/gbm_deephedge/benchmark_6_2/runs/seed_0007__train_oracle__feat_b__obj_cvar_a0.95__sigtrue_0.2__sigbar_0.15__lam_0/run_cfg.json python -m src.train_deephedge_gbm
train=oracle|feat=B|obj=cvar|sigtrue=0.2|sigbar=0.15|lam=0|robust=none,seed_0007__train_oracle__feat_b__obj_cvar_a0.95__sigtrue_0.2__sigbar_0.15__lam_0,2026-04-02T01:29:15Z,completed,main_benchmark,main,benchmark,True,deep_hedge_oracle,oracle,deep_hedge_oracle,7,B,cvar,0.2,0.15,0.0,,-4.536004053079523e-05,0.012161077000200748,0.00011923164129257202,0.017299886792898178,0.021877022460103035,0.02466849610209465,0.029347248375415802,3.190418394675255,5.665029048919678,319041.8394675255,results/gbm_deephedge/benchmark_6_2/runs/seed_0007__train_oracle__feat_b__obj_cvar_a0.95__sigtrue_0.2__sigbar_0.15__lam_0,results/gbm_deephedge,6a23b4398ec5ffa3d7b01ca330b23274a60f5e7bb3b687046f716f7d640edd71,76e694c21e709359f62f03a0ba5a97ba6db86a88,GBM_CFG=results/gbm_deephedge/benchmark_6_2/runs/seed_0007__train_oracle__feat_b__obj_cvar_a0.95__sigtrue_0.2__sigbar_0.15__lam_0/run_cfg.json python -m src.train_deephedge_gbm
train=oracle|feat=B|obj=cvar|sigtrue=0.2|sigbar=0.15|lam=0.0001|robust=none,seed_0007__train_oracle__feat_b__obj_cvar_a0.95__sigtrue_0.2__sigbar_0.15__lam_0.0001,2026-04-02T01:29:39Z,completed,main_benchmark,main,benchmark,True,bs_delta,oracle,deep_hedge_oracle,7,B,cvar,0.2,0.15,0.0001,,-0.0003602570066119213,0.013096364957159141,0.0004464240204447023,0.025415387660565062,0.03483452039609424,0.040643962433282256,0.04937853184426446,3.527056344363049,7.956139524419062,352705.6344363049,results/gbm_deephedge/benchmark_6_2/runs/seed_0007__train_oracle__feat_b__obj_cvar_a0.95__sigtrue_0.2__sigbar_0.15__lam_0.0001,results/gbm_deephedge,87a56d05777cd52b55fc91548b44559e68fe1952f4aa354abcc74b03b1292b4c,76e694c21e709359f62f03a0ba5a97ba6db86a88,GBM_CFG=results/gbm_deephedge/benchmark_6_2/runs/seed_0007__train_oracle__feat_b__obj_cvar_a0.95__sigtrue_0.2__sigbar_0.15__lam_0.0001/run_cfg.json python -m src.train_deephedge_gbm
train=oracle|feat=B|obj=cvar|sigtrue=0.2|sigbar=0.15|lam=0.0001|robust=none,seed_0007__train_oracle__feat_b__obj_cvar_a0.95__sigtrue_0.2__sigbar_0.15__lam_0.0001,2026-04-02T01:29:39Z,completed,main_benchmark,main,benchmark,True,deep_hedge_oracle,oracle,deep_hedge_oracle,7,B,cvar,0.2,0.15,0.0001,,-0.0003615359601099044,0.012141192331910133,0.0004350431263446808,0.017449768260121346,0.02182789519429207,0.02444428578019142,0.02899923361837864,3.1462796826529504,5.546550750732422,314627.968265295,results/gbm_deephedge/benchmark_6_2/runs/seed_0007__train_oracle__feat_b__obj_cvar_a0.95__sigtrue_0.2__sigbar_0.15__lam_0.0001,results/gbm_deephedge,87a56d05777cd52b55fc91548b44559e68fe1952f4aa354abcc74b03b1292b4c,76e694c21e709359f62f03a0ba5a97ba6db86a88,GBM_CFG=results/gbm_deephedge/benchmark_6_2/runs/seed_0007__train_oracle__feat_b__obj_cvar_a0.95__sigtrue_0.2__sigbar_0.15__lam_0.0001/run_cfg.json python -m src.train_deephedge_gbm
train=oracle|feat=B|obj=cvar|sigtrue=0.2|sigbar=0.15|lam=0.0005|robust=none,seed_0007__train_oracle__feat_b__obj_cvar_a0.95__sigtrue_0.2__sigbar_0.15__lam_0.0005,2026-04-02T01:30:04Z,completed,main_benchmark,main,benchmark,True,bs_delta,oracle,deep_hedge_oracle,7,B,cvar,0.2,0.15,0.0005,,-0.0017993747575275431,0.013416369686635411,0.0018898074382331514,0.027457586244634333,0.03697539915595835,0.04289407251913463,0.05165964317041243,3.527056344363049,7.956139524419062,352705.6344363049,results/gbm_deephedge/benchmark_6_2/runs/seed_0007__train_oracle__feat_b__obj_cvar_a0.95__sigtrue_0.2__sigbar_0.15__lam_0.0005,results/gbm_deephedge,2bb0276e4fff7afb00852ecafe77c987b1a6999900b6c62795abfd61a041c0ed,76e694c21e709359f62f03a0ba5a97ba6db86a88,GBM_CFG=results/gbm_deephedge/benchmark_6_2/runs/seed_0007__train_oracle__feat_b__obj_cvar_a0.95__sigtrue_0.2__sigbar_0.15__lam_0.0005/run_cfg.json python -m src.train_deephedge_gbm
train=oracle|feat=B|obj=cvar|sigtrue=0.2|sigbar=0.15|lam=0.0005|robust=none,seed_0007__train_oracle__feat_b__obj_cvar_a0.95__sigtrue_0.2__sigbar_0.15__lam_0.0005,2026-04-02T01:30:04Z,completed,main_benchmark,main,benchmark,True,deep_hedge_oracle,oracle,deep_hedge_oracle,7,B,cvar,0.2,0.15,0.0005,,-0.0016144000692293048,0.012218101881444454,0.001688893884420395,0.01876451075077057,0.023114698007702827,0.02573218010365963,0.030232233926653862,3.095313593776226,5.4332733154296875,309531.3593776226,results/gbm_deephedge/benchmark_6_2/runs/seed_0007__train_oracle__feat_b__obj_cvar_a0.95__sigtrue_0.2__sigbar_0.15__lam_0.0005,results/gbm_deephedge,2bb0276e4fff7afb00852ecafe77c987b1a6999900b6c62795abfd61a041c0ed,76e694c21e709359f62f03a0ba5a97ba6db86a88,GBM_CFG=results/gbm_deephedge/benchmark_6_2/runs/seed_0007__train_oracle__feat_b__obj_cvar_a0.95__sigtrue_0.2__sigbar_0.15__lam_0.0005/run_cfg.json python -m src.train_deephedge_gbm
train=oracle|feat=B|obj=cvar|sigtrue=0.2|sigbar=0.15|lam=0.001|robust=none,seed_0007__train_oracle__feat_b__obj_cvar_a0.95__sigtrue_0.2__sigbar_0.15__lam_0.001,2026-04-02T01:30:28Z,completed,main_benchmark,main,benchmark,True,bs_delta,oracle,deep_hedge_oracle,7,B,cvar,0.2,0.15,0.001,,-0.0035982719134301407,0.013830345722140015,0.0036943745902387193,0.02997279258457502,0.039663308307509165,0.04572498859983916,0.05452163020461423,3.527056344363049,7.956139524419062,352705.6344363049,results/gbm_deephedge/benchmark_6_2/runs/seed_0007__train_oracle__feat_b__obj_cvar_a0.95__sigtrue_0.2__sigbar_0.15__lam_0.001,results/gbm_deephedge,0a45dfdba9246fe40afbd17468058182f4069cfa05549546e0125e033e2287fb,76e694c21e709359f62f03a0ba5a97ba6db86a88,GBM_CFG=results/gbm_deephedge/benchmark_6_2/runs/seed_0007__train_oracle__feat_b__obj_cvar_a0.95__sigtrue_0.2__sigbar_0.15__lam_0.001/run_cfg.json python -m src.train_deephedge_gbm
train=oracle|feat=B|obj=cvar|sigtrue=0.2|sigbar=0.15|lam=0.001|robust=none,seed_0007__train_oracle__feat_b__obj_cvar_a0.95__sigtrue_0.2__sigbar_0.15__lam_0.001,2026-04-02T01:30:28Z,completed,main_benchmark,main,benchmark,True,deep_hedge_oracle,oracle,deep_hedge_oracle,7,B,cvar,0.2,0.15,0.001,,-0.003164790105074644,0.012197882868349552,0.0032390356063842773,0.0204420555382967,0.024862496182322502,0.027610456570982933,0.03214982524514198,3.0680752175450325,5.356204032897949,306807.52175450325,results/gbm_deephedge/benchmark_6_2/runs/seed_0007__train_oracle__feat_b__obj_cvar_a0.95__sigtrue_0.2__sigbar_0.15__lam_0.001,results/gbm_deephedge,0a45dfdba9246fe40afbd17468058182f4069cfa05549546e0125e033e2287fb,76e694c21e709359f62f03a0ba5a97ba6db86a88,GBM_CFG=results/gbm_deephedge/benchmark_6_2/runs/seed_0007__train_oracle__feat_b__obj_cvar_a0.95__sigtrue_0.2__sigbar_0.15__lam_0.001/run_cfg.json python -m src.train_deephedge_gbm
train=oracle|feat=B|obj=cvar|sigtrue=0.2|sigbar=0.1|lam=0|robust=none,seed_0007__train_oracle__feat_b__obj_cvar_a0.95__sigtrue_0.2__sigbar_0.1__lam_0,2026-04-02T01:29:12Z,completed,main_benchmark,main,benchmark,True,bs_delta,oracle,deep_hedge_oracle,7,B,cvar,0.2,0.1,0.0,,8.471406423931804e-06,0.022473418982088406,0.0002456046552141433,0.04194645296418224,0.05526893976562453,0.06365406051206032,0.07509249981966883,3.932947360973765,10.005506860589595,393294.7360973765,results/gbm_deephedge/benchmark_6_2/runs/seed_0007__train_oracle__feat_b__obj_cvar_a0.95__sigtrue_0.2__sigbar_0.1__lam_0,results/gbm_deephedge,29461b0c7ab303f8b516017c23c8b97b14843ac366982481e4c1449940b919b2,76e694c21e709359f62f03a0ba5a97ba6db86a88,GBM_CFG=results/gbm_deephedge/benchmark_6_2/runs/seed_0007__train_oracle__feat_b__obj_cvar_a0.95__sigtrue_0.2__sigbar_0.1__lam_0/run_cfg.json python -m src.train_deephedge_gbm
train=oracle|feat=B|obj=cvar|sigtrue=0.2|sigbar=0.1|lam=0|robust=none,seed_0007__train_oracle__feat_b__obj_cvar_a0.95__sigtrue_0.2__sigbar_0.1__lam_0,2026-04-02T01:29:12Z,completed,main_benchmark,main,benchmark,True,deep_hedge_oracle,oracle,deep_hedge_oracle,7,B,cvar,0.2,0.1,0.0,,-4.536004053079523e-05,0.012161077000200748,0.00011923164129257202,0.017299886792898178,0.021877022460103035,0.02466849610209465,0.029347248375415802,3.190418394675255,5.665029048919678,319041.8394675255,results/gbm_deephedge/benchmark_6_2/runs/seed_0007__train_oracle__feat_b__obj_cvar_a0.95__sigtrue_0.2__sigbar_0.1__lam_0,results/gbm_deephedge,29461b0c7ab303f8b516017c23c8b97b14843ac366982481e4c1449940b919b2,76e694c21e709359f62f03a0ba5a97ba6db86a88,GBM_CFG=results/gbm_deephedge/benchmark_6_2/runs/seed_0007__train_oracle__feat_b__obj_cvar_a0.95__sigtrue_0.2__sigbar_0.1__lam_0/run_cfg.json python -m src.train_deephedge_gbm
train=oracle|feat=B|obj=cvar|sigtrue=0.2|sigbar=0.1|lam=0.0001|robust=none,seed_0007__train_oracle__feat_b__obj_cvar_a0.95__sigtrue_0.2__sigbar_0.1__lam_0.0001,2026-04-02T01:29:36Z,completed,main_benchmark,main,benchmark,True,bs_delta,oracle,deep_hedge_oracle,7,B,cvar,0.2,0.1,0.0001,,-0.00039214808101486386,0.022607623315882792,0.0006492689997532886,0.04258970652012401,0.05594090868546482,0.06435219777552045,0.07581537609720146,3.932947360973765,10.005506860589595,393294.7360973765,results/gbm_deephedge/benchmark_6_2/runs/seed_0007__train_oracle__feat_b__obj_cvar_a0.95__sigtrue_0.2__sigbar_0.1__lam_0.0001,results/gbm_deephedge,874eab8ee95fa0d44f2bc512703481f93b71ec95f4fc45a35ccefdaa40202872,76e694c21e709359f62f03a0ba5a97ba6db86a88,GBM_CFG=results/gbm_deephedge/benchmark_6_2/runs/seed_0007__train_oracle__feat_b__obj_cvar_a0.95__sigtrue_0.2__sigbar_0.1__lam_0.0001/run_cfg.json python -m src.train_deephedge_gbm
train=oracle|feat=B|obj=cvar|sigtrue=0.2|sigbar=0.1|lam=0.0001|robust=none,seed_0007__train_oracle__feat_b__obj_cvar_a0.95__sigtrue_0.2__sigbar_0.1__lam_0.0001,2026-04-02T01:29:36Z,completed,main_benchmark,main,benchmark,True,deep_hedge_oracle,oracle,deep_hedge_oracle,7,B,cvar,0.2,0.1,0.0001,,-0.0003615359601099044,0.012141192331910133,0.0004350431263446808,0.017449768260121346,0.02182789519429207,0.02444428578019142,0.02899923361837864,3.1462796826529504,5.546550750732422,314627.968265295,results/gbm_deephedge/benchmark_6_2/runs/seed_0007__train_oracle__feat_b__obj_cvar_a0.95__sigtrue_0.2__sigbar_0.1__lam_0.0001,results/gbm_deephedge,874eab8ee95fa0d44f2bc512703481f93b71ec95f4fc45a35ccefdaa40202872,76e694c21e709359f62f03a0ba5a97ba6db86a88,GBM_CFG=results/gbm_deephedge/benchmark_6_2/runs/seed_0007__train_oracle__feat_b__obj_cvar_a0.95__sigtrue_0.2__sigbar_0.1__lam_0.0001/run_cfg.json python -m src.train_deephedge_gbm
train=oracle|feat=B|obj=cvar|sigtrue=0.2|sigbar=0.1|lam=0.0005|robust=none,seed_0007__train_oracle__feat_b__obj_cvar_a0.95__sigtrue_0.2__sigbar_0.1__lam_0.0005,2026-04-02T01:30:01Z,completed,main_benchmark,main,benchmark,True,bs_delta,oracle,deep_hedge_oracle,7,B,cvar,0.2,0.1,0.0005,,-0.00199462617658515,0.02314754222807676,0.002264180123187548,0.04512628346217304,0.05863338510654814,0.06713602012186132,0.07871532379671783,3.932947360973765,10.005506860589595,393294.7360973765,results/gbm_deephedge/benchmark_6_2/runs/seed_0007__train_oracle__feat_b__obj_cvar_a0.95__sigtrue_0.2__sigbar_0.1__lam_0.0005,results/gbm_deephedge,e8397a8172da690257f5292ec3bb79b77a8cc93e4690997a4e1c3b4ba695eced,76e694c21e709359f62f03a0ba5a97ba6db86a88,GBM_CFG=results/gbm_deephedge/benchmark_6_2/runs/seed_0007__train_oracle__feat_b__obj_cvar_a0.95__sigtrue_0.2__sigbar_0.1__lam_0.0005/run_cfg.json python -m src.train_deephedge_gbm
train=oracle|feat=B|obj=cvar|sigtrue=0.2|sigbar=0.1|lam=0.0005|robust=none,seed_0007__train_oracle__feat_b__obj_cvar_a0.95__sigtrue_0.2__sigbar_0.1__lam_0.0005,2026-04-02T01:30:01Z,completed,main_benchmark,main,benchmark,True,deep_hedge_oracle,oracle,deep_hedge_oracle,7,B,cvar,0.2,0.1,0.0005,,-0.0016144000692293048,0.012218101881444454,0.001688893884420395,0.01876451075077057,0.023114698007702827,0.02573218010365963,0.030232233926653862,3.095313593776226,5.4332733154296875,309531.3593776226,results/gbm_deephedge/benchmark_6_2/runs/seed_0007__train_oracle__feat_b__obj_cvar_a0.95__sigtrue_0.2__sigbar_0.1__lam_0.0005,results/gbm_deephedge,e8397a8172da690257f5292ec3bb79b77a8cc93e4690997a4e1c3b4ba695eced,76e694c21e709359f62f03a0ba5a97ba6db86a88,GBM_CFG=results/gbm_deephedge/benchmark_6_2/runs/seed_0007__train_oracle__feat_b__obj_cvar_a0.95__sigtrue_0.2__sigbar_0.1__lam_0.0005/run_cfg.json python -m src.train_deephedge_gbm
train=oracle|feat=B|obj=cvar|sigtrue=0.2|sigbar=0.1|lam=0.001|robust=none,seed_0007__train_oracle__feat_b__obj_cvar_a0.95__sigtrue_0.2__sigbar_0.1__lam_0.001,2026-04-02T01:30:25Z,completed,main_benchmark,main,benchmark,True,bs_delta,oracle,deep_hedge_oracle,7,B,cvar,0.2,0.1,0.001,,-0.003997723759594231,0.023829023095108662,0.004283389646787039,0.04823762974371963,0.06200752221097511,0.07059275477244456,0.08235255590408966,3.932947360973765,10.005506860589595,393294.7360973765,results/gbm_deephedge/benchmark_6_2/runs/seed_0007__train_oracle__feat_b__obj_cvar_a0.95__sigtrue_0.2__sigbar_0.1__lam_0.001,results/gbm_deephedge,6378f88176ce106eaca0716677b02065bf656b13abc82975af6fbe5843b5ce06,76e694c21e709359f62f03a0ba5a97ba6db86a88,GBM_CFG=results/gbm_deephedge/benchmark_6_2/runs/seed_0007__train_oracle__feat_b__obj_cvar_a0.95__sigtrue_0.2__sigbar_0.1__lam_0.001/run_cfg.json python -m src.train_deephedge_gbm
train=oracle|feat=B|obj=cvar|sigtrue=0.2|sigbar=0.1|lam=0.001|robust=none,seed_0007__train_oracle__feat_b__obj_cvar_a0.95__sigtrue_0.2__sigbar_0.1__lam_0.001,2026-04-02T01:30:25Z,completed,main_benchmark,main,benchmark,True,deep_hedge_oracle,oracle,deep_hedge_oracle,7,B,cvar,0.2,0.1,0.001,,-0.003164790105074644,0.012197882868349552,0.0032390356063842773,0.0204420555382967,0.024862496182322502,0.027610456570982933,0.03214982524514198,3.0680752175450325,5.356204032897949,306807.52175450325,results/gbm_deephedge/benchmark_6_2/runs/seed_0007__train_oracle__feat_b__obj_cvar_a0.95__sigtrue_0.2__sigbar_0.1__lam_0.001,results/gbm_deephedge,6378f88176ce106eaca0716677b02065bf656b13abc82975af6fbe5843b5ce06,76e694c21e709359f62f03a0ba5a97ba6db86a88,GBM_CFG=results/gbm_deephedge/benchmark_6_2/runs/seed_0007__train_oracle__feat_b__obj_cvar_a0.95__sigtrue_0.2__sigbar_0.1__lam_0.001/run_cfg.json python -m src.train_deephedge_gbm
train=oracle|feat=B|obj=cvar|sigtrue=0.2|sigbar=0.25|lam=0|robust=none,seed_0007__train_oracle__feat_b__obj_cvar_a0.95__sigtrue_0.2__sigbar_0.25__lam_0,2026-04-02T01:29:18Z,completed,main_benchmark,main,benchmark,True,bs_delta,oracle,deep_hedge_oracle,7,B,cvar,0.2,0.25,0.0,,-3.621243064862056e-05,0.011785949288865148,0.00010552687263345323,0.016919571914214258,0.02053359358645166,0.022432588460583124,0.026415001573868814,2.9949316969581794,5.645259249205901,299493.1696958179,results/gbm_deephedge/benchmark_6_2/runs/seed_0007__train_oracle__feat_b__obj_cvar_a0.95__sigtrue_0.2__sigbar_0.25__lam_0,results/gbm_deephedge,d8b209eeca4a694a8fa70e257995de0a4dc0d0e9d6cd7a8aada71555a09d5438,76e694c21e709359f62f03a0ba5a97ba6db86a88,GBM_CFG=results/gbm_deephedge/benchmark_6_2/runs/seed_0007__train_oracle__feat_b__obj_cvar_a0.95__sigtrue_0.2__sigbar_0.25__lam_0/run_cfg.json python -m src.train_deephedge_gbm
train=oracle|feat=B|obj=cvar|sigtrue=0.2|sigbar=0.25|lam=0|robust=none,seed_0007__train_oracle__feat_b__obj_cvar_a0.95__sigtrue_0.2__sigbar_0.25__lam_0,2026-04-02T01:29:18Z,completed,main_benchmark,main,benchmark,True,deep_hedge_oracle,oracle,deep_hedge_oracle,7,B,cvar,0.2,0.25,0.0,,-4.536004053079523e-05,0.012161077000200748,0.00011923164129257202,0.017299886792898178,0.021877022460103035,0.02466849610209465,0.029347248375415802,3.190418394675255,5.665029048919678,319041.8394675255,results/gbm_deephedge/benchmark_6_2/runs/seed_0007__train_oracle__feat_b__obj_cvar_a0.95__sigtrue_0.2__sigbar_0.25__lam_0,results/gbm_deephedge,d8b209eeca4a694a8fa70e257995de0a4dc0d0e9d6cd7a8aada71555a09d5438,76e694c21e709359f62f03a0ba5a97ba6db86a88,GBM_CFG=results/gbm_deephedge/benchmark_6_2/runs/seed_0007__train_oracle__feat_b__obj_cvar_a0.95__sigtrue_0.2__sigbar_0.25__lam_0/run_cfg.json python -m src.train_deephedge_gbm
train=oracle|feat=B|obj=cvar|sigtrue=0.2|sigbar=0.25|lam=0.0001|robust=none,seed_0007__train_oracle__feat_b__obj_cvar_a0.95__sigtrue_0.2__sigbar_0.25__lam_0.0001,2026-04-02T01:29:42Z,completed,main_benchmark,main,benchmark,True,bs_delta,oracle,deep_hedge_oracle,7,B,cvar,0.2,0.25,0.0001,,-0.00034243024379358576,0.01175997068886301,0.00041143954285906975,0.017186895293470384,0.020815472874172635,0.02272853985069141,0.02674588088287716,2.9949316969581794,5.645259249205901,299493.1696958179,results/gbm_deephedge/benchmark_6_2/runs/seed_0007__train_oracle__feat_b__obj_cvar_a0.95__sigtrue_0.2__sigbar_0.25__lam_0.0001,results/gbm_deephedge,9b89688aebfb96feb28e4302db477028f4358ed8987df00d56adf8a418daf5a4,76e694c21e709359f62f03a0ba5a97ba6db86a88,GBM_CFG=results/gbm_deephedge/benchmark_6_2/runs/seed_0007__train_oracle__feat_b__obj_cvar_a0.95__sigtrue_0.2__sigbar_0.25__lam_0.0001/run_cfg.json python -m src.train_deephedge_gbm
train=oracle|feat=B|obj=cvar|sigtrue=0.2|sigbar=0.25|lam=0.0001|robust=none,seed_0007__train_oracle__feat_b__obj_cvar_a0.95__sigtrue_0.2__sigbar_0.25__lam_0.0001,2026-04-02T01:29:42Z,completed,main_benchmark,main,benchmark,True,deep_hedge_oracle,oracle,deep_hedge_oracle,7,B,cvar,0.2,0.25,0.0001,,-0.0003615359601099044,0.012141192331910133,0.0004350431263446808,0.017449768260121346,0.02182789519429207,0.02444428578019142,0.02899923361837864,3.1462796826529504,5.546550750732422,314627.968265295,results/gbm_deephedge/benchmark_6_2/runs/seed_0007__train_oracle__feat_b__obj_cvar_a0.95__sigtrue_0.2__sigbar_0.25__lam_0.0001,results/gbm_deephedge,9b89688aebfb96feb28e4302db477028f4358ed8987df00d56adf8a418daf5a4,76e694c21e709359f62f03a0ba5a97ba6db86a88,GBM_CFG=results/gbm_deephedge/benchmark_6_2/runs/seed_0007__train_oracle__feat_b__obj_cvar_a0.95__sigtrue_0.2__sigbar_0.25__lam_0.0001/run_cfg.json python -m src.train_deephedge_gbm
train=oracle|feat=B|obj=cvar|sigtrue=0.2|sigbar=0.25|lam=0.0005|robust=none,seed_0007__train_oracle__feat_b__obj_cvar_a0.95__sigtrue_0.2__sigbar_0.25__lam_0.0005,2026-04-02T01:30:07Z,completed,main_benchmark,main,benchmark,True,bs_delta,oracle,deep_hedge_oracle,7,B,cvar,0.2,0.25,0.0005,,-0.0015673016078631974,0.011661934003986185,0.001635165890354423,0.018245673503054408,0.02196992575822839,0.02397480199856452,0.028104789276218976,2.9949316969581794,5.645259249205901,299493.1696958179,results/gbm_deephedge/benchmark_6_2/runs/seed_0007__train_oracle__feat_b__obj_cvar_a0.95__sigtrue_0.2__sigbar_0.25__lam_0.0005,results/gbm_deephedge,44d2990c6283b6133042e0c82e4f0264f1c56f0ecc36533b6ab5e6f699de8122,76e694c21e709359f62f03a0ba5a97ba6db86a88,GBM_CFG=results/gbm_deephedge/benchmark_6_2/runs/seed_0007__train_oracle__feat_b__obj_cvar_a0.95__sigtrue_0.2__sigbar_0.25__lam_0.0005/run_cfg.json python -m src.train_deephedge_gbm
train=oracle|feat=B|obj=cvar|sigtrue=0.2|sigbar=0.25|lam=0.0005|robust=none,seed_0007__train_oracle__feat_b__obj_cvar_a0.95__sigtrue_0.2__sigbar_0.25__lam_0.0005,2026-04-02T01:30:07Z,completed,main_benchmark,main,benchmark,True,deep_hedge_oracle,oracle,deep_hedge_oracle,7,B,cvar,0.2,0.25,0.0005,,-0.0016144000692293048,0.012218101881444454,0.001688893884420395,0.01876451075077057,0.023114698007702827,0.02573218010365963,0.030232233926653862,3.095313593776226,5.4332733154296875,309531.3593776226,results/gbm_deephedge/benchmark_6_2/runs/seed_0007__train_oracle__feat_b__obj_cvar_a0.95__sigtrue_0.2__sigbar_0.25__lam_0.0005,results/gbm_deephedge,44d2990c6283b6133042e0c82e4f0264f1c56f0ecc36533b6ab5e6f699de8122,76e694c21e709359f62f03a0ba5a97ba6db86a88,GBM_CFG=results/gbm_deephedge/benchmark_6_2/runs/seed_0007__train_oracle__feat_b__obj_cvar_a0.95__sigtrue_0.2__sigbar_0.25__lam_0.0005/run_cfg.json python -m src.train_deephedge_gbm
train=oracle|feat=B|obj=cvar|sigtrue=0.2|sigbar=0.25|lam=0.001|robust=none,seed_0007__train_oracle__feat_b__obj_cvar_a0.95__sigtrue_0.2__sigbar_0.25__lam_0.001,2026-04-02T01:30:31Z,completed,main_benchmark,main,benchmark,True,bs_delta,oracle,deep_hedge_oracle,7,B,cvar,0.2,0.25,0.001,,-0.003098390785077774,0.011552886867802896,0.003164993782953228,0.019598825146328436,0.023474184002839234,0.025574268931425132,0.029872286556445946,2.9949316969581794,5.645259249205901,299493.1696958179,results/gbm_deephedge/benchmark_6_2/runs/seed_0007__train_oracle__feat_b__obj_cvar_a0.95__sigtrue_0.2__sigbar_0.25__lam_0.001,results/gbm_deephedge,af4b9aa86efba750eda434a96bd3c4b77b4b7c4d9754b816e53646d23a943985,76e694c21e709359f62f03a0ba5a97ba6db86a88,GBM_CFG=results/gbm_deephedge/benchmark_6_2/runs/seed_0007__train_oracle__feat_b__obj_cvar_a0.95__sigtrue_0.2__sigbar_0.25__lam_0.001/run_cfg.json python -m src.train_deephedge_gbm
train=oracle|feat=B|obj=cvar|sigtrue=0.2|sigbar=0.25|lam=0.001|robust=none,seed_0007__train_oracle__feat_b__obj_cvar_a0.95__sigtrue_0.2__sigbar_0.25__lam_0.001,2026-04-02T01:30:31Z,completed,main_benchmark,main,benchmark,True,deep_hedge_oracle,oracle,deep_hedge_oracle,7,B,cvar,0.2,0.25,0.001,,-0.003164790105074644,0.012197882868349552,0.0032390356063842773,0.0204420555382967,0.024862496182322502,0.027610456570982933,0.03214982524514198,3.0680752175450325,5.356204032897949,306807.52175450325,results/gbm_deephedge/benchmark_6_2/runs/seed_0007__train_oracle__feat_b__obj_cvar_a0.95__sigtrue_0.2__sigbar_0.25__lam_0.001,results/gbm_deephedge,af4b9aa86efba750eda434a96bd3c4b77b4b7c4d9754b816e53646d23a943985,76e694c21e709359f62f03a0ba5a97ba6db86a88,GBM_CFG=results/gbm_deephedge/benchmark_6_2/runs/seed_0007__train_oracle__feat_b__obj_cvar_a0.95__sigtrue_0.2__sigbar_0.25__lam_0.001/run_cfg.json python -m src.train_deephedge_gbm
train=oracle|feat=B|obj=cvar|sigtrue=0.2|sigbar=0.2|lam=0|robust=none,seed_0007__train_oracle__feat_b__obj_cvar_a0.95__sigtrue_0.2__sigbar_0.2__lam_0,2026-04-01T22:21:08Z,completed,main_benchmark,main,benchmark,True,bs_delta,oracle,deep_hedge_oracle,7,B,cvar,0.2,0.2,0.0,,-1.9013182394215907e-05,0.009705636932321595,6.614786021033603e-05,0.016044947407127867,0.02251807800253735,0.02633243652029287,0.033243811713874215,3.2260172656951434,6.590289397444907,322601.7265695143,results/gbm_deephedge/benchmark_6_2/runs/seed_0007__train_oracle__feat_b__obj_cvar_a0.95__sigtrue_0.2__sigbar_0.2__lam_0,results/gbm_deephedge,3823d771a657b15f77dd3edf5c2ae32519b9e93d48e571a5c71ab1781fcfa2c2,76e694c21e709359f62f03a0ba5a97ba6db86a88,GBM_CFG=results/gbm_deephedge/benchmark_6_2/runs/seed_0007__train_oracle__feat_b__obj_cvar_a0.95__sigtrue_0.2__sigbar_0.2__lam_0/run_cfg.json python -m src.train_deephedge_gbm
train=oracle|feat=B|obj=cvar|sigtrue=0.2|sigbar=0.2|lam=0|robust=none,seed_0007__train_oracle__feat_b__obj_cvar_a0.95__sigtrue_0.2__sigbar_0.2__lam_0,2026-04-01T22:21:08Z,completed,main_benchmark,main,benchmark,True,deep_hedge_oracle,oracle,deep_hedge_oracle,7,B,cvar,0.2,0.2,0.0,,-4.536004053079523e-05,0.012161077000200748,0.00011923164129257202,0.017299886792898178,0.021877022460103035,0.02466849610209465,0.029347248375415802,3.190418394675255,5.665029048919678,319041.8394675255,results/gbm_deephedge/benchmark_6_2/runs/seed_0007__train_oracle__feat_b__obj_cvar_a0.95__sigtrue_0.2__sigbar_0.2__lam_0,results/gbm_deephedge,3823d771a657b15f77dd3edf5c2ae32519b9e93d48e571a5c71ab1781fcfa2c2,76e694c21e709359f62f03a0ba5a97ba6db86a88,GBM_CFG=results/gbm_deephedge/benchmark_6_2/runs/seed_0007__train_oracle__feat_b__obj_cvar_a0.95__sigtrue_0.2__sigbar_0.2__lam_0/run_cfg.json python -m src.train_deephedge_gbm
train=oracle|feat=B|obj=cvar|sigtrue=0.2|sigbar=0.2|lam=0.0001|robust=none,seed_0007__train_oracle__feat_b__obj_cvar_a0.95__sigtrue_0.2__sigbar_0.2__lam_0.0001,2026-04-01T23:02:14Z,completed,main_benchmark,main,benchmark,True,bs_delta,oracle,deep_hedge_oracle,7,B,cvar,0.2,0.2,0.0001,,-0.00034849552438399043,0.009717696675741067,0.0003957498002856996,0.016453086068079877,0.022948735502151544,0.026779930033470532,0.03371091814631032,3.2260172656951434,6.590289397444907,322601.7265695143,results/gbm_deephedge/benchmark_6_2/runs/seed_0007__train_oracle__feat_b__obj_cvar_a0.95__sigtrue_0.2__sigbar_0.2__lam_0.0001,results/gbm_deephedge,405d1279dd54e48e832c91e1940328fd89e9a8d1ee3f753cbc76a6a43ad0f160,76e694c21e709359f62f03a0ba5a97ba6db86a88,GBM_CFG=results/gbm_deephedge/benchmark_6_2/runs/seed_0007__train_oracle__feat_b__obj_cvar_a0.95__sigtrue_0.2__sigbar_0.2__lam_0.0001/run_cfg.json python -m src.train_deephedge_gbm
train=oracle|feat=B|obj=cvar|sigtrue=0.2|sigbar=0.2|lam=0.0001|robust=none,seed_0007__train_oracle__feat_b__obj_cvar_a0.95__sigtrue_0.2__sigbar_0.2__lam_0.0001,2026-04-01T23:02:14Z,completed,main_benchmark,main,benchmark,True,deep_hedge_oracle,oracle,deep_hedge_oracle,7,B,cvar,0.2,0.2,0.0001,,-0.0003615359601099044,0.012141192331910133,0.0004350431263446808,0.017449768260121346,0.02182789519429207,0.02444428578019142,0.02899923361837864,3.1462796826529504,5.546550750732422,314627.968265295,results/gbm_deephedge/benchmark_6_2/runs/seed_0007__train_oracle__feat_b__obj_cvar_a0.95__sigtrue_0.2__sigbar_0.2__lam_0.0001,results/gbm_deephedge,405d1279dd54e48e832c91e1940328fd89e9a8d1ee3f753cbc76a6a43ad0f160,76e694c21e709359f62f03a0ba5a97ba6db86a88,GBM_CFG=results/gbm_deephedge/benchmark_6_2/runs/seed_0007__train_oracle__feat_b__obj_cvar_a0.95__sigtrue_0.2__sigbar_0.2__lam_0.0001/run_cfg.json python -m src.train_deephedge_gbm
train=oracle|feat=B|obj=cvar|sigtrue=0.2|sigbar=0.2|lam=0.0005|robust=none,seed_0007__train_oracle__feat_b__obj_cvar_a0.95__sigtrue_0.2__sigbar_0.2__lam_0.0005,2026-04-01T23:49:05Z,completed,main_benchmark,main,benchmark,True,bs_delta,oracle,deep_hedge_oracle,7,B,cvar,0.2,0.2,0.0005,,-0.0016664250122936039,0.00977612774032607,0.0017142589296752914,0.018033115627362865,0.02468175678876214,0.028636936281711812,0.03558576483760784,3.2260172656951434,6.590289397444907,322601.7265695143,results/gbm_deephedge/benchmark_6_2/runs/seed_0007__train_oracle__feat_b__obj_cvar_a0.95__sigtrue_0.2__sigbar_0.2__lam_0.0005,results/gbm_deephedge,5565d38a27cf9ed88fe61efaf4836012310a8fb49c449f041277cccb981dc9c1,76e694c21e709359f62f03a0ba5a97ba6db86a88,GBM_CFG=results/gbm_deephedge/benchmark_6_2/runs/seed_0007__train_oracle__feat_b__obj_cvar_a0.95__sigtrue_0.2__sigbar_0.2__lam_0.0005/run_cfg.json python -m src.train_deephedge_gbm
train=oracle|feat=B|obj=cvar|sigtrue=0.2|sigbar=0.2|lam=0.0005|robust=none,seed_0007__train_oracle__feat_b__obj_cvar_a0.95__sigtrue_0.2__sigbar_0.2__lam_0.0005,2026-04-01T23:49:05Z,completed,main_benchmark,main,benchmark,True,deep_hedge_oracle,oracle,deep_hedge_oracle,7,B,cvar,0.2,0.2,0.0005,,-0.0016144000692293048,0.012218101881444454,0.001688893884420395,0.01876451075077057,0.023114698007702827,0.02573218010365963,0.030232233926653862,3.095313593776226,5.4332733154296875,309531.3593776226,results/gbm_deephedge/benchmark_6_2/runs/seed_0007__train_oracle__feat_b__obj_cvar_a0.95__sigtrue_0.2__sigbar_0.2__lam_0.0005,results/gbm_deephedge,5565d38a27cf9ed88fe61efaf4836012310a8fb49c449f041277cccb981dc9c1,76e694c21e709359f62f03a0ba5a97ba6db86a88,GBM_CFG=results/gbm_deephedge/benchmark_6_2/runs/seed_0007__train_oracle__feat_b__obj_cvar_a0.95__sigtrue_0.2__sigbar_0.2__lam_0.0005/run_cfg.json python -m src.train_deephedge_gbm
train=oracle|feat=B|obj=cvar|sigtrue=0.2|sigbar=0.2|lam=0.001|robust=none,seed_0007__train_oracle__feat_b__obj_cvar_a0.95__sigtrue_0.2__sigbar_0.2__lam_0.001,2026-04-02T00:29:44Z,completed,main_benchmark,main,benchmark,True,bs_delta,oracle,deep_hedge_oracle,7,B,cvar,0.2,0.2,0.001,,-0.003313836842192992,0.00987173575382041,0.0033626231086123504,0.020066004284682686,0.02687055293614262,0.030943113655738458,0.03794310432458707,3.2260172656951434,6.590289397444907,322601.7265695143,results/gbm_deephedge/benchmark_6_2/runs/seed_0007__train_oracle__feat_b__obj_cvar_a0.95__sigtrue_0.2__sigbar_0.2__lam_0.001,results/gbm_deephedge,74485930a3298dbe6531b239c55d0bb945b918aa2464eb9ed667d19d0a25a0a1,76e694c21e709359f62f03a0ba5a97ba6db86a88,GBM_CFG=results/gbm_deephedge/benchmark_6_2/runs/seed_0007__train_oracle__feat_b__obj_cvar_a0.95__sigtrue_0.2__sigbar_0.2__lam_0.001/run_cfg.json python -m src.train_deephedge_gbm
train=oracle|feat=B|obj=cvar|sigtrue=0.2|sigbar=0.2|lam=0.001|robust=none,seed_0007__train_oracle__feat_b__obj_cvar_a0.95__sigtrue_0.2__sigbar_0.2__lam_0.001,2026-04-02T00:29:44Z,completed,main_benchmark,main,benchmark,True,deep_hedge_oracle,oracle,deep_hedge_oracle,7,B,cvar,0.2,0.2,0.001,,-0.003164790105074644,0.012197882868349552,0.0032390356063842773,0.0204420555382967,0.024862496182322502,0.027610456570982933,0.03214982524514198,3.0680752175450325,5.356204032897949,306807.52175450325,results/gbm_deephedge/benchmark_6_2/runs/seed_0007__train_oracle__feat_b__obj_cvar_a0.95__sigtrue_0.2__sigbar_0.2__lam_0.001,results/gbm_deephedge,74485930a3298dbe6531b239c55d0bb945b918aa2464eb9ed667d19d0a25a0a1,76e694c21e709359f62f03a0ba5a97ba6db86a88,GBM_CFG=results/gbm_deephedge/benchmark_6_2/runs/seed_0007__train_oracle__feat_b__obj_cvar_a0.95__sigtrue_0.2__sigbar_0.2__lam_0.001/run_cfg.json python -m src.train_deephedge_gbm
train=oracle|feat=B|obj=cvar|sigtrue=0.2|sigbar=0.3|lam=0|robust=none,seed_0007__train_oracle__feat_b__obj_cvar_a0.95__sigtrue_0.2__sigbar_0.3__lam_0,2026-04-02T01:29:21Z,completed,main_benchmark,main,benchmark,True,bs_delta,oracle,deep_hedge_oracle,7,B,cvar,0.2,0.3,0.0,,-5.1104424313833415e-05,0.01547797344108457,0.00017069659844104468,0.023596004111931388,0.02754211833757878,0.030062583626533097,0.03266981344581507,2.812763756663754,4.968145290954359,281276.3756663754,results/gbm_deephedge/benchmark_6_2/runs/seed_0007__train_oracle__feat_b__obj_cvar_a0.95__sigtrue_0.2__sigbar_0.3__lam_0,results/gbm_deephedge,993d54473e5a704a0b0030f3c3e8f794b61bb63ecb72e0e7fcace43ab5a6dc90,76e694c21e709359f62f03a0ba5a97ba6db86a88,GBM_CFG=results/gbm_deephedge/benchmark_6_2/runs/seed_0007__train_oracle__feat_b__obj_cvar_a0.95__sigtrue_0.2__sigbar_0.3__lam_0/run_cfg.json python -m src.train_deephedge_gbm
train=oracle|feat=B|obj=cvar|sigtrue=0.2|sigbar=0.3|lam=0|robust=none,seed_0007__train_oracle__feat_b__obj_cvar_a0.95__sigtrue_0.2__sigbar_0.3__lam_0,2026-04-02T01:29:21Z,completed,main_benchmark,main,benchmark,True,deep_hedge_oracle,oracle,deep_hedge_oracle,7,B,cvar,0.2,0.3,0.0,,-4.536004053079523e-05,0.012161077000200748,0.00011923164129257202,0.017299886792898178,0.021877022460103035,0.02466849610209465,0.029347248375415802,3.190418394675255,5.665029048919678,319041.8394675255,results/gbm_deephedge/benchmark_6_2/runs/seed_0007__train_oracle__feat_b__obj_cvar_a0.95__sigtrue_0.2__sigbar_0.3__lam_0,results/gbm_deephedge,993d54473e5a704a0b0030f3c3e8f794b61bb63ecb72e0e7fcace43ab5a6dc90,76e694c21e709359f62f03a0ba5a97ba6db86a88,GBM_CFG=results/gbm_deephedge/benchmark_6_2/runs/seed_0007__train_oracle__feat_b__obj_cvar_a0.95__sigtrue_0.2__sigbar_0.3__lam_0/run_cfg.json python -m src.train_deephedge_gbm
train=oracle|feat=B|obj=cvar|sigtrue=0.2|sigbar=0.3|lam=0.0001|robust=none,seed_0007__train_oracle__feat_b__obj_cvar_a0.95__sigtrue_0.2__sigbar_0.3__lam_0.0001,2026-04-02T01:29:45Z,completed,main_benchmark,main,benchmark,True,bs_delta,oracle,deep_hedge_oracle,7,B,cvar,0.2,0.3,0.0001,,-0.00033896967109232364,0.01544538354835753,0.0004580569115803304,0.023816403991434122,0.027746110073894624,0.030235139822035146,0.032862126957969695,2.812763756663754,4.968145290954359,281276.3756663754,results/gbm_deephedge/benchmark_6_2/runs/seed_0007__train_oracle__feat_b__obj_cvar_a0.95__sigtrue_0.2__sigbar_0.3__lam_0.0001,results/gbm_deephedge,9ab4249f062e4ef17011975a3a9db110701c16f980f2f8ad3d24f4ab5a9b3237,76e694c21e709359f62f03a0ba5a97ba6db86a88,GBM_CFG=results/gbm_deephedge/benchmark_6_2/runs/seed_0007__train_oracle__feat_b__obj_cvar_a0.95__sigtrue_0.2__sigbar_0.3__lam_0.0001/run_cfg.json python -m src.train_deephedge_gbm
train=oracle|feat=B|obj=cvar|sigtrue=0.2|sigbar=0.3|lam=0.0001|robust=none,seed_0007__train_oracle__feat_b__obj_cvar_a0.95__sigtrue_0.2__sigbar_0.3__lam_0.0001,2026-04-02T01:29:45Z,completed,main_benchmark,main,benchmark,True,deep_hedge_oracle,oracle,deep_hedge_oracle,7,B,cvar,0.2,0.3,0.0001,,-0.0003615359601099044,0.012141192331910133,0.0004350431263446808,0.017449768260121346,0.02182789519429207,0.02444428578019142,0.02899923361837864,3.1462796826529504,5.546550750732422,314627.968265295,results/gbm_deephedge/benchmark_6_2/runs/seed_0007__train_oracle__feat_b__obj_cvar_a0.95__sigtrue_0.2__sigbar_0.3__lam_0.0001,results/gbm_deephedge,9ab4249f062e4ef17011975a3a9db110701c16f980f2f8ad3d24f4ab5a9b3237,76e694c21e709359f62f03a0ba5a97ba6db86a88,GBM_CFG=results/gbm_deephedge/benchmark_6_2/runs/seed_0007__train_oracle__feat_b__obj_cvar_a0.95__sigtrue_0.2__sigbar_0.3__lam_0.0001/run_cfg.json python -m src.train_deephedge_gbm
train=oracle|feat=B|obj=cvar|sigtrue=0.2|sigbar=0.3|lam=0.0005|robust=none,seed_0007__train_oracle__feat_b__obj_cvar_a0.95__sigtrue_0.2__sigbar_0.3__lam_0.0005,2026-04-02T01:30:10Z,completed,main_benchmark,main,benchmark,True,bs_delta,oracle,deep_hedge_oracle,7,B,cvar,0.2,0.3,0.0005,,-0.0014904307630210175,0.015318276218018284,0.001607559076868284,0.024708789333352934,0.028575778738413805,0.03100897879541703,0.03365098968339506,2.812763756663754,4.968145290954359,281276.3756663754,results/gbm_deephedge/benchmark_6_2/runs/seed_0007__train_oracle__feat_b__obj_cvar_a0.95__sigtrue_0.2__sigbar_0.3__lam_0.0005,results/gbm_deephedge,e5f1e1bb38b0d61c73e973d91c9b21f727fd166e09debf49b545aa7b5b001db8,76e694c21e709359f62f03a0ba5a97ba6db86a88,GBM_CFG=results/gbm_deephedge/benchmark_6_2/runs/seed_0007__train_oracle__feat_b__obj_cvar_a0.95__sigtrue_0.2__sigbar_0.3__lam_0.0005/run_cfg.json python -m src.train_deephedge_gbm
train=oracle|feat=B|obj=cvar|sigtrue=0.2|sigbar=0.3|lam=0.0005|robust=none,seed_0007__train_oracle__feat_b__obj_cvar_a0.95__sigtrue_0.2__sigbar_0.3__lam_0.0005,2026-04-02T01:30:10Z,completed,main_benchmark,main,benchmark,True,deep_hedge_oracle,oracle,deep_hedge_oracle,7,B,cvar,0.2,0.3,0.0005,,-0.0016144000692293048,0.012218101881444454,0.001688893884420395,0.01876451075077057,0.023114698007702827,0.02573218010365963,0.030232233926653862,3.095313593776226,5.4332733154296875,309531.3593776226,results/gbm_deephedge/benchmark_6_2/runs/seed_0007__train_oracle__feat_b__obj_cvar_a0.95__sigtrue_0.2__sigbar_0.3__lam_0.0005,results/gbm_deephedge,e5f1e1bb38b0d61c73e973d91c9b21f727fd166e09debf49b545aa7b5b001db8,76e694c21e709359f62f03a0ba5a97ba6db86a88,GBM_CFG=results/gbm_deephedge/benchmark_6_2/runs/seed_0007__train_oracle__feat_b__obj_cvar_a0.95__sigtrue_0.2__sigbar_0.3__lam_0.0005/run_cfg.json python -m src.train_deephedge_gbm
train=oracle|feat=B|obj=cvar|sigtrue=0.2|sigbar=0.3|lam=0.001|robust=none,seed_0007__train_oracle__feat_b__obj_cvar_a0.95__sigtrue_0.2__sigbar_0.3__lam_0.001,2026-04-02T01:30:34Z,completed,main_benchmark,main,benchmark,True,bs_delta,oracle,deep_hedge_oracle,7,B,cvar,0.2,0.3,0.001,,-0.0029297571017282017,0.015166861371423031,0.0030445735647730773,0.025821337791337357,0.029643174433150215,0.032048863727178925,0.034695500061457656,2.812763756663754,4.968145290954359,281276.3756663754,results/gbm_deephedge/benchmark_6_2/runs/seed_0007__train_oracle__feat_b__obj_cvar_a0.95__sigtrue_0.2__sigbar_0.3__lam_0.001,results/gbm_deephedge,facba725f48458d253ca4c5e66c82939ac7f2f641c58583392424e8b5a506ba3,76e694c21e709359f62f03a0ba5a97ba6db86a88,GBM_CFG=results/gbm_deephedge/benchmark_6_2/runs/seed_0007__train_oracle__feat_b__obj_cvar_a0.95__sigtrue_0.2__sigbar_0.3__lam_0.001/run_cfg.json python -m src.train_deephedge_gbm
train=oracle|feat=B|obj=cvar|sigtrue=0.2|sigbar=0.3|lam=0.001|robust=none,seed_0007__train_oracle__feat_b__obj_cvar_a0.95__sigtrue_0.2__sigbar_0.3__lam_0.001,2026-04-02T01:30:34Z,completed,main_benchmark,main,benchmark,True,deep_hedge_oracle,oracle,deep_hedge_oracle,7,B,cvar,0.2,0.3,0.001,,-0.003164790105074644,0.012197882868349552,0.0032390356063842773,0.0204420555382967,0.024862496182322502,0.027610456570982933,0.03214982524514198,3.0680752175450325,5.356204032897949,306807.52175450325,results/gbm_deephedge/benchmark_6_2/runs/seed_0007__train_oracle__feat_b__obj_cvar_a0.95__sigtrue_0.2__sigbar_0.3__lam_0.001,results/gbm_deephedge,facba725f48458d253ca4c5e66c82939ac7f2f641c58583392424e8b5a506ba3,76e694c21e709359f62f03a0ba5a97ba6db86a88,GBM_CFG=results/gbm_deephedge/benchmark_6_2/runs/seed_0007__train_oracle__feat_b__obj_cvar_a0.95__sigtrue_0.2__sigbar_0.3__lam_0.001/run_cfg.json python -m src.train_deephedge_gbm
"train=robust|feat=B|obj=cvar|sigtrue=0.2|sigbar=0.15|lam=0|robust=0.15,0.2,0.25",seed_0007__train_robust_s0.15-0.2-0.25__feat_b__obj_cvar_a0.95__sigtrue_0.2__sigbar_0.15__lam_0,2026-04-02T01:29:27Z,completed,main_benchmark,main,benchmark,True,bs_delta,robust,deep_hedge_robust,7,B,cvar,0.2,0.15,0.0,0.15|0.2|0.25,-4.776016249457616e-07,0.01301801215090266,8.561574495154212e-05,0.024920821290251142,0.03430066061271046,0.04013493180793649,0.048810294574269046,3.527056344363049,7.956139524419062,352705.6344363049,results/gbm_deephedge/benchmark_6_2/runs/seed_0007__train_robust_s0.15-0.2-0.25__feat_b__obj_cvar_a0.95__sigtrue_0.2__sigbar_0.15__lam_0,results/gbm_deephedge,351a9235d3fc407a0c8a5a30cc610a719afdbc435ea17a9a8c74852d89446c09,76e694c21e709359f62f03a0ba5a97ba6db86a88,GBM_CFG=results/gbm_deephedge/benchmark_6_2/runs/seed_0007__train_robust_s0.15-0.2-0.25__feat_b__obj_cvar_a0.95__sigtrue_0.2__sigbar_0.15__lam_0/run_cfg.json python -m src.train_deephedge_gbm
"train=robust|feat=B|obj=cvar|sigtrue=0.2|sigbar=0.15|lam=0|robust=0.15,0.2,0.25",seed_0007__train_robust_s0.15-0.2-0.25__feat_b__obj_cvar_a0.95__sigtrue_0.2__sigbar_0.15__lam_0,2026-04-02T01:29:27Z,completed,main_benchmark,main,benchmark,True,deep_hedge_robust,robust,deep_hedge_robust,7,B,cvar,0.2,0.15,0.0,0.15|0.2|0.25,-5.559774945140816e-05,0.0144368726760149,0.00015953928232192993,0.02092643454670906,0.02461032196879387,0.026737257838249207,0.029938392341136932,2.979450684815645,5.101768493652344,297945.0684815645,results/gbm_deephedge/benchmark_6_2/runs/seed_0007__train_robust_s0.15-0.2-0.25__feat_b__obj_cvar_a0.95__sigtrue_0.2__sigbar_0.15__lam_0,results/gbm_deephedge,351a9235d3fc407a0c8a5a30cc610a719afdbc435ea17a9a8c74852d89446c09,76e694c21e709359f62f03a0ba5a97ba6db86a88,GBM_CFG=results/gbm_deephedge/benchmark_6_2/runs/seed_0007__train_robust_s0.15-0.2-0.25__feat_b__obj_cvar_a0.95__sigtrue_0.2__sigbar_0.15__lam_0/run_cfg.json python -m src.train_deephedge_gbm
"train=robust|feat=B|obj=cvar|sigtrue=0.2|sigbar=0.15|lam=0.0001|robust=0.15,0.2,0.25",seed_0007__train_robust_s0.15-0.2-0.25__feat_b__obj_cvar_a0.95__sigtrue_0.2__sigbar_0.15__lam_0.0001,2026-04-02T01:29:52Z,completed,main_benchmark,main,benchmark,True,bs_delta,robust,deep_hedge_robust,7,B,cvar,0.2,0.15,0.0001,0.15|0.2|0.25,-0.0003602570066119213,0.013096364957159141,0.0004464240204447023,0.025415387660565062,0.03483452039609424,0.040643962433282256,0.04937853184426446,3.527056344363049,7.956139524419062,352705.6344363049,results/gbm_deephedge/benchmark_6_2/runs/seed_0007__train_robust_s0.15-0.2-0.25__feat_b__obj_cvar_a0.95__sigtrue_0.2__sigbar_0.15__lam_0.0001,results/gbm_deephedge,8dd6d6c0d3ae49963c57edc3db111bdcc4a6dbf85d988ebf759220287565ae8c,76e694c21e709359f62f03a0ba5a97ba6db86a88,GBM_CFG=results/gbm_deephedge/benchmark_6_2/runs/seed_0007__train_robust_s0.15-0.2-0.25__feat_b__obj_cvar_a0.95__sigtrue_0.2__sigbar_0.15__lam_0.0001/run_cfg.json python -m src.train_deephedge_gbm
"train=robust|feat=B|obj=cvar|sigtrue=0.2|sigbar=0.15|lam=0.0001|robust=0.15,0.2,0.25",seed_0007__train_robust_s0.15-0.2-0.25__feat_b__obj_cvar_a0.95__sigtrue_0.2__sigbar_0.15__lam_0.0001,2026-04-02T01:29:52Z,completed,main_benchmark,main,benchmark,True,deep_hedge_robust,robust,deep_hedge_robust,7,B,cvar,0.2,0.15,0.0001,0.15|0.2|0.25,-0.00035310309613123536,0.014887967146933079,0.00046366453170776367,0.022195719182491302,0.025931159034371376,0.0281106848269701,0.031041035428643227,2.925220625911951,4.96957540512085,292522.0625911951,results/gbm_deephedge/benchmark_6_2/runs/seed_0007__train_robust_s0.15-0.2-0.25__feat_b__obj_cvar_a0.95__sigtrue_0.2__sigbar_0.15__lam_0.0001,results/gbm_deephedge,8dd6d6c0d3ae49963c57edc3db111bdcc4a6dbf85d988ebf759220287565ae8c,76e694c21e709359f62f03a0ba5a97ba6db86a88,GBM_CFG=results/gbm_deephedge/benchmark_6_2/runs/seed_0007__train_robust_s0.15-0.2-0.25__feat_b__obj_cvar_a0.95__sigtrue_0.2__sigbar_0.15__lam_0.0001/run_cfg.json python -m src.train_deephedge_gbm
"train=robust|feat=B|obj=cvar|sigtrue=0.2|sigbar=0.15|lam=0.0005|robust=0.15,0.2,0.25",seed_0007__train_robust_s0.15-0.2-0.25__feat_b__obj_cvar_a0.95__sigtrue_0.2__sigbar_0.15__lam_0.0005,2026-04-02T01:30:16Z,completed,main_benchmark,main,benchmark,True,bs_delta,robust,deep_hedge_robust,7,B,cvar,0.2,0.15,0.0005,0.15|0.2|0.25,-0.0017993747575275431,0.013416369686635411,0.0018898074382331514,0.027457586244634333,0.03697539915595835,0.04289407251913463,0.05165964317041243,3.527056344363049,7.956139524419062,352705.6344363049,results/gbm_deephedge/benchmark_6_2/runs/seed_0007__train_robust_s0.15-0.2-0.25__feat_b__obj_cvar_a0.95__sigtrue_0.2__sigbar_0.15__lam_0.0005,results/gbm_deephedge,02f3d8006d7e5ce1c9c274109c3f493739ba2ee35fbf924681d2839f0efbb5c3,76e694c21e709359f62f03a0ba5a97ba6db86a88,GBM_CFG=results/gbm_deephedge/benchmark_6_2/runs/seed_0007__train_robust_s0.15-0.2-0.25__feat_b__obj_cvar_a0.95__sigtrue_0.2__sigbar_0.15__lam_0.0005/run_cfg.json python -m src.train_deephedge_gbm
"train=robust|feat=B|obj=cvar|sigtrue=0.2|sigbar=0.15|lam=0.0005|robust=0.15,0.2,0.25",seed_0007__train_robust_s0.15-0.2-0.25__feat_b__obj_cvar_a0.95__sigtrue_0.2__sigbar_0.15__lam_0.0005,2026-04-02T01:30:16Z,completed,main_benchmark,main,benchmark,True,deep_hedge_robust,robust,deep_hedge_robust,7,B,cvar,0.2,0.15,0.0005,0.15|0.2|0.25,-0.0015394818037748337,0.014422014355659485,0.0016432106494903564,0.022235343232750893,0.025957701727747917,0.028090843930840492,0.0314909890294075,2.9213396705806254,4.952657699584961,292133.96705806255,results/gbm_deephedge/benchmark_6_2/runs/seed_0007__train_robust_s0.15-0.2-0.25__feat_b__obj_cvar_a0.95__sigtrue_0.2__sigbar_0.15__lam_0.0005,results/gbm_deephedge,02f3d8006d7e5ce1c9c274109c3f493739ba2ee35fbf924681d2839f0efbb5c3,76e694c21e709359f62f03a0ba5a97ba6db86a88,GBM_CFG=results/gbm_deephedge/benchmark_6_2/runs/seed_0007__train_robust_s0.15-0.2-0.25__feat_b__obj_cvar_a0.95__sigtrue_0.2__sigbar_0.15__lam_0.0005/run_cfg.json python -m src.train_deephedge_gbm
"train=robust|feat=B|obj=cvar|sigtrue=0.2|sigbar=0.15|lam=0.001|robust=0.15,0.2,0.25",seed_0007__train_robust_s0.15-0.2-0.25__feat_b__obj_cvar_a0.95__sigtrue_0.2__sigbar_0.15__lam_0.001,2026-04-02T01:30:40Z,completed,main_benchmark,main,benchmark,True,bs_delta,robust,deep_hedge_robust,7,B,cvar,0.2,0.15,0.001,0.15|0.2|0.25,-0.0035982719134301407,0.013830345722140015,0.0036943745902387193,0.02997279258457502,0.039663308307509165,0.04572498859983916,0.05452163020461423,3.527056344363049,7.956139524419062,352705.6344363049,results/gbm_deephedge/benchmark_6_2/runs/seed_0007__train_robust_s0.15-0.2-0.25__feat_b__obj_cvar_a0.95__sigtrue_0.2__sigbar_0.15__lam_0.001,results/gbm_deephedge,65e1eb9d66c30a34774e9eac6726d23e896de2d0f7d67f17320280d96b843c3d,76e694c21e709359f62f03a0ba5a97ba6db86a88,GBM_CFG=results/gbm_deephedge/benchmark_6_2/runs/seed_0007__train_robust_s0.15-0.2-0.25__feat_b__obj_cvar_a0.95__sigtrue_0.2__sigbar_0.15__lam_0.001/run_cfg.json python -m src.train_deephedge_gbm
"train=robust|feat=B|obj=cvar|sigtrue=0.2|sigbar=0.15|lam=0.001|robust=0.15,0.2,0.25",seed_0007__train_robust_s0.15-0.2-0.25__feat_b__obj_cvar_a0.95__sigtrue_0.2__sigbar_0.15__lam_0.001,2026-04-02T01:30:40Z,completed,main_benchmark,main,benchmark,True,deep_hedge_robust,robust,deep_hedge_robust,7,B,cvar,0.2,0.15,0.001,0.15|0.2|0.25,-0.0029856229666620493,0.01442380715161562,0.0030892863869667053,0.023377111181616783,0.02717100828886032,0.029394833371043205,0.03298815339803696,2.885963204379082,4.861537933349609,288596.3204379082,results/gbm_deephedge/benchmark_6_2/runs/seed_0007__train_robust_s0.15-0.2-0.25__feat_b__obj_cvar_a0.95__sigtrue_0.2__sigbar_0.15__lam_0.001,results/gbm_deephedge,65e1eb9d66c30a34774e9eac6726d23e896de2d0f7d67f17320280d96b843c3d,76e694c21e709359f62f03a0ba5a97ba6db86a88,GBM_CFG=results/gbm_deephedge/benchmark_6_2/runs/seed_0007__train_robust_s0.15-0.2-0.25__feat_b__obj_cvar_a0.95__sigtrue_0.2__sigbar_0.15__lam_0.001/run_cfg.json python -m src.train_deephedge_gbm
"train=robust|feat=B|obj=cvar|sigtrue=0.2|sigbar=0.1|lam=0|robust=0.15,0.2,0.25",seed_0007__train_robust_s0.15-0.2-0.25__feat_b__obj_cvar_a0.95__sigtrue_0.2__sigbar_0.1__lam_0,2026-04-02T01:29:24Z,completed,main_benchmark,main,benchmark,True,bs_delta,robust,deep_hedge_robust,7,B,cvar,0.2,0.1,0.0,0.15|0.2|0.25,8.471406423931804e-06,0.022473418982088406,0.0002456046552141433,0.04194645296418224,0.05526893976562453,0.06365406051206032,0.07509249981966883,3.932947360973765,10.005506860589595,393294.7360973765,results/gbm_deephedge/benchmark_6_2/runs/seed_0007__train_robust_s0.15-0.2-0.25__feat_b__obj_cvar_a0.95__sigtrue_0.2__sigbar_0.1__lam_0,results/gbm_deephedge,806d725e46489fc4181690b15552ecf51ab4ecb51dee5d0f3f3628e48aceb292,76e694c21e709359f62f03a0ba5a97ba6db86a88,GBM_CFG=results/gbm_deephedge/benchmark_6_2/runs/seed_0007__train_robust_s0.15-0.2-0.25__feat_b__obj_cvar_a0.95__sigtrue_0.2__sigbar_0.1__lam_0/run_cfg.json python -m src.train_deephedge_gbm
"train=robust|feat=B|obj=cvar|sigtrue=0.2|sigbar=0.1|lam=0|robust=0.15,0.2,0.25",seed_0007__train_robust_s0.15-0.2-0.25__feat_b__obj_cvar_a0.95__sigtrue_0.2__sigbar_0.1__lam_0,2026-04-02T01:29:24Z,completed,main_benchmark,main,benchmark,True,deep_hedge_robust,robust,deep_hedge_robust,7,B,cvar,0.2,0.1,0.0,0.15|0.2|0.25,-5.559774945140816e-05,0.0144368726760149,0.00015953928232192993,0.02092643454670906,0.02461032196879387,0.026737257838249207,0.029938392341136932,2.979450684815645,5.101768493652344,297945.0684815645,results/gbm_deephedge/benchmark_6_2/runs/seed_0007__train_robust_s0.15-0.2-0.25__feat_b__obj_cvar_a0.95__sigtrue_0.2__sigbar_0.1__lam_0,results/gbm_deephedge,806d725e46489fc4181690b15552ecf51ab4ecb51dee5d0f3f3628e48aceb292,76e694c21e709359f62f03a0ba5a97ba6db86a88,GBM_CFG=results/gbm_deephedge/benchmark_6_2/runs/seed_0007__train_robust_s0.15-0.2-0.25__feat_b__obj_cvar_a0.95__sigtrue_0.2__sigbar_0.1__lam_0/run_cfg.json python -m src.train_deephedge_gbm
"train=robust|feat=B|obj=cvar|sigtrue=0.2|sigbar=0.1|lam=0.0001|robust=0.15,0.2,0.25",seed_0007__train_robust_s0.15-0.2-0.25__feat_b__obj_cvar_a0.95__sigtrue_0.2__sigbar_0.1__lam_0.0001,2026-04-02T01:29:48Z,completed,main_benchmark,main,benchmark,True,bs_delta,robust,deep_hedge_robust,7,B,cvar,0.2,0.1,0.0001,0.15|0.2|0.25,-0.00039214808101486386,0.022607623315882792,0.0006492689997532886,0.04258970652012401,0.05594090868546482,0.06435219777552045,0.07581537609720146,3.932947360973765,10.005506860589595,393294.7360973765,results/gbm_deephedge/benchmark_6_2/runs/seed_0007__train_robust_s0.15-0.2-0.25__feat_b__obj_cvar_a0.95__sigtrue_0.2__sigbar_0.1__lam_0.0001,results/gbm_deephedge,657fc55276612a26238015bab4c9dbccdaffb9cc977c3ae976de55f3279d40e1,76e694c21e709359f62f03a0ba5a97ba6db86a88,GBM_CFG=results/gbm_deephedge/benchmark_6_2/runs/seed_0007__train_robust_s0.15-0.2-0.25__feat_b__obj_cvar_a0.95__sigtrue_0.2__sigbar_0.1__lam_0.0001/run_cfg.json python -m src.train_deephedge_gbm
"train=robust|feat=B|obj=cvar|sigtrue=0.2|sigbar=0.1|lam=0.0001|robust=0.15,0.2,0.25",seed_0007__train_robust_s0.15-0.2-0.25__feat_b__obj_cvar_a0.95__sigtrue_0.2__sigbar_0.1__lam_0.0001,2026-04-02T01:29:48Z,completed,main_benchmark,main,benchmark,True,deep_hedge_robust,robust,deep_hedge_robust,7,B,cvar,0.2,0.1,0.0001,0.15|0.2|0.25,-0.00035310309613123536,0.014887967146933079,0.00046366453170776367,0.022195719182491302,0.025931159034371376,0.0281106848269701,0.031041035428643227,2.925220625911951,4.96957540512085,292522.0625911951,results/gbm_deephedge/benchmark_6_2/runs/seed_0007__train_robust_s0.15-0.2-0.25__feat_b__obj_cvar_a0.95__sigtrue_0.2__sigbar_0.1__lam_0.0001,results/gbm_deephedge,657fc55276612a26238015bab4c9dbccdaffb9cc977c3ae976de55f3279d40e1,76e694c21e709359f62f03a0ba5a97ba6db86a88,GBM_CFG=results/gbm_deephedge/benchmark_6_2/runs/seed_0007__train_robust_s0.15-0.2-0.25__feat_b__obj_cvar_a0.95__sigtrue_0.2__sigbar_0.1__lam_0.0001/run_cfg.json python -m src.train_deephedge_gbm
"train=robust|feat=B|obj=cvar|sigtrue=0.2|sigbar=0.1|lam=0.0005|robust=0.15,0.2,0.25",seed_0007__train_robust_s0.15-0.2-0.25__feat_b__obj_cvar_a0.95__sigtrue_0.2__sigbar_0.1__lam_0.0005,2026-04-02T01:30:13Z,completed,main_benchmark,main,benchmark,True,bs_delta,robust,deep_hedge_robust,7,B,cvar,0.2,0.1,0.0005,0.15|0.2|0.25,-0.00199462617658515,0.02314754222807676,0.002264180123187548,0.04512628346217304,0.05863338510654814,0.06713602012186132,0.07871532379671783,3.932947360973765,10.005506860589595,393294.7360973765,results/gbm_deephedge/benchmark_6_2/runs/seed_0007__train_robust_s0.15-0.2-0.25__feat_b__obj_cvar_a0.95__sigtrue_0.2__sigbar_0.1__lam_0.0005,results/gbm_deephedge,432c4550cdf2e6567d7ae39d18abd464a8faf24c626b50f31f32d192a029da5f,76e694c21e709359f62f03a0ba5a97ba6db86a88,GBM_CFG=results/gbm_deephedge/benchmark_6_2/runs/seed_0007__train_robust_s0.15-0.2-0.25__feat_b__obj_cvar_a0.95__sigtrue_0.2__sigbar_0.1__lam_0.0005/run_cfg.json python -m src.train_deephedge_gbm
"train=robust|feat=B|obj=cvar|sigtrue=0.2|sigbar=0.1|lam=0.0005|robust=0.15,0.2,0.25",seed_0007__train_robust_s0.15-0.2-0.25__feat_b__obj_cvar_a0.95__sigtrue_0.2__sigbar_0.1__lam_0.0005,2026-04-02T01:30:13Z,completed,main_benchmark,main,benchmark,True,deep_hedge_robust,robust,deep_hedge_robust,7,B,cvar,0.2,0.1,0.0005,0.15|0.2|0.25,-0.0015394818037748337,0.014422014355659485,0.0016432106494903564,0.022235343232750893,0.025957701727747917,0.028090843930840492,0.0314909890294075,2.9213396705806254,4.952657699584961,292133.96705806255,results/gbm_deephedge/benchmark_6_2/runs/seed_0007__train_robust_s0.15-0.2-0.25__feat_b__obj_cvar_a0.95__sigtrue_0.2__sigbar_0.1__lam_0.0005,results/gbm_deephedge,432c4550cdf2e6567d7ae39d18abd464a8faf24c626b50f31f32d192a029da5f,76e694c21e709359f62f03a0ba5a97ba6db86a88,GBM_CFG=results/gbm_deephedge/benchmark_6_2/runs/seed_0007__train_robust_s0.15-0.2-0.25__feat_b__obj_cvar_a0.95__sigtrue_0.2__sigbar_0.1__lam_0.0005/run_cfg.json python -m src.train_deephedge_gbm
"train=robust|feat=B|obj=cvar|sigtrue=0.2|sigbar=0.1|lam=0.001|robust=0.15,0.2,0.25",seed_0007__train_robust_s0.15-0.2-0.25__feat_b__obj_cvar_a0.95__sigtrue_0.2__sigbar_0.1__lam_0.001,2026-04-02T01:30:37Z,completed,main_benchmark,main,benchmark,True,bs_delta,robust,deep_hedge_robust,7,B,cvar,0.2,0.1,0.001,0.15|0.2|0.25,-0.003997723759594231,0.023829023095108662,0.004283389646787039,0.04823762974371963,0.06200752221097511,0.07059275477244456,0.08235255590408966,3.932947360973765,10.005506860589595,393294.7360973765,results/gbm_deephedge/benchmark_6_2/runs/seed_0007__train_robust_s0.15-0.2-0.25__feat_b__obj_cvar_a0.95__sigtrue_0.2__sigbar_0.1__lam_0.001,results/gbm_deephedge,6c01931ff20ed7a2b9b24ec3c8660c838c641f380bae305ba9670eace2d8c45d,76e694c21e709359f62f03a0ba5a97ba6db86a88,GBM_CFG=results/gbm_deephedge/benchmark_6_2/runs/seed_0007__train_robust_s0.15-0.2-0.25__feat_b__obj_cvar_a0.95__sigtrue_0.2__sigbar_0.1__lam_0.001/run_cfg.json python -m src.train_deephedge_gbm
"train=robust|feat=B|obj=cvar|sigtrue=0.2|sigbar=0.1|lam=0.001|robust=0.15,0.2,0.25",seed_0007__train_robust_s0.15-0.2-0.25__feat_b__obj_cvar_a0.95__sigtrue_0.2__sigbar_0.1__lam_0.001,2026-04-02T01:30:37Z,completed,main_benchmark,main,benchmark,True,deep_hedge_robust,robust,deep_hedge_robust,7,B,cvar,0.2,0.1,0.001,0.15|0.2|0.25,-0.0029856229666620493,0.01442380715161562,0.0030892863869667053,0.023377111181616783,0.02717100828886032,0.029394833371043205,0.03298815339803696,2.885963204379082,4.861537933349609,288596.3204379082,results/gbm_deephedge/benchmark_6_2/runs/seed_0007__train_robust_s0.15-0.2-0.25__feat_b__obj_cvar_a0.95__sigtrue_0.2__sigbar_0.1__lam_0.001,results/gbm_deephedge,6c01931ff20ed7a2b9b24ec3c8660c838c641f380bae305ba9670eace2d8c45d,76e694c21e709359f62f03a0ba5a97ba6db86a88,GBM_CFG=results/gbm_deephedge/benchmark_6_2/runs/seed_0007__train_robust_s0.15-0.2-0.25__feat_b__obj_cvar_a0.95__sigtrue_0.2__sigbar_0.1__lam_0.001/run_cfg.json python -m src.train_deephedge_gbm
"train=robust|feat=B|obj=cvar|sigtrue=0.2|sigbar=0.25|lam=0|robust=0.15,0.2,0.25",seed_0007__train_robust_s0.15-0.2-0.25__feat_b__obj_cvar_a0.95__sigtrue_0.2__sigbar_0.25__lam_0,2026-04-02T01:29:30Z,completed,main_benchmark,main,benchmark,True,bs_delta,robust,deep_hedge_robust,7,B,cvar,0.2,0.25,0.0,0.15|0.2|0.25,-3.621243064862056e-05,0.011785949288865148,0.00010552687263345323,0.016919571914214258,0.02053359358645166,0.022432588460583124,0.026415001573868814,2.9949316969581794,5.645259249205901,299493.1696958179,results/gbm_deephedge/benchmark_6_2/runs/seed_0007__train_robust_s0.15-0.2-0.25__feat_b__obj_cvar_a0.95__sigtrue_0.2__sigbar_0.25__lam_0,results/gbm_deephedge,7a8c4bafd8dc9fa41a12a5ceca2865e4b74af962d53663f62119005f4a038d3d,76e694c21e709359f62f03a0ba5a97ba6db86a88,GBM_CFG=results/gbm_deephedge/benchmark_6_2/runs/seed_0007__train_robust_s0.15-0.2-0.25__feat_b__obj_cvar_a0.95__sigtrue_0.2__sigbar_0.25__lam_0/run_cfg.json python -m src.train_deephedge_gbm
"train=robust|feat=B|obj=cvar|sigtrue=0.2|sigbar=0.25|lam=0|robust=0.15,0.2,0.25",seed_0007__train_robust_s0.15-0.2-0.25__feat_b__obj_cvar_a0.95__sigtrue_0.2__sigbar_0.25__lam_0,2026-04-02T01:29:30Z,completed,main_benchmark,main,benchmark,True,deep_hedge_robust,robust,deep_hedge_robust,7,B,cvar,0.2,0.25,0.0,0.15|0.2|0.25,-5.559774945140816e-05,0.0144368726760149,0.00015953928232192993,0.02092643454670906,0.02461032196879387,0.026737257838249207,0.029938392341136932,2.979450684815645,5.101768493652344,297945.0684815645,results/gbm_deephedge/benchmark_6_2/runs/seed_0007__train_robust_s0.15-0.2-0.25__feat_b__obj_cvar_a0.95__sigtrue_0.2__sigbar_0.25__lam_0,results/gbm_deephedge,7a8c4bafd8dc9fa41a12a5ceca2865e4b74af962d53663f62119005f4a038d3d,76e694c21e709359f62f03a0ba5a97ba6db86a88,GBM_CFG=results/gbm_deephedge/benchmark_6_2/runs/seed_0007__train_robust_s0.15-0.2-0.25__feat_b__obj_cvar_a0.95__sigtrue_0.2__sigbar_0.25__lam_0/run_cfg.json python -m src.train_deephedge_gbm
"train=robust|feat=B|obj=cvar|sigtrue=0.2|sigbar=0.25|lam=0.0001|robust=0.15,0.2,0.25",seed_0007__train_robust_s0.15-0.2-0.25__feat_b__obj_cvar_a0.95__sigtrue_0.2__sigbar_0.25__lam_0.0001,2026-04-02T01:29:55Z,completed,main_benchmark,main,benchmark,True,bs_delta,robust,deep_hedge_robust,7,B,cvar,0.2,0.25,0.0001,0.15|0.2|0.25,-0.00034243024379358576,0.01175997068886301,0.00041143954285906975,0.017186895293470384,0.020815472874172635,0.02272853985069141,0.02674588088287716,2.9949316969581794,5.645259249205901,299493.1696958179,results/gbm_deephedge/benchmark_6_2/runs/seed_0007__train_robust_s0.15-0.2-0.25__feat_b__obj_cvar_a0.95__sigtrue_0.2__sigbar_0.25__lam_0.0001,results/gbm_deephedge,5b61c61c7547df86352e2c0188628ce2349bdec57a38919a361b32b843e077f3,76e694c21e709359f62f03a0ba5a97ba6db86a88,GBM_CFG=results/gbm_deephedge/benchmark_6_2/runs/seed_0007__train_robust_s0.15-0.2-0.25__feat_b__obj_cvar_a0.95__sigtrue_0.2__sigbar_0.25__lam_0.0001/run_cfg.json python -m src.train_deephedge_gbm
"train=robust|feat=B|obj=cvar|sigtrue=0.2|sigbar=0.25|lam=0.0001|robust=0.15,0.2,0.25",seed_0007__train_robust_s0.15-0.2-0.25__feat_b__obj_cvar_a0.95__sigtrue_0.2__sigbar_0.25__lam_0.0001,2026-04-02T01:29:55Z,completed,main_benchmark,main,benchmark,True,deep_hedge_robust,robust,deep_hedge_robust,7,B,cvar,0.2,0.25,0.0001,0.15|0.2|0.25,-0.00035310309613123536,0.014887967146933079,0.00046366453170776367,0.022195719182491302,0.025931159034371376,0.0281106848269701,0.031041035428643227,2.925220625911951,4.96957540512085,292522.0625911951,results/gbm_deephedge/benchmark_6_2/runs/seed_0007__train_robust_s0.15-0.2-0.25__feat_b__obj_cvar_a0.95__sigtrue_0.2__sigbar_0.25__lam_0.0001,results/gbm_deephedge,5b61c61c7547df86352e2c0188628ce2349bdec57a38919a361b32b843e077f3,76e694c21e709359f62f03a0ba5a97ba6db86a88,GBM_CFG=results/gbm_deephedge/benchmark_6_2/runs/seed_0007__train_robust_s0.15-0.2-0.25__feat_b__obj_cvar_a0.95__sigtrue_0.2__sigbar_0.25__lam_0.0001/run_cfg.json python -m src.train_deephedge_gbm
"train=robust|feat=B|obj=cvar|sigtrue=0.2|sigbar=0.25|lam=0.0005|robust=0.15,0.2,0.25",seed_0007__train_robust_s0.15-0.2-0.25__feat_b__obj_cvar_a0.95__sigtrue_0.2__sigbar_0.25__lam_0.0005,2026-04-02T01:30:19Z,completed,main_benchmark,main,benchmark,True,bs_delta,robust,deep_hedge_robust,7,B,cvar,0.2,0.25,0.0005,0.15|0.2|0.25,-0.0015673016078631974,0.011661934003986185,0.001635165890354423,0.018245673503054408,0.02196992575822839,0.02397480199856452,0.028104789276218976,2.9949316969581794,5.645259249205901,299493.1696958179,results/gbm_deephedge/benchmark_6_2/runs/seed_0007__train_robust_s0.15-0.2-0.25__feat_b__obj_cvar_a0.95__sigtrue_0.2__sigbar_0.25__lam_0.0005,results/gbm_deephedge,f37670b267b6104168a9168143c46a64e1794dd2e5b6531b70cbd03aecdb0cf0,76e694c21e709359f62f03a0ba5a97ba6db86a88,GBM_CFG=results/gbm_deephedge/benchmark_6_2/runs/seed_0007__train_robust_s0.15-0.2-0.25__feat_b__obj_cvar_a0.95__sigtrue_0.2__sigbar_0.25__lam_0.0005/run_cfg.json python -m src.train_deephedge_gbm
"train=robust|feat=B|obj=cvar|sigtrue=0.2|sigbar=0.25|lam=0.0005|robust=0.15,0.2,0.25",seed_0007__train_robust_s0.15-0.2-0.25__feat_b__obj_cvar_a0.95__sigtrue_0.2__sigbar_0.25__lam_0.0005,2026-04-02T01:30:19Z,completed,main_benchmark,main,benchmark,True,deep_hedge_robust,robust,deep_hedge_robust,7,B,cvar,0.2,0.25,0.0005,0.15|0.2|0.25,-0.0015394818037748337,0.014422014355659485,0.0016432106494903564,0.022235343232750893,0.025957701727747917,0.028090843930840492,0.0314909890294075,2.9213396705806254,4.952657699584961,292133.96705806255,results/gbm_deephedge/benchmark_6_2/runs/seed_0007__train_robust_s0.15-0.2-0.25__feat_b__obj_cvar_a0.95__sigtrue_0.2__sigbar_0.25__lam_0.0005,results/gbm_deephedge,f37670b267b6104168a9168143c46a64e1794dd2e5b6531b70cbd03aecdb0cf0,76e694c21e709359f62f03a0ba5a97ba6db86a88,GBM_CFG=results/gbm_deephedge/benchmark_6_2/runs/seed_0007__train_robust_s0.15-0.2-0.25__feat_b__obj_cvar_a0.95__sigtrue_0.2__sigbar_0.25__lam_0.0005/run_cfg.json python -m src.train_deephedge_gbm
"train=robust|feat=B|obj=cvar|sigtrue=0.2|sigbar=0.25|lam=0.001|robust=0.15,0.2,0.25",seed_0007__train_robust_s0.15-0.2-0.25__feat_b__obj_cvar_a0.95__sigtrue_0.2__sigbar_0.25__lam_0.001,2026-04-02T01:30:43Z,completed,main_benchmark,main,benchmark,True,bs_delta,robust,deep_hedge_robust,7,B,cvar,0.2,0.25,0.001,0.15|0.2|0.25,-0.003098390785077774,0.011552886867802896,0.003164993782953228,0.019598825146328436,0.023474184002839234,0.025574268931425132,0.029872286556445946,2.9949316969581794,5.645259249205901,299493.1696958179,results/gbm_deephedge/benchmark_6_2/runs/seed_0007__train_robust_s0.15-0.2-0.25__feat_b__obj_cvar_a0.95__sigtrue_0.2__sigbar_0.25__lam_0.001,results/gbm_deephedge,c61d5126be239e2b5f5569ae9a21a928ab2959dbac4b999d1b7628279ef38d85,76e694c21e709359f62f03a0ba5a97ba6db86a88,GBM_CFG=results/gbm_deephedge/benchmark_6_2/runs/seed_0007__train_robust_s0.15-0.2-0.25__feat_b__obj_cvar_a0.95__sigtrue_0.2__sigbar_0.25__lam_0.001/run_cfg.json python -m src.train_deephedge_gbm
"train=robust|feat=B|obj=cvar|sigtrue=0.2|sigbar=0.25|lam=0.001|robust=0.15,0.2,0.25",seed_0007__train_robust_s0.15-0.2-0.25__feat_b__obj_cvar_a0.95__sigtrue_0.2__sigbar_0.25__lam_0.001,2026-04-02T01:30:43Z,completed,main_benchmark,main,benchmark,True,deep_hedge_robust,robust,deep_hedge_robust,7,B,cvar,0.2,0.25,0.001,0.15|0.2|0.25,-0.0029856229666620493,0.01442380715161562,0.0030892863869667053,0.023377111181616783,0.02717100828886032,0.029394833371043205,0.03298815339803696,2.885963204379082,4.861537933349609,288596.3204379082,results/gbm_deephedge/benchmark_6_2/runs/seed_0007__train_robust_s0.15-0.2-0.25__feat_b__obj_cvar_a0.95__sigtrue_0.2__sigbar_0.25__lam_0.001,results/gbm_deephedge,c61d5126be239e2b5f5569ae9a21a928ab2959dbac4b999d1b7628279ef38d85,76e694c21e709359f62f03a0ba5a97ba6db86a88,GBM_CFG=results/gbm_deephedge/benchmark_6_2/runs/seed_0007__train_robust_s0.15-0.2-0.25__feat_b__obj_cvar_a0.95__sigtrue_0.2__sigbar_0.25__lam_0.001/run_cfg.json python -m src.train_deephedge_gbm
"train=robust|feat=B|obj=cvar|sigtrue=0.2|sigbar=0.2|lam=0|robust=0.15,0.2,0.25",seed_0007__train_robust_s0.15-0.2-0.25__feat_b__obj_cvar_a0.95__sigtrue_0.2__sigbar_0.2__lam_0,2026-04-01T22:22:34Z,completed,main_benchmark,main,benchmark,True,bs_delta,robust,deep_hedge_robust,7,B,cvar,0.2,0.2,0.0,0.15|0.2|0.25,-1.9013182394215907e-05,0.009705636932321595,6.614786021033603e-05,0.016044947407127867,0.02251807800253735,0.02633243652029287,0.033243811713874215,3.2260172656951434,6.590289397444907,322601.7265695143,results/gbm_deephedge/benchmark_6_2/runs/seed_0007__train_robust_s0.15-0.2-0.25__feat_b__obj_cvar_a0.95__sigtrue_0.2__sigbar_0.2__lam_0,results/gbm_deephedge,7c0795d9d035ec33eaf79f4a35eb4fa10205faf8cb23ca9e10ed049aed81cea9,76e694c21e709359f62f03a0ba5a97ba6db86a88,GBM_CFG=results/gbm_deephedge/benchmark_6_2/runs/seed_0007__train_robust_s0.15-0.2-0.25__feat_b__obj_cvar_a0.95__sigtrue_0.2__sigbar_0.2__lam_0/run_cfg.json python -m src.train_deephedge_gbm
"train=robust|feat=B|obj=cvar|sigtrue=0.2|sigbar=0.2|lam=0|robust=0.15,0.2,0.25",seed_0007__train_robust_s0.15-0.2-0.25__feat_b__obj_cvar_a0.95__sigtrue_0.2__sigbar_0.2__lam_0,2026-04-01T22:22:34Z,completed,main_benchmark,main,benchmark,True,deep_hedge_robust,robust,deep_hedge_robust,7,B,cvar,0.2,0.2,0.0,0.15|0.2|0.25,-5.559774945140816e-05,0.0144368726760149,0.00015953928232192993,0.02092643454670906,0.02461032196879387,0.026737257838249207,0.029938392341136932,2.979450684815645,5.101768493652344,297945.0684815645,results/gbm_deephedge/benchmark_6_2/runs/seed_0007__train_robust_s0.15-0.2-0.25__feat_b__obj_cvar_a0.95__sigtrue_0.2__sigbar_0.2__lam_0,results/gbm_deephedge,7c0795d9d035ec33eaf79f4a35eb4fa10205faf8cb23ca9e10ed049aed81cea9,76e694c21e709359f62f03a0ba5a97ba6db86a88,GBM_CFG=results/gbm_deephedge/benchmark_6_2/runs/seed_0007__train_robust_s0.15-0.2-0.25__feat_b__obj_cvar_a0.95__sigtrue_0.2__sigbar_0.2__lam_0/run_cfg.json python -m src.train_deephedge_gbm
"train=robust|feat=B|obj=cvar|sigtrue=0.2|sigbar=0.2|lam=0.0001|robust=0.15,0.2,0.25",seed_0007__train_robust_s0.15-0.2-0.25__feat_b__obj_cvar_a0.95__sigtrue_0.2__sigbar_0.2__lam_0.0001,2026-04-01T23:04:20Z,completed,main_benchmark,main,benchmark,True,bs_delta,robust,deep_hedge_robust,7,B,cvar,0.2,0.2,0.0001,0.15|0.2|0.25,-0.00034849552438399043,0.009717696675741067,0.0003957498002856996,0.016453086068079877,0.022948735502151544,0.026779930033470532,0.03371091814631032,3.2260172656951434,6.590289397444907,322601.7265695143,results/gbm_deephedge/benchmark_6_2/runs/seed_0007__train_robust_s0.15-0.2-0.25__feat_b__obj_cvar_a0.95__sigtrue_0.2__sigbar_0.2__lam_0.0001,results/gbm_deephedge,cf3dc5389ac6d60586082e3c2a2a344a3596476935dda79b058bba98892cb939,76e694c21e709359f62f03a0ba5a97ba6db86a88,GBM_CFG=results/gbm_deephedge/benchmark_6_2/runs/seed_0007__train_robust_s0.15-0.2-0.25__feat_b__obj_cvar_a0.95__sigtrue_0.2__sigbar_0.2__lam_0.0001/run_cfg.json python -m src.train_deephedge_gbm
"train=robust|feat=B|obj=cvar|sigtrue=0.2|sigbar=0.2|lam=0.0001|robust=0.15,0.2,0.25",seed_0007__train_robust_s0.15-0.2-0.25__feat_b__obj_cvar_a0.95__sigtrue_0.2__sigbar_0.2__lam_0.0001,2026-04-01T23:04:20Z,completed,main_benchmark,main,benchmark,True,deep_hedge_robust,robust,deep_hedge_robust,7,B,cvar,0.2,0.2,0.0001,0.15|0.2|0.25,-0.00035310309613123536,0.014887967146933079,0.00046366453170776367,0.022195719182491302,0.025931159034371376,0.0281106848269701,0.031041035428643227,2.925220625911951,4.96957540512085,292522.0625911951,results/gbm_deephedge/benchmark_6_2/runs/seed_0007__train_robust_s0.15-0.2-0.25__feat_b__obj_cvar_a0.95__sigtrue_0.2__sigbar_0.2__lam_0.0001,results/gbm_deephedge,cf3dc5389ac6d60586082e3c2a2a344a3596476935dda79b058bba98892cb939,76e694c21e709359f62f03a0ba5a97ba6db86a88,GBM_CFG=results/gbm_deephedge/benchmark_6_2/runs/seed_0007__train_robust_s0.15-0.2-0.25__feat_b__obj_cvar_a0.95__sigtrue_0.2__sigbar_0.2__lam_0.0001/run_cfg.json python -m src.train_deephedge_gbm
"train=robust|feat=B|obj=cvar|sigtrue=0.2|sigbar=0.2|lam=0.0005|robust=0.15,0.2,0.25",seed_0007__train_robust_s0.15-0.2-0.25__feat_b__obj_cvar_a0.95__sigtrue_0.2__sigbar_0.2__lam_0.0005,2026-04-01T23:51:17Z,completed,main_benchmark,main,benchmark,True,bs_delta,robust,deep_hedge_robust,7,B,cvar,0.2,0.2,0.0005,0.15|0.2|0.25,-0.0016664250122936039,0.00977612774032607,0.0017142589296752914,0.018033115627362865,0.02468175678876214,0.028636936281711812,0.03558576483760784,3.2260172656951434,6.590289397444907,322601.7265695143,results/gbm_deephedge/benchmark_6_2/runs/seed_0007__train_robust_s0.15-0.2-0.25__feat_b__obj_cvar_a0.95__sigtrue_0.2__sigbar_0.2__lam_0.0005,results/gbm_deephedge,c080f53fb6e606f037b7e29040def881bb535a68c35bc54721e0ec009625d8df,76e694c21e709359f62f03a0ba5a97ba6db86a88,GBM_CFG=results/gbm_deephedge/benchmark_6_2/runs/seed_0007__train_robust_s0.15-0.2-0.25__feat_b__obj_cvar_a0.95__sigtrue_0.2__sigbar_0.2__lam_0.0005/run_cfg.json python -m src.train_deephedge_gbm
"train=robust|feat=B|obj=cvar|sigtrue=0.2|sigbar=0.2|lam=0.0005|robust=0.15,0.2,0.25",seed_0007__train_robust_s0.15-0.2-0.25__feat_b__obj_cvar_a0.95__sigtrue_0.2__sigbar_0.2__lam_0.0005,2026-04-01T23:51:17Z,completed,main_benchmark,main,benchmark,True,deep_hedge_robust,robust,deep_hedge_robust,7,B,cvar,0.2,0.2,0.0005,0.15|0.2|0.25,-0.0015394818037748337,0.014422014355659485,0.0016432106494903564,0.022235343232750893,0.025957701727747917,0.028090843930840492,0.0314909890294075,2.9213396705806254,4.952657699584961,292133.96705806255,results/gbm_deephedge/benchmark_6_2/runs/seed_0007__train_robust_s0.15-0.2-0.25__feat_b__obj_cvar_a0.95__sigtrue_0.2__sigbar_0.2__lam_0.0005,results/gbm_deephedge,c080f53fb6e606f037b7e29040def881bb535a68c35bc54721e0ec009625d8df,76e694c21e709359f62f03a0ba5a97ba6db86a88,GBM_CFG=results/gbm_deephedge/benchmark_6_2/runs/seed_0007__train_robust_s0.15-0.2-0.25__feat_b__obj_cvar_a0.95__sigtrue_0.2__sigbar_0.2__lam_0.0005/run_cfg.json python -m src.train_deephedge_gbm
"train=robust|feat=B|obj=cvar|sigtrue=0.2|sigbar=0.2|lam=0.001|robust=0.15,0.2,0.25",seed_0007__train_robust_s0.15-0.2-0.25__feat_b__obj_cvar_a0.95__sigtrue_0.2__sigbar_0.2__lam_0.001,2026-04-02T00:31:59Z,completed,main_benchmark,main,benchmark,True,bs_delta,robust,deep_hedge_robust,7,B,cvar,0.2,0.2,0.001,0.15|0.2|0.25,-0.003313836842192992,0.00987173575382041,0.0033626231086123504,0.020066004284682686,0.02687055293614262,0.030943113655738458,0.03794310432458707,3.2260172656951434,6.590289397444907,322601.7265695143,results/gbm_deephedge/benchmark_6_2/runs/seed_0007__train_robust_s0.15-0.2-0.25__feat_b__obj_cvar_a0.95__sigtrue_0.2__sigbar_0.2__lam_0.001,results/gbm_deephedge,3e1dc5093ccaccaba7d816ae3ae21f54cbe17846814d91d193a109830e9f6e0c,76e694c21e709359f62f03a0ba5a97ba6db86a88,GBM_CFG=results/gbm_deephedge/benchmark_6_2/runs/seed_0007__train_robust_s0.15-0.2-0.25__feat_b__obj_cvar_a0.95__sigtrue_0.2__sigbar_0.2__lam_0.001/run_cfg.json python -m src.train_deephedge_gbm
"train=robust|feat=B|obj=cvar|sigtrue=0.2|sigbar=0.2|lam=0.001|robust=0.15,0.2,0.25",seed_0007__train_robust_s0.15-0.2-0.25__feat_b__obj_cvar_a0.95__sigtrue_0.2__sigbar_0.2__lam_0.001,2026-04-02T00:31:59Z,completed,main_benchmark,main,benchmark,True,deep_hedge_robust,robust,deep_hedge_robust,7,B,cvar,0.2,0.2,0.001,0.15|0.2|0.25,-0.0029856229666620493,0.01442380715161562,0.0030892863869667053,0.023377111181616783,0.02717100828886032,0.029394833371043205,0.03298815339803696,2.885963204379082,4.861537933349609,288596.3204379082,results/gbm_deephedge/benchmark_6_2/runs/seed_0007__train_robust_s0.15-0.2-0.25__feat_b__obj_cvar_a0.95__sigtrue_0.2__sigbar_0.2__lam_0.001,results/gbm_deephedge,3e1dc5093ccaccaba7d816ae3ae21f54cbe17846814d91d193a109830e9f6e0c,76e694c21e709359f62f03a0ba5a97ba6db86a88,GBM_CFG=results/gbm_deephedge/benchmark_6_2/runs/seed_0007__train_robust_s0.15-0.2-0.25__feat_b__obj_cvar_a0.95__sigtrue_0.2__sigbar_0.2__lam_0.001/run_cfg.json python -m src.train_deephedge_gbm
"train=robust|feat=B|obj=cvar|sigtrue=0.2|sigbar=0.3|lam=0|robust=0.15,0.2,0.25",seed_0007__train_robust_s0.15-0.2-0.25__feat_b__obj_cvar_a0.95__sigtrue_0.2__sigbar_0.3__lam_0,2026-04-02T01:29:34Z,completed,main_benchmark,main,benchmark,True,bs_delta,robust,deep_hedge_robust,7,B,cvar,0.2,0.3,0.0,0.15|0.2|0.25,-5.1104424313833415e-05,0.01547797344108457,0.00017069659844104468,0.023596004111931388,0.02754211833757878,0.030062583626533097,0.03266981344581507,2.812763756663754,4.968145290954359,281276.3756663754,results/gbm_deephedge/benchmark_6_2/runs/seed_0007__train_robust_s0.15-0.2-0.25__feat_b__obj_cvar_a0.95__sigtrue_0.2__sigbar_0.3__lam_0,results/gbm_deephedge,7208f3c9330ae0d696711649531817c8a5deca99847d924db90af62801e8d4cf,76e694c21e709359f62f03a0ba5a97ba6db86a88,GBM_CFG=results/gbm_deephedge/benchmark_6_2/runs/seed_0007__train_robust_s0.15-0.2-0.25__feat_b__obj_cvar_a0.95__sigtrue_0.2__sigbar_0.3__lam_0/run_cfg.json python -m src.train_deephedge_gbm
"train=robust|feat=B|obj=cvar|sigtrue=0.2|sigbar=0.3|lam=0|robust=0.15,0.2,0.25",seed_0007__train_robust_s0.15-0.2-0.25__feat_b__obj_cvar_a0.95__sigtrue_0.2__sigbar_0.3__lam_0,2026-04-02T01:29:34Z,completed,main_benchmark,main,benchmark,True,deep_hedge_robust,robust,deep_hedge_robust,7,B,cvar,0.2,0.3,0.0,0.15|0.2|0.25,-5.559774945140816e-05,0.0144368726760149,0.00015953928232192993,0.02092643454670906,0.02461032196879387,0.026737257838249207,0.029938392341136932,2.979450684815645,5.101768493652344,297945.0684815645,results/gbm_deephedge/benchmark_6_2/runs/seed_0007__train_robust_s0.15-0.2-0.25__feat_b__obj_cvar_a0.95__sigtrue_0.2__sigbar_0.3__lam_0,results/gbm_deephedge,7208f3c9330ae0d696711649531817c8a5deca99847d924db90af62801e8d4cf,76e694c21e709359f62f03a0ba5a97ba6db86a88,GBM_CFG=results/gbm_deephedge/benchmark_6_2/runs/seed_0007__train_robust_s0.15-0.2-0.25__feat_b__obj_cvar_a0.95__sigtrue_0.2__sigbar_0.3__lam_0/run_cfg.json python -m src.train_deephedge_gbm
"train=robust|feat=B|obj=cvar|sigtrue=0.2|sigbar=0.3|lam=0.0001|robust=0.15,0.2,0.25",seed_0007__train_robust_s0.15-0.2-0.25__feat_b__obj_cvar_a0.95__sigtrue_0.2__sigbar_0.3__lam_0.0001,2026-04-02T01:29:58Z,completed,main_benchmark,main,benchmark,True,bs_delta,robust,deep_hedge_robust,7,B,cvar,0.2,0.3,0.0001,0.15|0.2|0.25,-0.00033896967109232364,0.01544538354835753,0.0004580569115803304,0.023816403991434122,0.027746110073894624,0.030235139822035146,0.032862126957969695,2.812763756663754,4.968145290954359,281276.3756663754,results/gbm_deephedge/benchmark_6_2/runs/seed_0007__train_robust_s0.15-0.2-0.25__feat_b__obj_cvar_a0.95__sigtrue_0.2__sigbar_0.3__lam_0.0001,results/gbm_deephedge,f6caf20b1dfdeeb3059405392523c012c80c779ab1391dd6ff8341f8a4ac8247,76e694c21e709359f62f03a0ba5a97ba6db86a88,GBM_CFG=results/gbm_deephedge/benchmark_6_2/runs/seed_0007__train_robust_s0.15-0.2-0.25__feat_b__obj_cvar_a0.95__sigtrue_0.2__sigbar_0.3__lam_0.0001/run_cfg.json python -m src.train_deephedge_gbm
"train=robust|feat=B|obj=cvar|sigtrue=0.2|sigbar=0.3|lam=0.0001|robust=0.15,0.2,0.25",seed_0007__train_robust_s0.15-0.2-0.25__feat_b__obj_cvar_a0.95__sigtrue_0.2__sigbar_0.3__lam_0.0001,2026-04-02T01:29:58Z,completed,main_benchmark,main,benchmark,True,deep_hedge_robust,robust,deep_hedge_robust,7,B,cvar,0.2,0.3,0.0001,0.15|0.2|0.25,-0.00035310309613123536,0.014887967146933079,0.00046366453170776367,0.022195719182491302,0.025931159034371376,0.0281106848269701,0.031041035428643227,2.925220625911951,4.96957540512085,292522.0625911951,results/gbm_deephedge/benchmark_6_2/runs/seed_0007__train_robust_s0.15-0.2-0.25__feat_b__obj_cvar_a0.95__sigtrue_0.2__sigbar_0.3__lam_0.0001,results/gbm_deephedge,f6caf20b1dfdeeb3059405392523c012c80c779ab1391dd6ff8341f8a4ac8247,76e694c21e709359f62f03a0ba5a97ba6db86a88,GBM_CFG=results/gbm_deephedge/benchmark_6_2/runs/seed_0007__train_robust_s0.15-0.2-0.25__feat_b__obj_cvar_a0.95__sigtrue_0.2__sigbar_0.3__lam_0.0001/run_cfg.json python -m src.train_deephedge_gbm
"train=robust|feat=B|obj=cvar|sigtrue=0.2|sigbar=0.3|lam=0.0005|robust=0.15,0.2,0.25",seed_0007__train_robust_s0.15-0.2-0.25__feat_b__obj_cvar_a0.95__sigtrue_0.2__sigbar_0.3__lam_0.0005,2026-04-02T01:30:22Z,completed,main_benchmark,main,benchmark,True,bs_delta,robust,deep_hedge_robust,7,B,cvar,0.2,0.3,0.0005,0.15|0.2|0.25,-0.0014904307630210175,0.015318276218018284,0.001607559076868284,0.024708789333352934,0.028575778738413805,0.03100897879541703,0.03365098968339506,2.812763756663754,4.968145290954359,281276.3756663754,results/gbm_deephedge/benchmark_6_2/runs/seed_0007__train_robust_s0.15-0.2-0.25__feat_b__obj_cvar_a0.95__sigtrue_0.2__sigbar_0.3__lam_0.0005,results/gbm_deephedge,158efd73583655541f547099c10bfe38f2c0c95bb854cc9192cef79c8634db9e,76e694c21e709359f62f03a0ba5a97ba6db86a88,GBM_CFG=results/gbm_deephedge/benchmark_6_2/runs/seed_0007__train_robust_s0.15-0.2-0.25__feat_b__obj_cvar_a0.95__sigtrue_0.2__sigbar_0.3__lam_0.0005/run_cfg.json python -m src.train_deephedge_gbm
"train=robust|feat=B|obj=cvar|sigtrue=0.2|sigbar=0.3|lam=0.0005|robust=0.15,0.2,0.25",seed_0007__train_robust_s0.15-0.2-0.25__feat_b__obj_cvar_a0.95__sigtrue_0.2__sigbar_0.3__lam_0.0005,2026-04-02T01:30:22Z,completed,main_benchmark,main,benchmark,True,deep_hedge_robust,robust,deep_hedge_robust,7,B,cvar,0.2,0.3,0.0005,0.15|0.2|0.25,-0.0015394818037748337,0.014422014355659485,0.0016432106494903564,0.022235343232750893,0.025957701727747917,0.028090843930840492,0.0314909890294075,2.9213396705806254,4.952657699584961,292133.96705806255,results/gbm_deephedge/benchmark_6_2/runs/seed_0007__train_robust_s0.15-0.2-0.25__feat_b__obj_cvar_a0.95__sigtrue_0.2__sigbar_0.3__lam_0.0005,results/gbm_deephedge,158efd73583655541f547099c10bfe38f2c0c95bb854cc9192cef79c8634db9e,76e694c21e709359f62f03a0ba5a97ba6db86a88,GBM_CFG=results/gbm_deephedge/benchmark_6_2/runs/seed_0007__train_robust_s0.15-0.2-0.25__feat_b__obj_cvar_a0.95__sigtrue_0.2__sigbar_0.3__lam_0.0005/run_cfg.json python -m src.train_deephedge_gbm
"train=robust|feat=B|obj=cvar|sigtrue=0.2|sigbar=0.3|lam=0.001|robust=0.15,0.2,0.25",seed_0007__train_robust_s0.15-0.2-0.25__feat_b__obj_cvar_a0.95__sigtrue_0.2__sigbar_0.3__lam_0.001,2026-04-02T01:30:47Z,completed,main_benchmark,main,benchmark,True,bs_delta,robust,deep_hedge_robust,7,B,cvar,0.2,0.3,0.001,0.15|0.2|0.25,-0.0029297571017282017,0.015166861371423031,0.0030445735647730773,0.025821337791337357,0.029643174433150215,0.032048863727178925,0.034695500061457656,2.812763756663754,4.968145290954359,281276.3756663754,results/gbm_deephedge/benchmark_6_2/runs/seed_0007__train_robust_s0.15-0.2-0.25__feat_b__obj_cvar_a0.95__sigtrue_0.2__sigbar_0.3__lam_0.001,results/gbm_deephedge,07f046f782beae105db0fa924fdedb0aaa2b92a5fc8450d7d4b2e0afd29e320d,76e694c21e709359f62f03a0ba5a97ba6db86a88,GBM_CFG=results/gbm_deephedge/benchmark_6_2/runs/seed_0007__train_robust_s0.15-0.2-0.25__feat_b__obj_cvar_a0.95__sigtrue_0.2__sigbar_0.3__lam_0.001/run_cfg.json python -m src.train_deephedge_gbm
"train=robust|feat=B|obj=cvar|sigtrue=0.2|sigbar=0.3|lam=0.001|robust=0.15,0.2,0.25",seed_0007__train_robust_s0.15-0.2-0.25__feat_b__obj_cvar_a0.95__sigtrue_0.2__sigbar_0.3__lam_0.001,2026-04-02T01:30:47Z,completed,main_benchmark,main,benchmark,True,deep_hedge_robust,robust,deep_hedge_robust,7,B,cvar,0.2,0.3,0.001,0.15|0.2|0.25,-0.0029856229666620493,0.01442380715161562,0.0030892863869667053,0.023377111181616783,0.02717100828886032,0.029394833371043205,0.03298815339803696,2.885963204379082,4.861537933349609,288596.3204379082,results/gbm_deephedge/benchmark_6_2/runs/seed_0007__train_robust_s0.15-0.2-0.25__feat_b__obj_cvar_a0.95__sigtrue_0.2__sigbar_0.3__lam_0.001,results/gbm_deephedge,07f046f782beae105db0fa924fdedb0aaa2b92a5fc8450d7d4b2e0afd29e320d,76e694c21e709359f62f03a0ba5a97ba6db86a88,GBM_CFG=results/gbm_deephedge/benchmark_6_2/runs/seed_0007__train_robust_s0.15-0.2-0.25__feat_b__obj_cvar_a0.95__sigtrue_0.2__sigbar_0.3__lam_0.001/run_cfg.json python -m src.train_deephedge_gbm
train=oracle|feat=B|obj=cvar|sigtrue=0.2|sigbar=0.15|lam=0|robust=none,seed_0008__train_oracle__feat_b__obj_cvar_a0.95__sigtrue_0.2__sigbar_0.15__lam_0,2026-04-02T01:30:52Z,completed,main_benchmark,main,benchmark,True,bs_delta,oracle,deep_hedge_oracle,8,B,cvar,0.2,0.15,0.0,,2.6331723806878393e-06,0.013028770572765292,8.264418520709249e-05,0.02495260446554112,0.034305772773795644,0.040096031484841706,0.0485586340937165,3.5331349957123037,7.434249387353793,353313.4995712304,results/gbm_deephedge/benchmark_6_2/runs/seed_0008__train_oracle__feat_b__obj_cvar_a0.95__sigtrue_0.2__sigbar_0.15__lam_0,results/gbm_deephedge,d62389b5ca39f28fe51c01c6ab4fff64c93d755f8d1ac5cf8471f4674fdc4795,76e694c21e709359f62f03a0ba5a97ba6db86a88,GBM_CFG=results/gbm_deephedge/benchmark_6_2/runs/seed_0008__train_oracle__feat_b__obj_cvar_a0.95__sigtrue_0.2__sigbar_0.15__lam_0/run_cfg.json python -m src.train_deephedge_gbm
train=oracle|feat=B|obj=cvar|sigtrue=0.2|sigbar=0.15|lam=0|robust=none,seed_0008__train_oracle__feat_b__obj_cvar_a0.95__sigtrue_0.2__sigbar_0.15__lam_0,2026-04-02T01:30:52Z,completed,main_benchmark,main,benchmark,True,deep_hedge_oracle,oracle,deep_hedge_oracle,8,B,cvar,0.2,0.15,0.0,,4.9709855375112966e-05,0.012016743421554565,2.2314488887786865e-05,0.016753816977143288,0.021120252087712288,0.023584311828017235,0.02829337678849697,3.169085505474806,5.59196138381958,316908.5505474806,results/gbm_deephedge/benchmark_6_2/runs/seed_0008__train_oracle__feat_b__obj_cvar_a0.95__sigtrue_0.2__sigbar_0.15__lam_0,results/gbm_deephedge,d62389b5ca39f28fe51c01c6ab4fff64c93d755f8d1ac5cf8471f4674fdc4795,76e694c21e709359f62f03a0ba5a97ba6db86a88,GBM_CFG=results/gbm_deephedge/benchmark_6_2/runs/seed_0008__train_oracle__feat_b__obj_cvar_a0.95__sigtrue_0.2__sigbar_0.15__lam_0/run_cfg.json python -m src.train_deephedge_gbm
train=oracle|feat=B|obj=cvar|sigtrue=0.2|sigbar=0.15|lam=0.0001|robust=none,seed_0008__train_oracle__feat_b__obj_cvar_a0.95__sigtrue_0.2__sigbar_0.15__lam_0.0001,2026-04-02T01:31:17Z,completed,main_benchmark,main,benchmark,True,bs_delta,oracle,deep_hedge_oracle,8,B,cvar,0.2,0.15,0.0001,,-0.0003577450620846007,0.0131072884585085,0.0004440543404777286,0.02546186961258495,0.03484036512867976,0.04065342976678581,0.04913193887401521,3.5331349957123037,7.434249387353793,353313.4995712304,results/gbm_deephedge/benchmark_6_2/runs/seed_0008__train_oracle__feat_b__obj_cvar_a0.95__sigtrue_0.2__sigbar_0.15__lam_0.0001,results/gbm_deephedge,57fbbedb180fab05c556e377875470e7a6b348ed2e75b41b6882dc16a6c65875,76e694c21e709359f62f03a0ba5a97ba6db86a88,GBM_CFG=results/gbm_deephedge/benchmark_6_2/runs/seed_0008__train_oracle__feat_b__obj_cvar_a0.95__sigtrue_0.2__sigbar_0.15__lam_0.0001/run_cfg.json python -m src.train_deephedge_gbm
train=oracle|feat=B|obj=cvar|sigtrue=0.2|sigbar=0.15|lam=0.0001|robust=none,seed_0008__train_oracle__feat_b__obj_cvar_a0.95__sigtrue_0.2__sigbar_0.15__lam_0.0001,2026-04-02T01:31:17Z,completed,main_benchmark,main,benchmark,True,deep_hedge_oracle,oracle,deep_hedge_oracle,8,B,cvar,0.2,0.15,0.0001,,-0.0002760442439466715,0.012071683071553707,0.000348702073097229,0.01728934980928898,0.02149648219347,0.02395920641720295,0.028557509183883667,3.1439070282924173,5.540278911590576,314390.70282924175,results/gbm_deephedge/benchmark_6_2/runs/seed_0008__train_oracle__feat_b__obj_cvar_a0.95__sigtrue_0.2__sigbar_0.15__lam_0.0001,results/gbm_deephedge,57fbbedb180fab05c556e377875470e7a6b348ed2e75b41b6882dc16a6c65875,76e694c21e709359f62f03a0ba5a97ba6db86a88,GBM_CFG=results/gbm_deephedge/benchmark_6_2/runs/seed_0008__train_oracle__feat_b__obj_cvar_a0.95__sigtrue_0.2__sigbar_0.15__lam_0.0001/run_cfg.json python -m src.train_deephedge_gbm
train=oracle|feat=B|obj=cvar|sigtrue=0.2|sigbar=0.15|lam=0.0005|robust=none,seed_0008__train_oracle__feat_b__obj_cvar_a0.95__sigtrue_0.2__sigbar_0.15__lam_0.0005,2026-04-02T01:31:41Z,completed,main_benchmark,main,benchmark,True,bs_delta,oracle,deep_hedge_oracle,8,B,cvar,0.2,0.15,0.0005,,-0.0017992581311419935,0.013427908974856777,0.00188984502175768,0.027523503859789127,0.036983253626648165,0.04290268585583874,0.05143013079189389,3.5331349957123037,7.434249387353793,353313.4995712304,results/gbm_deephedge/benchmark_6_2/runs/seed_0008__train_oracle__feat_b__obj_cvar_a0.95__sigtrue_0.2__sigbar_0.15__lam_0.0005,results/gbm_deephedge,5eeacd67609ecf14bb48f11384862e2d968ab2752185dbaee122e5eb0f77303a,76e694c21e709359f62f03a0ba5a97ba6db86a88,GBM_CFG=results/gbm_deephedge/benchmark_6_2/runs/seed_0008__train_oracle__feat_b__obj_cvar_a0.95__sigtrue_0.2__sigbar_0.15__lam_0.0005/run_cfg.json python -m src.train_deephedge_gbm
train=oracle|feat=B|obj=cvar|sigtrue=0.2|sigbar=0.15|lam=0.0005|robust=none,seed_0008__train_oracle__feat_b__obj_cvar_a0.95__sigtrue_0.2__sigbar_0.15__lam_0.0005,2026-04-02T01:31:41Z,completed,main_benchmark,main,benchmark,True,deep_hedge_oracle,oracle,deep_hedge_oracle,8,B,cvar,0.2,0.15,0.0005,,-0.0015205973759293556,0.012378234416246414,0.0015969984233379364,0.018929172307252884,0.023338153958320618,0.025820303708314896,0.030535010620951653,3.105093874887228,5.465543746948242,310509.3874887228,results/gbm_deephedge/benchmark_6_2/runs/seed_0008__train_oracle__feat_b__obj_cvar_a0.95__sigtrue_0.2__sigbar_0.15__lam_0.0005,results/gbm_deephedge,5eeacd67609ecf14bb48f11384862e2d968ab2752185dbaee122e5eb0f77303a,76e694c21e709359f62f03a0ba5a97ba6db86a88,GBM_CFG=results/gbm_deephedge/benchmark_6_2/runs/seed_0008__train_oracle__feat_b__obj_cvar_a0.95__sigtrue_0.2__sigbar_0.15__lam_0.0005/run_cfg.json python -m src.train_deephedge_gbm
train=oracle|feat=B|obj=cvar|sigtrue=0.2|sigbar=0.15|lam=0.001|robust=none,seed_0008__train_oracle__feat_b__obj_cvar_a0.95__sigtrue_0.2__sigbar_0.15__lam_0.001,2026-04-02T01:32:06Z,completed,main_benchmark,main,benchmark,True,bs_delta,oracle,deep_hedge_oracle,8,B,cvar,0.2,0.15,0.001,,-0.003601149434664674,0.01384255955901495,0.0036974206771286794,0.030045372963213,0.03967242613139561,0.04560891022157343,0.05431245248611659,3.5331349957123037,7.434249387353793,353313.4995712304,results/gbm_deephedge/benchmark_6_2/runs/seed_0008__train_oracle__feat_b__obj_cvar_a0.95__sigtrue_0.2__sigbar_0.15__lam_0.001,results/gbm_deephedge,2ec2c4196401ebb23a9b953df06e76324b5eed9bd070881a38d75ced302c4bf9,76e694c21e709359f62f03a0ba5a97ba6db86a88,GBM_CFG=results/gbm_deephedge/benchmark_6_2/runs/seed_0008__train_oracle__feat_b__obj_cvar_a0.95__sigtrue_0.2__sigbar_0.15__lam_0.001/run_cfg.json python -m src.train_deephedge_gbm
train=oracle|feat=B|obj=cvar|sigtrue=0.2|sigbar=0.15|lam=0.001|robust=none,seed_0008__train_oracle__feat_b__obj_cvar_a0.95__sigtrue_0.2__sigbar_0.15__lam_0.001,2026-04-02T01:32:06Z,completed,main_benchmark,main,benchmark,True,deep_hedge_oracle,oracle,deep_hedge_oracle,8,B,cvar,0.2,0.15,0.001,,-0.0030748273711651564,0.012198986485600471,0.003149036318063736,0.020184041932225227,0.02474171482026577,0.02732614427804947,0.032137397676706314,3.076678612097502,5.338396072387695,307667.8612097502,results/gbm_deephedge/benchmark_6_2/runs/seed_0008__train_oracle__feat_b__obj_cvar_a0.95__sigtrue_0.2__sigbar_0.15__lam_0.001,results/gbm_deephedge,2ec2c4196401ebb23a9b953df06e76324b5eed9bd070881a38d75ced302c4bf9,76e694c21e709359f62f03a0ba5a97ba6db86a88,GBM_CFG=results/gbm_deephedge/benchmark_6_2/runs/seed_0008__train_oracle__feat_b__obj_cvar_a0.95__sigtrue_0.2__sigbar_0.15__lam_0.001/run_cfg.json python -m src.train_deephedge_gbm
train=oracle|feat=B|obj=cvar|sigtrue=0.2|sigbar=0.1|lam=0|robust=none,seed_0008__train_oracle__feat_b__obj_cvar_a0.95__sigtrue_0.2__sigbar_0.1__lam_0,2026-04-02T01:30:50Z,completed,main_benchmark,main,benchmark,True,bs_delta,oracle,deep_hedge_oracle,8,B,cvar,0.2,0.1,0.0,,2.348923315164678e-05,0.02244927237219091,0.00023004668955170504,0.04200511181841186,0.055159827975043096,0.06314695597469733,0.07478693613768256,3.9378783954265826,9.517125169209342,393787.83954265824,results/gbm_deephedge/benchmark_6_2/runs/seed_0008__train_oracle__feat_b__obj_cvar_a0.95__sigtrue_0.2__sigbar_0.1__lam_0,results/gbm_deephedge,6429c6d2ae71f1535701ec4e9a3c8cc4ebce3fa6ca4807c83c6a8efe4b9d346b,76e694c21e709359f62f03a0ba5a97ba6db86a88,GBM_CFG=results/gbm_deephedge/benchmark_6_2/runs/seed_0008__train_oracle__feat_b__obj_cvar_a0.95__sigtrue_0.2__sigbar_0.1__lam_0/run_cfg.json python -m src.train_deephedge_gbm
train=oracle|feat=B|obj=cvar|sigtrue=0.2|sigbar=0.1|lam=0|robust=none,seed_0008__train_oracle__feat_b__obj_cvar_a0.95__sigtrue_0.2__sigbar_0.1__lam_0,2026-04-02T01:30:50Z,completed,main_benchmark,main,benchmark,True,deep_hedge_oracle,oracle,deep_hedge_oracle,8,B,cvar,0.2,0.1,0.0,,4.9709855375112966e-05,0.012016743421554565,2.2314488887786865e-05,0.016753816977143288,0.021120252087712288,0.023584311828017235,0.02829337678849697,3.169085505474806,5.59196138381958,316908.5505474806,results/gbm_deephedge/benchmark_6_2/runs/seed_0008__train_oracle__feat_b__obj_cvar_a0.95__sigtrue_0.2__sigbar_0.1__lam_0,results/gbm_deephedge,6429c6d2ae71f1535701ec4e9a3c8cc4ebce3fa6ca4807c83c6a8efe4b9d346b,76e694c21e709359f62f03a0ba5a97ba6db86a88,GBM_CFG=results/gbm_deephedge/benchmark_6_2/runs/seed_0008__train_oracle__feat_b__obj_cvar_a0.95__sigtrue_0.2__sigbar_0.1__lam_0/run_cfg.json python -m src.train_deephedge_gbm
train=oracle|feat=B|obj=cvar|sigtrue=0.2|sigbar=0.1|lam=0.0001|robust=none,seed_0008__train_oracle__feat_b__obj_cvar_a0.95__sigtrue_0.2__sigbar_0.1__lam_0.0001,2026-04-02T01:31:14Z,completed,main_benchmark,main,benchmark,True,bs_delta,oracle,deep_hedge_oracle,8,B,cvar,0.2,0.1,0.0001,,-0.00037760139667305137,0.02258346246319633,0.0006341788112970703,0.042663846627081704,0.05583285404339665,0.06382460268506827,0.07551733484014278,3.9378783954265826,9.517125169209342,393787.83954265824,results/gbm_deephedge/benchmark_6_2/runs/seed_0008__train_oracle__feat_b__obj_cvar_a0.95__sigtrue_0.2__sigbar_0.1__lam_0.0001,results/gbm_deephedge,ee6b6d5ff102b863b6a55a99eb8d2fb79c3dc5b7a0bf1d90ea4c9f972de0e239,76e694c21e709359f62f03a0ba5a97ba6db86a88,GBM_CFG=results/gbm_deephedge/benchmark_6_2/runs/seed_0008__train_oracle__feat_b__obj_cvar_a0.95__sigtrue_0.2__sigbar_0.1__lam_0.0001/run_cfg.json python -m src.train_deephedge_gbm
train=oracle|feat=B|obj=cvar|sigtrue=0.2|sigbar=0.1|lam=0.0001|robust=none,seed_0008__train_oracle__feat_b__obj_cvar_a0.95__sigtrue_0.2__sigbar_0.1__lam_0.0001,2026-04-02T01:31:14Z,completed,main_benchmark,main,benchmark,True,deep_hedge_oracle,oracle,deep_hedge_oracle,8,B,cvar,0.2,0.1,0.0001,,-0.0002760442439466715,0.012071683071553707,0.000348702073097229,0.01728934980928898,0.02149648219347,0.02395920641720295,0.028557509183883667,3.1439070282924173,5.540278911590576,314390.70282924175,results/gbm_deephedge/benchmark_6_2/runs/seed_0008__train_oracle__feat_b__obj_cvar_a0.95__sigtrue_0.2__sigbar_0.1__lam_0.0001,results/gbm_deephedge,ee6b6d5ff102b863b6a55a99eb8d2fb79c3dc5b7a0bf1d90ea4c9f972de0e239,76e694c21e709359f62f03a0ba5a97ba6db86a88,GBM_CFG=results/gbm_deephedge/benchmark_6_2/runs/seed_0008__train_oracle__feat_b__obj_cvar_a0.95__sigtrue_0.2__sigbar_0.1__lam_0.0001/run_cfg.json python -m src.train_deephedge_gbm
train=oracle|feat=B|obj=cvar|sigtrue=0.2|sigbar=0.1|lam=0.0005|robust=none,seed_0008__train_oracle__feat_b__obj_cvar_a0.95__sigtrue_0.2__sigbar_0.1__lam_0.0005,2026-04-02T01:31:38Z,completed,main_benchmark,main,benchmark,True,bs_delta,oracle,deep_hedge_oracle,8,B,cvar,0.2,0.1,0.0005,,-0.0019819640619921403,0.023123307157784115,0.0022509605503891472,0.04519765059051553,0.05852865854442646,0.06669388206487288,0.07844610276960505,3.9378783954265826,9.517125169209342,393787.83954265824,results/gbm_deephedge/benchmark_6_2/runs/seed_0008__train_oracle__feat_b__obj_cvar_a0.95__sigtrue_0.2__sigbar_0.1__lam_0.0005,results/gbm_deephedge,e404b39fe28d76740e6d6e6ad25f68ab43b79178b4e0556bc38d8093518af624,76e694c21e709359f62f03a0ba5a97ba6db86a88,GBM_CFG=results/gbm_deephedge/benchmark_6_2/runs/seed_0008__train_oracle__feat_b__obj_cvar_a0.95__sigtrue_0.2__sigbar_0.1__lam_0.0005/run_cfg.json python -m src.train_deephedge_gbm
train=oracle|feat=B|obj=cvar|sigtrue=0.2|sigbar=0.1|lam=0.0005|robust=none,seed_0008__train_oracle__feat_b__obj_cvar_a0.95__sigtrue_0.2__sigbar_0.1__lam_0.0005,2026-04-02T01:31:38Z,completed,main_benchmark,main,benchmark,True,deep_hedge_oracle,oracle,deep_hedge_oracle,8,B,cvar,0.2,0.1,0.0005,,-0.0015205973759293556,0.012378234416246414,0.0015969984233379364,0.018929172307252884,0.023338153958320618,0.025820303708314896,0.030535010620951653,3.105093874887228,5.465543746948242,310509.3874887228,results/gbm_deephedge/benchmark_6_2/runs/seed_0008__train_oracle__feat_b__obj_cvar_a0.95__sigtrue_0.2__sigbar_0.1__lam_0.0005,results/gbm_deephedge,e404b39fe28d76740e6d6e6ad25f68ab43b79178b4e0556bc38d8093518af624,76e694c21e709359f62f03a0ba5a97ba6db86a88,GBM_CFG=results/gbm_deephedge/benchmark_6_2/runs/seed_0008__train_oracle__feat_b__obj_cvar_a0.95__sigtrue_0.2__sigbar_0.1__lam_0.0005/run_cfg.json python -m src.train_deephedge_gbm
train=oracle|feat=B|obj=cvar|sigtrue=0.2|sigbar=0.1|lam=0.001|robust=none,seed_0008__train_oracle__feat_b__obj_cvar_a0.95__sigtrue_0.2__sigbar_0.1__lam_0.001,2026-04-02T01:32:03Z,completed,main_benchmark,main,benchmark,True,bs_delta,oracle,deep_hedge_oracle,8,B,cvar,0.2,0.1,0.001,,-0.003987417357135928,0.023804658307351026,0.004272507233173517,0.048370986461300246,0.06190768938308437,0.07019659469965313,0.0821213641982632,3.9378783954265826,9.517125169209342,393787.83954265824,results/gbm_deephedge/benchmark_6_2/runs/seed_0008__train_oracle__feat_b__obj_cvar_a0.95__sigtrue_0.2__sigbar_0.1__lam_0.001,results/gbm_deephedge,ab93dde68fb68e383b86fab481185d162f7c0ed32fb9530a91f1a4bacc2ea4bb,76e694c21e709359f62f03a0ba5a97ba6db86a88,GBM_CFG=results/gbm_deephedge/benchmark_6_2/runs/seed_0008__train_oracle__feat_b__obj_cvar_a0.95__sigtrue_0.2__sigbar_0.1__lam_0.001/run_cfg.json python -m src.train_deephedge_gbm
train=oracle|feat=B|obj=cvar|sigtrue=0.2|sigbar=0.1|lam=0.001|robust=none,seed_0008__train_oracle__feat_b__obj_cvar_a0.95__sigtrue_0.2__sigbar_0.1__lam_0.001,2026-04-02T01:32:03Z,completed,main_benchmark,main,benchmark,True,deep_hedge_oracle,oracle,deep_hedge_oracle,8,B,cvar,0.2,0.1,0.001,,-0.0030748273711651564,0.012198986485600471,0.003149036318063736,0.020184041932225227,0.02474171482026577,0.02732614427804947,0.032137397676706314,3.076678612097502,5.338396072387695,307667.8612097502,results/gbm_deephedge/benchmark_6_2/runs/seed_0008__train_oracle__feat_b__obj_cvar_a0.95__sigtrue_0.2__sigbar_0.1__lam_0.001,results/gbm_deephedge,ab93dde68fb68e383b86fab481185d162f7c0ed32fb9530a91f1a4bacc2ea4bb,76e694c21e709359f62f03a0ba5a97ba6db86a88,GBM_CFG=results/gbm_deephedge/benchmark_6_2/runs/seed_0008__train_oracle__feat_b__obj_cvar_a0.95__sigtrue_0.2__sigbar_0.1__lam_0.001/run_cfg.json python -m src.train_deephedge_gbm
train=oracle|feat=B|obj=cvar|sigtrue=0.2|sigbar=0.25|lam=0|robust=none,seed_0008__train_oracle__feat_b__obj_cvar_a0.95__sigtrue_0.2__sigbar_0.25__lam_0,2026-04-02T01:30:55Z,completed,main_benchmark,main,benchmark,True,bs_delta,oracle,deep_hedge_oracle,8,B,cvar,0.2,0.25,0.0,,3.265685563551632e-05,0.011766460185395762,3.643283150110699e-05,0.016871566869737738,0.020519478606185314,0.02262274766361063,0.026388648847883025,3.0002199071296873,5.495810428320544,300021.99071296875,results/gbm_deephedge/benchmark_6_2/runs/seed_0008__train_oracle__feat_b__obj_cvar_a0.95__sigtrue_0.2__sigbar_0.25__lam_0,results/gbm_deephedge,16e44d220736786970e948571c511fdc067763922a6bfc558a5d775af0d4968c,76e694c21e709359f62f03a0ba5a97ba6db86a88,GBM_CFG=results/gbm_deephedge/benchmark_6_2/runs/seed_0008__train_oracle__feat_b__obj_cvar_a0.95__sigtrue_0.2__sigbar_0.25__lam_0/run_cfg.json python -m src.train_deephedge_gbm
train=oracle|feat=B|obj=cvar|sigtrue=0.2|sigbar=0.25|lam=0|robust=none,seed_0008__train_oracle__feat_b__obj_cvar_a0.95__sigtrue_0.2__sigbar_0.25__lam_0,2026-04-02T01:30:55Z,completed,main_benchmark,main,benchmark,True,deep_hedge_oracle,oracle,deep_hedge_oracle,8,B,cvar,0.2,0.25,0.0,,4.9709855375112966e-05,0.012016743421554565,2.2314488887786865e-05,0.016753816977143288,0.021120252087712288,0.023584311828017235,0.02829337678849697,3.169085505474806,5.59196138381958,316908.5505474806,results/gbm_deephedge/benchmark_6_2/runs/seed_0008__train_oracle__feat_b__obj_cvar_a0.95__sigtrue_0.2__sigbar_0.25__lam_0,results/gbm_deephedge,16e44d220736786970e948571c511fdc067763922a6bfc558a5d775af0d4968c,76e694c21e709359f62f03a0ba5a97ba6db86a88,GBM_CFG=results/gbm_deephedge/benchmark_6_2/runs/seed_0008__train_oracle__feat_b__obj_cvar_a0.95__sigtrue_0.2__sigbar_0.25__lam_0/run_cfg.json python -m src.train_deephedge_gbm
train=oracle|feat=B|obj=cvar|sigtrue=0.2|sigbar=0.25|lam=0.0001|robust=none,seed_0008__train_oracle__feat_b__obj_cvar_a0.95__sigtrue_0.2__sigbar_0.25__lam_0.0001,2026-04-02T01:31:20Z,completed,main_benchmark,main,benchmark,True,bs_delta,oracle,deep_hedge_oracle,8,B,cvar,0.2,0.25,0.0001,,-0.00027410150729772353,0.011741127901174965,0.0003428941321872228,0.017134975296914805,0.020803628051060848,0.022914360994316107,0.026721875719644416,3.0002199071296873,5.495810428320544,300021.99071296875,results/gbm_deephedge/benchmark_6_2/runs/seed_0008__train_oracle__feat_b__obj_cvar_a0.95__sigtrue_0.2__sigbar_0.25__lam_0.0001,results/gbm_deephedge,ca961f7f4cb8d53207ad85a50a789213b83a2c4783fddd318090680c7d380773,76e694c21e709359f62f03a0ba5a97ba6db86a88,GBM_CFG=results/gbm_deephedge/benchmark_6_2/runs/seed_0008__train_oracle__feat_b__obj_cvar_a0.95__sigtrue_0.2__sigbar_0.25__lam_0.0001/run_cfg.json python -m src.train_deephedge_gbm
train=oracle|feat=B|obj=cvar|sigtrue=0.2|sigbar=0.25|lam=0.0001|robust=none,seed_0008__train_oracle__feat_b__obj_cvar_a0.95__sigtrue_0.2__sigbar_0.25__lam_0.0001,2026-04-02T01:31:20Z,completed,main_benchmark,main,benchmark,True,deep_hedge_oracle,oracle,deep_hedge_oracle,8,B,cvar,0.2,0.25,0.0001,,-0.0002760442439466715,0.012071683071553707,0.000348702073097229,0.01728934980928898,0.02149648219347,0.02395920641720295,0.028557509183883667,3.1439070282924173,5.540278911590576,314390.70282924175,results/gbm_deephedge/benchmark_6_2/runs/seed_0008__train_oracle__feat_b__obj_cvar_a0.95__sigtrue_0.2__sigbar_0.25__lam_0.0001,results/gbm_deephedge,ca961f7f4cb8d53207ad85a50a789213b83a2c4783fddd318090680c7d380773,76e694c21e709359f62f03a0ba5a97ba6db86a88,GBM_CFG=results/gbm_deephedge/benchmark_6_2/runs/seed_0008__train_oracle__feat_b__obj_cvar_a0.95__sigtrue_0.2__sigbar_0.25__lam_0.0001/run_cfg.json python -m src.train_deephedge_gbm
train=oracle|feat=B|obj=cvar|sigtrue=0.2|sigbar=0.25|lam=0.0005|robust=none,seed_0008__train_oracle__feat_b__obj_cvar_a0.95__sigtrue_0.2__sigbar_0.25__lam_0.0005,2026-04-02T01:31:44Z,completed,main_benchmark,main,benchmark,True,bs_delta,oracle,deep_hedge_oracle,8,B,cvar,0.2,0.25,0.0005,,-0.0015011350707028498,0.011645699592883205,0.0015688148476046687,0.018190177538362176,0.021968222732713316,0.02409886720984094,0.028084136475151303,3.0002199071296873,5.495810428320544,300021.99071296875,results/gbm_deephedge/benchmark_6_2/runs/seed_0008__train_oracle__feat_b__obj_cvar_a0.95__sigtrue_0.2__sigbar_0.25__lam_0.0005,results/gbm_deephedge,01823be2a24a07200b4325194db9397d833ba4121b042c4ff54a5019e8890e82,76e694c21e709359f62f03a0ba5a97ba6db86a88,GBM_CFG=results/gbm_deephedge/benchmark_6_2/runs/seed_0008__train_oracle__feat_b__obj_cvar_a0.95__sigtrue_0.2__sigbar_0.25__lam_0.0005/run_cfg.json python -m src.train_deephedge_gbm
train=oracle|feat=B|obj=cvar|sigtrue=0.2|sigbar=0.25|lam=0.0005|robust=none,seed_0008__train_oracle__feat_b__obj_cvar_a0.95__sigtrue_0.2__sigbar_0.25__lam_0.0005,2026-04-02T01:31:44Z,completed,main_benchmark,main,benchmark,True,deep_hedge_oracle,oracle,deep_hedge_oracle,8,B,cvar,0.2,0.25,0.0005,,-0.0015205973759293556,0.012378234416246414,0.0015969984233379364,0.018929172307252884,0.023338153958320618,0.025820303708314896,0.030535010620951653,3.105093874887228,5.465543746948242,310509.3874887228,results/gbm_deephedge/benchmark_6_2/runs/seed_0008__train_oracle__feat_b__obj_cvar_a0.95__sigtrue_0.2__sigbar_0.25__lam_0.0005,results/gbm_deephedge,01823be2a24a07200b4325194db9397d833ba4121b042c4ff54a5019e8890e82,76e694c21e709359f62f03a0ba5a97ba6db86a88,GBM_CFG=results/gbm_deephedge/benchmark_6_2/runs/seed_0008__train_oracle__feat_b__obj_cvar_a0.95__sigtrue_0.2__sigbar_0.25__lam_0.0005/run_cfg.json python -m src.train_deephedge_gbm
train=oracle|feat=B|obj=cvar|sigtrue=0.2|sigbar=0.25|lam=0.001|robust=none,seed_0008__train_oracle__feat_b__obj_cvar_a0.95__sigtrue_0.2__sigbar_0.25__lam_0.001,2026-04-02T01:32:09Z,completed,main_benchmark,main,benchmark,True,bs_delta,oracle,deep_hedge_oracle,8,B,cvar,0.2,0.25,0.001,,-0.003034926997041216,0.011539958787689127,0.003101385353199315,0.01958824402808163,0.023485991073748557,0.025714920163369563,0.029856277253911757,3.0002199071296873,5.495810428320544,300021.99071296875,results/gbm_deephedge/benchmark_6_2/runs/seed_0008__train_oracle__feat_b__obj_cvar_a0.95__sigtrue_0.2__sigbar_0.25__lam_0.001,results/gbm_deephedge,d14762523c3cca5f74f6d0a0f35af609011b04e3c7f9782a85464ec4224cb2b8,76e694c21e709359f62f03a0ba5a97ba6db86a88,GBM_CFG=results/gbm_deephedge/benchmark_6_2/runs/seed_0008__train_oracle__feat_b__obj_cvar_a0.95__sigtrue_0.2__sigbar_0.25__lam_0.001/run_cfg.json python -m src.train_deephedge_gbm
train=oracle|feat=B|obj=cvar|sigtrue=0.2|sigbar=0.25|lam=0.001|robust=none,seed_0008__train_oracle__feat_b__obj_cvar_a0.95__sigtrue_0.2__sigbar_0.25__lam_0.001,2026-04-02T01:32:09Z,completed,main_benchmark,main,benchmark,True,deep_hedge_oracle,oracle,deep_hedge_oracle,8,B,cvar,0.2,0.25,0.001,,-0.0030748273711651564,0.012198986485600471,0.003149036318063736,0.020184041932225227,0.02474171482026577,0.02732614427804947,0.032137397676706314,3.076678612097502,5.338396072387695,307667.8612097502,results/gbm_deephedge/benchmark_6_2/runs/seed_0008__train_oracle__feat_b__obj_cvar_a0.95__sigtrue_0.2__sigbar_0.25__lam_0.001,results/gbm_deephedge,d14762523c3cca5f74f6d0a0f35af609011b04e3c7f9782a85464ec4224cb2b8,76e694c21e709359f62f03a0ba5a97ba6db86a88,GBM_CFG=results/gbm_deephedge/benchmark_6_2/runs/seed_0008__train_oracle__feat_b__obj_cvar_a0.95__sigtrue_0.2__sigbar_0.25__lam_0.001/run_cfg.json python -m src.train_deephedge_gbm
train=oracle|feat=B|obj=cvar|sigtrue=0.2|sigbar=0.2|lam=0|robust=none,seed_0008__train_oracle__feat_b__obj_cvar_a0.95__sigtrue_0.2__sigbar_0.2__lam_0,2026-04-01T22:24:12Z,completed,main_benchmark,main,benchmark,True,bs_delta,oracle,deep_hedge_oracle,8,B,cvar,0.2,0.2,0.0,,1.0908238016096584e-05,0.009719248927232265,3.635974665702757e-05,0.016100831247969086,0.0226295240441568,0.026735427330314403,0.03298104035559694,3.231875387546676,6.279506080777742,323187.5387546676,results/gbm_deephedge/benchmark_6_2/runs/seed_0008__train_oracle__feat_b__obj_cvar_a0.95__sigtrue_0.2__sigbar_0.2__lam_0,results/gbm_deephedge,d3bdb087678fc1ce40fb7b94e30b566db32795e67a25a328053f27d1300eae43,76e694c21e709359f62f03a0ba5a97ba6db86a88,GBM_CFG=results/gbm_deephedge/benchmark_6_2/runs/seed_0008__train_oracle__feat_b__obj_cvar_a0.95__sigtrue_0.2__sigbar_0.2__lam_0/run_cfg.json python -m src.train_deephedge_gbm
train=oracle|feat=B|obj=cvar|sigtrue=0.2|sigbar=0.2|lam=0|robust=none,seed_0008__train_oracle__feat_b__obj_cvar_a0.95__sigtrue_0.2__sigbar_0.2__lam_0,2026-04-01T22:24:12Z,completed,main_benchmark,main,benchmark,True,deep_hedge_oracle,oracle,deep_hedge_oracle,8,B,cvar,0.2,0.2,0.0,,4.9709855375112966e-05,0.012016743421554565,2.2314488887786865e-05,0.016753816977143288,0.021120252087712288,0.023584311828017235,0.02829337678849697,3.169085505474806,5.59196138381958,316908.5505474806,results/gbm_deephedge/benchmark_6_2/runs/seed_0008__train_oracle__feat_b__obj_cvar_a0.95__sigtrue_0.2__sigbar_0.2__lam_0,results/gbm_deephedge,d3bdb087678fc1ce40fb7b94e30b566db32795e67a25a328053f27d1300eae43,76e694c21e709359f62f03a0ba5a97ba6db86a88,GBM_CFG=results/gbm_deephedge/benchmark_6_2/runs/seed_0008__train_oracle__feat_b__obj_cvar_a0.95__sigtrue_0.2__sigbar_0.2__lam_0/run_cfg.json python -m src.train_deephedge_gbm
train=oracle|feat=B|obj=cvar|sigtrue=0.2|sigbar=0.2|lam=0.0001|robust=none,seed_0008__train_oracle__feat_b__obj_cvar_a0.95__sigtrue_0.2__sigbar_0.2__lam_0.0001,2026-04-01T23:06:24Z,completed,main_benchmark,main,benchmark,True,bs_delta,oracle,deep_hedge_oracle,8,B,cvar,0.2,0.2,0.0001,,-0.00031916281026792015,0.009731931801182418,0.00036655662740986417,0.01649446241626975,0.023060801373767554,0.027180216721143794,0.033453534543558525,3.231875387546676,6.279506080777742,323187.5387546676,results/gbm_deephedge/benchmark_6_2/runs/seed_0008__train_oracle__feat_b__obj_cvar_a0.95__sigtrue_0.2__sigbar_0.2__lam_0.0001,results/gbm_deephedge,e0b20aa45b80309970b77c7118201ec5d2c367160522a6265143b82d3db6f241,76e694c21e709359f62f03a0ba5a97ba6db86a88,GBM_CFG=results/gbm_deephedge/benchmark_6_2/runs/seed_0008__train_oracle__feat_b__obj_cvar_a0.95__sigtrue_0.2__sigbar_0.2__lam_0.0001/run_cfg.json python -m src.train_deephedge_gbm
train=oracle|feat=B|obj=cvar|sigtrue=0.2|sigbar=0.2|lam=0.0001|robust=none,seed_0008__train_oracle__feat_b__obj_cvar_a0.95__sigtrue_0.2__sigbar_0.2__lam_0.0001,2026-04-01T23:06:24Z,completed,main_benchmark,main,benchmark,True,deep_hedge_oracle,oracle,deep_hedge_oracle,8,B,cvar,0.2,0.2,0.0001,,-0.0002760442439466715,0.012071683071553707,0.000348702073097229,0.01728934980928898,0.02149648219347,0.02395920641720295,0.028557509183883667,3.1439070282924173,5.540278911590576,314390.70282924175,results/gbm_deephedge/benchmark_6_2/runs/seed_0008__train_oracle__feat_b__obj_cvar_a0.95__sigtrue_0.2__sigbar_0.2__lam_0.0001,results/gbm_deephedge,e0b20aa45b80309970b77c7118201ec5d2c367160522a6265143b82d3db6f241,76e694c21e709359f62f03a0ba5a97ba6db86a88,GBM_CFG=results/gbm_deephedge/benchmark_6_2/runs/seed_0008__train_oracle__feat_b__obj_cvar_a0.95__sigtrue_0.2__sigbar_0.2__lam_0.0001/run_cfg.json python -m src.train_deephedge_gbm
train=oracle|feat=B|obj=cvar|sigtrue=0.2|sigbar=0.2|lam=0.0005|robust=none,seed_0008__train_oracle__feat_b__obj_cvar_a0.95__sigtrue_0.2__sigbar_0.2__lam_0.0005,2026-04-01T23:52:55Z,completed,main_benchmark,main,benchmark,True,bs_delta,oracle,deep_hedge_oracle,8,B,cvar,0.2,0.2,0.0005,,-0.0016394471235646893,0.009792803516686472,0.0016874453414165297,0.018096030519464706,0.024796354409174562,0.029061354839968977,0.03535039124578192,3.231875387546676,6.279506080777742,323187.5387546676,results/gbm_deephedge/benchmark_6_2/runs/seed_0008__train_oracle__feat_b__obj_cvar_a0.95__sigtrue_0.2__sigbar_0.2__lam_0.0005,results/gbm_deephedge,329072b2e552b12bb1f36f2deaac59fbf6e3066540192b87d1866bdb4ad329f6,76e694c21e709359f62f03a0ba5a97ba6db86a88,GBM_CFG=results/gbm_deephedge/benchmark_6_2/runs/seed_0008__train_oracle__feat_b__obj_cvar_a0.95__sigtrue_0.2__sigbar_0.2__lam_0.0005/run_cfg.json python -m src.train_deephedge_gbm
train=oracle|feat=B|obj=cvar|sigtrue=0.2|sigbar=0.2|lam=0.0005|robust=none,seed_0008__train_oracle__feat_b__obj_cvar_a0.95__sigtrue_0.2__sigbar_0.2__lam_0.0005,2026-04-01T23:52:55Z,completed,main_benchmark,main,benchmark,True,deep_hedge_oracle,oracle,deep_hedge_oracle,8,B,cvar,0.2,0.2,0.0005,,-0.0015205973759293556,0.012378234416246414,0.0015969984233379364,0.018929172307252884,0.023338153958320618,0.025820303708314896,0.030535010620951653,3.105093874887228,5.465543746948242,310509.3874887228,results/gbm_deephedge/benchmark_6_2/runs/seed_0008__train_oracle__feat_b__obj_cvar_a0.95__sigtrue_0.2__sigbar_0.2__lam_0.0005,results/gbm_deephedge,329072b2e552b12bb1f36f2deaac59fbf6e3066540192b87d1866bdb4ad329f6,76e694c21e709359f62f03a0ba5a97ba6db86a88,GBM_CFG=results/gbm_deephedge/benchmark_6_2/runs/seed_0008__train_oracle__feat_b__obj_cvar_a0.95__sigtrue_0.2__sigbar_0.2__lam_0.0005/run_cfg.json python -m src.train_deephedge_gbm
train=oracle|feat=B|obj=cvar|sigtrue=0.2|sigbar=0.2|lam=0.001|robust=none,seed_0008__train_oracle__feat_b__obj_cvar_a0.95__sigtrue_0.2__sigbar_0.2__lam_0.001,2026-04-02T00:33:40Z,completed,main_benchmark,main,benchmark,True,bs_delta,oracle,deep_hedge_oracle,8,B,cvar,0.2,0.2,0.001,,-0.003289802485145475,0.009891334242099923,0.003338783599696943,0.02014997783409389,0.026989589507424836,0.031293808141801716,0.037737112672509496,3.231875387546676,6.279506080777742,323187.5387546676,results/gbm_deephedge/benchmark_6_2/runs/seed_0008__train_oracle__feat_b__obj_cvar_a0.95__sigtrue_0.2__sigbar_0.2__lam_0.001,results/gbm_deephedge,27f3f40b7268749bf47406e4b44a3d1f30a3950f40a4ba8f52c2c2c26c0364c9,76e694c21e709359f62f03a0ba5a97ba6db86a88,GBM_CFG=results/gbm_deephedge/benchmark_6_2/runs/seed_0008__train_oracle__feat_b__obj_cvar_a0.95__sigtrue_0.2__sigbar_0.2__lam_0.001/run_cfg.json python -m src.train_deephedge_gbm
train=oracle|feat=B|obj=cvar|sigtrue=0.2|sigbar=0.2|lam=0.001|robust=none,seed_0008__train_oracle__feat_b__obj_cvar_a0.95__sigtrue_0.2__sigbar_0.2__lam_0.001,2026-04-02T00:33:40Z,completed,main_benchmark,main,benchmark,True,deep_hedge_oracle,oracle,deep_hedge_oracle,8,B,cvar,0.2,0.2,0.001,,-0.0030748273711651564,0.012198986485600471,0.003149036318063736,0.020184041932225227,0.02474171482026577,0.02732614427804947,0.032137397676706314,3.076678612097502,5.338396072387695,307667.8612097502,results/gbm_deephedge/benchmark_6_2/runs/seed_0008__train_oracle__feat_b__obj_cvar_a0.95__sigtrue_0.2__sigbar_0.2__lam_0.001,results/gbm_deephedge,27f3f40b7268749bf47406e4b44a3d1f30a3950f40a4ba8f52c2c2c26c0364c9,76e694c21e709359f62f03a0ba5a97ba6db86a88,GBM_CFG=results/gbm_deephedge/benchmark_6_2/runs/seed_0008__train_oracle__feat_b__obj_cvar_a0.95__sigtrue_0.2__sigbar_0.2__lam_0.001/run_cfg.json python -m src.train_deephedge_gbm
train=oracle|feat=B|obj=cvar|sigtrue=0.2|sigbar=0.3|lam=0|robust=none,seed_0008__train_oracle__feat_b__obj_cvar_a0.95__sigtrue_0.2__sigbar_0.3__lam_0,2026-04-02T01:30:58Z,completed,main_benchmark,main,benchmark,True,bs_delta,oracle,deep_hedge_oracle,8,B,cvar,0.2,0.3,0.0,,5.8782549196614456e-05,0.015425544406727384,6.000858292033728e-05,0.02343699739009798,0.02744686549573668,0.029893290636645767,0.03265232579642692,2.817442845606561,4.933408114121339,281744.2845606561,results/gbm_deephedge/benchmark_6_2/runs/seed_0008__train_oracle__feat_b__obj_cvar_a0.95__sigtrue_0.2__sigbar_0.3__lam_0,results/gbm_deephedge,277d550591045cd0306817b68c118d335d7edb3dc6478ea12edb874f5ae46505,76e694c21e709359f62f03a0ba5a97ba6db86a88,GBM_CFG=results/gbm_deephedge/benchmark_6_2/runs/seed_0008__train_oracle__feat_b__obj_cvar_a0.95__sigtrue_0.2__sigbar_0.3__lam_0/run_cfg.json python -m src.train_deephedge_gbm
train=oracle|feat=B|obj=cvar|sigtrue=0.2|sigbar=0.3|lam=0|robust=none,seed_0008__train_oracle__feat_b__obj_cvar_a0.95__sigtrue_0.2__sigbar_0.3__lam_0,2026-04-02T01:30:58Z,completed,main_benchmark,main,benchmark,True,deep_hedge_oracle,oracle,deep_hedge_oracle,8,B,cvar,0.2,0.3,0.0,,4.9709855375112966e-05,0.012016743421554565,2.2314488887786865e-05,0.016753816977143288,0.021120252087712288,0.023584311828017235,0.02829337678849697,3.169085505474806,5.59196138381958,316908.5505474806,results/gbm_deephedge/benchmark_6_2/runs/seed_0008__train_oracle__feat_b__obj_cvar_a0.95__sigtrue_0.2__sigbar_0.3__lam_0,results/gbm_deephedge,277d550591045cd0306817b68c118d335d7edb3dc6478ea12edb874f5ae46505,76e694c21e709359f62f03a0ba5a97ba6db86a88,GBM_CFG=results/gbm_deephedge/benchmark_6_2/runs/seed_0008__train_oracle__feat_b__obj_cvar_a0.95__sigtrue_0.2__sigbar_0.3__lam_0/run_cfg.json python -m src.train_deephedge_gbm
train=oracle|feat=B|obj=cvar|sigtrue=0.2|sigbar=0.3|lam=0.0001|robust=none,seed_0008__train_oracle__feat_b__obj_cvar_a0.95__sigtrue_0.2__sigbar_0.3__lam_0.0001,2026-04-02T01:31:23Z,completed,main_benchmark,main,benchmark,True,bs_delta,oracle,deep_hedge_oracle,8,B,cvar,0.2,0.3,0.0001,,-0.00022956835874213323,0.015393444263374459,0.0003478637810644114,0.0236452445387302,0.02765185734836436,0.030109718494477834,0.03284926549279395,2.817442845606561,4.933408114121339,281744.2845606561,results/gbm_deephedge/benchmark_6_2/runs/seed_0008__train_oracle__feat_b__obj_cvar_a0.95__sigtrue_0.2__sigbar_0.3__lam_0.0001,results/gbm_deephedge,b47deba611d0a62780a9fc42d8cc5eefbdc56f7d0b3e8df21d6fd5970c1dadb2,76e694c21e709359f62f03a0ba5a97ba6db86a88,GBM_CFG=results/gbm_deephedge/benchmark_6_2/runs/seed_0008__train_oracle__feat_b__obj_cvar_a0.95__sigtrue_0.2__sigbar_0.3__lam_0.0001/run_cfg.json python -m src.train_deephedge_gbm
train=oracle|feat=B|obj=cvar|sigtrue=0.2|sigbar=0.3|lam=0.0001|robust=none,seed_0008__train_oracle__feat_b__obj_cvar_a0.95__sigtrue_0.2__sigbar_0.3__lam_0.0001,2026-04-02T01:31:23Z,completed,main_benchmark,main,benchmark,True,deep_hedge_oracle,oracle,deep_hedge_oracle,8,B,cvar,0.2,0.3,0.0001,,-0.0002760442439466715,0.012071683071553707,0.000348702073097229,0.01728934980928898,0.02149648219347,0.02395920641720295,0.028557509183883667,3.1439070282924173,5.540278911590576,314390.70282924175,results/gbm_deephedge/benchmark_6_2/runs/seed_0008__train_oracle__feat_b__obj_cvar_a0.95__sigtrue_0.2__sigbar_0.3__lam_0.0001,results/gbm_deephedge,b47deba611d0a62780a9fc42d8cc5eefbdc56f7d0b3e8df21d6fd5970c1dadb2,76e694c21e709359f62f03a0ba5a97ba6db86a88,GBM_CFG=results/gbm_deephedge/benchmark_6_2/runs/seed_0008__train_oracle__feat_b__obj_cvar_a0.95__sigtrue_0.2__sigbar_0.3__lam_0.0001/run_cfg.json python -m src.train_deephedge_gbm
train=oracle|feat=B|obj=cvar|sigtrue=0.2|sigbar=0.3|lam=0.0005|robust=none,seed_0008__train_oracle__feat_b__obj_cvar_a0.95__sigtrue_0.2__sigbar_0.3__lam_0.0005,2026-04-02T01:31:47Z,completed,main_benchmark,main,benchmark,True,bs_delta,oracle,deep_hedge_oracle,8,B,cvar,0.2,0.3,0.0005,,-0.0013829720954669671,0.015268317568434631,0.0014993453399821041,0.024506988072769572,0.028485816271816806,0.030942703433031935,0.03366424147107941,2.817442845606561,4.933408114121339,281744.2845606561,results/gbm_deephedge/benchmark_6_2/runs/seed_0008__train_oracle__feat_b__obj_cvar_a0.95__sigtrue_0.2__sigbar_0.3__lam_0.0005,results/gbm_deephedge,2830d400dd4af3d974a510c8610e959eef68f26b6f18b0445090d2568840d783,76e694c21e709359f62f03a0ba5a97ba6db86a88,GBM_CFG=results/gbm_deephedge/benchmark_6_2/runs/seed_0008__train_oracle__feat_b__obj_cvar_a0.95__sigtrue_0.2__sigbar_0.3__lam_0.0005/run_cfg.json python -m src.train_deephedge_gbm
train=oracle|feat=B|obj=cvar|sigtrue=0.2|sigbar=0.3|lam=0.0005|robust=none,seed_0008__train_oracle__feat_b__obj_cvar_a0.95__sigtrue_0.2__sigbar_0.3__lam_0.0005,2026-04-02T01:31:47Z,completed,main_benchmark,main,benchmark,True,deep_hedge_oracle,oracle,deep_hedge_oracle,8,B,cvar,0.2,0.3,0.0005,,-0.0015205973759293556,0.012378234416246414,0.0015969984233379364,0.018929172307252884,0.023338153958320618,0.025820303708314896,0.030535010620951653,3.105093874887228,5.465543746948242,310509.3874887228,results/gbm_deephedge/benchmark_6_2/runs/seed_0008__train_oracle__feat_b__obj_cvar_a0.95__sigtrue_0.2__sigbar_0.3__lam_0.0005,results/gbm_deephedge,2830d400dd4af3d974a510c8610e959eef68f26b6f18b0445090d2568840d783,76e694c21e709359f62f03a0ba5a97ba6db86a88,GBM_CFG=results/gbm_deephedge/benchmark_6_2/runs/seed_0008__train_oracle__feat_b__obj_cvar_a0.95__sigtrue_0.2__sigbar_0.3__lam_0.0005/run_cfg.json python -m src.train_deephedge_gbm
train=oracle|feat=B|obj=cvar|sigtrue=0.2|sigbar=0.3|lam=0.001|robust=none,seed_0008__train_oracle__feat_b__obj_cvar_a0.95__sigtrue_0.2__sigbar_0.3__lam_0.001,2026-04-02T01:32:11Z,completed,main_benchmark,main,benchmark,True,bs_delta,oracle,deep_hedge_oracle,8,B,cvar,0.2,0.3,0.001,,-0.002824726740130549,0.015119426266747619,0.002938833740060806,0.025639005833930063,0.029561695062616956,0.03196767767817352,0.03473568090880246,2.817442845606561,4.933408114121339,281744.2845606561,results/gbm_deephedge/benchmark_6_2/runs/seed_0008__train_oracle__feat_b__obj_cvar_a0.95__sigtrue_0.2__sigbar_0.3__lam_0.001,results/gbm_deephedge,1b68bd189180397b500d5a3cd70c99f22ce0bd222d041128ef00434eb0a3585c,76e694c21e709359f62f03a0ba5a97ba6db86a88,GBM_CFG=results/gbm_deephedge/benchmark_6_2/runs/seed_0008__train_oracle__feat_b__obj_cvar_a0.95__sigtrue_0.2__sigbar_0.3__lam_0.001/run_cfg.json python -m src.train_deephedge_gbm
train=oracle|feat=B|obj=cvar|sigtrue=0.2|sigbar=0.3|lam=0.001|robust=none,seed_0008__train_oracle__feat_b__obj_cvar_a0.95__sigtrue_0.2__sigbar_0.3__lam_0.001,2026-04-02T01:32:11Z,completed,main_benchmark,main,benchmark,True,deep_hedge_oracle,oracle,deep_hedge_oracle,8,B,cvar,0.2,0.3,0.001,,-0.0030748273711651564,0.012198986485600471,0.003149036318063736,0.020184041932225227,0.02474171482026577,0.02732614427804947,0.032137397676706314,3.076678612097502,5.338396072387695,307667.8612097502,results/gbm_deephedge/benchmark_6_2/runs/seed_0008__train_oracle__feat_b__obj_cvar_a0.95__sigtrue_0.2__sigbar_0.3__lam_0.001,results/gbm_deephedge,1b68bd189180397b500d5a3cd70c99f22ce0bd222d041128ef00434eb0a3585c,76e694c21e709359f62f03a0ba5a97ba6db86a88,GBM_CFG=results/gbm_deephedge/benchmark_6_2/runs/seed_0008__train_oracle__feat_b__obj_cvar_a0.95__sigtrue_0.2__sigbar_0.3__lam_0.001/run_cfg.json python -m src.train_deephedge_gbm
"train=robust|feat=B|obj=cvar|sigtrue=0.2|sigbar=0.15|lam=0|robust=0.15,0.2,0.25",seed_0008__train_robust_s0.15-0.2-0.25__feat_b__obj_cvar_a0.95__sigtrue_0.2__sigbar_0.15__lam_0,2026-04-02T01:31:05Z,completed,main_benchmark,main,benchmark,True,bs_delta,robust,deep_hedge_robust,8,B,cvar,0.2,0.15,0.0,0.15|0.2|0.25,2.6331723806878393e-06,0.013028770572765292,8.264418520709249e-05,0.02495260446554112,0.034305772773795644,0.040096031484841706,0.0485586340937165,3.5331349957123037,7.434249387353793,353313.4995712304,results/gbm_deephedge/benchmark_6_2/runs/seed_0008__train_robust_s0.15-0.2-0.25__feat_b__obj_cvar_a0.95__sigtrue_0.2__sigbar_0.15__lam_0,results/gbm_deephedge,53d3d9598c21c294c988a838c7fe38d0ece517a4fd0c4918ac9d58772219b8d8,76e694c21e709359f62f03a0ba5a97ba6db86a88,GBM_CFG=results/gbm_deephedge/benchmark_6_2/runs/seed_0008__train_robust_s0.15-0.2-0.25__feat_b__obj_cvar_a0.95__sigtrue_0.2__sigbar_0.15__lam_0/run_cfg.json python -m src.train_deephedge_gbm
"train=robust|feat=B|obj=cvar|sigtrue=0.2|sigbar=0.15|lam=0|robust=0.15,0.2,0.25",seed_0008__train_robust_s0.15-0.2-0.25__feat_b__obj_cvar_a0.95__sigtrue_0.2__sigbar_0.15__lam_0,2026-04-02T01:31:05Z,completed,main_benchmark,main,benchmark,True,deep_hedge_robust,robust,deep_hedge_robust,8,B,cvar,0.2,0.15,0.0,0.15|0.2|0.25,6.714031769661233e-05,0.014970200136303902,4.4696033000946045e-05,0.021867379546165466,0.025570858269929886,0.02788565866649151,0.030689584091305733,3.0088696546769143,5.1945481300354,300886.9654676914,results/gbm_deephedge/benchmark_6_2/runs/seed_0008__train_robust_s0.15-0.2-0.25__feat_b__obj_cvar_a0.95__sigtrue_0.2__sigbar_0.15__lam_0,results/gbm_deephedge,53d3d9598c21c294c988a838c7fe38d0ece517a4fd0c4918ac9d58772219b8d8,76e694c21e709359f62f03a0ba5a97ba6db86a88,GBM_CFG=results/gbm_deephedge/benchmark_6_2/runs/seed_0008__train_robust_s0.15-0.2-0.25__feat_b__obj_cvar_a0.95__sigtrue_0.2__sigbar_0.15__lam_0/run_cfg.json python -m src.train_deephedge_gbm
"train=robust|feat=B|obj=cvar|sigtrue=0.2|sigbar=0.15|lam=0.0001|robust=0.15,0.2,0.25",seed_0008__train_robust_s0.15-0.2-0.25__feat_b__obj_cvar_a0.95__sigtrue_0.2__sigbar_0.15__lam_0.0001,2026-04-02T01:31:29Z,completed,main_benchmark,main,benchmark,True,bs_delta,robust,deep_hedge_robust,8,B,cvar,0.2,0.15,0.0001,0.15|0.2|0.25,-0.0003577450620846007,0.0131072884585085,0.0004440543404777286,0.02546186961258495,0.03484036512867976,0.04065342976678581,0.04913193887401521,3.5331349957123037,7.434249387353793,353313.4995712304,results/gbm_deephedge/benchmark_6_2/runs/seed_0008__train_robust_s0.15-0.2-0.25__feat_b__obj_cvar_a0.95__sigtrue_0.2__sigbar_0.15__lam_0.0001,results/gbm_deephedge,4aa5479588ca1f6f9ce7b3e84f3f38ee43724c3646b81456184b8b7ec95d7079,76e694c21e709359f62f03a0ba5a97ba6db86a88,GBM_CFG=results/gbm_deephedge/benchmark_6_2/runs/seed_0008__train_robust_s0.15-0.2-0.25__feat_b__obj_cvar_a0.95__sigtrue_0.2__sigbar_0.15__lam_0.0001/run_cfg.json python -m src.train_deephedge_gbm
"train=robust|feat=B|obj=cvar|sigtrue=0.2|sigbar=0.15|lam=0.0001|robust=0.15,0.2,0.25",seed_0008__train_robust_s0.15-0.2-0.25__feat_b__obj_cvar_a0.95__sigtrue_0.2__sigbar_0.15__lam_0.0001,2026-04-02T01:31:29Z,completed,main_benchmark,main,benchmark,True,deep_hedge_robust,robust,deep_hedge_robust,8,B,cvar,0.2,0.15,0.0001,0.15|0.2|0.25,-0.0002493842039257288,0.014345809817314148,0.00035204365849494934,0.020725637674331665,0.024309659376740456,0.026541471481323242,0.029542507603764534,3.0343249892663957,5.215337753295898,303432.49892663956,results/gbm_deephedge/benchmark_6_2/runs/seed_0008__train_robust_s0.15-0.2-0.25__feat_b__obj_cvar_a0.95__sigtrue_0.2__sigbar_0.15__lam_0.0001,results/gbm_deephedge,4aa5479588ca1f6f9ce7b3e84f3f38ee43724c3646b81456184b8b7ec95d7079,76e694c21e709359f62f03a0ba5a97ba6db86a88,GBM_CFG=results/gbm_deephedge/benchmark_6_2/runs/seed_0008__train_robust_s0.15-0.2-0.25__feat_b__obj_cvar_a0.95__sigtrue_0.2__sigbar_0.15__lam_0.0001/run_cfg.json python -m src.train_deephedge_gbm
"train=robust|feat=B|obj=cvar|sigtrue=0.2|sigbar=0.15|lam=0.0005|robust=0.15,0.2,0.25",seed_0008__train_robust_s0.15-0.2-0.25__feat_b__obj_cvar_a0.95__sigtrue_0.2__sigbar_0.15__lam_0.0005,2026-04-02T01:31:54Z,completed,main_benchmark,main,benchmark,True,bs_delta,robust,deep_hedge_robust,8,B,cvar,0.2,0.15,0.0005,0.15|0.2|0.25,-0.0017992581311419935,0.013427908974856777,0.00188984502175768,0.027523503859789127,0.036983253626648165,0.04290268585583874,0.05143013079189389,3.5331349957123037,7.434249387353793,353313.4995712304,results/gbm_deephedge/benchmark_6_2/runs/seed_0008__train_robust_s0.15-0.2-0.25__feat_b__obj_cvar_a0.95__sigtrue_0.2__sigbar_0.15__lam_0.0005,results/gbm_deephedge,26904df87c142c18a3ec7c53765681128b1ed1e0b853c8b9c823617b25a73969,76e694c21e709359f62f03a0ba5a97ba6db86a88,GBM_CFG=results/gbm_deephedge/benchmark_6_2/runs/seed_0008__train_robust_s0.15-0.2-0.25__feat_b__obj_cvar_a0.95__sigtrue_0.2__sigbar_0.15__lam_0.0005/run_cfg.json python -m src.train_deephedge_gbm
"train=robust|feat=B|obj=cvar|sigtrue=0.2|sigbar=0.15|lam=0.0005|robust=0.15,0.2,0.25",seed_0008__train_robust_s0.15-0.2-0.25__feat_b__obj_cvar_a0.95__sigtrue_0.2__sigbar_0.15__lam_0.0005,2026-04-02T01:31:54Z,completed,main_benchmark,main,benchmark,True,deep_hedge_robust,robust,deep_hedge_robust,8,B,cvar,0.2,0.15,0.0005,0.15|0.2|0.25,-0.0014348550466820598,0.0149558549746871,0.001546427607536316,0.023697970435023308,0.027453875169157982,0.029748370870947838,0.032496679574251175,2.9425161101460455,5.017139911651611,294251.61101460457,results/gbm_deephedge/benchmark_6_2/runs/seed_0008__train_robust_s0.15-0.2-0.25__feat_b__obj_cvar_a0.95__sigtrue_0.2__sigbar_0.15__lam_0.0005,results/gbm_deephedge,26904df87c142c18a3ec7c53765681128b1ed1e0b853c8b9c823617b25a73969,76e694c21e709359f62f03a0ba5a97ba6db86a88,GBM_CFG=results/gbm_deephedge/benchmark_6_2/runs/seed_0008__train_robust_s0.15-0.2-0.25__feat_b__obj_cvar_a0.95__sigtrue_0.2__sigbar_0.15__lam_0.0005/run_cfg.json python -m src.train_deephedge_gbm
"train=robust|feat=B|obj=cvar|sigtrue=0.2|sigbar=0.15|lam=0.001|robust=0.15,0.2,0.25",seed_0008__train_robust_s0.15-0.2-0.25__feat_b__obj_cvar_a0.95__sigtrue_0.2__sigbar_0.15__lam_0.001,2026-04-02T01:32:18Z,completed,main_benchmark,main,benchmark,True,bs_delta,robust,deep_hedge_robust,8,B,cvar,0.2,0.15,0.001,0.15|0.2|0.25,-0.003601149434664674,0.01384255955901495,0.0036974206771286794,0.030045372963213,0.03967242613139561,0.04560891022157343,0.05431245248611659,3.5331349957123037,7.434249387353793,353313.4995712304,results/gbm_deephedge/benchmark_6_2/runs/seed_0008__train_robust_s0.15-0.2-0.25__feat_b__obj_cvar_a0.95__sigtrue_0.2__sigbar_0.15__lam_0.001,results/gbm_deephedge,3fe7483d52c7a1ad7abf061d013effa7f73d89675d3a47639af383a68f7175e3,76e694c21e709359f62f03a0ba5a97ba6db86a88,GBM_CFG=results/gbm_deephedge/benchmark_6_2/runs/seed_0008__train_robust_s0.15-0.2-0.25__feat_b__obj_cvar_a0.95__sigtrue_0.2__sigbar_0.15__lam_0.001/run_cfg.json python -m src.train_deephedge_gbm
"train=robust|feat=B|obj=cvar|sigtrue=0.2|sigbar=0.15|lam=0.001|robust=0.15,0.2,0.25",seed_0008__train_robust_s0.15-0.2-0.25__feat_b__obj_cvar_a0.95__sigtrue_0.2__sigbar_0.15__lam_0.001,2026-04-02T01:32:18Z,completed,main_benchmark,main,benchmark,True,deep_hedge_robust,robust,deep_hedge_robust,8,B,cvar,0.2,0.15,0.001,0.15|0.2|0.25,-0.002881447086110711,0.014884271658957005,0.002991925925016403,0.024550842121243477,0.028164023533463478,0.03032778576016426,0.03330087289214134,2.895474458734989,4.894136428833008,289547.4458734989,results/gbm_deephedge/benchmark_6_2/runs/seed_0008__train_robust_s0.15-0.2-0.25__feat_b__obj_cvar_a0.95__sigtrue_0.2__sigbar_0.15__lam_0.001,results/gbm_deephedge,3fe7483d52c7a1ad7abf061d013effa7f73d89675d3a47639af383a68f7175e3,76e694c21e709359f62f03a0ba5a97ba6db86a88,GBM_CFG=results/gbm_deephedge/benchmark_6_2/runs/seed_0008__train_robust_s0.15-0.2-0.25__feat_b__obj_cvar_a0.95__sigtrue_0.2__sigbar_0.15__lam_0.001/run_cfg.json python -m src.train_deephedge_gbm
"train=robust|feat=B|obj=cvar|sigtrue=0.2|sigbar=0.1|lam=0|robust=0.15,0.2,0.25",seed_0008__train_robust_s0.15-0.2-0.25__feat_b__obj_cvar_a0.95__sigtrue_0.2__sigbar_0.1__lam_0,2026-04-02T01:31:01Z,completed,main_benchmark,main,benchmark,True,bs_delta,robust,deep_hedge_robust,8,B,cvar,0.2,0.1,0.0,0.15|0.2|0.25,2.348923315164678e-05,0.02244927237219091,0.00023004668955170504,0.04200511181841186,0.055159827975043096,0.06314695597469733,0.07478693613768256,3.9378783954265826,9.517125169209342,393787.83954265824,results/gbm_deephedge/benchmark_6_2/runs/seed_0008__train_robust_s0.15-0.2-0.25__feat_b__obj_cvar_a0.95__sigtrue_0.2__sigbar_0.1__lam_0,results/gbm_deephedge,1987b3fab43224abc3c3d60768835038e7d36d9fa684d20156fc83b877ff5bad,76e694c21e709359f62f03a0ba5a97ba6db86a88,GBM_CFG=results/gbm_deephedge/benchmark_6_2/runs/seed_0008__train_robust_s0.15-0.2-0.25__feat_b__obj_cvar_a0.95__sigtrue_0.2__sigbar_0.1__lam_0/run_cfg.json python -m src.train_deephedge_gbm
"train=robust|feat=B|obj=cvar|sigtrue=0.2|sigbar=0.1|lam=0|robust=0.15,0.2,0.25",seed_0008__train_robust_s0.15-0.2-0.25__feat_b__obj_cvar_a0.95__sigtrue_0.2__sigbar_0.1__lam_0,2026-04-02T01:31:01Z,completed,main_benchmark,main,benchmark,True,deep_hedge_robust,robust,deep_hedge_robust,8,B,cvar,0.2,0.1,0.0,0.15|0.2|0.25,6.714031769661233e-05,0.014970200136303902,4.4696033000946045e-05,0.021867379546165466,0.025570858269929886,0.02788565866649151,0.030689584091305733,3.0088696546769143,5.1945481300354,300886.9654676914,results/gbm_deephedge/benchmark_6_2/runs/seed_0008__train_robust_s0.15-0.2-0.25__feat_b__obj_cvar_a0.95__sigtrue_0.2__sigbar_0.1__lam_0,results/gbm_deephedge,1987b3fab43224abc3c3d60768835038e7d36d9fa684d20156fc83b877ff5bad,76e694c21e709359f62f03a0ba5a97ba6db86a88,GBM_CFG=results/gbm_deephedge/benchmark_6_2/runs/seed_0008__train_robust_s0.15-0.2-0.25__feat_b__obj_cvar_a0.95__sigtrue_0.2__sigbar_0.1__lam_0/run_cfg.json python -m src.train_deephedge_gbm
"train=robust|feat=B|obj=cvar|sigtrue=0.2|sigbar=0.1|lam=0.0001|robust=0.15,0.2,0.25",seed_0008__train_robust_s0.15-0.2-0.25__feat_b__obj_cvar_a0.95__sigtrue_0.2__sigbar_0.1__lam_0.0001,2026-04-02T01:31:26Z,completed,main_benchmark,main,benchmark,True,bs_delta,robust,deep_hedge_robust,8,B,cvar,0.2,0.1,0.0001,0.15|0.2|0.25,-0.00037760139667305137,0.02258346246319633,0.0006341788112970703,0.042663846627081704,0.05583285404339665,0.06382460268506827,0.07551733484014278,3.9378783954265826,9.517125169209342,393787.83954265824,results/gbm_deephedge/benchmark_6_2/runs/seed_0008__train_robust_s0.15-0.2-0.25__feat_b__obj_cvar_a0.95__sigtrue_0.2__sigbar_0.1__lam_0.0001,results/gbm_deephedge,0c88ba56752c35bbfaf272d03ef046d0fe9c3af71960014d9427303af274f864,76e694c21e709359f62f03a0ba5a97ba6db86a88,GBM_CFG=results/gbm_deephedge/benchmark_6_2/runs/seed_0008__train_robust_s0.15-0.2-0.25__feat_b__obj_cvar_a0.95__sigtrue_0.2__sigbar_0.1__lam_0.0001/run_cfg.json python -m src.train_deephedge_gbm
"train=robust|feat=B|obj=cvar|sigtrue=0.2|sigbar=0.1|lam=0.0001|robust=0.15,0.2,0.25",seed_0008__train_robust_s0.15-0.2-0.25__feat_b__obj_cvar_a0.95__sigtrue_0.2__sigbar_0.1__lam_0.0001,2026-04-02T01:31:26Z,completed,main_benchmark,main,benchmark,True,deep_hedge_robust,robust,deep_hedge_robust,8,B,cvar,0.2,0.1,0.0001,0.15|0.2|0.25,-0.0002493842039257288,0.014345809817314148,0.00035204365849494934,0.020725637674331665,0.024309659376740456,0.026541471481323242,0.029542507603764534,3.0343249892663957,5.215337753295898,303432.49892663956,results/gbm_deephedge/benchmark_6_2/runs/seed_0008__train_robust_s0.15-0.2-0.25__feat_b__obj_cvar_a0.95__sigtrue_0.2__sigbar_0.1__lam_0.0001,results/gbm_deephedge,0c88ba56752c35bbfaf272d03ef046d0fe9c3af71960014d9427303af274f864,76e694c21e709359f62f03a0ba5a97ba6db86a88,GBM_CFG=results/gbm_deephedge/benchmark_6_2/runs/seed_0008__train_robust_s0.15-0.2-0.25__feat_b__obj_cvar_a0.95__sigtrue_0.2__sigbar_0.1__lam_0.0001/run_cfg.json python -m src.train_deephedge_gbm
"train=robust|feat=B|obj=cvar|sigtrue=0.2|sigbar=0.1|lam=0.0005|robust=0.15,0.2,0.25",seed_0008__train_robust_s0.15-0.2-0.25__feat_b__obj_cvar_a0.95__sigtrue_0.2__sigbar_0.1__lam_0.0005,2026-04-02T01:31:50Z,completed,main_benchmark,main,benchmark,True,bs_delta,robust,deep_hedge_robust,8,B,cvar,0.2,0.1,0.0005,0.15|0.2|0.25,-0.0019819640619921403,0.023123307157784115,0.0022509605503891472,0.04519765059051553,0.05852865854442646,0.06669388206487288,0.07844610276960505,3.9378783954265826,9.517125169209342,393787.83954265824,results/gbm_deephedge/benchmark_6_2/runs/seed_0008__train_robust_s0.15-0.2-0.25__feat_b__obj_cvar_a0.95__sigtrue_0.2__sigbar_0.1__lam_0.0005,results/gbm_deephedge,7cfbbe8f9b899e38f6ab706d1216ff8448a599a1db927bb05cf3748ba06f4d66,76e694c21e709359f62f03a0ba5a97ba6db86a88,GBM_CFG=results/gbm_deephedge/benchmark_6_2/runs/seed_0008__train_robust_s0.15-0.2-0.25__feat_b__obj_cvar_a0.95__sigtrue_0.2__sigbar_0.1__lam_0.0005/run_cfg.json python -m src.train_deephedge_gbm
"train=robust|feat=B|obj=cvar|sigtrue=0.2|sigbar=0.1|lam=0.0005|robust=0.15,0.2,0.25",seed_0008__train_robust_s0.15-0.2-0.25__feat_b__obj_cvar_a0.95__sigtrue_0.2__sigbar_0.1__lam_0.0005,2026-04-02T01:31:50Z,completed,main_benchmark,main,benchmark,True,deep_hedge_robust,robust,deep_hedge_robust,8,B,cvar,0.2,0.1,0.0005,0.15|0.2|0.25,-0.0014348550466820598,0.0149558549746871,0.001546427607536316,0.023697970435023308,0.027453875169157982,0.029748370870947838,0.032496679574251175,2.9425161101460455,5.017139911651611,294251.61101460457,results/gbm_deephedge/benchmark_6_2/runs/seed_0008__train_robust_s0.15-0.2-0.25__feat_b__obj_cvar_a0.95__sigtrue_0.2__sigbar_0.1__lam_0.0005,results/gbm_deephedge,7cfbbe8f9b899e38f6ab706d1216ff8448a599a1db927bb05cf3748ba06f4d66,76e694c21e709359f62f03a0ba5a97ba6db86a88,GBM_CFG=results/gbm_deephedge/benchmark_6_2/runs/seed_0008__train_robust_s0.15-0.2-0.25__feat_b__obj_cvar_a0.95__sigtrue_0.2__sigbar_0.1__lam_0.0005/run_cfg.json python -m src.train_deephedge_gbm
"train=robust|feat=B|obj=cvar|sigtrue=0.2|sigbar=0.1|lam=0.001|robust=0.15,0.2,0.25",seed_0008__train_robust_s0.15-0.2-0.25__feat_b__obj_cvar_a0.95__sigtrue_0.2__sigbar_0.1__lam_0.001,2026-04-02T01:32:15Z,completed,main_benchmark,main,benchmark,True,bs_delta,robust,deep_hedge_robust,8,B,cvar,0.2,0.1,0.001,0.15|0.2|0.25,-0.003987417357135928,0.023804658307351026,0.004272507233173517,0.048370986461300246,0.06190768938308437,0.07019659469965313,0.0821213641982632,3.9378783954265826,9.517125169209342,393787.83954265824,results/gbm_deephedge/benchmark_6_2/runs/seed_0008__train_robust_s0.15-0.2-0.25__feat_b__obj_cvar_a0.95__sigtrue_0.2__sigbar_0.1__lam_0.001,results/gbm_deephedge,035667f13538c3dd3e05ecff276786f8b3986b52a375e87842a750ca922dd90d,76e694c21e709359f62f03a0ba5a97ba6db86a88,GBM_CFG=results/gbm_deephedge/benchmark_6_2/runs/seed_0008__train_robust_s0.15-0.2-0.25__feat_b__obj_cvar_a0.95__sigtrue_0.2__sigbar_0.1__lam_0.001/run_cfg.json python -m src.train_deephedge_gbm
"train=robust|feat=B|obj=cvar|sigtrue=0.2|sigbar=0.1|lam=0.001|robust=0.15,0.2,0.25",seed_0008__train_robust_s0.15-0.2-0.25__feat_b__obj_cvar_a0.95__sigtrue_0.2__sigbar_0.1__lam_0.001,2026-04-02T01:32:15Z,completed,main_benchmark,main,benchmark,True,deep_hedge_robust,robust,deep_hedge_robust,8,B,cvar,0.2,0.1,0.001,0.15|0.2|0.25,-0.002881447086110711,0.014884271658957005,0.002991925925016403,0.024550842121243477,0.028164023533463478,0.03032778576016426,0.03330087289214134,2.895474458734989,4.894136428833008,289547.4458734989,results/gbm_deephedge/benchmark_6_2/runs/seed_0008__train_robust_s0.15-0.2-0.25__feat_b__obj_cvar_a0.95__sigtrue_0.2__sigbar_0.1__lam_0.001,results/gbm_deephedge,035667f13538c3dd3e05ecff276786f8b3986b52a375e87842a750ca922dd90d,76e694c21e709359f62f03a0ba5a97ba6db86a88,GBM_CFG=results/gbm_deephedge/benchmark_6_2/runs/seed_0008__train_robust_s0.15-0.2-0.25__feat_b__obj_cvar_a0.95__sigtrue_0.2__sigbar_0.1__lam_0.001/run_cfg.json python -m src.train_deephedge_gbm
"train=robust|feat=B|obj=cvar|sigtrue=0.2|sigbar=0.25|lam=0|robust=0.15,0.2,0.25",seed_0008__train_robust_s0.15-0.2-0.25__feat_b__obj_cvar_a0.95__sigtrue_0.2__sigbar_0.25__lam_0,2026-04-02T01:31:08Z,completed,main_benchmark,main,benchmark,True,bs_delta,robust,deep_hedge_robust,8,B,cvar,0.2,0.25,0.0,0.15|0.2|0.25,3.265685563551632e-05,0.011766460185395762,3.643283150110699e-05,0.016871566869737738,0.020519478606185314,0.02262274766361063,0.026388648847883025,3.0002199071296873,5.495810428320544,300021.99071296875,results/gbm_deephedge/benchmark_6_2/runs/seed_0008__train_robust_s0.15-0.2-0.25__feat_b__obj_cvar_a0.95__sigtrue_0.2__sigbar_0.25__lam_0,results/gbm_deephedge,3535f1c07715ef2e3690862999637591edf1fbf19a8725bb80b285704bbfffcc,76e694c21e709359f62f03a0ba5a97ba6db86a88,GBM_CFG=results/gbm_deephedge/benchmark_6_2/runs/seed_0008__train_robust_s0.15-0.2-0.25__feat_b__obj_cvar_a0.95__sigtrue_0.2__sigbar_0.25__lam_0/run_cfg.json python -m src.train_deephedge_gbm
"train=robust|feat=B|obj=cvar|sigtrue=0.2|sigbar=0.25|lam=0|robust=0.15,0.2,0.25",seed_0008__train_robust_s0.15-0.2-0.25__feat_b__obj_cvar_a0.95__sigtrue_0.2__sigbar_0.25__lam_0,2026-04-02T01:31:08Z,completed,main_benchmark,main,benchmark,True,deep_hedge_robust,robust,deep_hedge_robust,8,B,cvar,0.2,0.25,0.0,0.15|0.2|0.25,6.714031769661233e-05,0.014970200136303902,4.4696033000946045e-05,0.021867379546165466,0.025570858269929886,0.02788565866649151,0.030689584091305733,3.0088696546769143,5.1945481300354,300886.9654676914,results/gbm_deephedge/benchmark_6_2/runs/seed_0008__train_robust_s0.15-0.2-0.25__feat_b__obj_cvar_a0.95__sigtrue_0.2__sigbar_0.25__lam_0,results/gbm_deephedge,3535f1c07715ef2e3690862999637591edf1fbf19a8725bb80b285704bbfffcc,76e694c21e709359f62f03a0ba5a97ba6db86a88,GBM_CFG=results/gbm_deephedge/benchmark_6_2/runs/seed_0008__train_robust_s0.15-0.2-0.25__feat_b__obj_cvar_a0.95__sigtrue_0.2__sigbar_0.25__lam_0/run_cfg.json python -m src.train_deephedge_gbm
"train=robust|feat=B|obj=cvar|sigtrue=0.2|sigbar=0.25|lam=0.0001|robust=0.15,0.2,0.25",seed_0008__train_robust_s0.15-0.2-0.25__feat_b__obj_cvar_a0.95__sigtrue_0.2__sigbar_0.25__lam_0.0001,2026-04-02T01:31:32Z,completed,main_benchmark,main,benchmark,True,bs_delta,robust,deep_hedge_robust,8,B,cvar,0.2,0.25,0.0001,0.15|0.2|0.25,-0.00027410150729772353,0.011741127901174965,0.0003428941321872228,0.017134975296914805,0.020803628051060848,0.022914360994316107,0.026721875719644416,3.0002199071296873,5.495810428320544,300021.99071296875,results/gbm_deephedge/benchmark_6_2/runs/seed_0008__train_robust_s0.15-0.2-0.25__feat_b__obj_cvar_a0.95__sigtrue_0.2__sigbar_0.25__lam_0.0001,results/gbm_deephedge,07a68f7d0226f6946fed947e9828a228a7efcbf9b8d357f89822262474da3757,76e694c21e709359f62f03a0ba5a97ba6db86a88,GBM_CFG=results/gbm_deephedge/benchmark_6_2/runs/seed_0008__train_robust_s0.15-0.2-0.25__feat_b__obj_cvar_a0.95__sigtrue_0.2__sigbar_0.25__lam_0.0001/run_cfg.json python -m src.train_deephedge_gbm
"train=robust|feat=B|obj=cvar|sigtrue=0.2|sigbar=0.25|lam=0.0001|robust=0.15,0.2,0.25",seed_0008__train_robust_s0.15-0.2-0.25__feat_b__obj_cvar_a0.95__sigtrue_0.2__sigbar_0.25__lam_0.0001,2026-04-02T01:31:32Z,completed,main_benchmark,main,benchmark,True,deep_hedge_robust,robust,deep_hedge_robust,8,B,cvar,0.2,0.25,0.0001,0.15|0.2|0.25,-0.0002493842039257288,0.014345809817314148,0.00035204365849494934,0.020725637674331665,0.024309659376740456,0.026541471481323242,0.029542507603764534,3.0343249892663957,5.215337753295898,303432.49892663956,results/gbm_deephedge/benchmark_6_2/runs/seed_0008__train_robust_s0.15-0.2-0.25__feat_b__obj_cvar_a0.95__sigtrue_0.2__sigbar_0.25__lam_0.0001,results/gbm_deephedge,07a68f7d0226f6946fed947e9828a228a7efcbf9b8d357f89822262474da3757,76e694c21e709359f62f03a0ba5a97ba6db86a88,GBM_CFG=results/gbm_deephedge/benchmark_6_2/runs/seed_0008__train_robust_s0.15-0.2-0.25__feat_b__obj_cvar_a0.95__sigtrue_0.2__sigbar_0.25__lam_0.0001/run_cfg.json python -m src.train_deephedge_gbm
"train=robust|feat=B|obj=cvar|sigtrue=0.2|sigbar=0.25|lam=0.0005|robust=0.15,0.2,0.25",seed_0008__train_robust_s0.15-0.2-0.25__feat_b__obj_cvar_a0.95__sigtrue_0.2__sigbar_0.25__lam_0.0005,2026-04-02T01:31:57Z,completed,main_benchmark,main,benchmark,True,bs_delta,robust,deep_hedge_robust,8,B,cvar,0.2,0.25,0.0005,0.15|0.2|0.25,-0.0015011350707028498,0.011645699592883205,0.0015688148476046687,0.018190177538362176,0.021968222732713316,0.02409886720984094,0.028084136475151303,3.0002199071296873,5.495810428320544,300021.99071296875,results/gbm_deephedge/benchmark_6_2/runs/seed_0008__train_robust_s0.15-0.2-0.25__feat_b__obj_cvar_a0.95__sigtrue_0.2__sigbar_0.25__lam_0.0005,results/gbm_deephedge,6bf2be4e9d24dff3a46da0b86a714cd4a61d1890a2221618715296afaab969bd,76e694c21e709359f62f03a0ba5a97ba6db86a88,GBM_CFG=results/gbm_deephedge/benchmark_6_2/runs/seed_0008__train_robust_s0.15-0.2-0.25__feat_b__obj_cvar_a0.95__sigtrue_0.2__sigbar_0.25__lam_0.0005/run_cfg.json python -m src.train_deephedge_gbm
"train=robust|feat=B|obj=cvar|sigtrue=0.2|sigbar=0.25|lam=0.0005|robust=0.15,0.2,0.25",seed_0008__train_robust_s0.15-0.2-0.25__feat_b__obj_cvar_a0.95__sigtrue_0.2__sigbar_0.25__lam_0.0005,2026-04-02T01:31:57Z,completed,main_benchmark,main,benchmark,True,deep_hedge_robust,robust,deep_hedge_robust,8,B,cvar,0.2,0.25,0.0005,0.15|0.2|0.25,-0.0014348550466820598,0.0149558549746871,0.001546427607536316,0.023697970435023308,0.027453875169157982,0.029748370870947838,0.032496679574251175,2.9425161101460455,5.017139911651611,294251.61101460457,results/gbm_deephedge/benchmark_6_2/runs/seed_0008__train_robust_s0.15-0.2-0.25__feat_b__obj_cvar_a0.95__sigtrue_0.2__sigbar_0.25__lam_0.0005,results/gbm_deephedge,6bf2be4e9d24dff3a46da0b86a714cd4a61d1890a2221618715296afaab969bd,76e694c21e709359f62f03a0ba5a97ba6db86a88,GBM_CFG=results/gbm_deephedge/benchmark_6_2/runs/seed_0008__train_robust_s0.15-0.2-0.25__feat_b__obj_cvar_a0.95__sigtrue_0.2__sigbar_0.25__lam_0.0005/run_cfg.json python -m src.train_deephedge_gbm
"train=robust|feat=B|obj=cvar|sigtrue=0.2|sigbar=0.25|lam=0.001|robust=0.15,0.2,0.25",seed_0008__train_robust_s0.15-0.2-0.25__feat_b__obj_cvar_a0.95__sigtrue_0.2__sigbar_0.25__lam_0.001,2026-04-02T01:32:21Z,completed,main_benchmark,main,benchmark,True,bs_delta,robust,deep_hedge_robust,8,B,cvar,0.2,0.25,0.001,0.15|0.2|0.25,-0.003034926997041216,0.011539958787689127,0.003101385353199315,0.01958824402808163,0.023485991073748557,0.025714920163369563,0.029856277253911757,3.0002199071296873,5.495810428320544,300021.99071296875,results/gbm_deephedge/benchmark_6_2/runs/seed_0008__train_robust_s0.15-0.2-0.25__feat_b__obj_cvar_a0.95__sigtrue_0.2__sigbar_0.25__lam_0.001,results/gbm_deephedge,dbccc3c8bdb06e6afda553b1459dc24185469684818c31a9cea1b7f4b3c49a21,76e694c21e709359f62f03a0ba5a97ba6db86a88,GBM_CFG=results/gbm_deephedge/benchmark_6_2/runs/seed_0008__train_robust_s0.15-0.2-0.25__feat_b__obj_cvar_a0.95__sigtrue_0.2__sigbar_0.25__lam_0.001/run_cfg.json python -m src.train_deephedge_gbm
"train=robust|feat=B|obj=cvar|sigtrue=0.2|sigbar=0.25|lam=0.001|robust=0.15,0.2,0.25",seed_0008__train_robust_s0.15-0.2-0.25__feat_b__obj_cvar_a0.95__sigtrue_0.2__sigbar_0.25__lam_0.001,2026-04-02T01:32:21Z,completed,main_benchmark,main,benchmark,True,deep_hedge_robust,robust,deep_hedge_robust,8,B,cvar,0.2,0.25,0.001,0.15|0.2|0.25,-0.002881447086110711,0.014884271658957005,0.002991925925016403,0.024550842121243477,0.028164023533463478,0.03032778576016426,0.03330087289214134,2.895474458734989,4.894136428833008,289547.4458734989,results/gbm_deephedge/benchmark_6_2/runs/seed_0008__train_robust_s0.15-0.2-0.25__feat_b__obj_cvar_a0.95__sigtrue_0.2__sigbar_0.25__lam_0.001,results/gbm_deephedge,dbccc3c8bdb06e6afda553b1459dc24185469684818c31a9cea1b7f4b3c49a21,76e694c21e709359f62f03a0ba5a97ba6db86a88,GBM_CFG=results/gbm_deephedge/benchmark_6_2/runs/seed_0008__train_robust_s0.15-0.2-0.25__feat_b__obj_cvar_a0.95__sigtrue_0.2__sigbar_0.25__lam_0.001/run_cfg.json python -m src.train_deephedge_gbm
"train=robust|feat=B|obj=cvar|sigtrue=0.2|sigbar=0.2|lam=0|robust=0.15,0.2,0.25",seed_0008__train_robust_s0.15-0.2-0.25__feat_b__obj_cvar_a0.95__sigtrue_0.2__sigbar_0.2__lam_0,2026-04-01T22:26:23Z,completed,main_benchmark,main,benchmark,True,bs_delta,robust,deep_hedge_robust,8,B,cvar,0.2,0.2,0.0,0.15|0.2|0.25,1.0908238016096584e-05,0.009719248927232265,3.635974665702757e-05,0.016100831247969086,0.0226295240441568,0.026735427330314403,0.03298104035559694,3.231875387546676,6.279506080777742,323187.5387546676,results/gbm_deephedge/benchmark_6_2/runs/seed_0008__train_robust_s0.15-0.2-0.25__feat_b__obj_cvar_a0.95__sigtrue_0.2__sigbar_0.2__lam_0,results/gbm_deephedge,a245499216fa080aec4a3715ae4fe097df1e617ce56d6306067abdf19a0552e8,76e694c21e709359f62f03a0ba5a97ba6db86a88,GBM_CFG=results/gbm_deephedge/benchmark_6_2/runs/seed_0008__train_robust_s0.15-0.2-0.25__feat_b__obj_cvar_a0.95__sigtrue_0.2__sigbar_0.2__lam_0/run_cfg.json python -m src.train_deephedge_gbm
"train=robust|feat=B|obj=cvar|sigtrue=0.2|sigbar=0.2|lam=0|robust=0.15,0.2,0.25",seed_0008__train_robust_s0.15-0.2-0.25__feat_b__obj_cvar_a0.95__sigtrue_0.2__sigbar_0.2__lam_0,2026-04-01T22:26:23Z,completed,main_benchmark,main,benchmark,True,deep_hedge_robust,robust,deep_hedge_robust,8,B,cvar,0.2,0.2,0.0,0.15|0.2|0.25,6.714031769661233e-05,0.014970200136303902,4.4696033000946045e-05,0.021867379546165466,0.025570858269929886,0.02788565866649151,0.030689584091305733,3.0088696546769143,5.1945481300354,300886.9654676914,results/gbm_deephedge/benchmark_6_2/runs/seed_0008__train_robust_s0.15-0.2-0.25__feat_b__obj_cvar_a0.95__sigtrue_0.2__sigbar_0.2__lam_0,results/gbm_deephedge,a245499216fa080aec4a3715ae4fe097df1e617ce56d6306067abdf19a0552e8,76e694c21e709359f62f03a0ba5a97ba6db86a88,GBM_CFG=results/gbm_deephedge/benchmark_6_2/runs/seed_0008__train_robust_s0.15-0.2-0.25__feat_b__obj_cvar_a0.95__sigtrue_0.2__sigbar_0.2__lam_0/run_cfg.json python -m src.train_deephedge_gbm
"train=robust|feat=B|obj=cvar|sigtrue=0.2|sigbar=0.2|lam=0.0001|robust=0.15,0.2,0.25",seed_0008__train_robust_s0.15-0.2-0.25__feat_b__obj_cvar_a0.95__sigtrue_0.2__sigbar_0.2__lam_0.0001,2026-04-01T23:08:36Z,completed,main_benchmark,main,benchmark,True,bs_delta,robust,deep_hedge_robust,8,B,cvar,0.2,0.2,0.0001,0.15|0.2|0.25,-0.00031916281026792015,0.009731931801182418,0.00036655662740986417,0.01649446241626975,0.023060801373767554,0.027180216721143794,0.033453534543558525,3.231875387546676,6.279506080777742,323187.5387546676,results/gbm_deephedge/benchmark_6_2/runs/seed_0008__train_robust_s0.15-0.2-0.25__feat_b__obj_cvar_a0.95__sigtrue_0.2__sigbar_0.2__lam_0.0001,results/gbm_deephedge,211e5e5e546525f1072a3bd375ca218b26e003935da35202a27480e1711c1612,76e694c21e709359f62f03a0ba5a97ba6db86a88,GBM_CFG=results/gbm_deephedge/benchmark_6_2/runs/seed_0008__train_robust_s0.15-0.2-0.25__feat_b__obj_cvar_a0.95__sigtrue_0.2__sigbar_0.2__lam_0.0001/run_cfg.json python -m src.train_deephedge_gbm
"train=robust|feat=B|obj=cvar|sigtrue=0.2|sigbar=0.2|lam=0.0001|robust=0.15,0.2,0.25",seed_0008__train_robust_s0.15-0.2-0.25__feat_b__obj_cvar_a0.95__sigtrue_0.2__sigbar_0.2__lam_0.0001,2026-04-01T23:08:36Z,completed,main_benchmark,main,benchmark,True,deep_hedge_robust,robust,deep_hedge_robust,8,B,cvar,0.2,0.2,0.0001,0.15|0.2|0.25,-0.0002493842039257288,0.014345809817314148,0.00035204365849494934,0.020725637674331665,0.024309659376740456,0.026541471481323242,0.029542507603764534,3.0343249892663957,5.215337753295898,303432.49892663956,results/gbm_deephedge/benchmark_6_2/runs/seed_0008__train_robust_s0.15-0.2-0.25__feat_b__obj_cvar_a0.95__sigtrue_0.2__sigbar_0.2__lam_0.0001,results/gbm_deephedge,211e5e5e546525f1072a3bd375ca218b26e003935da35202a27480e1711c1612,76e694c21e709359f62f03a0ba5a97ba6db86a88,GBM_CFG=results/gbm_deephedge/benchmark_6_2/runs/seed_0008__train_robust_s0.15-0.2-0.25__feat_b__obj_cvar_a0.95__sigtrue_0.2__sigbar_0.2__lam_0.0001/run_cfg.json python -m src.train_deephedge_gbm
"train=robust|feat=B|obj=cvar|sigtrue=0.2|sigbar=0.2|lam=0.0005|robust=0.15,0.2,0.25",seed_0008__train_robust_s0.15-0.2-0.25__feat_b__obj_cvar_a0.95__sigtrue_0.2__sigbar_0.2__lam_0.0005,2026-04-01T23:54:30Z,completed,main_benchmark,main,benchmark,True,bs_delta,robust,deep_hedge_robust,8,B,cvar,0.2,0.2,0.0005,0.15|0.2|0.25,-0.0016394471235646893,0.009792803516686472,0.0016874453414165297,0.018096030519464706,0.024796354409174562,0.029061354839968977,0.03535039124578192,3.231875387546676,6.279506080777742,323187.5387546676,results/gbm_deephedge/benchmark_6_2/runs/seed_0008__train_robust_s0.15-0.2-0.25__feat_b__obj_cvar_a0.95__sigtrue_0.2__sigbar_0.2__lam_0.0005,results/gbm_deephedge,1f819e95bdd9bee0cfb04aa4e6a1dd3aa406bde98421a778a932b72f9ec441f9,76e694c21e709359f62f03a0ba5a97ba6db86a88,GBM_CFG=results/gbm_deephedge/benchmark_6_2/runs/seed_0008__train_robust_s0.15-0.2-0.25__feat_b__obj_cvar_a0.95__sigtrue_0.2__sigbar_0.2__lam_0.0005/run_cfg.json python -m src.train_deephedge_gbm
"train=robust|feat=B|obj=cvar|sigtrue=0.2|sigbar=0.2|lam=0.0005|robust=0.15,0.2,0.25",seed_0008__train_robust_s0.15-0.2-0.25__feat_b__obj_cvar_a0.95__sigtrue_0.2__sigbar_0.2__lam_0.0005,2026-04-01T23:54:30Z,completed,main_benchmark,main,benchmark,True,deep_hedge_robust,robust,deep_hedge_robust,8,B,cvar,0.2,0.2,0.0005,0.15|0.2|0.25,-0.0014348550466820598,0.0149558549746871,0.001546427607536316,0.023697970435023308,0.027453875169157982,0.029748370870947838,0.032496679574251175,2.9425161101460455,5.017139911651611,294251.61101460457,results/gbm_deephedge/benchmark_6_2/runs/seed_0008__train_robust_s0.15-0.2-0.25__feat_b__obj_cvar_a0.95__sigtrue_0.2__sigbar_0.2__lam_0.0005,results/gbm_deephedge,1f819e95bdd9bee0cfb04aa4e6a1dd3aa406bde98421a778a932b72f9ec441f9,76e694c21e709359f62f03a0ba5a97ba6db86a88,GBM_CFG=results/gbm_deephedge/benchmark_6_2/runs/seed_0008__train_robust_s0.15-0.2-0.25__feat_b__obj_cvar_a0.95__sigtrue_0.2__sigbar_0.2__lam_0.0005/run_cfg.json python -m src.train_deephedge_gbm
"train=robust|feat=B|obj=cvar|sigtrue=0.2|sigbar=0.2|lam=0.001|robust=0.15,0.2,0.25",seed_0008__train_robust_s0.15-0.2-0.25__feat_b__obj_cvar_a0.95__sigtrue_0.2__sigbar_0.2__lam_0.001,2026-04-02T00:35:50Z,completed,main_benchmark,main,benchmark,True,bs_delta,robust,deep_hedge_robust,8,B,cvar,0.2,0.2,0.001,0.15|0.2|0.25,-0.003289802485145475,0.009891334242099923,0.003338783599696943,0.02014997783409389,0.026989589507424836,0.031293808141801716,0.037737112672509496,3.231875387546676,6.279506080777742,323187.5387546676,results/gbm_deephedge/benchmark_6_2/runs/seed_0008__train_robust_s0.15-0.2-0.25__feat_b__obj_cvar_a0.95__sigtrue_0.2__sigbar_0.2__lam_0.001,results/gbm_deephedge,0d132635dd557e72b27ba9be316c21c4be6819c49fbaa1338e8907f562f3e1b5,76e694c21e709359f62f03a0ba5a97ba6db86a88,GBM_CFG=results/gbm_deephedge/benchmark_6_2/runs/seed_0008__train_robust_s0.15-0.2-0.25__feat_b__obj_cvar_a0.95__sigtrue_0.2__sigbar_0.2__lam_0.001/run_cfg.json python -m src.train_deephedge_gbm
"train=robust|feat=B|obj=cvar|sigtrue=0.2|sigbar=0.2|lam=0.001|robust=0.15,0.2,0.25",seed_0008__train_robust_s0.15-0.2-0.25__feat_b__obj_cvar_a0.95__sigtrue_0.2__sigbar_0.2__lam_0.001,2026-04-02T00:35:50Z,completed,main_benchmark,main,benchmark,True,deep_hedge_robust,robust,deep_hedge_robust,8,B,cvar,0.2,0.2,0.001,0.15|0.2|0.25,-0.002881447086110711,0.014884271658957005,0.002991925925016403,0.024550842121243477,0.028164023533463478,0.03032778576016426,0.03330087289214134,2.895474458734989,4.894136428833008,289547.4458734989,results/gbm_deephedge/benchmark_6_2/runs/seed_0008__train_robust_s0.15-0.2-0.25__feat_b__obj_cvar_a0.95__sigtrue_0.2__sigbar_0.2__lam_0.001,results/gbm_deephedge,0d132635dd557e72b27ba9be316c21c4be6819c49fbaa1338e8907f562f3e1b5,76e694c21e709359f62f03a0ba5a97ba6db86a88,GBM_CFG=results/gbm_deephedge/benchmark_6_2/runs/seed_0008__train_robust_s0.15-0.2-0.25__feat_b__obj_cvar_a0.95__sigtrue_0.2__sigbar_0.2__lam_0.001/run_cfg.json python -m src.train_deephedge_gbm
"train=robust|feat=B|obj=cvar|sigtrue=0.2|sigbar=0.3|lam=0|robust=0.15,0.2,0.25",seed_0008__train_robust_s0.15-0.2-0.25__feat_b__obj_cvar_a0.95__sigtrue_0.2__sigbar_0.3__lam_0,2026-04-02T01:31:11Z,completed,main_benchmark,main,benchmark,True,bs_delta,robust,deep_hedge_robust,8,B,cvar,0.2,0.3,0.0,0.15|0.2|0.25,5.8782549196614456e-05,0.015425544406727384,6.000858292033728e-05,0.02343699739009798,0.02744686549573668,0.029893290636645767,0.03265232579642692,2.817442845606561,4.933408114121339,281744.2845606561,results/gbm_deephedge/benchmark_6_2/runs/seed_0008__train_robust_s0.15-0.2-0.25__feat_b__obj_cvar_a0.95__sigtrue_0.2__sigbar_0.3__lam_0,results/gbm_deephedge,4abd2176b2084dd7d8dfb122d983a8f35666ef41035e1b02252dd4adb9512d13,76e694c21e709359f62f03a0ba5a97ba6db86a88,GBM_CFG=results/gbm_deephedge/benchmark_6_2/runs/seed_0008__train_robust_s0.15-0.2-0.25__feat_b__obj_cvar_a0.95__sigtrue_0.2__sigbar_0.3__lam_0/run_cfg.json python -m src.train_deephedge_gbm
"train=robust|feat=B|obj=cvar|sigtrue=0.2|sigbar=0.3|lam=0|robust=0.15,0.2,0.25",seed_0008__train_robust_s0.15-0.2-0.25__feat_b__obj_cvar_a0.95__sigtrue_0.2__sigbar_0.3__lam_0,2026-04-02T01:31:11Z,completed,main_benchmark,main,benchmark,True,deep_hedge_robust,robust,deep_hedge_robust,8,B,cvar,0.2,0.3,0.0,0.15|0.2|0.25,6.714031769661233e-05,0.014970200136303902,4.4696033000946045e-05,0.021867379546165466,0.025570858269929886,0.02788565866649151,0.030689584091305733,3.0088696546769143,5.1945481300354,300886.9654676914,results/gbm_deephedge/benchmark_6_2/runs/seed_0008__train_robust_s0.15-0.2-0.25__feat_b__obj_cvar_a0.95__sigtrue_0.2__sigbar_0.3__lam_0,results/gbm_deephedge,4abd2176b2084dd7d8dfb122d983a8f35666ef41035e1b02252dd4adb9512d13,76e694c21e709359f62f03a0ba5a97ba6db86a88,GBM_CFG=results/gbm_deephedge/benchmark_6_2/runs/seed_0008__train_robust_s0.15-0.2-0.25__feat_b__obj_cvar_a0.95__sigtrue_0.2__sigbar_0.3__lam_0/run_cfg.json python -m src.train_deephedge_gbm
"train=robust|feat=B|obj=cvar|sigtrue=0.2|sigbar=0.3|lam=0.0001|robust=0.15,0.2,0.25",seed_0008__train_robust_s0.15-0.2-0.25__feat_b__obj_cvar_a0.95__sigtrue_0.2__sigbar_0.3__lam_0.0001,2026-04-02T01:31:35Z,completed,main_benchmark,main,benchmark,True,bs_delta,robust,deep_hedge_robust,8,B,cvar,0.2,0.3,0.0001,0.15|0.2|0.25,-0.00022956835874213323,0.015393444263374459,0.0003478637810644114,0.0236452445387302,0.02765185734836436,0.030109718494477834,0.03284926549279395,2.817442845606561,4.933408114121339,281744.2845606561,results/gbm_deephedge/benchmark_6_2/runs/seed_0008__train_robust_s0.15-0.2-0.25__feat_b__obj_cvar_a0.95__sigtrue_0.2__sigbar_0.3__lam_0.0001,results/gbm_deephedge,236391aa9a200b1cd38d8fce7d6ccc7be79da5a9bec2cbb262106c7e115dfb94,76e694c21e709359f62f03a0ba5a97ba6db86a88,GBM_CFG=results/gbm_deephedge/benchmark_6_2/runs/seed_0008__train_robust_s0.15-0.2-0.25__feat_b__obj_cvar_a0.95__sigtrue_0.2__sigbar_0.3__lam_0.0001/run_cfg.json python -m src.train_deephedge_gbm
"train=robust|feat=B|obj=cvar|sigtrue=0.2|sigbar=0.3|lam=0.0001|robust=0.15,0.2,0.25",seed_0008__train_robust_s0.15-0.2-0.25__feat_b__obj_cvar_a0.95__sigtrue_0.2__sigbar_0.3__lam_0.0001,2026-04-02T01:31:35Z,completed,main_benchmark,main,benchmark,True,deep_hedge_robust,robust,deep_hedge_robust,8,B,cvar,0.2,0.3,0.0001,0.15|0.2|0.25,-0.0002493842039257288,0.014345809817314148,0.00035204365849494934,0.020725637674331665,0.024309659376740456,0.026541471481323242,0.029542507603764534,3.0343249892663957,5.215337753295898,303432.49892663956,results/gbm_deephedge/benchmark_6_2/runs/seed_0008__train_robust_s0.15-0.2-0.25__feat_b__obj_cvar_a0.95__sigtrue_0.2__sigbar_0.3__lam_0.0001,results/gbm_deephedge,236391aa9a200b1cd38d8fce7d6ccc7be79da5a9bec2cbb262106c7e115dfb94,76e694c21e709359f62f03a0ba5a97ba6db86a88,GBM_CFG=results/gbm_deephedge/benchmark_6_2/runs/seed_0008__train_robust_s0.15-0.2-0.25__feat_b__obj_cvar_a0.95__sigtrue_0.2__sigbar_0.3__lam_0.0001/run_cfg.json python -m src.train_deephedge_gbm
"train=robust|feat=B|obj=cvar|sigtrue=0.2|sigbar=0.3|lam=0.0005|robust=0.15,0.2,0.25",seed_0008__train_robust_s0.15-0.2-0.25__feat_b__obj_cvar_a0.95__sigtrue_0.2__sigbar_0.3__lam_0.0005,2026-04-02T01:32:00Z,completed,main_benchmark,main,benchmark,True,bs_delta,robust,deep_hedge_robust,8,B,cvar,0.2,0.3,0.0005,0.15|0.2|0.25,-0.0013829720954669671,0.015268317568434631,0.0014993453399821041,0.024506988072769572,0.028485816271816806,0.030942703433031935,0.03366424147107941,2.817442845606561,4.933408114121339,281744.2845606561,results/gbm_deephedge/benchmark_6_2/runs/seed_0008__train_robust_s0.15-0.2-0.25__feat_b__obj_cvar_a0.95__sigtrue_0.2__sigbar_0.3__lam_0.0005,results/gbm_deephedge,02ec77a395f75af924686cc6cf3affc475bee17579af85e17643f3b3f75d10e0,76e694c21e709359f62f03a0ba5a97ba6db86a88,GBM_CFG=results/gbm_deephedge/benchmark_6_2/runs/seed_0008__train_robust_s0.15-0.2-0.25__feat_b__obj_cvar_a0.95__sigtrue_0.2__sigbar_0.3__lam_0.0005/run_cfg.json python -m src.train_deephedge_gbm
"train=robust|feat=B|obj=cvar|sigtrue=0.2|sigbar=0.3|lam=0.0005|robust=0.15,0.2,0.25",seed_0008__train_robust_s0.15-0.2-0.25__feat_b__obj_cvar_a0.95__sigtrue_0.2__sigbar_0.3__lam_0.0005,2026-04-02T01:32:00Z,completed,main_benchmark,main,benchmark,True,deep_hedge_robust,robust,deep_hedge_robust,8,B,cvar,0.2,0.3,0.0005,0.15|0.2|0.25,-0.0014348550466820598,0.0149558549746871,0.001546427607536316,0.023697970435023308,0.027453875169157982,0.029748370870947838,0.032496679574251175,2.9425161101460455,5.017139911651611,294251.61101460457,results/gbm_deephedge/benchmark_6_2/runs/seed_0008__train_robust_s0.15-0.2-0.25__feat_b__obj_cvar_a0.95__sigtrue_0.2__sigbar_0.3__lam_0.0005,results/gbm_deephedge,02ec77a395f75af924686cc6cf3affc475bee17579af85e17643f3b3f75d10e0,76e694c21e709359f62f03a0ba5a97ba6db86a88,GBM_CFG=results/gbm_deephedge/benchmark_6_2/runs/seed_0008__train_robust_s0.15-0.2-0.25__feat_b__obj_cvar_a0.95__sigtrue_0.2__sigbar_0.3__lam_0.0005/run_cfg.json python -m src.train_deephedge_gbm
"train=robust|feat=B|obj=cvar|sigtrue=0.2|sigbar=0.3|lam=0.001|robust=0.15,0.2,0.25",seed_0008__train_robust_s0.15-0.2-0.25__feat_b__obj_cvar_a0.95__sigtrue_0.2__sigbar_0.3__lam_0.001,2026-04-02T01:32:24Z,completed,main_benchmark,main,benchmark,True,bs_delta,robust,deep_hedge_robust,8,B,cvar,0.2,0.3,0.001,0.15|0.2|0.25,-0.002824726740130549,0.015119426266747619,0.002938833740060806,0.025639005833930063,0.029561695062616956,0.03196767767817352,0.03473568090880246,2.817442845606561,4.933408114121339,281744.2845606561,results/gbm_deephedge/benchmark_6_2/runs/seed_0008__train_robust_s0.15-0.2-0.25__feat_b__obj_cvar_a0.95__sigtrue_0.2__sigbar_0.3__lam_0.001,results/gbm_deephedge,ba008c5d8f54024c3dada94b6cd653b768e2bca83f06a35682dad139635bdcbc,76e694c21e709359f62f03a0ba5a97ba6db86a88,GBM_CFG=results/gbm_deephedge/benchmark_6_2/runs/seed_0008__train_robust_s0.15-0.2-0.25__feat_b__obj_cvar_a0.95__sigtrue_0.2__sigbar_0.3__lam_0.001/run_cfg.json python -m src.train_deephedge_gbm
"train=robust|feat=B|obj=cvar|sigtrue=0.2|sigbar=0.3|lam=0.001|robust=0.15,0.2,0.25",seed_0008__train_robust_s0.15-0.2-0.25__feat_b__obj_cvar_a0.95__sigtrue_0.2__sigbar_0.3__lam_0.001,2026-04-02T01:32:24Z,completed,main_benchmark,main,benchmark,True,deep_hedge_robust,robust,deep_hedge_robust,8,B,cvar,0.2,0.3,0.001,0.15|0.2|0.25,-0.002881447086110711,0.014884271658957005,0.002991925925016403,0.024550842121243477,0.028164023533463478,0.03032778576016426,0.03330087289214134,2.895474458734989,4.894136428833008,289547.4458734989,results/gbm_deephedge/benchmark_6_2/runs/seed_0008__train_robust_s0.15-0.2-0.25__feat_b__obj_cvar_a0.95__sigtrue_0.2__sigbar_0.3__lam_0.001,results/gbm_deephedge,ba008c5d8f54024c3dada94b6cd653b768e2bca83f06a35682dad139635bdcbc,76e694c21e709359f62f03a0ba5a97ba6db86a88,GBM_CFG=results/gbm_deephedge/benchmark_6_2/runs/seed_0008__train_robust_s0.15-0.2-0.25__feat_b__obj_cvar_a0.95__sigtrue_0.2__sigbar_0.3__lam_0.001/run_cfg.json python -m src.train_deephedge_gbm
train=oracle|feat=B|obj=cvar|sigtrue=0.2|sigbar=0.15|lam=0|robust=none,seed_0009__train_oracle__feat_b__obj_cvar_a0.95__sigtrue_0.2__sigbar_0.15__lam_0,2026-04-02T01:32:30Z,completed,main_benchmark,main,benchmark,True,bs_delta,oracle,deep_hedge_oracle,9,B,cvar,0.2,0.15,0.0,,2.6233655936946053e-05,0.013046213897740746,5.927048114630351e-05,0.02493271833818576,0.03425470126109175,0.040423510892684776,0.04863811432489214,3.5295095194781663,7.621728169740153,352950.95194781665,results/gbm_deephedge/benchmark_6_2/runs/seed_0009__train_oracle__feat_b__obj_cvar_a0.95__sigtrue_0.2__sigbar_0.15__lam_0,results/gbm_deephedge,3832cac87bae8a3e0467ab516c0e0bdb46a7c85543067bbafe56987f981ca2ab,76e694c21e709359f62f03a0ba5a97ba6db86a88,GBM_CFG=results/gbm_deephedge/benchmark_6_2/runs/seed_0009__train_oracle__feat_b__obj_cvar_a0.95__sigtrue_0.2__sigbar_0.15__lam_0/run_cfg.json python -m src.train_deephedge_gbm
train=oracle|feat=B|obj=cvar|sigtrue=0.2|sigbar=0.15|lam=0|robust=none,seed_0009__train_oracle__feat_b__obj_cvar_a0.95__sigtrue_0.2__sigbar_0.15__lam_0,2026-04-02T01:32:30Z,completed,main_benchmark,main,benchmark,True,deep_hedge_oracle,oracle,deep_hedge_oracle,9,B,cvar,0.2,0.15,0.0,,1.2243150194990449e-05,0.011884844861924648,5.825608968734741e-05,0.016764754429459572,0.021113967522978783,0.023693006485700607,0.028089581057429314,3.1720994286108017,5.553999423980713,317209.94286108017,results/gbm_deephedge/benchmark_6_2/runs/seed_0009__train_oracle__feat_b__obj_cvar_a0.95__sigtrue_0.2__sigbar_0.15__lam_0,results/gbm_deephedge,3832cac87bae8a3e0467ab516c0e0bdb46a7c85543067bbafe56987f981ca2ab,76e694c21e709359f62f03a0ba5a97ba6db86a88,GBM_CFG=results/gbm_deephedge/benchmark_6_2/runs/seed_0009__train_oracle__feat_b__obj_cvar_a0.95__sigtrue_0.2__sigbar_0.15__lam_0/run_cfg.json python -m src.train_deephedge_gbm
train=oracle|feat=B|obj=cvar|sigtrue=0.2|sigbar=0.15|lam=0.0001|robust=none,seed_0009__train_oracle__feat_b__obj_cvar_a0.95__sigtrue_0.2__sigbar_0.15__lam_0.0001,2026-04-02T01:32:55Z,completed,main_benchmark,main,benchmark,True,bs_delta,oracle,deep_hedge_oracle,9,B,cvar,0.2,0.15,0.0001,,-0.0003340501264553788,0.013124467430176824,0.0004205840806819072,0.02544938431918749,0.03478925664870994,0.040959042030460885,0.04921106555047406,3.5295095194781663,7.621728169740153,352950.95194781665,results/gbm_deephedge/benchmark_6_2/runs/seed_0009__train_oracle__feat_b__obj_cvar_a0.95__sigtrue_0.2__sigbar_0.15__lam_0.0001,results/gbm_deephedge,b42017b16cb1b4acbbac06644d641f8272e8a69ec6beba7cfbbbb468ab9cba77,76e694c21e709359f62f03a0ba5a97ba6db86a88,GBM_CFG=results/gbm_deephedge/benchmark_6_2/runs/seed_0009__train_oracle__feat_b__obj_cvar_a0.95__sigtrue_0.2__sigbar_0.15__lam_0.0001/run_cfg.json python -m src.train_deephedge_gbm
train=oracle|feat=B|obj=cvar|sigtrue=0.2|sigbar=0.15|lam=0.0001|robust=none,seed_0009__train_oracle__feat_b__obj_cvar_a0.95__sigtrue_0.2__sigbar_0.15__lam_0.0001,2026-04-02T01:32:55Z,completed,main_benchmark,main,benchmark,True,deep_hedge_oracle,oracle,deep_hedge_oracle,9,B,cvar,0.2,0.15,0.0001,,-0.0003103039925917983,0.011986145749688148,0.0003820359706878662,0.017211105674505234,0.021378176286816597,0.02387799695134163,0.02810073271393776,3.1633306413269042,5.5362162590026855,316333.06413269043,results/gbm_deephedge/benchmark_6_2/runs/seed_0009__train_oracle__feat_b__obj_cvar_a0.95__sigtrue_0.2__sigbar_0.15__lam_0.0001,results/gbm_deephedge,b42017b16cb1b4acbbac06644d641f8272e8a69ec6beba7cfbbbb468ab9cba77,76e694c21e709359f62f03a0ba5a97ba6db86a88,GBM_CFG=results/gbm_deephedge/benchmark_6_2/runs/seed_0009__train_oracle__feat_b__obj_cvar_a0.95__sigtrue_0.2__sigbar_0.15__lam_0.0001/run_cfg.json python -m src.train_deephedge_gbm
train=oracle|feat=B|obj=cvar|sigtrue=0.2|sigbar=0.15|lam=0.0005|robust=none,seed_0009__train_oracle__feat_b__obj_cvar_a0.95__sigtrue_0.2__sigbar_0.15__lam_0.0005,2026-04-02T01:33:19Z,completed,main_benchmark,main,benchmark,True,bs_delta,oracle,deep_hedge_oracle,9,B,cvar,0.2,0.15,0.0005,,-0.0017751853869767149,0.01344401810970054,0.0018659880676351742,0.027456646625555026,0.036933525191219334,0.043135435065184816,0.051507572908506126,3.5295095194781663,7.621728169740153,352950.95194781665,results/gbm_deephedge/benchmark_6_2/runs/seed_0009__train_oracle__feat_b__obj_cvar_a0.95__sigtrue_0.2__sigbar_0.15__lam_0.0005,results/gbm_deephedge,7d46189fd7e814ce8b04c9188359cca8c335c1dff7b64b1f635463091bb19652,76e694c21e709359f62f03a0ba5a97ba6db86a88,GBM_CFG=results/gbm_deephedge/benchmark_6_2/runs/seed_0009__train_oracle__feat_b__obj_cvar_a0.95__sigtrue_0.2__sigbar_0.15__lam_0.0005/run_cfg.json python -m src.train_deephedge_gbm
train=oracle|feat=B|obj=cvar|sigtrue=0.2|sigbar=0.15|lam=0.0005|robust=none,seed_0009__train_oracle__feat_b__obj_cvar_a0.95__sigtrue_0.2__sigbar_0.15__lam_0.0005,2026-04-02T01:33:19Z,completed,main_benchmark,main,benchmark,True,deep_hedge_oracle,oracle,deep_hedge_oracle,9,B,cvar,0.2,0.15,0.0005,,-0.0015623251674696803,0.012280488386750221,0.0016375556588172913,0.01881358213722706,0.022972622886300087,0.025503575801849365,0.029611065983772278,3.0926021281039713,5.384823799133301,309260.21281039715,results/gbm_deephedge/benchmark_6_2/runs/seed_0009__train_oracle__feat_b__obj_cvar_a0.95__sigtrue_0.2__sigbar_0.15__lam_0.0005,results/gbm_deephedge,7d46189fd7e814ce8b04c9188359cca8c335c1dff7b64b1f635463091bb19652,76e694c21e709359f62f03a0ba5a97ba6db86a88,GBM_CFG=results/gbm_deephedge/benchmark_6_2/runs/seed_0009__train_oracle__feat_b__obj_cvar_a0.95__sigtrue_0.2__sigbar_0.15__lam_0.0005/run_cfg.json python -m src.train_deephedge_gbm
train=oracle|feat=B|obj=cvar|sigtrue=0.2|sigbar=0.15|lam=0.001|robust=none,seed_0009__train_oracle__feat_b__obj_cvar_a0.95__sigtrue_0.2__sigbar_0.15__lam_0.001,2026-04-02T01:33:43Z,completed,main_benchmark,main,benchmark,True,bs_delta,oracle,deep_hedge_oracle,9,B,cvar,0.2,0.15,0.001,,-0.003576604429890376,0.013857308842022301,0.0036730792955078917,0.029998047934919933,0.03962742721222345,0.045882569400229355,0.05438953630553537,3.5295095194781663,7.621728169740153,352950.95194781665,results/gbm_deephedge/benchmark_6_2/runs/seed_0009__train_oracle__feat_b__obj_cvar_a0.95__sigtrue_0.2__sigbar_0.15__lam_0.001,results/gbm_deephedge,a95802db84ef5cccc9aae162bedd557cb9293aa16f885b7099c25769441d2741,76e694c21e709359f62f03a0ba5a97ba6db86a88,GBM_CFG=results/gbm_deephedge/benchmark_6_2/runs/seed_0009__train_oracle__feat_b__obj_cvar_a0.95__sigtrue_0.2__sigbar_0.15__lam_0.001/run_cfg.json python -m src.train_deephedge_gbm
train=oracle|feat=B|obj=cvar|sigtrue=0.2|sigbar=0.15|lam=0.001|robust=none,seed_0009__train_oracle__feat_b__obj_cvar_a0.95__sigtrue_0.2__sigbar_0.15__lam_0.001,2026-04-02T01:33:43Z,completed,main_benchmark,main,benchmark,True,deep_hedge_oracle,oracle,deep_hedge_oracle,9,B,cvar,0.2,0.15,0.001,,-0.0031171771697700024,0.011751552112400532,0.003186061978340149,0.01983625814318657,0.024366281926631927,0.02705894410610199,0.03168456256389618,3.0765658140337466,5.3857645988464355,307656.5814033747,results/gbm_deephedge/benchmark_6_2/runs/seed_0009__train_oracle__feat_b__obj_cvar_a0.95__sigtrue_0.2__sigbar_0.15__lam_0.001,results/gbm_deephedge,a95802db84ef5cccc9aae162bedd557cb9293aa16f885b7099c25769441d2741,76e694c21e709359f62f03a0ba5a97ba6db86a88,GBM_CFG=results/gbm_deephedge/benchmark_6_2/runs/seed_0009__train_oracle__feat_b__obj_cvar_a0.95__sigtrue_0.2__sigbar_0.15__lam_0.001/run_cfg.json python -m src.train_deephedge_gbm
train=oracle|feat=B|obj=cvar|sigtrue=0.2|sigbar=0.1|lam=0|robust=none,seed_0009__train_oracle__feat_b__obj_cvar_a0.95__sigtrue_0.2__sigbar_0.1__lam_0,2026-04-02T01:32:27Z,completed,main_benchmark,main,benchmark,True,bs_delta,oracle,deep_hedge_oracle,9,B,cvar,0.2,0.1,0.0,,3.307382847937937e-05,0.022489757127306078,0.0002213812034657925,0.041958808987719816,0.05524766936799126,0.06360347311429586,0.075022143855672,3.9352566420498807,9.535975315878208,393525.66420498805,results/gbm_deephedge/benchmark_6_2/runs/seed_0009__train_oracle__feat_b__obj_cvar_a0.95__sigtrue_0.2__sigbar_0.1__lam_0,results/gbm_deephedge,76263daf9495591ef11d1d896be2bce339cbb98318525351e547a9817ef7063a,76e694c21e709359f62f03a0ba5a97ba6db86a88,GBM_CFG=results/gbm_deephedge/benchmark_6_2/runs/seed_0009__train_oracle__feat_b__obj_cvar_a0.95__sigtrue_0.2__sigbar_0.1__lam_0/run_cfg.json python -m src.train_deephedge_gbm
train=oracle|feat=B|obj=cvar|sigtrue=0.2|sigbar=0.1|lam=0|robust=none,seed_0009__train_oracle__feat_b__obj_cvar_a0.95__sigtrue_0.2__sigbar_0.1__lam_0,2026-04-02T01:32:27Z,completed,main_benchmark,main,benchmark,True,deep_hedge_oracle,oracle,deep_hedge_oracle,9,B,cvar,0.2,0.1,0.0,,1.2243150194990449e-05,0.011884844861924648,5.825608968734741e-05,0.016764754429459572,0.021113967522978783,0.023693006485700607,0.028089581057429314,3.1720994286108017,5.553999423980713,317209.94286108017,results/gbm_deephedge/benchmark_6_2/runs/seed_0009__train_oracle__feat_b__obj_cvar_a0.95__sigtrue_0.2__sigbar_0.1__lam_0,results/gbm_deephedge,76263daf9495591ef11d1d896be2bce339cbb98318525351e547a9817ef7063a,76e694c21e709359f62f03a0ba5a97ba6db86a88,GBM_CFG=results/gbm_deephedge/benchmark_6_2/runs/seed_0009__train_oracle__feat_b__obj_cvar_a0.95__sigtrue_0.2__sigbar_0.1__lam_0/run_cfg.json python -m src.train_deephedge_gbm
train=oracle|feat=B|obj=cvar|sigtrue=0.2|sigbar=0.1|lam=0.0001|robust=none,seed_0009__train_oracle__feat_b__obj_cvar_a0.95__sigtrue_0.2__sigbar_0.1__lam_0.0001,2026-04-02T01:32:52Z,completed,main_benchmark,main,benchmark,True,bs_delta,oracle,deep_hedge_oracle,9,B,cvar,0.2,0.1,0.0001,,-0.0003680117499289743,0.022623636237208696,0.0006255067625533794,0.04258770768159371,0.05591936208419641,0.06433194437469225,0.07574830549110961,3.9352566420498807,9.535975315878208,393525.66420498805,results/gbm_deephedge/benchmark_6_2/runs/seed_0009__train_oracle__feat_b__obj_cvar_a0.95__sigtrue_0.2__sigbar_0.1__lam_0.0001,results/gbm_deephedge,895d66c1d7c983421fd632111f761d83791fe5ef07410415e03d56136ebb29d3,76e694c21e709359f62f03a0ba5a97ba6db86a88,GBM_CFG=results/gbm_deephedge/benchmark_6_2/runs/seed_0009__train_oracle__feat_b__obj_cvar_a0.95__sigtrue_0.2__sigbar_0.1__lam_0.0001/run_cfg.json python -m src.train_deephedge_gbm
train=oracle|feat=B|obj=cvar|sigtrue=0.2|sigbar=0.1|lam=0.0001|robust=none,seed_0009__train_oracle__feat_b__obj_cvar_a0.95__sigtrue_0.2__sigbar_0.1__lam_0.0001,2026-04-02T01:32:52Z,completed,main_benchmark,main,benchmark,True,deep_hedge_oracle,oracle,deep_hedge_oracle,9,B,cvar,0.2,0.1,0.0001,,-0.0003103039925917983,0.011986145749688148,0.0003820359706878662,0.017211105674505234,0.021378176286816597,0.02387799695134163,0.02810073271393776,3.1633306413269042,5.5362162590026855,316333.06413269043,results/gbm_deephedge/benchmark_6_2/runs/seed_0009__train_oracle__feat_b__obj_cvar_a0.95__sigtrue_0.2__sigbar_0.1__lam_0.0001,results/gbm_deephedge,895d66c1d7c983421fd632111f761d83791fe5ef07410415e03d56136ebb29d3,76e694c21e709359f62f03a0ba5a97ba6db86a88,GBM_CFG=results/gbm_deephedge/benchmark_6_2/runs/seed_0009__train_oracle__feat_b__obj_cvar_a0.95__sigtrue_0.2__sigbar_0.1__lam_0.0001/run_cfg.json python -m src.train_deephedge_gbm
train=oracle|feat=B|obj=cvar|sigtrue=0.2|sigbar=0.1|lam=0.0005|robust=none,seed_0009__train_oracle__feat_b__obj_cvar_a0.95__sigtrue_0.2__sigbar_0.1__lam_0.0005,2026-04-02T01:33:16Z,completed,main_benchmark,main,benchmark,True,bs_delta,oracle,deep_hedge_oracle,9,B,cvar,0.2,0.1,0.0005,,-0.0019723542093435112,0.02316223469748646,0.0022422615028639126,0.04513758361710599,0.05861022737781873,0.06703030286443556,0.07865718563201365,3.9352566420498807,9.535975315878208,393525.66420498805,results/gbm_deephedge/benchmark_6_2/runs/seed_0009__train_oracle__feat_b__obj_cvar_a0.95__sigtrue_0.2__sigbar_0.1__lam_0.0005,results/gbm_deephedge,f333e33ae78dda330b186efe3e03a807acaac148e7ce5aa5ead795490d8c8e90,76e694c21e709359f62f03a0ba5a97ba6db86a88,GBM_CFG=results/gbm_deephedge/benchmark_6_2/runs/seed_0009__train_oracle__feat_b__obj_cvar_a0.95__sigtrue_0.2__sigbar_0.1__lam_0.0005/run_cfg.json python -m src.train_deephedge_gbm
train=oracle|feat=B|obj=cvar|sigtrue=0.2|sigbar=0.1|lam=0.0005|robust=none,seed_0009__train_oracle__feat_b__obj_cvar_a0.95__sigtrue_0.2__sigbar_0.1__lam_0.0005,2026-04-02T01:33:16Z,completed,main_benchmark,main,benchmark,True,deep_hedge_oracle,oracle,deep_hedge_oracle,9,B,cvar,0.2,0.1,0.0005,,-0.0015623251674696803,0.012280488386750221,0.0016375556588172913,0.01881358213722706,0.022972622886300087,0.025503575801849365,0.029611065983772278,3.0926021281039713,5.384823799133301,309260.21281039715,results/gbm_deephedge/benchmark_6_2/runs/seed_0009__train_oracle__feat_b__obj_cvar_a0.95__sigtrue_0.2__sigbar_0.1__lam_0.0005,results/gbm_deephedge,f333e33ae78dda330b186efe3e03a807acaac148e7ce5aa5ead795490d8c8e90,76e694c21e709359f62f03a0ba5a97ba6db86a88,GBM_CFG=results/gbm_deephedge/benchmark_6_2/runs/seed_0009__train_oracle__feat_b__obj_cvar_a0.95__sigtrue_0.2__sigbar_0.1__lam_0.0005/run_cfg.json python -m src.train_deephedge_gbm
train=oracle|feat=B|obj=cvar|sigtrue=0.2|sigbar=0.1|lam=0.001|robust=none,seed_0009__train_oracle__feat_b__obj_cvar_a0.95__sigtrue_0.2__sigbar_0.1__lam_0.001,2026-04-02T01:33:41Z,completed,main_benchmark,main,benchmark,True,bs_delta,oracle,deep_hedge_oracle,9,B,cvar,0.2,0.1,0.001,,-0.003977782247166401,0.023842024676678956,0.004263772755707496,0.048275887516063216,0.06198367914419942,0.0705187393735882,0.08230751271169214,3.9352566420498807,9.535975315878208,393525.66420498805,results/gbm_deephedge/benchmark_6_2/runs/seed_0009__train_oracle__feat_b__obj_cvar_a0.95__sigtrue_0.2__sigbar_0.1__lam_0.001,results/gbm_deephedge,78e3f98c8a591ebc965301871c0eee0c2b23340400dfe689f99fe5a521f79eb1,76e694c21e709359f62f03a0ba5a97ba6db86a88,GBM_CFG=results/gbm_deephedge/benchmark_6_2/runs/seed_0009__train_oracle__feat_b__obj_cvar_a0.95__sigtrue_0.2__sigbar_0.1__lam_0.001/run_cfg.json python -m src.train_deephedge_gbm
train=oracle|feat=B|obj=cvar|sigtrue=0.2|sigbar=0.1|lam=0.001|robust=none,seed_0009__train_oracle__feat_b__obj_cvar_a0.95__sigtrue_0.2__sigbar_0.1__lam_0.001,2026-04-02T01:33:41Z,completed,main_benchmark,main,benchmark,True,deep_hedge_oracle,oracle,deep_hedge_oracle,9,B,cvar,0.2,0.1,0.001,,-0.0031171771697700024,0.011751552112400532,0.003186061978340149,0.01983625814318657,0.024366281926631927,0.02705894410610199,0.03168456256389618,3.0765658140337466,5.3857645988464355,307656.5814033747,results/gbm_deephedge/benchmark_6_2/runs/seed_0009__train_oracle__feat_b__obj_cvar_a0.95__sigtrue_0.2__sigbar_0.1__lam_0.001,results/gbm_deephedge,78e3f98c8a591ebc965301871c0eee0c2b23340400dfe689f99fe5a521f79eb1,76e694c21e709359f62f03a0ba5a97ba6db86a88,GBM_CFG=results/gbm_deephedge/benchmark_6_2/runs/seed_0009__train_oracle__feat_b__obj_cvar_a0.95__sigtrue_0.2__sigbar_0.1__lam_0.001/run_cfg.json python -m src.train_deephedge_gbm
train=oracle|feat=B|obj=cvar|sigtrue=0.2|sigbar=0.25|lam=0|robust=none,seed_0009__train_oracle__feat_b__obj_cvar_a0.95__sigtrue_0.2__sigbar_0.25__lam_0,2026-04-02T01:32:33Z,completed,main_benchmark,main,benchmark,True,bs_delta,oracle,deep_hedge_oracle,9,B,cvar,0.2,0.25,0.0,,1.02500630218533e-05,0.011816685656718843,5.942732344065005e-05,0.016954674901771716,0.020458796378637553,0.02242993250486833,0.02606993239959297,2.9973777492191562,5.523623623059267,299737.7749219156,results/gbm_deephedge/benchmark_6_2/runs/seed_0009__train_oracle__feat_b__obj_cvar_a0.95__sigtrue_0.2__sigbar_0.25__lam_0,results/gbm_deephedge,eebb295c7ba6138b3ccf7b79466d8c6f1086a606791f1c4d68f9fee5e5d49d4b,76e694c21e709359f62f03a0ba5a97ba6db86a88,GBM_CFG=results/gbm_deephedge/benchmark_6_2/runs/seed_0009__train_oracle__feat_b__obj_cvar_a0.95__sigtrue_0.2__sigbar_0.25__lam_0/run_cfg.json python -m src.train_deephedge_gbm
train=oracle|feat=B|obj=cvar|sigtrue=0.2|sigbar=0.25|lam=0|robust=none,seed_0009__train_oracle__feat_b__obj_cvar_a0.95__sigtrue_0.2__sigbar_0.25__lam_0,2026-04-02T01:32:33Z,completed,main_benchmark,main,benchmark,True,deep_hedge_oracle,oracle,deep_hedge_oracle,9,B,cvar,0.2,0.25,0.0,,1.2243150194990449e-05,0.011884844861924648,5.825608968734741e-05,0.016764754429459572,0.021113967522978783,0.023693006485700607,0.028089581057429314,3.1720994286108017,5.553999423980713,317209.94286108017,results/gbm_deephedge/benchmark_6_2/runs/seed_0009__train_oracle__feat_b__obj_cvar_a0.95__sigtrue_0.2__sigbar_0.25__lam_0,results/gbm_deephedge,eebb295c7ba6138b3ccf7b79466d8c6f1086a606791f1c4d68f9fee5e5d49d4b,76e694c21e709359f62f03a0ba5a97ba6db86a88,GBM_CFG=results/gbm_deephedge/benchmark_6_2/runs/seed_0009__train_oracle__feat_b__obj_cvar_a0.95__sigtrue_0.2__sigbar_0.25__lam_0/run_cfg.json python -m src.train_deephedge_gbm
train=oracle|feat=B|obj=cvar|sigtrue=0.2|sigbar=0.25|lam=0.0001|robust=none,seed_0009__train_oracle__feat_b__obj_cvar_a0.95__sigtrue_0.2__sigbar_0.25__lam_0.0001,2026-04-02T01:32:58Z,completed,main_benchmark,main,benchmark,True,bs_delta,oracle,deep_hedge_oracle,9,B,cvar,0.2,0.25,0.0001,,-0.00029648703188263093,0.01179140627592146,0.00036586670937062415,0.01719976576321989,0.02074377196893668,0.0227578812616257,0.026401290755031177,2.9973777492191562,5.523623623059267,299737.7749219156,results/gbm_deephedge/benchmark_6_2/runs/seed_0009__train_oracle__feat_b__obj_cvar_a0.95__sigtrue_0.2__sigbar_0.25__lam_0.0001,results/gbm_deephedge,460359af96e19bbaadc61116baabfc74df95492e04d0694657f0085589a6cb0e,76e694c21e709359f62f03a0ba5a97ba6db86a88,GBM_CFG=results/gbm_deephedge/benchmark_6_2/runs/seed_0009__train_oracle__feat_b__obj_cvar_a0.95__sigtrue_0.2__sigbar_0.25__lam_0.0001/run_cfg.json python -m src.train_deephedge_gbm
train=oracle|feat=B|obj=cvar|sigtrue=0.2|sigbar=0.25|lam=0.0001|robust=none,seed_0009__train_oracle__feat_b__obj_cvar_a0.95__sigtrue_0.2__sigbar_0.25__lam_0.0001,2026-04-02T01:32:58Z,completed,main_benchmark,main,benchmark,True,deep_hedge_oracle,oracle,deep_hedge_oracle,9,B,cvar,0.2,0.25,0.0001,,-0.0003103039925917983,0.011986145749688148,0.0003820359706878662,0.017211105674505234,0.021378176286816597,0.02387799695134163,0.02810073271393776,3.1633306413269042,5.5362162590026855,316333.06413269043,results/gbm_deephedge/benchmark_6_2/runs/seed_0009__train_oracle__feat_b__obj_cvar_a0.95__sigtrue_0.2__sigbar_0.25__lam_0.0001,results/gbm_deephedge,460359af96e19bbaadc61116baabfc74df95492e04d0694657f0085589a6cb0e,76e694c21e709359f62f03a0ba5a97ba6db86a88,GBM_CFG=results/gbm_deephedge/benchmark_6_2/runs/seed_0009__train_oracle__feat_b__obj_cvar_a0.95__sigtrue_0.2__sigbar_0.25__lam_0.0001/run_cfg.json python -m src.train_deephedge_gbm
train=oracle|feat=B|obj=cvar|sigtrue=0.2|sigbar=0.25|lam=0.0005|robust=none,seed_0009__train_oracle__feat_b__obj_cvar_a0.95__sigtrue_0.2__sigbar_0.25__lam_0.0005,2026-04-02T01:33:22Z,completed,main_benchmark,main,benchmark,True,bs_delta,oracle,deep_hedge_oracle,9,B,cvar,0.2,0.25,0.0005,,-0.0015234355229848443,0.011696146176616616,0.0015916995245281867,0.018294930258893415,0.02191034947083748,0.023984714436647757,0.027757916764386645,2.9973777492191562,5.523623623059267,299737.7749219156,results/gbm_deephedge/benchmark_6_2/runs/seed_0009__train_oracle__feat_b__obj_cvar_a0.95__sigtrue_0.2__sigbar_0.25__lam_0.0005,results/gbm_deephedge,4a48c1e5bfd739e87f7d1a13735e2484797cb241340b36b9ec48b03add625cad,76e694c21e709359f62f03a0ba5a97ba6db86a88,GBM_CFG=results/gbm_deephedge/benchmark_6_2/runs/seed_0009__train_oracle__feat_b__obj_cvar_a0.95__sigtrue_0.2__sigbar_0.25__lam_0.0005/run_cfg.json python -m src.train_deephedge_gbm
train=oracle|feat=B|obj=cvar|sigtrue=0.2|sigbar=0.25|lam=0.0005|robust=none,seed_0009__train_oracle__feat_b__obj_cvar_a0.95__sigtrue_0.2__sigbar_0.25__lam_0.0005,2026-04-02T01:33:22Z,completed,main_benchmark,main,benchmark,True,deep_hedge_oracle,oracle,deep_hedge_oracle,9,B,cvar,0.2,0.25,0.0005,,-0.0015623251674696803,0.012280488386750221,0.0016375556588172913,0.01881358213722706,0.022972622886300087,0.025503575801849365,0.029611065983772278,3.0926021281039713,5.384823799133301,309260.21281039715,results/gbm_deephedge/benchmark_6_2/runs/seed_0009__train_oracle__feat_b__obj_cvar_a0.95__sigtrue_0.2__sigbar_0.25__lam_0.0005,results/gbm_deephedge,4a48c1e5bfd739e87f7d1a13735e2484797cb241340b36b9ec48b03add625cad,76e694c21e709359f62f03a0ba5a97ba6db86a88,GBM_CFG=results/gbm_deephedge/benchmark_6_2/runs/seed_0009__train_oracle__feat_b__obj_cvar_a0.95__sigtrue_0.2__sigbar_0.25__lam_0.0005/run_cfg.json python -m src.train_deephedge_gbm
train=oracle|feat=B|obj=cvar|sigtrue=0.2|sigbar=0.25|lam=0.001|robust=none,seed_0009__train_oracle__feat_b__obj_cvar_a0.95__sigtrue_0.2__sigbar_0.25__lam_0.001,2026-04-02T01:33:46Z,completed,main_benchmark,main,benchmark,True,bs_delta,oracle,deep_hedge_oracle,9,B,cvar,0.2,0.25,0.001,,-0.0030571211089915427,0.011590514415214357,0.0031241596124951254,0.019657337467373102,0.023428601135346932,0.025550814393037424,0.02952616866907193,2.9973777492191562,5.523623623059267,299737.7749219156,results/gbm_deephedge/benchmark_6_2/runs/seed_0009__train_oracle__feat_b__obj_cvar_a0.95__sigtrue_0.2__sigbar_0.25__lam_0.001,results/gbm_deephedge,33e7bfeb26f862719931782bcc4ebd720b4beb8d1a3036a9210fb5aa27d3ba8a,76e694c21e709359f62f03a0ba5a97ba6db86a88,GBM_CFG=results/gbm_deephedge/benchmark_6_2/runs/seed_0009__train_oracle__feat_b__obj_cvar_a0.95__sigtrue_0.2__sigbar_0.25__lam_0.001/run_cfg.json python -m src.train_deephedge_gbm
train=oracle|feat=B|obj=cvar|sigtrue=0.2|sigbar=0.25|lam=0.001|robust=none,seed_0009__train_oracle__feat_b__obj_cvar_a0.95__sigtrue_0.2__sigbar_0.25__lam_0.001,2026-04-02T01:33:46Z,completed,main_benchmark,main,benchmark,True,deep_hedge_oracle,oracle,deep_hedge_oracle,9,B,cvar,0.2,0.25,0.001,,-0.0031171771697700024,0.011751552112400532,0.003186061978340149,0.01983625814318657,0.024366281926631927,0.02705894410610199,0.03168456256389618,3.0765658140337466,5.3857645988464355,307656.5814033747,results/gbm_deephedge/benchmark_6_2/runs/seed_0009__train_oracle__feat_b__obj_cvar_a0.95__sigtrue_0.2__sigbar_0.25__lam_0.001,results/gbm_deephedge,33e7bfeb26f862719931782bcc4ebd720b4beb8d1a3036a9210fb5aa27d3ba8a,76e694c21e709359f62f03a0ba5a97ba6db86a88,GBM_CFG=results/gbm_deephedge/benchmark_6_2/runs/seed_0009__train_oracle__feat_b__obj_cvar_a0.95__sigtrue_0.2__sigbar_0.25__lam_0.001/run_cfg.json python -m src.train_deephedge_gbm
train=oracle|feat=B|obj=cvar|sigtrue=0.2|sigbar=0.2|lam=0|robust=none,seed_0009__train_oracle__feat_b__obj_cvar_a0.95__sigtrue_0.2__sigbar_0.2__lam_0,2026-04-01T22:28:20Z,completed,main_benchmark,main,benchmark,True,bs_delta,oracle,deep_hedge_oracle,9,B,cvar,0.2,0.2,0.0,,1.5281166693022573e-05,0.009743337784223665,3.221843803925817e-05,0.016056308013882102,0.022531161719553477,0.026507532878291398,0.032959442059389985,3.228481309987415,6.381926023585042,322848.1309987415,results/gbm_deephedge/benchmark_6_2/runs/seed_0009__train_oracle__feat_b__obj_cvar_a0.95__sigtrue_0.2__sigbar_0.2__lam_0,results/gbm_deephedge,f5996541961c3b222e8c9d4e48c7b9600a4748a1468389f90c8f50220f2be83e,76e694c21e709359f62f03a0ba5a97ba6db86a88,GBM_CFG=results/gbm_deephedge/benchmark_6_2/runs/seed_0009__train_oracle__feat_b__obj_cvar_a0.95__sigtrue_0.2__sigbar_0.2__lam_0/run_cfg.json python -m src.train_deephedge_gbm
train=oracle|feat=B|obj=cvar|sigtrue=0.2|sigbar=0.2|lam=0|robust=none,seed_0009__train_oracle__feat_b__obj_cvar_a0.95__sigtrue_0.2__sigbar_0.2__lam_0,2026-04-01T22:28:20Z,completed,main_benchmark,main,benchmark,True,deep_hedge_oracle,oracle,deep_hedge_oracle,9,B,cvar,0.2,0.2,0.0,,1.2243150194990449e-05,0.011884844861924648,5.825608968734741e-05,0.016764754429459572,0.021113967522978783,0.023693006485700607,0.028089581057429314,3.1720994286108017,5.553999423980713,317209.94286108017,results/gbm_deephedge/benchmark_6_2/runs/seed_0009__train_oracle__feat_b__obj_cvar_a0.95__sigtrue_0.2__sigbar_0.2__lam_0,results/gbm_deephedge,f5996541961c3b222e8c9d4e48c7b9600a4748a1468389f90c8f50220f2be83e,76e694c21e709359f62f03a0ba5a97ba6db86a88,GBM_CFG=results/gbm_deephedge/benchmark_6_2/runs/seed_0009__train_oracle__feat_b__obj_cvar_a0.95__sigtrue_0.2__sigbar_0.2__lam_0/run_cfg.json python -m src.train_deephedge_gbm
train=oracle|feat=B|obj=cvar|sigtrue=0.2|sigbar=0.2|lam=0.0001|robust=none,seed_0009__train_oracle__feat_b__obj_cvar_a0.95__sigtrue_0.2__sigbar_0.2__lam_0.0001,2026-04-01T23:10:47Z,completed,main_benchmark,main,benchmark,True,bs_delta,oracle,deep_hedge_oracle,9,B,cvar,0.2,0.2,0.0001,,-0.0003147177072936926,0.009755793506160501,0.000362341211037398,0.016458545132046212,0.022962698743815138,0.026971492806754357,0.03342960689844012,3.228481309987415,6.381926023585042,322848.1309987415,results/gbm_deephedge/benchmark_6_2/runs/seed_0009__train_oracle__feat_b__obj_cvar_a0.95__sigtrue_0.2__sigbar_0.2__lam_0.0001,results/gbm_deephedge,f21912001e80e276d65680e005e07da5390d6ca1c22bb88a257284408719d4ce,76e694c21e709359f62f03a0ba5a97ba6db86a88,GBM_CFG=results/gbm_deephedge/benchmark_6_2/runs/seed_0009__train_oracle__feat_b__obj_cvar_a0.95__sigtrue_0.2__sigbar_0.2__lam_0.0001/run_cfg.json python -m src.train_deephedge_gbm
train=oracle|feat=B|obj=cvar|sigtrue=0.2|sigbar=0.2|lam=0.0001|robust=none,seed_0009__train_oracle__feat_b__obj_cvar_a0.95__sigtrue_0.2__sigbar_0.2__lam_0.0001,2026-04-01T23:10:47Z,completed,main_benchmark,main,benchmark,True,deep_hedge_oracle,oracle,deep_hedge_oracle,9,B,cvar,0.2,0.2,0.0001,,-0.0003103039925917983,0.011986145749688148,0.0003820359706878662,0.017211105674505234,0.021378176286816597,0.02387799695134163,0.02810073271393776,3.1633306413269042,5.5362162590026855,316333.06413269043,results/gbm_deephedge/benchmark_6_2/runs/seed_0009__train_oracle__feat_b__obj_cvar_a0.95__sigtrue_0.2__sigbar_0.2__lam_0.0001,results/gbm_deephedge,f21912001e80e276d65680e005e07da5390d6ca1c22bb88a257284408719d4ce,76e694c21e709359f62f03a0ba5a97ba6db86a88,GBM_CFG=results/gbm_deephedge/benchmark_6_2/runs/seed_0009__train_oracle__feat_b__obj_cvar_a0.95__sigtrue_0.2__sigbar_0.2__lam_0.0001/run_cfg.json python -m src.train_deephedge_gbm
train=oracle|feat=B|obj=cvar|sigtrue=0.2|sigbar=0.2|lam=0.0005|robust=none,seed_0009__train_oracle__feat_b__obj_cvar_a0.95__sigtrue_0.2__sigbar_0.2__lam_0.0005,2026-04-01T23:56:42Z,completed,main_benchmark,main,benchmark,True,bs_delta,oracle,deep_hedge_oracle,9,B,cvar,0.2,0.2,0.0005,,-0.0016347133231824546,0.009815705071948871,0.0016829331619317434,0.018052152048519607,0.024700273064764137,0.02878021145915602,0.035316245414581116,3.228481309987415,6.381926023585042,322848.1309987415,results/gbm_deephedge/benchmark_6_2/runs/seed_0009__train_oracle__feat_b__obj_cvar_a0.95__sigtrue_0.2__sigbar_0.2__lam_0.0005,results/gbm_deephedge,8f992531fefa690117c429771f503a0cc422a576dadd3b1b3b5a8cf9b1e3feca,76e694c21e709359f62f03a0ba5a97ba6db86a88,GBM_CFG=results/gbm_deephedge/benchmark_6_2/runs/seed_0009__train_oracle__feat_b__obj_cvar_a0.95__sigtrue_0.2__sigbar_0.2__lam_0.0005/run_cfg.json python -m src.train_deephedge_gbm
train=oracle|feat=B|obj=cvar|sigtrue=0.2|sigbar=0.2|lam=0.0005|robust=none,seed_0009__train_oracle__feat_b__obj_cvar_a0.95__sigtrue_0.2__sigbar_0.2__lam_0.0005,2026-04-01T23:56:42Z,completed,main_benchmark,main,benchmark,True,deep_hedge_oracle,oracle,deep_hedge_oracle,9,B,cvar,0.2,0.2,0.0005,,-0.0015623251674696803,0.012280488386750221,0.0016375556588172913,0.01881358213722706,0.022972622886300087,0.025503575801849365,0.029611065983772278,3.0926021281039713,5.384823799133301,309260.21281039715,results/gbm_deephedge/benchmark_6_2/runs/seed_0009__train_oracle__feat_b__obj_cvar_a0.95__sigtrue_0.2__sigbar_0.2__lam_0.0005,results/gbm_deephedge,8f992531fefa690117c429771f503a0cc422a576dadd3b1b3b5a8cf9b1e3feca,76e694c21e709359f62f03a0ba5a97ba6db86a88,GBM_CFG=results/gbm_deephedge/benchmark_6_2/runs/seed_0009__train_oracle__feat_b__obj_cvar_a0.95__sigtrue_0.2__sigbar_0.2__lam_0.0005/run_cfg.json python -m src.train_deephedge_gbm
train=oracle|feat=B|obj=cvar|sigtrue=0.2|sigbar=0.2|lam=0.001|robust=none,seed_0009__train_oracle__feat_b__obj_cvar_a0.95__sigtrue_0.2__sigbar_0.2__lam_0.001,2026-04-02T00:38:16Z,completed,main_benchmark,main,benchmark,True,bs_delta,oracle,deep_hedge_oracle,9,B,cvar,0.2,0.2,0.001,,-0.0032847078130579313,0.00991292797059173,0.0033338997198005538,0.02013718453410623,0.026896086179227598,0.031022706021929893,0.03768905909766114,3.228481309987415,6.381926023585042,322848.1309987415,results/gbm_deephedge/benchmark_6_2/runs/seed_0009__train_oracle__feat_b__obj_cvar_a0.95__sigtrue_0.2__sigbar_0.2__lam_0.001,results/gbm_deephedge,36bb45ff194cdc3020dcff7b351a450e042cc36d01d0c117ad577f82eca491d3,76e694c21e709359f62f03a0ba5a97ba6db86a88,GBM_CFG=results/gbm_deephedge/benchmark_6_2/runs/seed_0009__train_oracle__feat_b__obj_cvar_a0.95__sigtrue_0.2__sigbar_0.2__lam_0.001/run_cfg.json python -m src.train_deephedge_gbm
train=oracle|feat=B|obj=cvar|sigtrue=0.2|sigbar=0.2|lam=0.001|robust=none,seed_0009__train_oracle__feat_b__obj_cvar_a0.95__sigtrue_0.2__sigbar_0.2__lam_0.001,2026-04-02T00:38:16Z,completed,main_benchmark,main,benchmark,True,deep_hedge_oracle,oracle,deep_hedge_oracle,9,B,cvar,0.2,0.2,0.001,,-0.0031171771697700024,0.011751552112400532,0.003186061978340149,0.01983625814318657,0.024366281926631927,0.02705894410610199,0.03168456256389618,3.0765658140337466,5.3857645988464355,307656.5814033747,results/gbm_deephedge/benchmark_6_2/runs/seed_0009__train_oracle__feat_b__obj_cvar_a0.95__sigtrue_0.2__sigbar_0.2__lam_0.001,results/gbm_deephedge,36bb45ff194cdc3020dcff7b351a450e042cc36d01d0c117ad577f82eca491d3,76e694c21e709359f62f03a0ba5a97ba6db86a88,GBM_CFG=results/gbm_deephedge/benchmark_6_2/runs/seed_0009__train_oracle__feat_b__obj_cvar_a0.95__sigtrue_0.2__sigbar_0.2__lam_0.001/run_cfg.json python -m src.train_deephedge_gbm
train=oracle|feat=B|obj=cvar|sigtrue=0.2|sigbar=0.3|lam=0|robust=none,seed_0009__train_oracle__feat_b__obj_cvar_a0.95__sigtrue_0.2__sigbar_0.3__lam_0,2026-04-02T01:32:36Z,completed,main_benchmark,main,benchmark,True,bs_delta,oracle,deep_hedge_oracle,9,B,cvar,0.2,0.3,0.0,,9.997171913283652e-06,0.015493294457886097,0.00010983268769208798,0.02348772804540121,0.027449881895041585,0.029890684616349562,0.032568074514015805,2.815176937843582,4.9400197252520375,281517.6937843582,results/gbm_deephedge/benchmark_6_2/runs/seed_0009__train_oracle__feat_b__obj_cvar_a0.95__sigtrue_0.2__sigbar_0.3__lam_0,results/gbm_deephedge,88a9178e2665eacce4d6bbc5ff8695ed20ae028f07d2f936ad42722aa2d84187,76e694c21e709359f62f03a0ba5a97ba6db86a88,GBM_CFG=results/gbm_deephedge/benchmark_6_2/runs/seed_0009__train_oracle__feat_b__obj_cvar_a0.95__sigtrue_0.2__sigbar_0.3__lam_0/run_cfg.json python -m src.train_deephedge_gbm
train=oracle|feat=B|obj=cvar|sigtrue=0.2|sigbar=0.3|lam=0|robust=none,seed_0009__train_oracle__feat_b__obj_cvar_a0.95__sigtrue_0.2__sigbar_0.3__lam_0,2026-04-02T01:32:36Z,completed,main_benchmark,main,benchmark,True,deep_hedge_oracle,oracle,deep_hedge_oracle,9,B,cvar,0.2,0.3,0.0,,1.2243150194990449e-05,0.011884844861924648,5.825608968734741e-05,0.016764754429459572,0.021113967522978783,0.023693006485700607,0.028089581057429314,3.1720994286108017,5.553999423980713,317209.94286108017,results/gbm_deephedge/benchmark_6_2/runs/seed_0009__train_oracle__feat_b__obj_cvar_a0.95__sigtrue_0.2__sigbar_0.3__lam_0,results/gbm_deephedge,88a9178e2665eacce4d6bbc5ff8695ed20ae028f07d2f936ad42722aa2d84187,76e694c21e709359f62f03a0ba5a97ba6db86a88,GBM_CFG=results/gbm_deephedge/benchmark_6_2/runs/seed_0009__train_oracle__feat_b__obj_cvar_a0.95__sigtrue_0.2__sigbar_0.3__lam_0/run_cfg.json python -m src.train_deephedge_gbm
train=oracle|feat=B|obj=cvar|sigtrue=0.2|sigbar=0.3|lam=0.0001|robust=none,seed_0009__train_oracle__feat_b__obj_cvar_a0.95__sigtrue_0.2__sigbar_0.3__lam_0.0001,2026-04-02T01:33:00Z,completed,main_benchmark,main,benchmark,True,bs_delta,oracle,deep_hedge_oracle,9,B,cvar,0.2,0.3,0.0001,,-0.0002783856090849053,0.015461417599632678,0.00039772108567163317,0.02371228734371566,0.027656701312204747,0.03007836195807323,0.032764437197589064,2.815176937843582,4.9400197252520375,281517.6937843582,results/gbm_deephedge/benchmark_6_2/runs/seed_0009__train_oracle__feat_b__obj_cvar_a0.95__sigtrue_0.2__sigbar_0.3__lam_0.0001,results/gbm_deephedge,a6dbdbcf047ee09b34dc0a7b1b9f2dd1c27f29bbdbb0a8a0760e343bcf52405c,76e694c21e709359f62f03a0ba5a97ba6db86a88,GBM_CFG=results/gbm_deephedge/benchmark_6_2/runs/seed_0009__train_oracle__feat_b__obj_cvar_a0.95__sigtrue_0.2__sigbar_0.3__lam_0.0001/run_cfg.json python -m src.train_deephedge_gbm
train=oracle|feat=B|obj=cvar|sigtrue=0.2|sigbar=0.3|lam=0.0001|robust=none,seed_0009__train_oracle__feat_b__obj_cvar_a0.95__sigtrue_0.2__sigbar_0.3__lam_0.0001,2026-04-02T01:33:00Z,completed,main_benchmark,main,benchmark,True,deep_hedge_oracle,oracle,deep_hedge_oracle,9,B,cvar,0.2,0.3,0.0001,,-0.0003103039925917983,0.011986145749688148,0.0003820359706878662,0.017211105674505234,0.021378176286816597,0.02387799695134163,0.02810073271393776,3.1633306413269042,5.5362162590026855,316333.06413269043,results/gbm_deephedge/benchmark_6_2/runs/seed_0009__train_oracle__feat_b__obj_cvar_a0.95__sigtrue_0.2__sigbar_0.3__lam_0.0001,results/gbm_deephedge,a6dbdbcf047ee09b34dc0a7b1b9f2dd1c27f29bbdbb0a8a0760e343bcf52405c,76e694c21e709359f62f03a0ba5a97ba6db86a88,GBM_CFG=results/gbm_deephedge/benchmark_6_2/runs/seed_0009__train_oracle__feat_b__obj_cvar_a0.95__sigtrue_0.2__sigbar_0.3__lam_0.0001/run_cfg.json python -m src.train_deephedge_gbm
train=oracle|feat=B|obj=cvar|sigtrue=0.2|sigbar=0.3|lam=0.0005|robust=none,seed_0009__train_oracle__feat_b__obj_cvar_a0.95__sigtrue_0.2__sigbar_0.3__lam_0.0005,2026-04-02T01:33:25Z,completed,main_benchmark,main,benchmark,True,bs_delta,oracle,deep_hedge_oracle,9,B,cvar,0.2,0.3,0.0005,,-0.0014319168378890313,0.01533716819320567,0.0015493352780883637,0.024599547052765708,0.028496035415951342,0.030865104347730245,0.03357660630451126,2.815176937843582,4.9400197252520375,281517.6937843582,results/gbm_deephedge/benchmark_6_2/runs/seed_0009__train_oracle__feat_b__obj_cvar_a0.95__sigtrue_0.2__sigbar_0.3__lam_0.0005,results/gbm_deephedge,02b10becad114d39f24a571a5a18e4a2becf5494b4caad977f26913d3267a294,76e694c21e709359f62f03a0ba5a97ba6db86a88,GBM_CFG=results/gbm_deephedge/benchmark_6_2/runs/seed_0009__train_oracle__feat_b__obj_cvar_a0.95__sigtrue_0.2__sigbar_0.3__lam_0.0005/run_cfg.json python -m src.train_deephedge_gbm
train=oracle|feat=B|obj=cvar|sigtrue=0.2|sigbar=0.3|lam=0.0005|robust=none,seed_0009__train_oracle__feat_b__obj_cvar_a0.95__sigtrue_0.2__sigbar_0.3__lam_0.0005,2026-04-02T01:33:25Z,completed,main_benchmark,main,benchmark,True,deep_hedge_oracle,oracle,deep_hedge_oracle,9,B,cvar,0.2,0.3,0.0005,,-0.0015623251674696803,0.012280488386750221,0.0016375556588172913,0.01881358213722706,0.022972622886300087,0.025503575801849365,0.029611065983772278,3.0926021281039713,5.384823799133301,309260.21281039715,results/gbm_deephedge/benchmark_6_2/runs/seed_0009__train_oracle__feat_b__obj_cvar_a0.95__sigtrue_0.2__sigbar_0.3__lam_0.0005,results/gbm_deephedge,02b10becad114d39f24a571a5a18e4a2becf5494b4caad977f26913d3267a294,76e694c21e709359f62f03a0ba5a97ba6db86a88,GBM_CFG=results/gbm_deephedge/benchmark_6_2/runs/seed_0009__train_oracle__feat_b__obj_cvar_a0.95__sigtrue_0.2__sigbar_0.3__lam_0.0005/run_cfg.json python -m src.train_deephedge_gbm
train=oracle|feat=B|obj=cvar|sigtrue=0.2|sigbar=0.3|lam=0.001|robust=none,seed_0009__train_oracle__feat_b__obj_cvar_a0.95__sigtrue_0.2__sigbar_0.3__lam_0.001,2026-04-02T01:33:49Z,completed,main_benchmark,main,benchmark,True,bs_delta,oracle,deep_hedge_oracle,9,B,cvar,0.2,0.3,0.001,,-0.0028738308476913463,0.01518933536355546,0.0029889890972221375,0.02571377768794437,0.02957747810397176,0.03187413466785466,0.03465263188661808,2.815176937843582,4.9400197252520375,281517.6937843582,results/gbm_deephedge/benchmark_6_2/runs/seed_0009__train_oracle__feat_b__obj_cvar_a0.95__sigtrue_0.2__sigbar_0.3__lam_0.001,results/gbm_deephedge,b854973f59c2d59d533cc1d296d7d1ca1f86ba15ed7af38c8d11348be6ad440b,76e694c21e709359f62f03a0ba5a97ba6db86a88,GBM_CFG=results/gbm_deephedge/benchmark_6_2/runs/seed_0009__train_oracle__feat_b__obj_cvar_a0.95__sigtrue_0.2__sigbar_0.3__lam_0.001/run_cfg.json python -m src.train_deephedge_gbm
train=oracle|feat=B|obj=cvar|sigtrue=0.2|sigbar=0.3|lam=0.001|robust=none,seed_0009__train_oracle__feat_b__obj_cvar_a0.95__sigtrue_0.2__sigbar_0.3__lam_0.001,2026-04-02T01:33:49Z,completed,main_benchmark,main,benchmark,True,deep_hedge_oracle,oracle,deep_hedge_oracle,9,B,cvar,0.2,0.3,0.001,,-0.0031171771697700024,0.011751552112400532,0.003186061978340149,0.01983625814318657,0.024366281926631927,0.02705894410610199,0.03168456256389618,3.0765658140337466,5.3857645988464355,307656.5814033747,results/gbm_deephedge/benchmark_6_2/runs/seed_0009__train_oracle__feat_b__obj_cvar_a0.95__sigtrue_0.2__sigbar_0.3__lam_0.001,results/gbm_deephedge,b854973f59c2d59d533cc1d296d7d1ca1f86ba15ed7af38c8d11348be6ad440b,76e694c21e709359f62f03a0ba5a97ba6db86a88,GBM_CFG=results/gbm_deephedge/benchmark_6_2/runs/seed_0009__train_oracle__feat_b__obj_cvar_a0.95__sigtrue_0.2__sigbar_0.3__lam_0.001/run_cfg.json python -m src.train_deephedge_gbm
"train=robust|feat=B|obj=cvar|sigtrue=0.2|sigbar=0.15|lam=0|robust=0.15,0.2,0.25",seed_0009__train_robust_s0.15-0.2-0.25__feat_b__obj_cvar_a0.95__sigtrue_0.2__sigbar_0.15__lam_0,2026-04-02T01:32:42Z,completed,main_benchmark,main,benchmark,True,bs_delta,robust,deep_hedge_robust,9,B,cvar,0.2,0.15,0.0,0.15|0.2|0.25,2.6233655936946053e-05,0.013046213897740746,5.927048114630351e-05,0.02493271833818576,0.03425470126109175,0.040423510892684776,0.04863811432489214,3.5295095194781663,7.621728169740153,352950.95194781665,results/gbm_deephedge/benchmark_6_2/runs/seed_0009__train_robust_s0.15-0.2-0.25__feat_b__obj_cvar_a0.95__sigtrue_0.2__sigbar_0.15__lam_0,results/gbm_deephedge,e23d91e706388353fe3c33a978abb68a96d69494f68e37c0d2c963dd7ba074c4,76e694c21e709359f62f03a0ba5a97ba6db86a88,GBM_CFG=results/gbm_deephedge/benchmark_6_2/runs/seed_0009__train_robust_s0.15-0.2-0.25__feat_b__obj_cvar_a0.95__sigtrue_0.2__sigbar_0.15__lam_0/run_cfg.json python -m src.train_deephedge_gbm
"train=robust|feat=B|obj=cvar|sigtrue=0.2|sigbar=0.15|lam=0|robust=0.15,0.2,0.25",seed_0009__train_robust_s0.15-0.2-0.25__feat_b__obj_cvar_a0.95__sigtrue_0.2__sigbar_0.15__lam_0,2026-04-02T01:32:42Z,completed,main_benchmark,main,benchmark,True,deep_hedge_robust,robust,deep_hedge_robust,9,B,cvar,0.2,0.15,0.0,0.15|0.2|0.25,6.733322379659512e-07,0.014773503877222538,0.00010821223258972168,0.02170434780418873,0.025464318692684174,0.02777700312435627,0.030472081154584885,2.956090413094759,4.975869655609131,295609.0413094759,results/gbm_deephedge/benchmark_6_2/runs/seed_0009__train_robust_s0.15-0.2-0.25__feat_b__obj_cvar_a0.95__sigtrue_0.2__sigbar_0.15__lam_0,results/gbm_deephedge,e23d91e706388353fe3c33a978abb68a96d69494f68e37c0d2c963dd7ba074c4,76e694c21e709359f62f03a0ba5a97ba6db86a88,GBM_CFG=results/gbm_deephedge/benchmark_6_2/runs/seed_0009__train_robust_s0.15-0.2-0.25__feat_b__obj_cvar_a0.95__sigtrue_0.2__sigbar_0.15__lam_0/run_cfg.json python -m src.train_deephedge_gbm
"train=robust|feat=B|obj=cvar|sigtrue=0.2|sigbar=0.15|lam=0.0001|robust=0.15,0.2,0.25",seed_0009__train_robust_s0.15-0.2-0.25__feat_b__obj_cvar_a0.95__sigtrue_0.2__sigbar_0.15__lam_0.0001,2026-04-02T01:33:07Z,completed,main_benchmark,main,benchmark,True,bs_delta,robust,deep_hedge_robust,9,B,cvar,0.2,0.15,0.0001,0.15|0.2|0.25,-0.0003340501264553788,0.013124467430176824,0.0004205840806819072,0.02544938431918749,0.03478925664870994,0.040959042030460885,0.04921106555047406,3.5295095194781663,7.621728169740153,352950.95194781665,results/gbm_deephedge/benchmark_6_2/runs/seed_0009__train_robust_s0.15-0.2-0.25__feat_b__obj_cvar_a0.95__sigtrue_0.2__sigbar_0.15__lam_0.0001,results/gbm_deephedge,14a7e171115aa14316cd29b2fc3ed7f283f17f03349e747df32355d83ba2ff3e,76e694c21e709359f62f03a0ba5a97ba6db86a88,GBM_CFG=results/gbm_deephedge/benchmark_6_2/runs/seed_0009__train_robust_s0.15-0.2-0.25__feat_b__obj_cvar_a0.95__sigtrue_0.2__sigbar_0.15__lam_0.0001/run_cfg.json python -m src.train_deephedge_gbm
"train=robust|feat=B|obj=cvar|sigtrue=0.2|sigbar=0.15|lam=0.0001|robust=0.15,0.2,0.25",seed_0009__train_robust_s0.15-0.2-0.25__feat_b__obj_cvar_a0.95__sigtrue_0.2__sigbar_0.15__lam_0.0001,2026-04-02T01:33:07Z,completed,main_benchmark,main,benchmark,True,deep_hedge_robust,robust,deep_hedge_robust,9,B,cvar,0.2,0.15,0.0001,0.15|0.2|0.25,-0.0002996036782860756,0.01465504802763462,0.0004067346453666687,0.021460924297571182,0.024969259276986122,0.02704266645014286,0.029909800738096237,2.9373044966197015,4.9434285163879395,293730.44966197014,results/gbm_deephedge/benchmark_6_2/runs/seed_0009__train_robust_s0.15-0.2-0.25__feat_b__obj_cvar_a0.95__sigtrue_0.2__sigbar_0.15__lam_0.0001,results/gbm_deephedge,14a7e171115aa14316cd29b2fc3ed7f283f17f03349e747df32355d83ba2ff3e,76e694c21e709359f62f03a0ba5a97ba6db86a88,GBM_CFG=results/gbm_deephedge/benchmark_6_2/runs/seed_0009__train_robust_s0.15-0.2-0.25__feat_b__obj_cvar_a0.95__sigtrue_0.2__sigbar_0.15__lam_0.0001/run_cfg.json python -m src.train_deephedge_gbm
"train=robust|feat=B|obj=cvar|sigtrue=0.2|sigbar=0.15|lam=0.0005|robust=0.15,0.2,0.25",seed_0009__train_robust_s0.15-0.2-0.25__feat_b__obj_cvar_a0.95__sigtrue_0.2__sigbar_0.15__lam_0.0005,2026-04-02T01:33:31Z,completed,main_benchmark,main,benchmark,True,bs_delta,robust,deep_hedge_robust,9,B,cvar,0.2,0.15,0.0005,0.15|0.2|0.25,-0.0017751853869767149,0.01344401810970054,0.0018659880676351742,0.027456646625555026,0.036933525191219334,0.043135435065184816,0.051507572908506126,3.5295095194781663,7.621728169740153,352950.95194781665,results/gbm_deephedge/benchmark_6_2/runs/seed_0009__train_robust_s0.15-0.2-0.25__feat_b__obj_cvar_a0.95__sigtrue_0.2__sigbar_0.15__lam_0.0005,results/gbm_deephedge,b96b363aed6c7a7f7189aecb2a35b59cd39d9f4e06b685cf5235fd64f44a1a16,76e694c21e709359f62f03a0ba5a97ba6db86a88,GBM_CFG=results/gbm_deephedge/benchmark_6_2/runs/seed_0009__train_robust_s0.15-0.2-0.25__feat_b__obj_cvar_a0.95__sigtrue_0.2__sigbar_0.15__lam_0.0005/run_cfg.json python -m src.train_deephedge_gbm
"train=robust|feat=B|obj=cvar|sigtrue=0.2|sigbar=0.15|lam=0.0005|robust=0.15,0.2,0.25",seed_0009__train_robust_s0.15-0.2-0.25__feat_b__obj_cvar_a0.95__sigtrue_0.2__sigbar_0.15__lam_0.0005,2026-04-02T01:33:31Z,completed,main_benchmark,main,benchmark,True,deep_hedge_robust,robust,deep_hedge_robust,9,B,cvar,0.2,0.15,0.0005,0.15|0.2|0.25,-0.0014819466741755605,0.014637304469943047,0.0015888139605522156,0.02275395393371582,0.026367858052253723,0.028494803234934807,0.03130415454506874,2.922630884718895,4.904553413391113,292263.0884718895,results/gbm_deephedge/benchmark_6_2/runs/seed_0009__train_robust_s0.15-0.2-0.25__feat_b__obj_cvar_a0.95__sigtrue_0.2__sigbar_0.15__lam_0.0005,results/gbm_deephedge,b96b363aed6c7a7f7189aecb2a35b59cd39d9f4e06b685cf5235fd64f44a1a16,76e694c21e709359f62f03a0ba5a97ba6db86a88,GBM_CFG=results/gbm_deephedge/benchmark_6_2/runs/seed_0009__train_robust_s0.15-0.2-0.25__feat_b__obj_cvar_a0.95__sigtrue_0.2__sigbar_0.15__lam_0.0005/run_cfg.json python -m src.train_deephedge_gbm
"train=robust|feat=B|obj=cvar|sigtrue=0.2|sigbar=0.15|lam=0.001|robust=0.15,0.2,0.25",seed_0009__train_robust_s0.15-0.2-0.25__feat_b__obj_cvar_a0.95__sigtrue_0.2__sigbar_0.15__lam_0.001,2026-04-02T01:33:56Z,completed,main_benchmark,main,benchmark,True,bs_delta,robust,deep_hedge_robust,9,B,cvar,0.2,0.15,0.001,0.15|0.2|0.25,-0.003576604429890376,0.013857308842022301,0.0036730792955078917,0.029998047934919933,0.03962742721222345,0.045882569400229355,0.05438953630553537,3.5295095194781663,7.621728169740153,352950.95194781665,results/gbm_deephedge/benchmark_6_2/runs/seed_0009__train_robust_s0.15-0.2-0.25__feat_b__obj_cvar_a0.95__sigtrue_0.2__sigbar_0.15__lam_0.001,results/gbm_deephedge,6f94131fbf405c82504405bbef18a6c1db31779f5fba1ca8dfc9cf6e2f3066b2,76e694c21e709359f62f03a0ba5a97ba6db86a88,GBM_CFG=results/gbm_deephedge/benchmark_6_2/runs/seed_0009__train_robust_s0.15-0.2-0.25__feat_b__obj_cvar_a0.95__sigtrue_0.2__sigbar_0.15__lam_0.001/run_cfg.json python -m src.train_deephedge_gbm
"train=robust|feat=B|obj=cvar|sigtrue=0.2|sigbar=0.15|lam=0.001|robust=0.15,0.2,0.25",seed_0009__train_robust_s0.15-0.2-0.25__feat_b__obj_cvar_a0.95__sigtrue_0.2__sigbar_0.15__lam_0.001,2026-04-02T01:33:56Z,completed,main_benchmark,main,benchmark,True,deep_hedge_robust,robust,deep_hedge_robust,9,B,cvar,0.2,0.15,0.001,0.15|0.2|0.25,-0.0029148017056286335,0.014628313481807709,0.0030215606093406677,0.023756397888064384,0.027297308668494225,0.029353873804211617,0.03253014385700226,2.8558836729860304,4.77753210067749,285588.36729860306,results/gbm_deephedge/benchmark_6_2/runs/seed_0009__train_robust_s0.15-0.2-0.25__feat_b__obj_cvar_a0.95__sigtrue_0.2__sigbar_0.15__lam_0.001,results/gbm_deephedge,6f94131fbf405c82504405bbef18a6c1db31779f5fba1ca8dfc9cf6e2f3066b2,76e694c21e709359f62f03a0ba5a97ba6db86a88,GBM_CFG=results/gbm_deephedge/benchmark_6_2/runs/seed_0009__train_robust_s0.15-0.2-0.25__feat_b__obj_cvar_a0.95__sigtrue_0.2__sigbar_0.15__lam_0.001/run_cfg.json python -m src.train_deephedge_gbm
"train=robust|feat=B|obj=cvar|sigtrue=0.2|sigbar=0.1|lam=0|robust=0.15,0.2,0.25",seed_0009__train_robust_s0.15-0.2-0.25__feat_b__obj_cvar_a0.95__sigtrue_0.2__sigbar_0.1__lam_0,2026-04-02T01:32:39Z,completed,main_benchmark,main,benchmark,True,bs_delta,robust,deep_hedge_robust,9,B,cvar,0.2,0.1,0.0,0.15|0.2|0.25,3.307382847937937e-05,0.022489757127306078,0.0002213812034657925,0.041958808987719816,0.05524766936799126,0.06360347311429586,0.075022143855672,3.9352566420498807,9.535975315878208,393525.66420498805,results/gbm_deephedge/benchmark_6_2/runs/seed_0009__train_robust_s0.15-0.2-0.25__feat_b__obj_cvar_a0.95__sigtrue_0.2__sigbar_0.1__lam_0,results/gbm_deephedge,b2f6bd59e12ddea0502cab4c71469e4b666bf2e7c82340c136871430c974aa9d,76e694c21e709359f62f03a0ba5a97ba6db86a88,GBM_CFG=results/gbm_deephedge/benchmark_6_2/runs/seed_0009__train_robust_s0.15-0.2-0.25__feat_b__obj_cvar_a0.95__sigtrue_0.2__sigbar_0.1__lam_0/run_cfg.json python -m src.train_deephedge_gbm
"train=robust|feat=B|obj=cvar|sigtrue=0.2|sigbar=0.1|lam=0|robust=0.15,0.2,0.25",seed_0009__train_robust_s0.15-0.2-0.25__feat_b__obj_cvar_a0.95__sigtrue_0.2__sigbar_0.1__lam_0,2026-04-02T01:32:39Z,completed,main_benchmark,main,benchmark,True,deep_hedge_robust,robust,deep_hedge_robust,9,B,cvar,0.2,0.1,0.0,0.15|0.2|0.25,6.733322379659512e-07,0.014773503877222538,0.00010821223258972168,0.02170434780418873,0.025464318692684174,0.02777700312435627,0.030472081154584885,2.956090413094759,4.975869655609131,295609.0413094759,results/gbm_deephedge/benchmark_6_2/runs/seed_0009__train_robust_s0.15-0.2-0.25__feat_b__obj_cvar_a0.95__sigtrue_0.2__sigbar_0.1__lam_0,results/gbm_deephedge,b2f6bd59e12ddea0502cab4c71469e4b666bf2e7c82340c136871430c974aa9d,76e694c21e709359f62f03a0ba5a97ba6db86a88,GBM_CFG=results/gbm_deephedge/benchmark_6_2/runs/seed_0009__train_robust_s0.15-0.2-0.25__feat_b__obj_cvar_a0.95__sigtrue_0.2__sigbar_0.1__lam_0/run_cfg.json python -m src.train_deephedge_gbm
"train=robust|feat=B|obj=cvar|sigtrue=0.2|sigbar=0.1|lam=0.0001|robust=0.15,0.2,0.25",seed_0009__train_robust_s0.15-0.2-0.25__feat_b__obj_cvar_a0.95__sigtrue_0.2__sigbar_0.1__lam_0.0001,2026-04-02T01:33:04Z,completed,main_benchmark,main,benchmark,True,bs_delta,robust,deep_hedge_robust,9,B,cvar,0.2,0.1,0.0001,0.15|0.2|0.25,-0.0003680117499289743,0.022623636237208696,0.0006255067625533794,0.04258770768159371,0.05591936208419641,0.06433194437469225,0.07574830549110961,3.9352566420498807,9.535975315878208,393525.66420498805,results/gbm_deephedge/benchmark_6_2/runs/seed_0009__train_robust_s0.15-0.2-0.25__feat_b__obj_cvar_a0.95__sigtrue_0.2__sigbar_0.1__lam_0.0001,results/gbm_deephedge,bb400c1156957384a954928323e9797c1cf29c27af80f8634dc65837e6def556,76e694c21e709359f62f03a0ba5a97ba6db86a88,GBM_CFG=results/gbm_deephedge/benchmark_6_2/runs/seed_0009__train_robust_s0.15-0.2-0.25__feat_b__obj_cvar_a0.95__sigtrue_0.2__sigbar_0.1__lam_0.0001/run_cfg.json python -m src.train_deephedge_gbm
"train=robust|feat=B|obj=cvar|sigtrue=0.2|sigbar=0.1|lam=0.0001|robust=0.15,0.2,0.25",seed_0009__train_robust_s0.15-0.2-0.25__feat_b__obj_cvar_a0.95__sigtrue_0.2__sigbar_0.1__lam_0.0001,2026-04-02T01:33:04Z,completed,main_benchmark,main,benchmark,True,deep_hedge_robust,robust,deep_hedge_robust,9,B,cvar,0.2,0.1,0.0001,0.15|0.2|0.25,-0.0002996036782860756,0.01465504802763462,0.0004067346453666687,0.021460924297571182,0.024969259276986122,0.02704266645014286,0.029909800738096237,2.9373044966197015,4.9434285163879395,293730.44966197014,results/gbm_deephedge/benchmark_6_2/runs/seed_0009__train_robust_s0.15-0.2-0.25__feat_b__obj_cvar_a0.95__sigtrue_0.2__sigbar_0.1__lam_0.0001,results/gbm_deephedge,bb400c1156957384a954928323e9797c1cf29c27af80f8634dc65837e6def556,76e694c21e709359f62f03a0ba5a97ba6db86a88,GBM_CFG=results/gbm_deephedge/benchmark_6_2/runs/seed_0009__train_robust_s0.15-0.2-0.25__feat_b__obj_cvar_a0.95__sigtrue_0.2__sigbar_0.1__lam_0.0001/run_cfg.json python -m src.train_deephedge_gbm
"train=robust|feat=B|obj=cvar|sigtrue=0.2|sigbar=0.1|lam=0.0005|robust=0.15,0.2,0.25",seed_0009__train_robust_s0.15-0.2-0.25__feat_b__obj_cvar_a0.95__sigtrue_0.2__sigbar_0.1__lam_0.0005,2026-04-02T01:33:28Z,completed,main_benchmark,main,benchmark,True,bs_delta,robust,deep_hedge_robust,9,B,cvar,0.2,0.1,0.0005,0.15|0.2|0.25,-0.0019723542093435112,0.02316223469748646,0.0022422615028639126,0.04513758361710599,0.05861022737781873,0.06703030286443556,0.07865718563201365,3.9352566420498807,9.535975315878208,393525.66420498805,results/gbm_deephedge/benchmark_6_2/runs/seed_0009__train_robust_s0.15-0.2-0.25__feat_b__obj_cvar_a0.95__sigtrue_0.2__sigbar_0.1__lam_0.0005,results/gbm_deephedge,695be3d4e19b1c3074cd3c362fffb0a24d1d3639ace60da70ca0082ec552373a,76e694c21e709359f62f03a0ba5a97ba6db86a88,GBM_CFG=results/gbm_deephedge/benchmark_6_2/runs/seed_0009__train_robust_s0.15-0.2-0.25__feat_b__obj_cvar_a0.95__sigtrue_0.2__sigbar_0.1__lam_0.0005/run_cfg.json python -m src.train_deephedge_gbm
"train=robust|feat=B|obj=cvar|sigtrue=0.2|sigbar=0.1|lam=0.0005|robust=0.15,0.2,0.25",seed_0009__train_robust_s0.15-0.2-0.25__feat_b__obj_cvar_a0.95__sigtrue_0.2__sigbar_0.1__lam_0.0005,2026-04-02T01:33:28Z,completed,main_benchmark,main,benchmark,True,deep_hedge_robust,robust,deep_hedge_robust,9,B,cvar,0.2,0.1,0.0005,0.15|0.2|0.25,-0.0014819466741755605,0.014637304469943047,0.0015888139605522156,0.02275395393371582,0.026367858052253723,0.028494803234934807,0.03130415454506874,2.922630884718895,4.904553413391113,292263.0884718895,results/gbm_deephedge/benchmark_6_2/runs/seed_0009__train_robust_s0.15-0.2-0.25__feat_b__obj_cvar_a0.95__sigtrue_0.2__sigbar_0.1__lam_0.0005,results/gbm_deephedge,695be3d4e19b1c3074cd3c362fffb0a24d1d3639ace60da70ca0082ec552373a,76e694c21e709359f62f03a0ba5a97ba6db86a88,GBM_CFG=results/gbm_deephedge/benchmark_6_2/runs/seed_0009__train_robust_s0.15-0.2-0.25__feat_b__obj_cvar_a0.95__sigtrue_0.2__sigbar_0.1__lam_0.0005/run_cfg.json python -m src.train_deephedge_gbm
"train=robust|feat=B|obj=cvar|sigtrue=0.2|sigbar=0.1|lam=0.001|robust=0.15,0.2,0.25",seed_0009__train_robust_s0.15-0.2-0.25__feat_b__obj_cvar_a0.95__sigtrue_0.2__sigbar_0.1__lam_0.001,2026-04-02T01:33:52Z,completed,main_benchmark,main,benchmark,True,bs_delta,robust,deep_hedge_robust,9,B,cvar,0.2,0.1,0.001,0.15|0.2|0.25,-0.003977782247166401,0.023842024676678956,0.004263772755707496,0.048275887516063216,0.06198367914419942,0.0705187393735882,0.08230751271169214,3.9352566420498807,9.535975315878208,393525.66420498805,results/gbm_deephedge/benchmark_6_2/runs/seed_0009__train_robust_s0.15-0.2-0.25__feat_b__obj_cvar_a0.95__sigtrue_0.2__sigbar_0.1__lam_0.001,results/gbm_deephedge,6c826d3df8e2ef7a8efb02674b9a66a6910b5e90756e57f6bc805a55cc84b830,76e694c21e709359f62f03a0ba5a97ba6db86a88,GBM_CFG=results/gbm_deephedge/benchmark_6_2/runs/seed_0009__train_robust_s0.15-0.2-0.25__feat_b__obj_cvar_a0.95__sigtrue_0.2__sigbar_0.1__lam_0.001/run_cfg.json python -m src.train_deephedge_gbm
"train=robust|feat=B|obj=cvar|sigtrue=0.2|sigbar=0.1|lam=0.001|robust=0.15,0.2,0.25",seed_0009__train_robust_s0.15-0.2-0.25__feat_b__obj_cvar_a0.95__sigtrue_0.2__sigbar_0.1__lam_0.001,2026-04-02T01:33:52Z,completed,main_benchmark,main,benchmark,True,deep_hedge_robust,robust,deep_hedge_robust,9,B,cvar,0.2,0.1,0.001,0.15|0.2|0.25,-0.0029148017056286335,0.014628313481807709,0.0030215606093406677,0.023756397888064384,0.027297308668494225,0.029353873804211617,0.03253014385700226,2.8558836729860304,4.77753210067749,285588.36729860306,results/gbm_deephedge/benchmark_6_2/runs/seed_0009__train_robust_s0.15-0.2-0.25__feat_b__obj_cvar_a0.95__sigtrue_0.2__sigbar_0.1__lam_0.001,results/gbm_deephedge,6c826d3df8e2ef7a8efb02674b9a66a6910b5e90756e57f6bc805a55cc84b830,76e694c21e709359f62f03a0ba5a97ba6db86a88,GBM_CFG=results/gbm_deephedge/benchmark_6_2/runs/seed_0009__train_robust_s0.15-0.2-0.25__feat_b__obj_cvar_a0.95__sigtrue_0.2__sigbar_0.1__lam_0.001/run_cfg.json python -m src.train_deephedge_gbm
"train=robust|feat=B|obj=cvar|sigtrue=0.2|sigbar=0.25|lam=0|robust=0.15,0.2,0.25",seed_0009__train_robust_s0.15-0.2-0.25__feat_b__obj_cvar_a0.95__sigtrue_0.2__sigbar_0.25__lam_0,2026-04-02T01:32:46Z,completed,main_benchmark,main,benchmark,True,bs_delta,robust,deep_hedge_robust,9,B,cvar,0.2,0.25,0.0,0.15|0.2|0.25,1.02500630218533e-05,0.011816685656718843,5.942732344065005e-05,0.016954674901771716,0.020458796378637553,0.02242993250486833,0.02606993239959297,2.9973777492191562,5.523623623059267,299737.7749219156,results/gbm_deephedge/benchmark_6_2/runs/seed_0009__train_robust_s0.15-0.2-0.25__feat_b__obj_cvar_a0.95__sigtrue_0.2__sigbar_0.25__lam_0,results/gbm_deephedge,92efaad098f44d14f36abc5e73871d1554f88ad0b2990ea99c18262779d92f32,76e694c21e709359f62f03a0ba5a97ba6db86a88,GBM_CFG=results/gbm_deephedge/benchmark_6_2/runs/seed_0009__train_robust_s0.15-0.2-0.25__feat_b__obj_cvar_a0.95__sigtrue_0.2__sigbar_0.25__lam_0/run_cfg.json python -m src.train_deephedge_gbm
"train=robust|feat=B|obj=cvar|sigtrue=0.2|sigbar=0.25|lam=0|robust=0.15,0.2,0.25",seed_0009__train_robust_s0.15-0.2-0.25__feat_b__obj_cvar_a0.95__sigtrue_0.2__sigbar_0.25__lam_0,2026-04-02T01:32:46Z,completed,main_benchmark,main,benchmark,True,deep_hedge_robust,robust,deep_hedge_robust,9,B,cvar,0.2,0.25,0.0,0.15|0.2|0.25,6.733322379659512e-07,0.014773503877222538,0.00010821223258972168,0.02170434780418873,0.025464318692684174,0.02777700312435627,0.030472081154584885,2.956090413094759,4.975869655609131,295609.0413094759,results/gbm_deephedge/benchmark_6_2/runs/seed_0009__train_robust_s0.15-0.2-0.25__feat_b__obj_cvar_a0.95__sigtrue_0.2__sigbar_0.25__lam_0,results/gbm_deephedge,92efaad098f44d14f36abc5e73871d1554f88ad0b2990ea99c18262779d92f32,76e694c21e709359f62f03a0ba5a97ba6db86a88,GBM_CFG=results/gbm_deephedge/benchmark_6_2/runs/seed_0009__train_robust_s0.15-0.2-0.25__feat_b__obj_cvar_a0.95__sigtrue_0.2__sigbar_0.25__lam_0/run_cfg.json python -m src.train_deephedge_gbm
"train=robust|feat=B|obj=cvar|sigtrue=0.2|sigbar=0.25|lam=0.0001|robust=0.15,0.2,0.25",seed_0009__train_robust_s0.15-0.2-0.25__feat_b__obj_cvar_a0.95__sigtrue_0.2__sigbar_0.25__lam_0.0001,2026-04-02T01:33:10Z,completed,main_benchmark,main,benchmark,True,bs_delta,robust,deep_hedge_robust,9,B,cvar,0.2,0.25,0.0001,0.15|0.2|0.25,-0.00029648703188263093,0.01179140627592146,0.00036586670937062415,0.01719976576321989,0.02074377196893668,0.0227578812616257,0.026401290755031177,2.9973777492191562,5.523623623059267,299737.7749219156,results/gbm_deephedge/benchmark_6_2/runs/seed_0009__train_robust_s0.15-0.2-0.25__feat_b__obj_cvar_a0.95__sigtrue_0.2__sigbar_0.25__lam_0.0001,results/gbm_deephedge,1cee1b257e60d7fdb711c4f209d0fb88105eea5109da7986d4b0c6cc8103f4c3,76e694c21e709359f62f03a0ba5a97ba6db86a88,GBM_CFG=results/gbm_deephedge/benchmark_6_2/runs/seed_0009__train_robust_s0.15-0.2-0.25__feat_b__obj_cvar_a0.95__sigtrue_0.2__sigbar_0.25__lam_0.0001/run_cfg.json python -m src.train_deephedge_gbm
"train=robust|feat=B|obj=cvar|sigtrue=0.2|sigbar=0.25|lam=0.0001|robust=0.15,0.2,0.25",seed_0009__train_robust_s0.15-0.2-0.25__feat_b__obj_cvar_a0.95__sigtrue_0.2__sigbar_0.25__lam_0.0001,2026-04-02T01:33:10Z,completed,main_benchmark,main,benchmark,True,deep_hedge_robust,robust,deep_hedge_robust,9,B,cvar,0.2,0.25,0.0001,0.15|0.2|0.25,-0.0002996036782860756,0.01465504802763462,0.0004067346453666687,0.021460924297571182,0.024969259276986122,0.02704266645014286,0.029909800738096237,2.9373044966197015,4.9434285163879395,293730.44966197014,results/gbm_deephedge/benchmark_6_2/runs/seed_0009__train_robust_s0.15-0.2-0.25__feat_b__obj_cvar_a0.95__sigtrue_0.2__sigbar_0.25__lam_0.0001,results/gbm_deephedge,1cee1b257e60d7fdb711c4f209d0fb88105eea5109da7986d4b0c6cc8103f4c3,76e694c21e709359f62f03a0ba5a97ba6db86a88,GBM_CFG=results/gbm_deephedge/benchmark_6_2/runs/seed_0009__train_robust_s0.15-0.2-0.25__feat_b__obj_cvar_a0.95__sigtrue_0.2__sigbar_0.25__lam_0.0001/run_cfg.json python -m src.train_deephedge_gbm
"train=robust|feat=B|obj=cvar|sigtrue=0.2|sigbar=0.25|lam=0.0005|robust=0.15,0.2,0.25",seed_0009__train_robust_s0.15-0.2-0.25__feat_b__obj_cvar_a0.95__sigtrue_0.2__sigbar_0.25__lam_0.0005,2026-04-02T01:33:34Z,completed,main_benchmark,main,benchmark,True,bs_delta,robust,deep_hedge_robust,9,B,cvar,0.2,0.25,0.0005,0.15|0.2|0.25,-0.0015234355229848443,0.011696146176616616,0.0015916995245281867,0.018294930258893415,0.02191034947083748,0.023984714436647757,0.027757916764386645,2.9973777492191562,5.523623623059267,299737.7749219156,results/gbm_deephedge/benchmark_6_2/runs/seed_0009__train_robust_s0.15-0.2-0.25__feat_b__obj_cvar_a0.95__sigtrue_0.2__sigbar_0.25__lam_0.0005,results/gbm_deephedge,46ae4cacc55b1e1d7f6f63bdc6021f3c098342447c84cc1d41b40291dd7402c9,76e694c21e709359f62f03a0ba5a97ba6db86a88,GBM_CFG=results/gbm_deephedge/benchmark_6_2/runs/seed_0009__train_robust_s0.15-0.2-0.25__feat_b__obj_cvar_a0.95__sigtrue_0.2__sigbar_0.25__lam_0.0005/run_cfg.json python -m src.train_deephedge_gbm
"train=robust|feat=B|obj=cvar|sigtrue=0.2|sigbar=0.25|lam=0.0005|robust=0.15,0.2,0.25",seed_0009__train_robust_s0.15-0.2-0.25__feat_b__obj_cvar_a0.95__sigtrue_0.2__sigbar_0.25__lam_0.0005,2026-04-02T01:33:34Z,completed,main_benchmark,main,benchmark,True,deep_hedge_robust,robust,deep_hedge_robust,9,B,cvar,0.2,0.25,0.0005,0.15|0.2|0.25,-0.0014819466741755605,0.014637304469943047,0.0015888139605522156,0.02275395393371582,0.026367858052253723,0.028494803234934807,0.03130415454506874,2.922630884718895,4.904553413391113,292263.0884718895,results/gbm_deephedge/benchmark_6_2/runs/seed_0009__train_robust_s0.15-0.2-0.25__feat_b__obj_cvar_a0.95__sigtrue_0.2__sigbar_0.25__lam_0.0005,results/gbm_deephedge,46ae4cacc55b1e1d7f6f63bdc6021f3c098342447c84cc1d41b40291dd7402c9,76e694c21e709359f62f03a0ba5a97ba6db86a88,GBM_CFG=results/gbm_deephedge/benchmark_6_2/runs/seed_0009__train_robust_s0.15-0.2-0.25__feat_b__obj_cvar_a0.95__sigtrue_0.2__sigbar_0.25__lam_0.0005/run_cfg.json python -m src.train_deephedge_gbm
"train=robust|feat=B|obj=cvar|sigtrue=0.2|sigbar=0.25|lam=0.001|robust=0.15,0.2,0.25",seed_0009__train_robust_s0.15-0.2-0.25__feat_b__obj_cvar_a0.95__sigtrue_0.2__sigbar_0.25__lam_0.001,2026-04-02T01:33:59Z,completed,main_benchmark,main,benchmark,True,bs_delta,robust,deep_hedge_robust,9,B,cvar,0.2,0.25,0.001,0.15|0.2|0.25,-0.0030571211089915427,0.011590514415214357,0.0031241596124951254,0.019657337467373102,0.023428601135346932,0.025550814393037424,0.02952616866907193,2.9973777492191562,5.523623623059267,299737.7749219156,results/gbm_deephedge/benchmark_6_2/runs/seed_0009__train_robust_s0.15-0.2-0.25__feat_b__obj_cvar_a0.95__sigtrue_0.2__sigbar_0.25__lam_0.001,results/gbm_deephedge,b3a61060aee89628b57123471ad8772aab5d63ee3c3f4b1a15d4cbb81ab6f8b2,76e694c21e709359f62f03a0ba5a97ba6db86a88,GBM_CFG=results/gbm_deephedge/benchmark_6_2/runs/seed_0009__train_robust_s0.15-0.2-0.25__feat_b__obj_cvar_a0.95__sigtrue_0.2__sigbar_0.25__lam_0.001/run_cfg.json python -m src.train_deephedge_gbm
"train=robust|feat=B|obj=cvar|sigtrue=0.2|sigbar=0.25|lam=0.001|robust=0.15,0.2,0.25",seed_0009__train_robust_s0.15-0.2-0.25__feat_b__obj_cvar_a0.95__sigtrue_0.2__sigbar_0.25__lam_0.001,2026-04-02T01:33:59Z,completed,main_benchmark,main,benchmark,True,deep_hedge_robust,robust,deep_hedge_robust,9,B,cvar,0.2,0.25,0.001,0.15|0.2|0.25,-0.0029148017056286335,0.014628313481807709,0.0030215606093406677,0.023756397888064384,0.027297308668494225,0.029353873804211617,0.03253014385700226,2.8558836729860304,4.77753210067749,285588.36729860306,results/gbm_deephedge/benchmark_6_2/runs/seed_0009__train_robust_s0.15-0.2-0.25__feat_b__obj_cvar_a0.95__sigtrue_0.2__sigbar_0.25__lam_0.001,results/gbm_deephedge,b3a61060aee89628b57123471ad8772aab5d63ee3c3f4b1a15d4cbb81ab6f8b2,76e694c21e709359f62f03a0ba5a97ba6db86a88,GBM_CFG=results/gbm_deephedge/benchmark_6_2/runs/seed_0009__train_robust_s0.15-0.2-0.25__feat_b__obj_cvar_a0.95__sigtrue_0.2__sigbar_0.25__lam_0.001/run_cfg.json python -m src.train_deephedge_gbm
"train=robust|feat=B|obj=cvar|sigtrue=0.2|sigbar=0.2|lam=0|robust=0.15,0.2,0.25",seed_0009__train_robust_s0.15-0.2-0.25__feat_b__obj_cvar_a0.95__sigtrue_0.2__sigbar_0.2__lam_0,2026-04-01T22:30:23Z,completed,main_benchmark,main,benchmark,True,bs_delta,robust,deep_hedge_robust,9,B,cvar,0.2,0.2,0.0,0.15|0.2|0.25,1.5281166693022573e-05,0.009743337784223665,3.221843803925817e-05,0.016056308013882102,0.022531161719553477,0.026507532878291398,0.032959442059389985,3.228481309987415,6.381926023585042,322848.1309987415,results/gbm_deephedge/benchmark_6_2/runs/seed_0009__train_robust_s0.15-0.2-0.25__feat_b__obj_cvar_a0.95__sigtrue_0.2__sigbar_0.2__lam_0,results/gbm_deephedge,0b8ab8fef07c2888f5cb3733194ebe50866ff3e1de8a731d60c9d58574342228,76e694c21e709359f62f03a0ba5a97ba6db86a88,GBM_CFG=results/gbm_deephedge/benchmark_6_2/runs/seed_0009__train_robust_s0.15-0.2-0.25__feat_b__obj_cvar_a0.95__sigtrue_0.2__sigbar_0.2__lam_0/run_cfg.json python -m src.train_deephedge_gbm
"train=robust|feat=B|obj=cvar|sigtrue=0.2|sigbar=0.2|lam=0|robust=0.15,0.2,0.25",seed_0009__train_robust_s0.15-0.2-0.25__feat_b__obj_cvar_a0.95__sigtrue_0.2__sigbar_0.2__lam_0,2026-04-01T22:30:23Z,completed,main_benchmark,main,benchmark,True,deep_hedge_robust,robust,deep_hedge_robust,9,B,cvar,0.2,0.2,0.0,0.15|0.2|0.25,6.733322379659512e-07,0.014773503877222538,0.00010821223258972168,0.02170434780418873,0.025464318692684174,0.02777700312435627,0.030472081154584885,2.956090413094759,4.975869655609131,295609.0413094759,results/gbm_deephedge/benchmark_6_2/runs/seed_0009__train_robust_s0.15-0.2-0.25__feat_b__obj_cvar_a0.95__sigtrue_0.2__sigbar_0.2__lam_0,results/gbm_deephedge,0b8ab8fef07c2888f5cb3733194ebe50866ff3e1de8a731d60c9d58574342228,76e694c21e709359f62f03a0ba5a97ba6db86a88,GBM_CFG=results/gbm_deephedge/benchmark_6_2/runs/seed_0009__train_robust_s0.15-0.2-0.25__feat_b__obj_cvar_a0.95__sigtrue_0.2__sigbar_0.2__lam_0/run_cfg.json python -m src.train_deephedge_gbm
"train=robust|feat=B|obj=cvar|sigtrue=0.2|sigbar=0.2|lam=0.0001|robust=0.15,0.2,0.25",seed_0009__train_robust_s0.15-0.2-0.25__feat_b__obj_cvar_a0.95__sigtrue_0.2__sigbar_0.2__lam_0.0001,2026-04-01T23:12:59Z,completed,main_benchmark,main,benchmark,True,bs_delta,robust,deep_hedge_robust,9,B,cvar,0.2,0.2,0.0001,0.15|0.2|0.25,-0.0003147177072936926,0.009755793506160501,0.000362341211037398,0.016458545132046212,0.022962698743815138,0.026971492806754357,0.03342960689844012,3.228481309987415,6.381926023585042,322848.1309987415,results/gbm_deephedge/benchmark_6_2/runs/seed_0009__train_robust_s0.15-0.2-0.25__feat_b__obj_cvar_a0.95__sigtrue_0.2__sigbar_0.2__lam_0.0001,results/gbm_deephedge,fa4b336d378e565e5c49fb1ba305d06a29aa074b0ab016f761acc1ddfa8d97b3,76e694c21e709359f62f03a0ba5a97ba6db86a88,GBM_CFG=results/gbm_deephedge/benchmark_6_2/runs/seed_0009__train_robust_s0.15-0.2-0.25__feat_b__obj_cvar_a0.95__sigtrue_0.2__sigbar_0.2__lam_0.0001/run_cfg.json python -m src.train_deephedge_gbm
"train=robust|feat=B|obj=cvar|sigtrue=0.2|sigbar=0.2|lam=0.0001|robust=0.15,0.2,0.25",seed_0009__train_robust_s0.15-0.2-0.25__feat_b__obj_cvar_a0.95__sigtrue_0.2__sigbar_0.2__lam_0.0001,2026-04-01T23:12:59Z,completed,main_benchmark,main,benchmark,True,deep_hedge_robust,robust,deep_hedge_robust,9,B,cvar,0.2,0.2,0.0001,0.15|0.2|0.25,-0.0002996036782860756,0.01465504802763462,0.0004067346453666687,0.021460924297571182,0.024969259276986122,0.02704266645014286,0.029909800738096237,2.9373044966197015,4.9434285163879395,293730.44966197014,results/gbm_deephedge/benchmark_6_2/runs/seed_0009__train_robust_s0.15-0.2-0.25__feat_b__obj_cvar_a0.95__sigtrue_0.2__sigbar_0.2__lam_0.0001,results/gbm_deephedge,fa4b336d378e565e5c49fb1ba305d06a29aa074b0ab016f761acc1ddfa8d97b3,76e694c21e709359f62f03a0ba5a97ba6db86a88,GBM_CFG=results/gbm_deephedge/benchmark_6_2/runs/seed_0009__train_robust_s0.15-0.2-0.25__feat_b__obj_cvar_a0.95__sigtrue_0.2__sigbar_0.2__lam_0.0001/run_cfg.json python -m src.train_deephedge_gbm
"train=robust|feat=B|obj=cvar|sigtrue=0.2|sigbar=0.2|lam=0.0005|robust=0.15,0.2,0.25",seed_0009__train_robust_s0.15-0.2-0.25__feat_b__obj_cvar_a0.95__sigtrue_0.2__sigbar_0.2__lam_0.0005,2026-04-01T23:58:36Z,completed,main_benchmark,main,benchmark,True,bs_delta,robust,deep_hedge_robust,9,B,cvar,0.2,0.2,0.0005,0.15|0.2|0.25,-0.0016347133231824546,0.009815705071948871,0.0016829331619317434,0.018052152048519607,0.024700273064764137,0.02878021145915602,0.035316245414581116,3.228481309987415,6.381926023585042,322848.1309987415,results/gbm_deephedge/benchmark_6_2/runs/seed_0009__train_robust_s0.15-0.2-0.25__feat_b__obj_cvar_a0.95__sigtrue_0.2__sigbar_0.2__lam_0.0005,results/gbm_deephedge,c487d29527245ca8795f2ad0fb4e362cac1b03c7b5fac559d1de1dc0bf7891a5,76e694c21e709359f62f03a0ba5a97ba6db86a88,GBM_CFG=results/gbm_deephedge/benchmark_6_2/runs/seed_0009__train_robust_s0.15-0.2-0.25__feat_b__obj_cvar_a0.95__sigtrue_0.2__sigbar_0.2__lam_0.0005/run_cfg.json python -m src.train_deephedge_gbm
"train=robust|feat=B|obj=cvar|sigtrue=0.2|sigbar=0.2|lam=0.0005|robust=0.15,0.2,0.25",seed_0009__train_robust_s0.15-0.2-0.25__feat_b__obj_cvar_a0.95__sigtrue_0.2__sigbar_0.2__lam_0.0005,2026-04-01T23:58:36Z,completed,main_benchmark,main,benchmark,True,deep_hedge_robust,robust,deep_hedge_robust,9,B,cvar,0.2,0.2,0.0005,0.15|0.2|0.25,-0.0014819466741755605,0.014637304469943047,0.0015888139605522156,0.02275395393371582,0.026367858052253723,0.028494803234934807,0.03130415454506874,2.922630884718895,4.904553413391113,292263.0884718895,results/gbm_deephedge/benchmark_6_2/runs/seed_0009__train_robust_s0.15-0.2-0.25__feat_b__obj_cvar_a0.95__sigtrue_0.2__sigbar_0.2__lam_0.0005,results/gbm_deephedge,c487d29527245ca8795f2ad0fb4e362cac1b03c7b5fac559d1de1dc0bf7891a5,76e694c21e709359f62f03a0ba5a97ba6db86a88,GBM_CFG=results/gbm_deephedge/benchmark_6_2/runs/seed_0009__train_robust_s0.15-0.2-0.25__feat_b__obj_cvar_a0.95__sigtrue_0.2__sigbar_0.2__lam_0.0005/run_cfg.json python -m src.train_deephedge_gbm
"train=robust|feat=B|obj=cvar|sigtrue=0.2|sigbar=0.2|lam=0.001|robust=0.15,0.2,0.25",seed_0009__train_robust_s0.15-0.2-0.25__feat_b__obj_cvar_a0.95__sigtrue_0.2__sigbar_0.2__lam_0.001,2026-04-02T00:40:34Z,completed,main_benchmark,main,benchmark,True,bs_delta,robust,deep_hedge_robust,9,B,cvar,0.2,0.2,0.001,0.15|0.2|0.25,-0.0032847078130579313,0.00991292797059173,0.0033338997198005538,0.02013718453410623,0.026896086179227598,0.031022706021929893,0.03768905909766114,3.228481309987415,6.381926023585042,322848.1309987415,results/gbm_deephedge/benchmark_6_2/runs/seed_0009__train_robust_s0.15-0.2-0.25__feat_b__obj_cvar_a0.95__sigtrue_0.2__sigbar_0.2__lam_0.001,results/gbm_deephedge,2ba7bb127bffdb1ac7c3ac6f9df5441c14d0fe10d075c6949b321e752666abb3,76e694c21e709359f62f03a0ba5a97ba6db86a88,GBM_CFG=results/gbm_deephedge/benchmark_6_2/runs/seed_0009__train_robust_s0.15-0.2-0.25__feat_b__obj_cvar_a0.95__sigtrue_0.2__sigbar_0.2__lam_0.001/run_cfg.json python -m src.train_deephedge_gbm
"train=robust|feat=B|obj=cvar|sigtrue=0.2|sigbar=0.2|lam=0.001|robust=0.15,0.2,0.25",seed_0009__train_robust_s0.15-0.2-0.25__feat_b__obj_cvar_a0.95__sigtrue_0.2__sigbar_0.2__lam_0.001,2026-04-02T00:40:34Z,completed,main_benchmark,main,benchmark,True,deep_hedge_robust,robust,deep_hedge_robust,9,B,cvar,0.2,0.2,0.001,0.15|0.2|0.25,-0.0029148017056286335,0.014628313481807709,0.0030215606093406677,0.023756397888064384,0.027297308668494225,0.029353873804211617,0.03253014385700226,2.8558836729860304,4.77753210067749,285588.36729860306,results/gbm_deephedge/benchmark_6_2/runs/seed_0009__train_robust_s0.15-0.2-0.25__feat_b__obj_cvar_a0.95__sigtrue_0.2__sigbar_0.2__lam_0.001,results/gbm_deephedge,2ba7bb127bffdb1ac7c3ac6f9df5441c14d0fe10d075c6949b321e752666abb3,76e694c21e709359f62f03a0ba5a97ba6db86a88,GBM_CFG=results/gbm_deephedge/benchmark_6_2/runs/seed_0009__train_robust_s0.15-0.2-0.25__feat_b__obj_cvar_a0.95__sigtrue_0.2__sigbar_0.2__lam_0.001/run_cfg.json python -m src.train_deephedge_gbm
"train=robust|feat=B|obj=cvar|sigtrue=0.2|sigbar=0.3|lam=0|robust=0.15,0.2,0.25",seed_0009__train_robust_s0.15-0.2-0.25__feat_b__obj_cvar_a0.95__sigtrue_0.2__sigbar_0.3__lam_0,2026-04-02T01:32:49Z,completed,main_benchmark,main,benchmark,True,bs_delta,robust,deep_hedge_robust,9,B,cvar,0.2,0.3,0.0,0.15|0.2|0.25,9.997171913283652e-06,0.015493294457886097,0.00010983268769208798,0.02348772804540121,0.027449881895041585,0.029890684616349562,0.032568074514015805,2.815176937843582,4.9400197252520375,281517.6937843582,results/gbm_deephedge/benchmark_6_2/runs/seed_0009__train_robust_s0.15-0.2-0.25__feat_b__obj_cvar_a0.95__sigtrue_0.2__sigbar_0.3__lam_0,results/gbm_deephedge,d6b0966ea026e29f0d57d76497384aeedb4f3b645cfc7488c35c67b81615fb82,76e694c21e709359f62f03a0ba5a97ba6db86a88,GBM_CFG=results/gbm_deephedge/benchmark_6_2/runs/seed_0009__train_robust_s0.15-0.2-0.25__feat_b__obj_cvar_a0.95__sigtrue_0.2__sigbar_0.3__lam_0/run_cfg.json python -m src.train_deephedge_gbm
"train=robust|feat=B|obj=cvar|sigtrue=0.2|sigbar=0.3|lam=0|robust=0.15,0.2,0.25",seed_0009__train_robust_s0.15-0.2-0.25__feat_b__obj_cvar_a0.95__sigtrue_0.2__sigbar_0.3__lam_0,2026-04-02T01:32:49Z,completed,main_benchmark,main,benchmark,True,deep_hedge_robust,robust,deep_hedge_robust,9,B,cvar,0.2,0.3,0.0,0.15|0.2|0.25,6.733322379659512e-07,0.014773503877222538,0.00010821223258972168,0.02170434780418873,0.025464318692684174,0.02777700312435627,0.030472081154584885,2.956090413094759,4.975869655609131,295609.0413094759,results/gbm_deephedge/benchmark_6_2/runs/seed_0009__train_robust_s0.15-0.2-0.25__feat_b__obj_cvar_a0.95__sigtrue_0.2__sigbar_0.3__lam_0,results/gbm_deephedge,d6b0966ea026e29f0d57d76497384aeedb4f3b645cfc7488c35c67b81615fb82,76e694c21e709359f62f03a0ba5a97ba6db86a88,GBM_CFG=results/gbm_deephedge/benchmark_6_2/runs/seed_0009__train_robust_s0.15-0.2-0.25__feat_b__obj_cvar_a0.95__sigtrue_0.2__sigbar_0.3__lam_0/run_cfg.json python -m src.train_deephedge_gbm
"train=robust|feat=B|obj=cvar|sigtrue=0.2|sigbar=0.3|lam=0.0001|robust=0.15,0.2,0.25",seed_0009__train_robust_s0.15-0.2-0.25__feat_b__obj_cvar_a0.95__sigtrue_0.2__sigbar_0.3__lam_0.0001,2026-04-02T01:33:13Z,completed,main_benchmark,main,benchmark,True,bs_delta,robust,deep_hedge_robust,9,B,cvar,0.2,0.3,0.0001,0.15|0.2|0.25,-0.0002783856090849053,0.015461417599632678,0.00039772108567163317,0.02371228734371566,0.027656701312204747,0.03007836195807323,0.032764437197589064,2.815176937843582,4.9400197252520375,281517.6937843582,results/gbm_deephedge/benchmark_6_2/runs/seed_0009__train_robust_s0.15-0.2-0.25__feat_b__obj_cvar_a0.95__sigtrue_0.2__sigbar_0.3__lam_0.0001,results/gbm_deephedge,64769c177eb3065dabe672ffbd7cfe13f241dbf86bacbee3cb925463c4d8b723,76e694c21e709359f62f03a0ba5a97ba6db86a88,GBM_CFG=results/gbm_deephedge/benchmark_6_2/runs/seed_0009__train_robust_s0.15-0.2-0.25__feat_b__obj_cvar_a0.95__sigtrue_0.2__sigbar_0.3__lam_0.0001/run_cfg.json python -m src.train_deephedge_gbm
"train=robust|feat=B|obj=cvar|sigtrue=0.2|sigbar=0.3|lam=0.0001|robust=0.15,0.2,0.25",seed_0009__train_robust_s0.15-0.2-0.25__feat_b__obj_cvar_a0.95__sigtrue_0.2__sigbar_0.3__lam_0.0001,2026-04-02T01:33:13Z,completed,main_benchmark,main,benchmark,True,deep_hedge_robust,robust,deep_hedge_robust,9,B,cvar,0.2,0.3,0.0001,0.15|0.2|0.25,-0.0002996036782860756,0.01465504802763462,0.0004067346453666687,0.021460924297571182,0.024969259276986122,0.02704266645014286,0.029909800738096237,2.9373044966197015,4.9434285163879395,293730.44966197014,results/gbm_deephedge/benchmark_6_2/runs/seed_0009__train_robust_s0.15-0.2-0.25__feat_b__obj_cvar_a0.95__sigtrue_0.2__sigbar_0.3__lam_0.0001,results/gbm_deephedge,64769c177eb3065dabe672ffbd7cfe13f241dbf86bacbee3cb925463c4d8b723,76e694c21e709359f62f03a0ba5a97ba6db86a88,GBM_CFG=results/gbm_deephedge/benchmark_6_2/runs/seed_0009__train_robust_s0.15-0.2-0.25__feat_b__obj_cvar_a0.95__sigtrue_0.2__sigbar_0.3__lam_0.0001/run_cfg.json python -m src.train_deephedge_gbm
"train=robust|feat=B|obj=cvar|sigtrue=0.2|sigbar=0.3|lam=0.0005|robust=0.15,0.2,0.25",seed_0009__train_robust_s0.15-0.2-0.25__feat_b__obj_cvar_a0.95__sigtrue_0.2__sigbar_0.3__lam_0.0005,2026-04-02T01:33:38Z,completed,main_benchmark,main,benchmark,True,bs_delta,robust,deep_hedge_robust,9,B,cvar,0.2,0.3,0.0005,0.15|0.2|0.25,-0.0014319168378890313,0.01533716819320567,0.0015493352780883637,0.024599547052765708,0.028496035415951342,0.030865104347730245,0.03357660630451126,2.815176937843582,4.9400197252520375,281517.6937843582,results/gbm_deephedge/benchmark_6_2/runs/seed_0009__train_robust_s0.15-0.2-0.25__feat_b__obj_cvar_a0.95__sigtrue_0.2__sigbar_0.3__lam_0.0005,results/gbm_deephedge,614598a8d180588d788ae6762c219c8dc79733af19c6c62c5b0728a47c99042e,76e694c21e709359f62f03a0ba5a97ba6db86a88,GBM_CFG=results/gbm_deephedge/benchmark_6_2/runs/seed_0009__train_robust_s0.15-0.2-0.25__feat_b__obj_cvar_a0.95__sigtrue_0.2__sigbar_0.3__lam_0.0005/run_cfg.json python -m src.train_deephedge_gbm
"train=robust|feat=B|obj=cvar|sigtrue=0.2|sigbar=0.3|lam=0.0005|robust=0.15,0.2,0.25",seed_0009__train_robust_s0.15-0.2-0.25__feat_b__obj_cvar_a0.95__sigtrue_0.2__sigbar_0.3__lam_0.0005,2026-04-02T01:33:38Z,completed,main_benchmark,main,benchmark,True,deep_hedge_robust,robust,deep_hedge_robust,9,B,cvar,0.2,0.3,0.0005,0.15|0.2|0.25,-0.0014819466741755605,0.014637304469943047,0.0015888139605522156,0.02275395393371582,0.026367858052253723,0.028494803234934807,0.03130415454506874,2.922630884718895,4.904553413391113,292263.0884718895,results/gbm_deephedge/benchmark_6_2/runs/seed_0009__train_robust_s0.15-0.2-0.25__feat_b__obj_cvar_a0.95__sigtrue_0.2__sigbar_0.3__lam_0.0005,results/gbm_deephedge,614598a8d180588d788ae6762c219c8dc79733af19c6c62c5b0728a47c99042e,76e694c21e709359f62f03a0ba5a97ba6db86a88,GBM_CFG=results/gbm_deephedge/benchmark_6_2/runs/seed_0009__train_robust_s0.15-0.2-0.25__feat_b__obj_cvar_a0.95__sigtrue_0.2__sigbar_0.3__lam_0.0005/run_cfg.json python -m src.train_deephedge_gbm
"train=robust|feat=B|obj=cvar|sigtrue=0.2|sigbar=0.3|lam=0.001|robust=0.15,0.2,0.25",seed_0009__train_robust_s0.15-0.2-0.25__feat_b__obj_cvar_a0.95__sigtrue_0.2__sigbar_0.3__lam_0.001,2026-04-02T01:34:02Z,completed,main_benchmark,main,benchmark,True,bs_delta,robust,deep_hedge_robust,9,B,cvar,0.2,0.3,0.001,0.15|0.2|0.25,-0.0028738308476913463,0.01518933536355546,0.0029889890972221375,0.02571377768794437,0.02957747810397176,0.03187413466785466,0.03465263188661808,2.815176937843582,4.9400197252520375,281517.6937843582,results/gbm_deephedge/benchmark_6_2/runs/seed_0009__train_robust_s0.15-0.2-0.25__feat_b__obj_cvar_a0.95__sigtrue_0.2__sigbar_0.3__lam_0.001,results/gbm_deephedge,f5c1127278002c82c74cfa67b35e818828bca9689962c84261caa2d455fa4744,76e694c21e709359f62f03a0ba5a97ba6db86a88,GBM_CFG=results/gbm_deephedge/benchmark_6_2/runs/seed_0009__train_robust_s0.15-0.2-0.25__feat_b__obj_cvar_a0.95__sigtrue_0.2__sigbar_0.3__lam_0.001/run_cfg.json python -m src.train_deephedge_gbm
"train=robust|feat=B|obj=cvar|sigtrue=0.2|sigbar=0.3|lam=0.001|robust=0.15,0.2,0.25",seed_0009__train_robust_s0.15-0.2-0.25__feat_b__obj_cvar_a0.95__sigtrue_0.2__sigbar_0.3__lam_0.001,2026-04-02T01:34:02Z,completed,main_benchmark,main,benchmark,True,deep_hedge_robust,robust,deep_hedge_robust,9,B,cvar,0.2,0.3,0.001,0.15|0.2|0.25,-0.0029148017056286335,0.014628313481807709,0.0030215606093406677,0.023756397888064384,0.027297308668494225,0.029353873804211617,0.03253014385700226,2.8558836729860304,4.77753210067749,285588.36729860306,results/gbm_deephedge/benchmark_6_2/runs/seed_0009__train_robust_s0.15-0.2-0.25__feat_b__obj_cvar_a0.95__sigtrue_0.2__sigbar_0.3__lam_0.001,results/gbm_deephedge,f5c1127278002c82c74cfa67b35e818828bca9689962c84261caa2d455fa4744,76e694c21e709359f62f03a0ba5a97ba6db86a88,GBM_CFG=results/gbm_deephedge/benchmark_6_2/runs/seed_0009__train_robust_s0.15-0.2-0.25__feat_b__obj_cvar_a0.95__sigtrue_0.2__sigbar_0.3__lam_0.001/run_cfg.json python -m src.train_deephedge_gbm
